{"generate_index_blocks": [62.77111005783081, 64.20534634590149, 96.710214138031, 94.94945073127747, 96.53745174407959, 94.75373458862305, 64.37501454353333, 63.99015831947327, 64.9985179901123, 64.12235689163208, 94.6489417552948, 63.433550119400024, 64.84404349327087, 64.03149962425232, 64.56319260597229, 64.58704543113708], "total_indexing_blocks": 98.27833914756775, "shuffle_centroids_times": [], "map_iterdata_times": [], "map_queries_times": [], "reduce_iterdata_times": [], "reduce_queries_times": [], "total_querying_times": [], "recalls": [], "generate_index_blocks_mean": 73.97010177373886, "params": {"dataset": "deep", "features": 96, "k_search": 10, "num_index": 128, "num_centroids_search": 4, "k": 512, "n_probe": 32, "query_batch_size": 4, "indexing_memory": 10240, "search_map_memory": 9216, "search_reduce_memory": 2048}}