{"load_dataset_centroids": 0, "global_index_centroids": 0, "distribute_vectors_centroids": [98.30853366851807, 95.36735820770264, 104.88746356964111, 119.45057010650635, 120.66544604301453, 145.15096473693848, 133.94710040092468, 107.91337728500366, 94.71447134017944, 96.38056015968323, 121.45165729522705, 135.36577653884888, 100.12185835838318, 101.4595000743866, 93.83563613891602, 96.60201501846313], "distribute_vectors_invocation_centroids": [1.0844638347625732, 1.1166331768035889, 1.1297740936279297, 1.1510274410247803, 1.110050916671753, 1.667069673538208, 1.2853796482086182, 1.6240947246551514, 1.1925601959228516, 1.1785664558410645, 1.1239500045776367, 1.2988145351409912, 1.1209194660186768, 1.038698673248291, 1.0866856575012207, 1.1701178550720215], "total_generated_vectors": 1175630, "generated_vectors": [22291, 20134, 31000, 10619, 25854, 30849, 23937, 29904, 13340, 35106, 14780, 22206, 23192, 36452, 17140, 33933, 28551, 28806, 38628, 17325, 13747, 29166, 25444, 43587, 13522, 15791, 13974, 27774, 11539, 16814, 6233, 21597, 20627, 29946, 15713, 16713, 12421, 23881, 26038, 14097, 15230, 9719, 13488, 27421, 19272, 23281, 12173, 14752, 12635, 7486, 19040, 19144, 10769, 5420, 18109, 3555, 2060, 22582, 2859, 5430, 4688, 3764, 78, 4], "avg_generated_vectors": 18369.21875, "std_dev_generated_vectors": 9963.1495378366, "generate_index_centroids": [66.08409571647644, 64.28982925415039, 35.25709247589111, 74.19756507873535, 104.86008906364441, 104.05053806304932, 56.55911731719971, 99.52311635017395, 76.62786984443665, 70.883469581604, 44.487544775009155, 72.54072499275208, 39.89320659637451, 60.094117403030396, 81.85971736907959, 74.44364356994629], "generate_index_invocation_centroids": [0.9134492874145508, 1.1146347522735596, 0.9876594543457031, 1.011751651763916, 0.958465576171875, 0.9580860137939453, 0.9317646026611328, 1.0462737083435059, 0.9462227821350098, 0.9455471038818359, 0.9836411476135254, 1.0112452507019043, 0.9811756610870361, 0.8799021244049072, 1.044670820236206, 1.0225780010223389], "total_indexing_centroids": 257.60825395584106, "shuffle_centroids_times": [], "map_iterdata_times": [], "create_map_data": [], "map_queries_times": [], "map_execution": [], "map_invoke": [], "create_reduce_data": [], "reduce_iterdata_times": [], "reduce_queries_times": [], "reduce_execution_times": [], "reduce_invoke": [], "divide_reduce_times": [], "total_querying_times": [], "recalls": [], "distribute_vectors_centroids_mean": 110.35139305889606, "generate_index_centroids_mean": 70.35323359072208, "params": {"dataset": "gist", "features": 960, "k_search": 10, "num_index": 64, "replication_threshold": 1.01, "num_centroids_search": 1, "k": 512, "kmeans_version": "unbalanced", "n_probe": 32, "query_batch_size": 16, "implementation": "centroids", "indexing_memory": 10240, "search_map_memory": 8192, "search_reduce_memory": 2048}}