{"load_dataset_centroids": 0, "global_index_centroids": 0, "distribute_vectors_centroids": [101.07256627082825, 133.65413689613342, 131.9262135028839, 122.95711946487427, 93.11781430244446, 139.46085715293884, 124.87534594535828, 102.1672580242157, 99.93431544303894, 100.8519434928894, 94.65549969673157, 133.26611995697021, 121.63503503799438, 102.08141088485718, 105.86716628074646, 103.57404518127441], "distribute_vectors_invocation_centroids": [1.2900094985961914, 1.1649770736694336, 1.2398056983947754, 1.1419634819030762, 1.0840318202972412, 1.2461884021759033, 1.1084392070770264, 1.021390676498413, 1.0980281829833984, 1.100466012954712, 1.1582083702087402, 1.2372643947601318, 1.1281630992889404, 1.141404628753662, 1.1583192348480225, 1.0539965629577637], "total_generated_vectors": 1175630, "generated_vectors": [22291, 20134, 31000, 10619, 25854, 30849, 23937, 29904, 13340, 35106, 14780, 22206, 23192, 36452, 17140, 33933, 28551, 28806, 38628, 17325, 13747, 29166, 25444, 43587, 13522, 15791, 13974, 27774, 11539, 16814, 6233, 21597, 20627, 29946, 15713, 16713, 12421, 23881, 26038, 14097, 15230, 9719, 13488, 27421, 19272, 23281, 12173, 14752, 12635, 7486, 19040, 19144, 10769, 5420, 18109, 3555, 2060, 22582, 2859, 5430, 4688, 3764, 78, 4], "avg_generated_vectors": 18369.21875, "std_dev_generated_vectors": 9963.1495378366, "generate_index_centroids": [103.25836038589478, 58.547186851501465, 48.823031187057495, 74.87339115142822, 112.83237957954407, 93.35767221450806, 60.12467980384827, 94.48760414123535, 54.81413555145264, 76.65735292434692, 37.210792541503906, 72.3691554069519, 62.14034461975098, 63.69159245491028, 75.31842803955078, 53.34382104873657], "generate_index_invocation_centroids": [1.0116891860961914, 0.8751754760742188, 1.0483486652374268, 0.9898221492767334, 0.9942481517791748, 0.9404139518737793, 1.0655632019042969, 0.9967880249023438, 0.8529808521270752, 0.9286248683929443, 0.9313876628875732, 1.0557854175567627, 1.0110387802124023, 0.9760699272155762, 0.9591898918151855, 0.937753438949585], "total_indexing_centroids": 259.57076025009155, "shuffle_centroids_times": [], "map_iterdata_times": [], "create_map_data": [], "map_queries_times": [], "map_execution": [], "map_invoke": [], "create_reduce_data": [], "reduce_iterdata_times": [], "reduce_queries_times": [], "reduce_execution_times": [], "reduce_invoke": [], "divide_reduce_times": [], "total_querying_times": [], "recalls": [], "distribute_vectors_centroids_mean": 113.19355297088623, "generate_index_centroids_mean": 71.36562049388885, "params": {"dataset": "gist", "features": 960, "k_search": 10, "num_index": 64, "replication_threshold": 1.01, "num_centroids_search": 1, "k": 512, "kmeans_version": "unbalanced", "n_probe": 32, "query_batch_size": 16, "implementation": "centroids", "indexing_memory": 10240, "search_map_memory": 8192, "search_reduce_memory": 2048}}