{"load_dataset_centroids": 0, "global_index_centroids": 0, "distribute_vectors_centroids": [114.36366081237793, 119.63856196403503, 88.76267981529236, 102.39315700531006, 126.58052444458008, 127.47170567512512, 119.21750974655151, 125.55900430679321, 112.65366506576538, 114.32291412353516, 100.11430501937866, 127.86034679412842, 113.38044166564941, 125.7721836566925, 98.52977895736694, 130.17640256881714], "distribute_vectors_invocation_centroids": [1.1664814949035645, 1.0962233543395996, 1.1076672077178955, 1.0521893501281738, 1.2474191188812256, 1.1988086700439453, 1.1039199829101562, 1.1622896194458008, 1.0645687580108643, 1.0542256832122803, 1.410019874572754, 1.1898906230926514, 1.095484972000122, 1.1477868556976318, 1.8826406002044678, 1.221461296081543], "total_generated_vectors": 1131291, "generated_vectors": [38866, 95404, 10057, 65738, 51119, 26168, 78362, 45885, 40671, 31367, 43674, 51124, 30588, 51446, 51883, 11903, 19506, 37192, 5341, 34840, 15198, 99029, 11714, 20632, 42316, 20948, 66805, 12173, 8408, 12842, 79, 13], "avg_generated_vectors": 35352.84375, "std_dev_generated_vectors": 25929.51394629154, "generate_index_centroids": [110.68514633178711, 30.756794214248657, 7.626471519470215, 94.48711276054382, 13.466898202896118, 43.38933348655701, 19.925443649291992, 90.33956384658813, 62.903557538986206, 63.21956825256348, 68.21378016471863, 34.45218014717102, 113.99797439575195, 84.29253888130188, 74.51827430725098, 97.41096067428589], "generate_index_invocation_centroids": [1.0393579006195068, 1.0231738090515137, 1.5151357650756836, 0.9872360229492188, 0.9137270450592041, 0.9912285804748535, 1.0640356540679932, 1.5314130783081055, 1.13653564453125, 0.9760398864746094, 0.9732697010040283, 1.0377981662750244, 1.0537474155426025, 0.9438612461090088, 1.3722002506256104, 0.997666597366333], "total_indexing_centroids": 251.54523611068726, "shuffle_centroids_times": [], "map_iterdata_times": [], "create_map_data": [], "map_queries_times": [], "map_execution": [], "map_invoke": [], "create_reduce_data": [], "reduce_iterdata_times": [], "reduce_queries_times": [], "reduce_execution_times": [], "reduce_invoke": [], "divide_reduce_times": [], "total_querying_times": [], "recalls": [], "distribute_vectors_centroids_mean": 115.42480260133743, "generate_index_centroids_mean": 63.10534989833832, "params": {"dataset": "gist", "features": 960, "k_search": 10, "num_index": 32, "replication_threshold": 1.01, "num_centroids_search": 1, "k": 512, "kmeans_version": "unbalanced", "n_probe": 32, "query_batch_size": 8, "implementation": "centroids", "indexing_memory": 10240, "search_map_memory": 8192, "search_reduce_memory": 2048}}