{"load_dataset_centroids": 0, "global_index_centroids": 0, "distribute_vectors_centroids": [112.7132797241211, 123.83538007736206, 113.72748970985413, 126.97403979301453, 114.11561799049377, 94.50552105903625, 99.55488705635071, 124.81108593940735, 124.93324494361877, 88.78332209587097, 90.72073698043823, 129.41247010231018, 118.53343296051025, 117.79234290122986, 112.98820519447327, 114.13262939453125], "distribute_vectors_invocation_centroids": [1.1150591373443604, 1.15763521194458, 1.0479154586791992, 1.1998515129089355, 1.0716590881347656, 0.9753198623657227, 1.6621747016906738, 1.2406342029571533, 1.1200587749481201, 1.1426830291748047, 1.062079906463623, 1.1463184356689453, 1.2002906799316406, 1.0845208168029785, 0.9926185607910156, 1.0484528541564941], "total_generated_vectors": 1131291, "generated_vectors": [38866, 95404, 10057, 65738, 51119, 26168, 78362, 45885, 40671, 31367, 43674, 51124, 30588, 51446, 51883, 11903, 19506, 37192, 5341, 34840, 15198, 99029, 11714, 20632, 42316, 20948, 66805, 12173, 8408, 12842, 79, 13], "avg_generated_vectors": 35352.84375, "std_dev_generated_vectors": 25929.51394629154, "generate_index_centroids": [104.70227003097534, 38.038414478302, 6.573052406311035, 103.59339618682861, 16.30354905128479, 48.04207754135132, 17.69029188156128, 69.37305951118469, 54.30924439430237, 55.73905944824219, 71.47469520568848, 37.763293504714966, 111.14906334877014, 94.23205304145813, 99.12187218666077, 66.86267066001892], "generate_index_invocation_centroids": [1.0213472843170166, 0.9531571865081787, 0.9556238651275635, 1.0878076553344727, 1.0462634563446045, 1.1036152839660645, 0.9531056880950928, 0.888568639755249, 0.9864885807037354, 0.9624648094177246, 1.073359727859497, 1.018845796585083, 1.0222089290618896, 1.037700891494751, 0.9863762855529785, 2.059710741043091], "total_indexing_centroids": 247.58890676498413, "shuffle_centroids_times": [], "map_iterdata_times": [], "create_map_data": [], "map_queries_times": [], "map_execution": [], "map_invoke": [], "create_reduce_data": [], "reduce_iterdata_times": [], "reduce_queries_times": [], "reduce_execution_times": [], "reduce_invoke": [], "divide_reduce_times": [], "total_querying_times": [], "recalls": [], "distribute_vectors_centroids_mean": 112.97085537016392, "generate_index_centroids_mean": 62.18550392985344, "params": {"dataset": "gist", "features": 960, "k_search": 10, "num_index": 32, "replication_threshold": 1.01, "num_centroids_search": 1, "k": 512, "kmeans_version": "unbalanced", "n_probe": 32, "query_batch_size": 8, "implementation": "centroids", "indexing_memory": 10240, "search_map_memory": 8192, "search_reduce_memory": 2048}}