{"load_dataset_centroids": 0, "global_index_centroids": 0, "distribute_vectors_centroids": [124.26412606239319, 110.44537019729614, 124.00661420822144, 110.42519736289978, 112.13987135887146, 113.34939789772034, 122.38055539131165, 93.89098525047302, 123.95874524116516, 87.84381794929504, 116.18062925338745, 122.35732173919678, 109.63039255142212, 110.53241157531738, 111.63277268409729, 127.15532112121582], "distribute_vectors_invocation_centroids": [1.3067026138305664, 1.10837984085083, 1.2454335689544678, 1.1110036373138428, 1.1100096702575684, 1.1345140933990479, 1.2203354835510254, 1.1366205215454102, 1.2131431102752686, 1.1172118186950684, 1.0836539268493652, 1.245990514755249, 1.1153395175933838, 1.1222431659698486, 1.1295769214630127, 1.1918978691101074], "total_generated_vectors": 1099383, "generated_vectors": [121009, 51493, 153103, 109927, 112764, 53360, 28254, 86728, 63960, 77787, 134893, 51214, 12949, 21687, 20208, 47], "avg_generated_vectors": 68711.4375, "std_dev_generated_vectors": 47024.178765069, "generate_index_centroids": [88.83599305152893, 47.8894248008728, 0.46166324615478516, 45.244179248809814, 114.18669199943542, 22.61119318008423, 57.01190161705017, 142.63756322860718, 22.369784593582153, 128.7389361858368, 16.19577717781067, 10.95219874382019, 70.99618577957153, 91.86788511276245, 41.601038217544556, 66.20584964752197], "generate_index_invocation_centroids": [1.020874261856079, 1.0163722038269043, 1.1223118305206299, 0.9743907451629639, 1.0203232765197754, 1.1271491050720215, 1.0324010848999023, 1.068934440612793, 1.0390143394470215, 1.0799009799957275, 1.0381462574005127, 1.0308964252471924, 0.996044397354126, 1.016266107559204, 1.0434472560882568, 1.0376615524291992], "total_indexing_centroids": 278.6383616924286, "shuffle_centroids_times": [], "map_iterdata_times": [], "create_map_data": [], "map_queries_times": [], "map_execution": [], "map_invoke": [], "create_reduce_data": [], "reduce_iterdata_times": [], "reduce_queries_times": [], "reduce_execution_times": [], "reduce_invoke": [], "divide_reduce_times": [], "total_querying_times": [], "recalls": [], "distribute_vectors_centroids_mean": 113.76209561526775, "generate_index_centroids_mean": 60.4878916144371, "params": {"dataset": "gist", "features": 960, "k_search": 10, "num_index": 16, "replication_threshold": 1.01, "num_centroids_search": 1, "k": 512, "kmeans_version": "unbalanced", "n_probe": 32, "query_batch_size": 4, "implementation": "centroids", "indexing_memory": 10240, "search_map_memory": 8192, "search_reduce_memory": 2048}}