{"load_dataset_centroids": 0, "global_index_centroids": 0, "distribute_vectors_centroids": [107.25519132614136, 107.23180651664734, 129.50078892707825, 141.79504346847534, 101.43039155006409, 140.05963230133057, 104.75328469276428, 99.56579875946045, 103.53545761108398, 126.60250878334045, 150.71396684646606, 107.7670886516571, 109.40401220321655, 140.77618932724, 105.35478806495667, 126.94153237342834], "distribute_vectors_invocation_centroids": [1.1198246479034424, 0.9650170803070068, 1.1167678833007812, 1.2085113525390625, 1.1573195457458496, 1.1105709075927734, 1.074131965637207, 1.1034173965454102, 1.0157132148742676, 1.0456585884094238, 1.1823160648345947, 1.0621769428253174, 1.045546531677246, 1.191422700881958, 1.028435230255127, 1.0748138427734375], "total_generated_vectors": 1205549, "generated_vectors": [8565, 14302, 13762, 3667, 10398, 13059, 13947, 4553, 9543, 16748, 9688, 4708, 9531, 11123, 12326, 9307, 12644, 22494, 9521, 13659, 28181, 11812, 7518, 8845, 16760, 22970, 6664, 5126, 4534, 9966, 7633, 13619, 7387, 9051, 5331, 12927, 13791, 4459, 14328, 8901, 7694, 5213, 6292, 22153, 8747, 9935, 7474, 13233, 6914, 4199, 6482, 12874, 10747, 4569, 10895, 15978, 9460, 14527, 4721, 13266, 16515, 10063, 4537, 6182, 12672, 6923, 9698, 9585, 14204, 8899, 9923, 18336, 11013, 6412, 4354, 7044, 22672, 10050, 7059, 7837, 13894, 5917, 10026, 4956, 22716, 6301, 9940, 9881, 9170, 10324, 3240, 10340, 10551, 18789, 7983, 11709, 4654, 9191, 23119, 9449, 22770, 2942, 4640, 14947, 15009, 3353, 10945, 4455, 3582, 3072, 15223, 6010, 8881, 7904, 3975, 1822, 1218, 4472, 1483, 2102, 4283, 2096, 2017, 1367, 1951, 69, 57, 55], "avg_generated_vectors": 9418.3515625, "std_dev_generated_vectors": 5552.370146658934, "generate_index_centroids": [55.042184352874756, 70.96586751937866, 70.58688259124756, 67.00444197654724, 92.49740505218506, 78.48296809196472, 109.20325541496277, 69.637690782547, 62.947827100753784, 73.56108236312866, 67.053955078125, 78.75091075897217, 123.97572803497314, 107.89885807037354, 68.31183290481567, 48.47617840766907], "generate_index_invocation_centroids": [0.9602830410003662, 1.0121691226959229, 0.9805958271026611, 0.8489489555358887, 1.0588538646697998, 1.0396625995635986, 0.9208812713623047, 0.8854153156280518, 0.9209809303283691, 0.908869743347168, 0.9590742588043213, 1.0464286804199219, 1.0360498428344727, 1.0277833938598633, 0.9682025909423828, 0.9524993896484375], "total_indexing_centroids": 281.57849502563477, "shuffle_centroids_times": [], "map_iterdata_times": [], "create_map_data": [], "map_queries_times": [], "map_execution": [], "map_invoke": [], "create_reduce_data": [], "reduce_iterdata_times": [], "reduce_queries_times": [], "reduce_execution_times": [], "reduce_invoke": [], "divide_reduce_times": [], "total_querying_times": [], "recalls": [], "distribute_vectors_centroids_mean": 118.91796758770943, "generate_index_centroids_mean": 77.77481678128242, "params": {"dataset": "gist", "features": 960, "k_search": 10, "num_index": 128, "replication_threshold": 1.01, "num_centroids_search": 1, "k": 512, "kmeans_version": "unbalanced", "n_probe": 32, "query_batch_size": 32, "implementation": "centroids", "indexing_memory": 10240, "search_map_memory": 8192, "search_reduce_memory": 2048}}