{"shuffle_centroids_times": [0.03237652778625488], "map_iterdata_times": [0.45362424850463867], "create_map_data": [0.5323069095611572], "map_queries_times": [[[0.6999940872192383, 0.17513370513916016, [0.05307745933532715, 0.04803729057312012, 0.045363664627075195, 0.044385671615600586, 0.0485227108001709, 0.0491023063659668, 0.04842329025268555, 0.03890562057495117], [0.0013043880462646484, 0.0010645389556884766, 0.0009560585021972656, 0.001402139663696289, 0.0011334419250488281, 0.0014047622680664062, 0.0015146732330322266, 0.0012195110321044922], [0.011683464050292969, 0.010628938674926758, 0.010760307312011719, 0.011370658874511719, 0.011890888214111328, 0.01037740707397461, 0.01065826416015625, 0.011022329330444336], 0.0505518913269043], [0.671180248260498, 0.19925570487976074, [0.03777670860290527, 0.043792009353637695, 0.03904604911804199, 0.03553438186645508, 0.044801950454711914, 0.03842496871948242, 0.036278724670410156, 0.04354977607727051], [0.0010042190551757812, 0.001226663589477539, 0.0008411407470703125, 0.0010952949523925781, 0.0014190673828125, 0.0012583732604980469, 0.001134634017944336, 0.0012583732604980469], [0.0125274658203125, 0.013908624649047852, 0.010387897491455078, 0.011911630630493164, 0.012575864791870117, 0.010254621505737305, 0.01157236099243164, 0.010204553604125977], 0.05007314682006836], [0.6794929504394531, 0.16782641410827637, [0.07456612586975098, 0.0452578067779541, 0.04085564613342285, 0.04029059410095215, 0.040245771408081055, 0.04776930809020996, 0.044389963150024414, 0.03929638862609863], [0.000820159912109375, 0.001226663589477539, 0.0008816719055175781, 0.0007719993591308594, 0.0009937286376953125, 0.0011208057403564453, 0.0007050037384033203, 0.0006253719329833984], [0.011495590209960938, 0.010901927947998047, 0.010336875915527344, 0.00870370864868164, 0.01071023941040039, 0.009279489517211914, 0.00844717025756836, 0.010216474533081055], 0.05166792869567871], [0.7009830474853516, 0.18755459785461426, [0.05033469200134277, 0.04662370681762695, 0.046205997467041016, 0.039833784103393555, 0.03994321823120117, 0.03721141815185547, 0.0440671443939209, 0.046100616455078125], [0.0008361339569091797, 0.0012531280517578125, 0.00113677978515625, 0.0007846355438232422, 0.0008769035339355469, 0.0006420612335205078, 0.001257181167602539, 0.0010733604431152344], [0.012534379959106445, 0.011656999588012695, 0.01432037353515625, 0.01102590560913086, 0.012655019760131836, 0.010816812515258789, 0.011380672454833984, 0.012102127075195312], 0.058667659759521484]]], "map_execution": [3.214770555496216], "map_invoke": [[0.5829310417175293, 0.5517456531524658, 0.49826955795288086, 0.5947177410125732]], "create_reduce_data": [0.17565274238586426], "reduce_iterdata_times": [0.17475533485412598], "reduce_queries_times": [[0.06011533737182617]], "reduce_execution_times": [3.0880939960479736], "reduce_invoke": [[0.5387637615203857]], "divide_reduce_times": [0.00012111663818359375], "total_querying_times": [7.010945558547974], "recalls": [[100.0, 100.0, 80.0, 100.0, 90.0, 100.0, 90.0, 100.0, 90.0, 100.0, 100.0, 100.0, 100.0, 100.0, 100.0, 100.0, 80.0, 100.0, 100.0, 80.0, 100.0, 100.0, 100.0, 100.0, 90.0, 90.0, 100.0, 100.0, 100.0, 90.0, 80.0, 90.0, 90.0, 100.0, 100.0, 90.0, 90.0, 100.0, 100.0, 90.0, 100.0, 100.0, 100.0, 100.0, 90.0, 100.0, 100.0, 100.0, 80.0, 90.0, 90.0, 100.0, 100.0, 100.0, 80.0, 100.0, 100.0, 90.0, 100.0, 100.0, 100.0, 100.0, 100.0, 80.0, 100.0, 100.0, 80.0, 100.0, 90.0, 100.0, 100.0, 100.0, 100.0, 100.0, 90.0, 90.0, 100.0, 100.0, 100.0, 100.0, 100.0, 100.0, 100.0, 100.0, 100.0, 100.0, 100.0, 100.0, 100.0, 100.0, 100.0, 90.0, 90.0, 80.0, 100.0, 100.0, 100.0, 100.0, 80.0, 100.0, 100.0, 90.0, 100.0, 90.0, 100.0, 70.0, 100.0, 100.0, 90.0, 100.0, 90.0, 100.0, 90.0, 100.0, 100.0, 100.0, 100.0, 100.0, 100.0, 90.0, 100.0, 100.0, 100.0, 100.0, 90.0, 80.0, 100.0, 90.0, 100.0, 90.0, 90.0, 90.0, 80.0, 100.0, 90.0, 100.0, 90.0, 100.0, 80.0, 100.0, 100.0, 90.0, 100.0, 90.0, 100.0, 100.0, 100.0, 100.0, 100.0, 90.0, 100.0, 100.0, 100.0, 90.0, 100.0, 100.0, 100.0, 90.0, 100.0, 100.0, 100.0, 100.0, 100.0, 100.0, 100.0, 100.0, 100.0, 90.0, 100.0, 80.0, 90.0, 70.0, 100.0, 90.0, 100.0, 100.0, 90.0, 100.0, 100.0, 100.0, 100.0, 80.0, 100.0, 100.0, 80.0, 100.0, 100.0, 100.0, 100.0, 90.0, 100.0, 100.0, 100.0, 100.0, 100.0, 90.0, 90.0, 100.0, 100.0, 90.0, 90.0, 90.0, 100.0, 90.0, 90.0, 100.0, 100.0, 100.0, 100.0, 100.0, 100.0, 100.0, 90.0, 100.0, 100.0, 100.0, 100.0, 100.0, 100.0, 100.0, 90.0, 100.0, 100.0, 100.0, 100.0, 100.0, 100.0, 100.0, 100.0, 90.0, 100.0, 100.0, 100.0, 100.0, 100.0, 80.0, 90.0, 100.0, 90.0, 100.0, 100.0, 100.0, 100.0, 100.0, 100.0, 90.0, 100.0, 100.0, 80.0, 90.0, 100.0, 90.0, 100.0, 100.0, 100.0, 90.0, 100.0, 100.0, 100.0, 100.0, 100.0, 100.0, 90.0, 100.0, 100.0, 90.0, 100.0, 100.0, 100.0, 100.0, 90.0, 90.0, 90.0, 100.0, 100.0, 100.0, 100.0, 100.0, 100.0, 100.0, 90.0, 90.0, 100.0, 100.0, 100.0, 80.0, 80.0, 100.0, 100.0, 100.0, 100.0, 100.0, 100.0, 90.0, 100.0, 100.0, 80.0, 100.0, 100.0, 100.0, 100.0, 100.0, 100.0, 100.0, 100.0, 100.0, 100.0, 100.0, 100.0, 90.0, 80.0, 90.0, 100.0, 100.0, 90.0, 100.0, 90.0, 80.0, 100.0, 70.0, 100.0, 100.0, 100.0, 100.0, 100.0, 100.0, 100.0, 90.0, 80.0, 100.0, 70.0, 80.0, 100.0, 100.0, 80.0, 100.0, 100.0, 100.0, 100.0, 100.0, 100.0, 100.0, 100.0, 100.0, 100.0, 100.0, 100.0, 90.0, 90.0, 100.0, 100.0, 100.0, 100.0, 100.0, 90.0, 100.0, 100.0, 100.0, 100.0, 70.0, 100.0, 100.0, 100.0, 90.0, 90.0, 100.0, 100.0, 100.0, 100.0, 100.0, 90.0, 100.0, 100.0, 100.0, 100.0, 100.0, 100.0, 100.0, 100.0, 100.0, 60.0, 100.0, 70.0, 100.0, 90.0, 80.0, 80.0, 90.0, 90.0, 100.0, 100.0, 90.0, 100.0, 90.0, 100.0, 100.0, 100.0, 90.0, 90.0, 100.0, 90.0, 100.0, 90.0, 100.0, 100.0, 90.0, 90.0, 100.0, 100.0, 100.0, 100.0, 100.0, 100.0, 90.0, 100.0, 100.0, 100.0, 100.0, 100.0, 100.0, 100.0, 80.0, 100.0, 100.0, 100.0, 100.0, 100.0, 100.0, 100.0, 90.0, 100.0, 100.0, 90.0, 100.0, 100.0, 100.0, 100.0, 100.0, 90.0, 100.0, 100.0, 100.0, 80.0, 100.0, 100.0, 100.0, 100.0, 90.0, 100.0, 100.0, 100.0, 100.0, 100.0, 90.0, 90.0, 90.0, 100.0, 100.0, 100.0, 100.0, 100.0, 80.0, 100.0, 100.0, 100.0, 100.0, 100.0, 90.0, 100.0, 90.0, 100.0, 100.0, 70.0, 100.0, 100.0, 100.0, 100.0, 100.0, 80.0, 100.0, 100.0, 100.0, 100.0, 90.0, 100.0, 100.0, 100.0, 100.0, 100.0, 100.0, 90.0, 100.0, 100.0, 100.0, 100.0, 80.0, 100.0, 100.0, 100.0, 100.0, 70.0, 100.0, 100.0, 100.0, 90.0, 90.0, 100.0, 70.0, 90.0, 100.0, 100.0, 100.0, 100.0, 100.0, 100.0, 90.0, 100.0, 100.0, 100.0, 100.0, 80.0, 100.0, 100.0, 100.0, 100.0, 100.0, 100.0, 100.0, 100.0, 100.0, 100.0, 100.0, 90.0, 100.0, 100.0, 100.0, 100.0, 100.0, 100.0, 100.0, 100.0, 100.0, 100.0, 90.0, 100.0, 90.0, 100.0, 100.0, 100.0, 100.0, 100.0, 100.0, 100.0, 100.0, 100.0, 100.0, 100.0, 100.0, 100.0, 100.0, 100.0, 80.0, 100.0, 100.0, 70.0, 100.0, 80.0, 100.0, 100.0, 100.0, 90.0, 90.0, 100.0, 90.0, 100.0, 90.0, 100.0, 100.0, 70.0, 90.0, 90.0, 100.0, 100.0, 100.0, 100.0, 100.0, 100.0, 90.0, 100.0, 100.0, 100.0, 90.0, 100.0, 100.0, 100.0, 90.0, 100.0, 100.0, 80.0, 100.0, 100.0, 100.0, 100.0, 100.0, 100.0, 100.0, 100.0, 100.0, 90.0, 100.0, 100.0, 100.0, 100.0, 100.0, 80.0, 100.0, 90.0, 100.0, 100.0, 90.0, 90.0, 100.0, 100.0, 100.0, 100.0, 90.0, 100.0, 90.0, 100.0, 90.0, 90.0, 100.0, 100.0, 100.0, 100.0, 70.0, 100.0, 90.0, 100.0, 100.0, 100.0, 100.0, 100.0, 100.0, 100.0, 100.0, 100.0, 100.0, 100.0, 100.0, 100.0, 100.0, 100.0, 100.0, 100.0, 100.0, 90.0, 100.0, 100.0, 100.0, 90.0, 100.0, 100.0, 100.0, 80.0, 80.0, 90.0, 90.0, 100.0, 100.0, 100.0, 100.0, 100.0, 100.0, 100.0, 100.0, 100.0, 90.0, 100.0, 100.0, 80.0, 100.0, 100.0, 90.0, 100.0, 90.0, 100.0, 70.0, 90.0, 80.0, 80.0, 100.0, 100.0, 100.0, 100.0, 100.0, 100.0, 80.0, 80.0, 100.0, 100.0, 80.0, 100.0, 100.0, 90.0, 100.0, 100.0, 100.0, 100.0, 100.0, 100.0, 100.0, 100.0, 100.0, 100.0, 90.0, 100.0, 100.0, 90.0, 100.0, 100.0, 100.0, 100.0, 90.0, 100.0, 100.0, 100.0, 100.0, 100.0, 100.0, 100.0, 90.0, 90.0, 100.0, 90.0, 100.0, 100.0, 100.0, 90.0, 90.0, 100.0, 