{"shuffle_centroids_times": [0.02486395835876465], "map_iterdata_times": [0.17869353294372559], "create_map_data": [0.2486257553100586], "map_queries_times": [[[0.41159868240356445, 0.04305434226989746, [0.058313846588134766, 0.0664968490600586, 0.05240941047668457, 0.0516819953918457], [0.0014767646789550781, 0.0037326812744140625, 0.001926422119140625, 0.0019016265869140625], [0.002178668975830078, 0.008316278457641602, 0.002894163131713867, 0.006209135055541992], 0.11096525192260742], [0.26022863388061523, 0.04045677185058594, [0.055391550064086914, 0.04410076141357422, 0.04720902442932129, 0.04463696479797363], [0.0020406246185302734, 0.0021162033081054688, 0.0016591548919677734, 0.0014133453369140625], [0.003939390182495117, 0.002563953399658203, 0.003397226333618164, 0.003473520278930664], 0.007793903350830078], [0.34436893463134766, 0.06033682823181152, [0.05331110954284668, 0.05030417442321777, 0.07495570182800293, 0.06527352333068848], [0.0013718605041503906, 0.0015931129455566406, 0.003943204879760742, 0.0030145645141601562], [0.0029942989349365234, 0.002248048782348633, 0.009291887283325195, 0.005048513412475586], 0.010634422302246094], [0.28920769691467285, 0.04586434364318848, [0.06359338760375977, 0.05363726615905762, 0.05245685577392578, 0.045922279357910156], [0.002218484878540039, 0.0022935867309570312, 0.0013399124145507812, 0.0009436607360839844], [0.005434751510620117, 0.003859996795654297, 0.002542257308959961, 0.0010349750518798828], 0.008023262023925781]]], "map_execution": [3.1246178150177], "map_invoke": [[0.487105131149292, 0.5194153785705566, 0.5942354202270508, 0.5197346210479736]], "create_reduce_data": [0.2741055488586426], "reduce_iterdata_times": [0.27338337898254395], "reduce_queries_times": [[0.12888002395629883]], "reduce_execution_times": [3.094163179397583], "reduce_invoke": [[0.5537934303283691]], "divide_reduce_times": [0.00011920928955078125], "total_querying_times": [6.741631746292114], "recalls": [[100.0, 100.0, 80.0, 100.0, 100.0, 100.0, 90.0, 90.0, 100.0, 100.0, 100.0, 100.0, 90.0, 100.0, 90.0, 100.0, 80.0, 100.0, 100.0, 90.0, 100.0, 100.0, 100.0, 100.0, 80.0, 100.0, 100.0, 100.0, 100.0, 100.0, 90.0, 90.0, 100.0, 100.0, 100.0, 90.0, 90.0, 100.0, 100.0, 80.0, 90.0, 100.0, 100.0, 100.0, 90.0, 90.0, 90.0, 90.0, 80.0, 90.0, 50.0, 100.0, 100.0, 100.0, 60.0, 100.0, 100.0, 60.0, 100.0, 100.0, 100.0, 70.0, 100.0, 70.0, 100.0, 100.0, 70.0, 100.0, 90.0, 80.0, 90.0, 100.0, 100.0, 100.0, 90.0, 100.0, 100.0, 100.0, 100.0, 100.0, 90.0, 100.0, 90.0, 100.0, 100.0, 100.0, 100.0, 100.0, 100.0, 100.0, 100.0, 20.0, 90.0, 90.0, 100.0, 90.0, 100.0, 100.0, 100.0, 100.0, 100.0, 80.0, 100.0, 90.0, 80.0, 90.0, 100.0, 100.0, 70.0, 100.0, 100.0, 100.0, 70.0, 100.0, 100.0, 100.0, 100.0, 100.0, 100.0, 60.0, 100.0, 100.0, 100.0, 100.0, 90.0, 80.0, 100.0, 80.0, 100.0, 100.0, 100.0, 90.0, 80.0, 100.0, 80.0, 50.0, 100.0, 100.0, 80.0, 100.0, 90.0, 80.0, 100.0, 100.0, 80.0, 100.0, 100.0, 100.0, 50.0, 90.0, 90.0, 100.0, 100.0, 90.0, 90.0, 90.0, 100.0, 90.0, 100.0, 100.0, 100.0, 100.0, 100.0, 100.0, 100.0, 80.0, 80.0, 90.0, 70.0, 90.0, 100.0, 100.0, 100.0, 100.0, 100.0, 100.0, 90.0, 100.0, 100.0, 80.0, 80.0, 90.0, 100.0, 100.0, 90.0, 80.0, 100.0, 100.0, 100.0, 100.0, 100.0, 100.0, 90.0, 90.0, 100.0, 90.0, 100.0, 100.0, 100.0, 80.0, 80.0, 100.0, 90.0, 90.0, 90.0, 100.0, 100.0, 80.0, 100.0, 90.0, 100.0, 90.0, 40.0, 100.0, 100.0, 100.0, 100.0, 100.0, 100.0, 100.0, 100.0, 100.0, 100.0, 100.0, 90.0, 100.0, 100.0, 100.0, 100.0, 100.0, 100.0, 90.0, 100.0, 90.0, 90.0, 70.0, 80.0, 100.0, 80.0, 100.0, 100.0, 100.0, 80.0, 100.0, 80.0, 90.0, 100.0, 100.0, 100.0, 80.0, 100.0, 100.0, 70.0, 100.0, 90.0, 100.0, 90.0, 100.0, 90.0, 100.0, 90.0, 100.0, 100.0, 100.0, 100.0, 70.0, 100.0, 100.0, 100.0, 90.0, 100.0, 90.0, 100.0, 100.0, 80.0, 50.0, 100.0, 100.0, 80.0, 100.0, 100.0, 90.0, 90.0, 100.0, 80.0, 80.0, 90.0, 100.0, 90.0, 90.0, 100.0, 80.0, 100.0, 90.0, 100.0, 80.0, 70.0, 100.0, 100.0, 100.0, 100.0, 100.0, 100.0, 90.0, 100.0, 100.0, 100.0, 100.0, 100.0, 50.0, 60.0, 90.0, 100.0, 100.0, 100.0, 100.0, 80.0, 90.0, 100.0, 80.0, 90.0, 70.0, 90.0, 100.0, 100.0, 100.0, 90.0, 50.0, 100.0, 100.0, 90.0, 90.0, 100.0, 100.0, 100.0, 100.0, 100.0, 100.0, 100.0, 100.0, 100.0, 100.0, 100.0, 90.0, 100.0, 100.0, 100.0, 100.0, 90.0, 100.0, 100.0, 90.0, 100.0, 100.0, 90.0, 100.0, 100.0, 80.0, 100.0, 90.0, 100.0, 90.0, 80.0, 100.0, 90.0, 100.0, 80.0, 100.0, 100.0, 100.0, 90.0, 90.0, 90.0, 100.0, 60.0, 100.0, 90.0, 100.0, 100.0, 100.0, 80.0, 90.0, 90.0, 100.0, 100.0, 100.0, 100.0, 90.0, 90.0, 100.0, 90.0, 90.0, 100.0, 100.0, 100.0, 90.0, 100.0, 90.0, 80.0, 100.0, 60.0, 100.0, 90.0, 70.0, 100.0, 90.0, 80.0, 100.0, 100.0, 100.0, 100.0, 100.0, 100.0, 100.0, 100.0, 100.0, 90.0, 100.0, 100.0, 100.0, 100.0, 80.0, 100.0, 100.0, 100.0, 100.0, 80.0, 100.0, 100.0, 100.0, 100.0, 100.0, 100.0, 90.0, 100.0, 100.0, 100.0, 80.0, 100.0, 100.0, 90.0, 100.0, 90.0, 100.0, 100.0, 90.0, 100.0, 80.0, 90.0, 90.0, 80.0, 100.0, 90.0, 60.0, 100.0, 70.0, 100.0, 100.0, 90.0, 100.0, 100.0, 90.0, 100.0, 100.0, 100.0, 90.0, 100.0, 90.0, 100.0, 100.0, 100.0, 100.0, 80.0, 100.0, 100.0, 100.0, 100.0, 100.0, 100.0, 100.0, 100.0, 80.0, 90.0, 90.0, 100.0, 100.0, 100.0, 100.0, 100.0, 100.0, 90.0, 100.0, 100.0, 100.0, 100.0, 100.0, 90.0, 100.0, 100.0, 100.0, 70.0, 100.0, 100.0, 100.0, 80.0, 80.0, 100.0, 100.0, 90.0, 90.0, 90.0, 100.0, 90.0, 90.0, 100.0, 90.0, 100.0, 100.0, 100.0, 100.0, 90.0, 100.0, 100.0, 100.0, 100.0, 100.0, 100.0, 100.0, 100.0, 100.0, 100.0, 70.0, 60.0, 90.0, 70.0, 90.0, 100.0, 100.0, 100.0, 100.0, 100.0, 100.0, 100.0, 90.0, 90.0, 100.0, 100.0, 100.0, 100.0, 100.0, 90.0, 100.0, 50.0, 90.0, 90.0, 100.0, 100.0, 100.0, 100.0, 100.0, 100.0, 50.0, 100.0, 100.0, 100.0, 100.0, 100.0, 100.0, 100.0, 100.0, 90.0, 90.0, 90.0, 90.0, 80.0, 100.0, 100.0, 90.0, 70.0, 90.0, 90.0, 100.0, 100.0, 100.0, 100.0, 90.0, 100.0, 80.0, 100.0, 100.0, 90.0, 70.0, 90.0, 100.0, 100.0, 100.0, 100.0, 100.0, 100.0, 80.0, 100.0, 100.0, 100.0, 100.0, 90.0, 100.0, 90.0, 100.0, 100.0, 100.0, 100.0, 100.0, 100.0, 100.0, 70.0, 90.0, 90.0, 100.0, 100.0, 100.0, 90.0, 100.0, 80.0, 100.0, 100.0, 100.0, 100.0, 90.0, 100.0, 100.0, 90.0, 100.0, 100.0, 100.0, 100.0, 80.0, 100.0, 90.0, 100.0, 100.0, 100.0, 100.0, 100.0, 100.0, 100.0, 100.0, 90.0, 100.0, 100.0, 70.0, 90.0, 90.0, 100.0, 100.0, 100.0, 100.0, 100.0, 90.0, 100.0, 100.0, 100.0, 90.0, 100.0, 100.0, 100.0, 100.0, 100.0, 90.0, 100.0, 100.0, 100.0, 100.0, 100.0, 60.0, 100.0, 90.0, 90.0, 100.0, 100.0, 100.0, 90.0, 70.0, 90.0, 90.0, 90.0, 100.0, 90.0, 50.0, 80.0, 90.0, 80.0, 100.0, 100.0, 90.0, 100.0, 70.0, 100.0, 80.0, 100.0, 100.0, 90.0, 90.0, 100.0, 100.0, 80.0, 90.0, 100.0, 100.0, 100.0, 100.0, 100.0, 100.0, 100.0, 100.0, 100.0, 70.0, 100.0, 100.0, 100.0, 90.0, 90.0, 90.0, 100.0, 100.0, 100.0, 90.0, 100.0, 100.0, 100.0, 100.0, 100.0, 100.0, 100.0, 100.0, 90.0, 100.0, 100.0, 90.0, 100.0, 100.0, 100.0, 100.0, 80.0, 100.0, 100.0, 100.0, 100.0, 90.0, 100.0, 100.0, 90.0, 100.0, 100.0, 100.0, 70.0, 80.0, 100.0, 100.0, 90.0, 100.0, 100.0, 100.0, 100.0, 90.0, 100.0, 100.0, 100.0, 100.0, 100.0, 90.0, 60.0, 100.0, 60.0, 100.0, 100.0, 90.0, 100.0, 80.0, 70.0, 100.0, 100.0, 100.0, 100.0, 80.0, 100.0, 100.0, 100.0, 100.0, 100.0, 100.0, 100.0, 90.0, 70.0, 100.0, 90.0, 100.0, 100.0, 100.0, 100.0, 100.0, 100.0, 90.0, 90.0, 100.0, 70.0, 100.0, 70.0, 100.0, 100.0, 100.0, 100.0, 80.0, 90.0, 100.0, 100.0, 100.0, 100.0, 100.0, 100.0, 100.0, 70.0, 70.0, 90.0, 100.0, 100.0, 100.0, 90.0, 100.0, 70.0, 90.0, 60.0, 100.0, 100.0, 70.0, 90.0, 100.0, 100.0, 100.0, 100.0, 100.0, 90.0, 100.0, 100.0, 100.0, 100.0, 100.0, 100.0, 90.0, 80.0, 60.0, 80.0, 80.0, 100.0, 90.0, 100.0, 100.0, 90.0, 100.0, 100.0, 100.0, 100.0, 100.0, 100.0, 100.0, 100.0, 100.0, 100.0, 100.0, 70.0, 80.0, 100.0, 100.0, 100.0, 100.0, 100.0, 100.0, 100.0, 100.0, 100.0, 100.0, 100.0, 80.0, 100.0, 80.0, 90.0, 100.0, 100.0, 90.0, 90.0, 80.0, 100.0, 100.0, 70.0, 100.0, 100.0, 100.0, 100.0, 100.0, 90.0, 100.0, 100.0, 100.0, 90.0, 100.0, 90.0, 80.0, 