{"shuffle_centroids_times": [0.06394433975219727], "map_iterdata_times": [0.4035053253173828], "create_map_data": [0.5132479667663574], "map_queries_times": [[[1.2175593376159668, 0.2301945686340332, [0.04309797286987305, 0.045279502868652344, 0.04187273979187012, 0.05196714401245117, 0.04173135757446289, 0.03689432144165039, 0.032411813735961914, 0.04633069038391113, 0.04022645950317383, 0.041533470153808594, 0.04753279685974121, 0.08470344543457031, 0.03788137435913086, 0.037996530532836914, 0.04401707649230957, 0.04522061347961426], [0.0007236003875732422, 0.0007696151733398438, 0.0006744861602783203, 0.0006542205810546875, 0.0008511543273925781, 0.0011234283447265625, 0.0006859302520751953, 0.0007200241088867188, 0.0008089542388916016, 0.0007781982421875, 0.0010313987731933594, 0.000827789306640625, 0.0006961822509765625, 0.0007567405700683594, 0.0006566047668457031, 0.0008215904235839844], [0.003782510757446289, 0.002342700958251953, 0.004681110382080078, 0.009024620056152344, 0.09544134140014648, 0.006988525390625, 0.005942583084106445, 0.0021343231201171875, 0.007360935211181641, 0.004899501800537109, 0.008198022842407227, 0.009490966796875, 0.007318735122680664, 0.009023904800415039, 0.003818988800048828, 0.00908660888671875], 0.06643104553222656], [1.340602159500122, 0.25258922576904297, [0.05485343933105469, 0.042081356048583984, 0.04545426368713379, 0.0411219596862793, 0.03783535957336426, 0.08689117431640625, 0.037923336029052734, 0.05862164497375488, 0.03905200958251953, 0.03883504867553711, 0.0670783519744873, 0.03574419021606445, 0.04172658920288086, 0.056464195251464844, 0.04615521430969238, 0.04778742790222168], [0.0007135868072509766, 0.0008857250213623047, 0.0007214546203613281, 0.0008366107940673828, 0.0006449222564697266, 0.0006856918334960938, 0.000720977783203125, 0.0010020732879638672, 0.0006570816040039062, 0.0006127357482910156, 0.0007984638214111328, 0.0006988048553466797, 0.0006964206695556641, 0.0010406970977783203, 0.0007684230804443359, 0.0008978843688964844], [0.006779670715332031, 0.006953716278076172, 0.012061119079589844, 0.0066568851470947266, 0.0047991275787353516, 0.010352134704589844, 0.0062448978424072266, 0.006418466567993164, 0.00837850570678711, 0.0057756900787353516, 0.009608745574951172, 0.10907387733459473, 0.008344411849975586, 0.004016399383544922, 0.008779525756835938, 0.006077289581298828], 0.07756710052490234], [1.072741985321045, 0.1556098461151123, [0.0460209846496582, 0.05559229850769043, 0.04005312919616699, 0.05652976036071777, 0.03169107437133789, 0.0375211238861084, 0.0456540584564209, 0.05707406997680664, 0.07254672050476074, 0.0378718376159668, 0.04361128807067871, 0.03815174102783203, 0.036725521087646484, 0.04120373725891113, 0.034307003021240234, 0.034716129302978516], [0.0005025863647460938, 0.0006539821624755859, 0.0006833076477050781, 0.0005822181701660156, 0.0005414485931396484, 0.0005807876586914062, 0.0005888938903808594, 0.0007703304290771484, 0.0006117820739746094, 0.0005357265472412109, 0.0006830692291259766, 0.0006234645843505859, 0.0006060600280761719, 0.0005528926849365234, 0.0005829334259033203, 0.0005350112915039062], [0.003389120101928711, 0.003802776336669922, 0.002620697021484375, 0.003551483154296875, 0.006059169769287109, 0.003490447998046875, 0.0048389434814453125, 0.0027158260345458984, 0.004830598831176758, 0.0055408477783203125, 0.009693622589111328, 0.006732463836669922, 0.004540681838989258, 0.004274129867553711, 0.005283832550048828, 0.0033206939697265625], 0.12343931198120117], [0.9138879776000977, 0.1304945945739746, [0.06774353981018066, 0.03934884071350098, 0.043433189392089844, 0.036048173904418945, 0.03320598602294922, 0.036006927490234375, 0.05831766128540039, 0.03471946716308594, 0.04990243911743164, 0.04332137107849121, 0.03380751609802246, 0.0389406681060791, 0.03906893730163574, 0.03985428810119629, 0.038597822189331055, 0.04151320457458496], [0.0006804466247558594, 0.0007755756378173828, 0.0007512569427490234, 0.0006422996520996094, 0.0006718635559082031, 0.0007455348968505859, 0.0004889965057373047, 0.0006716251373291016, 0.0006177425384521484, 0.0005099773406982422, 0.0005931854248046875, 0.0007653236389160156, 0.0006511211395263672, 0.0005388259887695312, 0.0006673336029052734, 0.000823974609375], [0.0036885738372802734, 0.003551006317138672, 0.00310516357421875, 0.0023055076599121094, 0.007058858871459961, 0.007547855377197266, 0.0026755332946777344, 0.0030553340911865234, 0.003958940505981445, 0.004415035247802734, 0.005559206008911133, 0.004323720932006836, 0.0051670074462890625, 0.0023772716522216797, 0.002423524856567383, 0.0012841224670410156], 0.036371707916259766]]], "map_execution": [5.187547922134399], "map_invoke": [[0.5295760631561279, 0.5355575084686279, 0.4636540412902832, 0.5149860382080078]], "create_reduce_data": [0.16370582580566406], "reduce_iterdata_times": [0.1629195213317871], "reduce_queries_times": [[0.0696556568145752]], "reduce_execution_times": [3.0956554412841797], "reduce_invoke": [[0.474351167678833]], "divide_reduce_times": [0.0001227855682373047], "total_querying_times": [8.960280179977417],