{"shuffle_centroids_times": [0.047800540924072266], "map_iterdata_times": [0.613027811050415], "create_map_data": [0.7707202434539795], "map_queries_times": [[[14.856329441070557, 0.565089225769043, [0.2637186050415039, 0.2512047290802002, 0.20913434028625488, 0.2107219696044922, 0.2578427791595459, 0.17331886291503906, 0.2442774772644043, 0.4144871234893799, 0.4288136959075928, 0.3142106533050537, 0.2132878303527832, 0.5446913242340088, 0.5328142642974854, 0.5668704509735107, 0.6514778137207031, 0.3378150463104248, 0.4359011650085449, 0.11023163795471191, 0.4291844367980957, 0.6758310794830322, 0.3366074562072754, 0.559995174407959, 0.21951746940612793, 0.6420950889587402, 0.5597355365753174, 0.43645453453063965, 0.3377714157104492, 0.5448734760284424, 0.3228921890258789, 0.6539561748504639, 0.3318650722503662, 0.4164097309112549], [0.02684617042541504, 0.03376507759094238, 0.01587963104248047, 0.01603412628173828, 0.020360708236694336, 0.013447761535644531, 0.013672590255737305, 0.012506484985351562, 0.014910459518432617, 0.011066675186157227, 0.009154558181762695, 0.01724076271057129, 0.015192985534667969, 0.018555164337158203, 0.023908376693725586, 0.011384963989257812, 0.01398324966430664, 0.007032871246337891, 0.013188838958740234, 0.020334243774414062, 0.0124969482421875, 0.018238306045532227, 0.010214567184448242, 0.01764702796936035, 0.018835067749023438, 0.013264894485473633, 0.012830972671508789, 0.016840457916259766, 0.01161646842956543, 0.02043604850769043, 0.013607263565063477, 0.012864351272583008], [0.018539905548095703, 0.01981353759765625, 0.01691579818725586, 0.03234124183654785, 0.012194633483886719, 0.018319368362426758, 0.03562760353088379, 0.020815610885620117, 0.031015396118164062, 0.032997846603393555, 0.018505573272705078, 0.0484163761138916, 0.028843402862548828, 0.036618709564208984, 0.01344156265258789, 0.023286104202270508, 0.02960824966430664, 0.008931159973144531, 0.033800601959228516, 0.05018496513366699, 0.030164003372192383, 0.05277514457702637, 0.015418767929077148, 0.02597355842590332, 0.03525090217590332, 0.020517349243164062, 0.02924942970275879, 0.04292440414428711, 0.03820085525512695, 0.04106307029724121, 0.03831768035888672, 0.11022377014160156], 0.14527130126953125], [13.278336763381958, 0.5172145366668701, [0.1940603256225586, 0.29348111152648926, 0.24927878379821777, 0.14848589897155762, 0.11740827560424805, 0.21828174591064453, 0.1398634910583496, 0.22033381462097168, 0.4263644218444824, 0.2925753593444824, 0.30245471000671387, 0.40482401847839355, 0.40885329246520996, 0.4234635829925537, 0.30689501762390137, 0.28923892974853516, 0.528705358505249, 0.41567492485046387, 0.4017791748046875, 0.32195568084716797, 0.6297049522399902, 0.21723103523254395, 0.6253132820129395, 0.41721081733703613, 0.3074910640716553, 0.30979323387145996, 0.41368556022644043, 0.20030784606933594, 0.6768310070037842, 0.5277276039123535, 0.5228853225708008, 0.2113490104675293], [0.01767134666442871, 0.04172658920288086, 0.0240936279296875, 0.013395071029663086, 0.009628534317016602, 0.017645835876464844, 0.011156797409057617, 0.01680755615234375, 0.02035665512084961, 0.009649515151977539, 0.011643409729003906, 0.012331962585449219, 0.013694286346435547, 0.014998674392700195, 0.011618852615356445, 0.010020971298217773, 0.016919612884521484, 0.015491962432861328, 0.013639211654663086, 0.01398777961730957, 0.018513202667236328, 0.010161161422729492, 0.01828789710998535, 0.01488637924194336, 0.011558055877685547, 0.011721372604370117, 0.013371944427490234, 0.007858753204345703, 0.021416187286376953, 0.020073890686035156, 0.01692962646484375, 0.008889436721801758], [0.0333552360534668, 0.04560732841491699, 0.038886308670043945, 0.03392434120178223, 0.01494908332824707, 0.024010896682739258, 0.016240835189819336, 0.019533157348632812, 0.028573989868164062, 0.012717723846435547, 0.013634443283081055, 0.027032852172851562, 0.04036092758178711, 0.032851219177246094, 0.02288532257080078, 0.017717361450195312, 0.10919046401977539, 0.02687835693359375, 0.04278683662414551, 0.015767335891723633, 0.03183603286743164, 0.026540040969848633, 0.030402421951293945, 0.022014379501342773, 0.01497340202331543, 0.030678749084472656, 0.017707347869873047, 0.01376485824584961, 0.03320455551147461, 0.023118972778320312, 0.02190709114074707, 0.017030715942382812], 0.20708703994750977], [12.225425243377686, 0.2892463207244873, [0.1489851474761963, 0.10924124717712402, 0.21678996086120605, 0.1649484634399414, 0.17200088500976562, 0.18264222145080566, 0.13842535018920898, 0.17706966400146484, 0.39710474014282227, 0.40238213539123535, 0.6282670497894287, 0.40314459800720215, 0.39838290214538574, 0.39929747581481934, 0.3024284839630127, 0.3974909782409668, 0.3073759078979492, 0.5085258483886719, 0.4148886203765869, 0.2844719886779785, 0.20249271392822266, 0.30220818519592285, 0.3901071548461914, 0.5037119388580322, 0.39712953567504883, 0.40334630012512207, 0.29053497314453125, 0.4166600704193115, 0.39924192428588867, 0.5292997360229492, 0.49862003326416016, 0.5271122455596924], [0.009495258331298828, 0.0072345733642578125, 0.009785652160644531, 0.013435125350952148, 0.012357711791992188, 0.013169527053833008, 0.009660720825195312, 0.01776409149169922, 0.025217056274414062, 0.010792255401611328, 0.019184589385986328, 0.010168075561523438, 0.00899052619934082, 0.009857892990112305, 0.007871150970458984, 0.0094451904296875, 0.007871866226196289, 0.010982275009155273, 0.010115385055541992, 0.007099151611328125, 0.007628440856933594, 0.008586406707763672, 0.011701345443725586, 0.015584230422973633, 0.01080179214477539, 0.00994420051574707, 0.008198261260986328, 0.014407157897949219, 0.010635614395141602, 0.01470494270324707, 0.012180805206298828, 0.013660907745361328], [0.018009185791015625, 0.003194093704223633, 0.010315418243408203, 0.00724339485168457, 0.011593341827392578, 0.02786087989807129, 0.008660316467285156, 0.01869988441467285, 0.01394033432006836, 0.011564254760742188, 0.010370016098022461, 0.01075291633605957, 0.017611980438232422, 0.01661372184753418, 0.009172201156616211, 0.0192108154296875, 0.013492345809936523, 0.017948150634765625, 0.023723125457763672, 0.016006946563720703, 0.005296945571899414, 0.008370637893676758, 0.013699531555175781, 0.027814865112304688, 0.017940759658813477, 0.013825178146362305, 0.013173103332519531, 0.018570661544799805, 0.01284646987915039, 0.015280008316040039, 0.016129493713378906, 0.01591658592224121], 0.08818626403808594], [12.571929454803467, 0.2656111717224121, [0.2968406677246094, 0.24556946754455566, 0.3911092281341553, 0.15154695510864258, 0.19545435905456543, 0.21735620498657227, 0.2975008487701416, 0.14052700996398926, 0.33512377738952637, 0.46022677421569824, 0.4333662986755371, 0.3107311725616455, 0.5177736282348633, 0.2227022647857666, 0.7449090480804443, 0.2183976173400879, 0.4251725673675537, 0.20757246017456055, 0.5257937908172607, 0.40877389907836914, 0.31006407737731934, 0.2189159393310547, 0.42468738555908203, 0.2047281265258789, 0.5199153423309326, 0.4149351119995117, 0.324143648147583, 0.5073952674865723, 0.4164862632751465, 0.30598974227905273, 0.40410661697387695, 0.4210028648376465], [0.0317378044128418, 0.029472827911376953, 0.021326780319213867, 0.011299371719360352, 0.014249563217163086, 0.014806985855102539, 0.021949052810668945, 0.010106801986694336, 0.015862464904785156, 0.015359640121459961, 0.015764236450195312, 0.011162757873535156, 0.01599717140197754, 0.010966300964355469, 0.022367238998413086, 0.009229660034179688, 0.014754533767700195, 0.009157657623291016, 0.01703810691833496, 0.01407313346862793, 0.011635303497314453, 0.010365962982177734, 0.014547348022460938, 0.008592367172241211, 0.016279935836791992, 0.014312267303466797, 0.01316213607788086, 0.015274763107299805, 0.014721155166625977, 0.010667085647583008, 0.013942241668701172, 0.015026569366455078], [0.02160358428955078, 0.013914346694946289, 0.017385005950927734, 0.01891350746154785, 0.028546571731567383, 