{"shuffle_centroids_times": [0.041649818420410156], "map_iterdata_times": [0.3549821376800537], "create_map_data": [0.4425210952758789], "map_queries_times": [[[14.366645812988281, 0.28923463821411133, [0.3023664951324463, 0.2914879322052002, 0.23107433319091797, 0.25458526611328125, 0.3009369373321533, 0.19593429565429688, 0.19203424453735352, 0.3153519630432129, 0.4252433776855469, 0.30859875679016113, 0.20660138130187988, 0.5379061698913574, 0.5146875381469727, 0.5370426177978516, 0.685014009475708, 0.3587968349456787, 0.4379732608795166, 0.11782455444335938, 0.43087053298950195, 0.6551511287689209, 0.32825326919555664, 0.5535433292388916, 0.231156587600708, 0.6330645084381104, 0.5610079765319824, 0.42954182624816895, 0.42035531997680664, 0.5450379848480225, 0.3187398910522461, 0.6432757377624512, 0.3372204303741455, 0.43524861335754395], [0.03193163871765137, 0.036460161209106445, 0.01665019989013672, 0.016785860061645508, 0.02136397361755371, 0.014106988906860352, 0.014182090759277344, 0.012995243072509766, 0.015505313873291016, 0.01161336898803711, 0.00926351547241211, 0.01799154281616211, 0.015570640563964844, 0.019186973571777344, 0.024860858917236328, 0.011905908584594727, 0.014678001403808594, 0.006854534149169922, 0.013553619384765625, 0.020939350128173828, 0.01291513442993164, 0.018961191177368164, 0.010586023330688477, 0.018472671508789062, 0.019788503646850586, 0.01403951644897461, 0.013771295547485352, 0.01777935028076172, 0.012227058410644531, 0.020885705947875977, 0.014224529266357422, 0.013816595077514648], [0.01082754135131836, 0.014380216598510742, 0.010264158248901367, 0.0271303653717041, 0.008187055587768555, 0.012813091278076172, 0.024314165115356445, 0.01325225830078125, 0.0193636417388916, 0.09336209297180176, 0.013128995895385742, 0.024996280670166016, 0.0182340145111084, 0.028492212295532227, 0.00967097282409668, 0.01950383186340332, 0.022480249404907227, 0.00434565544128418, 0.028293609619140625, 0.03448367118835449, 0.027016878128051758, 0.0408778190612793, 0.01010894775390625, 0.011435747146606445, 0.02125406265258789, 0.01700305938720703, 0.02243208885192871, 0.030699968338012695, 0.019939661026000977, 0.029101848602294922, 0.030661821365356445, 0.018443822860717773], 0.09079146385192871], [13.382473707199097, 0.17621088027954102, [0.1870560646057129, 0.14906597137451172, 0.10968375205993652, 0.13266658782958984, 0.16181683540344238, 0.1506819725036621, 0.17751240730285645, 0.18301677703857422, 0.13390827178955078, 0.13502073287963867, 0.49844908714294434, 0.7872788906097412, 0.36438870429992676, 0.5957474708557129, 0.4178626537322998, 0.4102466106414795, 0.41013646125793457, 0.5147042274475098, 0.30497097969055176, 0.29793691635131836, 0.42582249641418457, 0.41658663749694824, 0.40396904945373535, 0.6283318996429443, 0.622744083404541, 0.5347068309783936, 0.41588640213012695, 0.5093247890472412, 0.6211872100830078, 0.6222319602966309, 0.5106751918792725, 0.6269636154174805], [0.009927988052368164, 0.013471126556396484, 0.004005908966064453, 0.008423805236816406, 0.014189958572387695, 0.00905299186706543, 0.011187076568603516, 0.012643814086914062, 0.008073091506958008, 0.00794839859008789, 0.010705232620239258, 0.022856950759887695, 0.010553121566772461, 0.01765727996826172, 0.009963035583496094, 0.009047508239746094, 0.009759902954101562, 0.011146068572998047, 0.0077915191650390625, 0.006522417068481445, 0.009637117385864258, 0.011220455169677734, 0.008909940719604492, 0.012682676315307617, 0.017261028289794922, 0.012781143188476562, 0.01039743423461914, 0.010750770568847656, 0.013143777847290039, 0.014980077743530273, 0.01197361946105957, 0.01378941535949707], [0.006905555725097656, 0.010310888290405273, 0.0020911693572998047, 0.006737709045410156, 0.015870094299316406, 0.0054264068603515625, 0.009104013442993164, 0.011049747467041016, 0.006769657135009766, 0.013528585433959961, 0.010620355606079102, 0.009131908416748047, 0.007005214691162109, 0.008412599563598633, 0.007910490036010742, 0.010316848754882812, 0.009733200073242188, 0.011155366897583008, 0.006490230560302734, 0.006983280181884766, 0.0190737247467041, 0.012189388275146484, 0.008138179779052734, 0.010401248931884766, 0.010805368423461914, 0.01832890510559082, 0.008964061737060547, 0.005993843078613281, 0.0160062313079834, 0.025992155075073242, 0.014552831649780273, 0.007837772369384766], 0.04910397529602051], [11.773129224777222, 0.1915140151977539, [0.14346075057983398, 0.19298648834228516, 0.19546937942504883, 0.17742180824279785, 0.16946768760681152, 0.23603105545043945, 0.17504405975341797, 0.20157289505004883, 0.1269228458404541, 0.7406167984008789, 0.2964155673980713, 0.5012123584747314, 0.3187282085418701, 0.41420602798461914, 0.5118293762207031, 0.531538724899292, 0.20897531509399414, 0.3183283805847168, 0.49648213386535645, 0.4003927707672119, 0.5073106288909912, 0.20625591278076172, 0.40153980255126953, 0.3077516555786133, 0.49996376037597656, 0.3041646480560303, 0.29544544219970703, 0.3007521629333496, 0.5170242786407471, 0.29569172859191895, 0.39972782135009766, 0.3062295913696289], [0.012107610702514648, 0.01775836944580078, 0.021460294723510742, 0.015824079513549805, 0.013915777206420898, 0.02545475959777832, 0.014989376068115234, 0.011102437973022461, 0.011439323425292969, 0.035010576248168945, 0.011338233947753906, 0.019212007522583008, 0.011664628982543945, 0.016530752182006836, 0.017947673797607422, 0.018032550811767578, 0.007823944091796875, 0.011979341506958008, 0.013593673706054688, 0.013265848159790039, 0.015610456466674805, 0.007413387298583984, 0.01293492317199707, 0.010788440704345703, 0.013550519943237305, 0.01021432876586914, 0.00988459587097168, 0.011011123657226562, 0.01679253578186035, 0.009160041809082031, 0.012928485870361328, 0.010841131210327148], [0.006682872772216797, 0.007573843002319336, 0.019549846649169922, 0.015905141830444336, 0.011117696762084961, 0.015694141387939453, 0.014152288436889648, 0.005326032638549805, 0.007633209228515625, 0.030936479568481445, 0.010108232498168945, 0.01821303367614746, 0.016175270080566406, 0.016355514526367188, 0.012183189392089844, 0.02179551124572754, 0.007134437561035156, 0.01090383529663086, 0.016895532608032227, 0.006692647933959961, 0.008243083953857422, 0.0039217472076416016, 0.003798246383666992, 0.0046405792236328125, 0.0173795223236084, 0.01108694076538086, 0.004464864730834961, 0.006913423538208008, 0.0075452327728271484, 0.005571126937866211, 0.01400136947631836, 0.008168697357177734], 0.05402350425720215], [12.101213455200195, 0.1326277256011963, [0.2206273078918457, 0.2707958221435547, 0.18507099151611328, 0.11515688896179199, 0.18312740325927734, 0.18190526962280273, 0.12691950798034668, 0.32525062561035156, 0.5234687328338623, 0.5888528823852539, 0.404376745223999, 0.5136823654174805, 0.6578166484832764, 0.2130732536315918, 0.43129611015319824, 0.30925536155700684, 0.4219663143157959, 0.29516100883483887, 0.42648959159851074, 0.2908332347869873, 0.299149751663208, 0.3222942352294922, 0.4228212833404541, 0.5301618576049805, 0.3248319625854492, 0.5148906707763672, 0.31854987144470215, 0.3038341999053955, 0.30570244789123535, 0.29460859298706055, 0.42534375190734863, 0.40996289253234863], [0.025466203689575195, 0.037186384201049805, 0.014367818832397461, 0.0067653656005859375, 0.015097856521606445, 0.014387369155883789, 0.010061264038085938, 0.013187646865844727, 0.017561674118041992, 0.016931533813476562, 0.014067411422729492, 0.016453981399536133, 0.021842241287231445, 0.008683443069458008, 0.015295982360839844, 0.01147150993347168, 0.01323390007019043, 0.009718656539916992, 0.014407873153686523, 0.008709430694580078, 0.010223150253295898, 0.01220250129699707, 0.013695478439331055, 0.014285564422607422, 0.013094425201416016, 0.014218330383300781, 0.012292623519897461, 0.010020256042480469, 0.010174036026000977, 0.009331464767456055, 0.01432180404663086, 0.011661291122436523], [0.015437602996826172, 0.020154476165771484, 0.017413854598999023, 0.004146575927734375, 