{"shuffle_centroids_times": [0.04786252975463867], "map_iterdata_times": [0.5957839488983154], "create_map_data": [0.7536492347717285], "map_queries_times": [[[14.990719556808472, 0.448993444442749, [0.7743332386016846, 0.3484804630279541, 0.25647425651550293, 0.37196969985961914, 0.671166181564331, 0.8193080425262451, 1.0410456657409668, 0.5959441661834717, 0.905341386795044, 1.5204112529754639, 0.6085121631622314, 1.4128777980804443, 0.5918333530426025, 0.9330589771270752, 0.9228212833404541, 0.5783236026763916], [0.09859251976013184, 0.04527688026428223, 0.02177143096923828, 0.020566463470458984, 0.02112293243408203, 0.026333093643188477, 0.03305506706237793, 0.023805856704711914, 0.028450489044189453, 0.05911540985107422, 0.027721881866455078, 0.05020737648010254, 0.02266550064086914, 0.029419660568237305, 0.029569625854492188, 0.02108311653137207], [0.15410971641540527, 0.08167600631713867, 0.05387997627258301, 0.05455422401428223, 0.05581784248352051, 0.08668160438537598, 0.1162717342376709, 0.06338310241699219, 0.06309747695922852, 0.18404650688171387, 0.08256745338439941, 0.1464693546295166, 0.06254935264587402, 0.10019826889038086, 0.10023236274719238, 0.05303215980529785], 0.17234253883361816], [13.778897523880005, 0.38863682746887207, [0.3902006149291992, 0.4078855514526367, 0.350100040435791, 0.382523775100708, 0.42575502395629883, 0.79988694190979, 0.3327302932739258, 0.8329284191131592, 0.2733180522918701, 0.8987224102020264, 0.8654251098632812, 0.9970908164978027, 0.30863475799560547, 1.0663952827453613, 1.2364165782928467, 1.03440523147583], [0.019189834594726562, 0.02615809440612793, 0.013560295104980469, 0.01390695571899414, 0.02042841911315918, 0.02586674690246582, 0.010603666305541992, 0.015831470489501953, 0.008718252182006836, 0.015547037124633789, 0.020140409469604492, 0.022925853729248047, 0.012451648712158203, 0.020284414291381836, 0.035855770111083984, 0.022957324981689453], [0.07114672660827637, 0.14740800857543945, 0.0940098762512207, 0.0989236831665039, 0.15627074241638184, 0.2411327362060547, 0.07031536102294922, 0.09659051895141602, 0.047356605529785156, 0.1551513671875, 0.15853023529052734, 0.2118666172027588, 0.058661699295043945, 0.21876144409179688, 0.23303627967834473, 0.2560868263244629], 0.16801786422729492], [11.174942970275879, 0.4522826671600342, [0.31921982765197754, 0.23929166793823242, 0.272228479385376, 0.2095048427581787, 0.19848394393920898, 0.25917840003967285, 0.6455190181732178, 0.3516123294830322, 0.6809384822845459, 0.8955161571502686, 0.4516115188598633, 0.7594990730285645, 0.7584147453308105, 0.6584339141845703, 1.4670228958129883, 1.0122885704040527], [0.03400421142578125, 0.030403852462768555, 0.020982027053833008, 0.01635265350341797, 0.01563739776611328, 0.02043437957763672, 0.03467965126037598, 0.014065980911254883, 0.022069454193115234, 0.03856921195983887, 0.017997264862060547, 0.02380657196044922, 0.0242919921875, 0.0227813720703125, 0.05928945541381836, 0.04315185546875], [0.05413317680358887, 0.038759708404541016, 0.05068850517272949, 0.042696475982666016, 0.03969383239746094, 0.0489194393157959, 0.0753324031829834, 0.03422045707702637, 0.05401206016540527, 0.09254837036132812, 0.04633760452270508, 0.07733440399169922, 0.06248307228088379, 0.06234431266784668, 0.1165151596069336, 0.10097074508666992], 0.10818266868591309], [12.211520910263062, 0.452808141708374, [0.45059847831726074, 0.33356428146362305, 0.2907419204711914, 0.28756213188171387, 0.21043133735656738, 0.6795268058776855, 1.2120835781097412, 1.0039863586425781, 0.7989346981048584, 0.7933657169342041, 0.3418724536895752, 0.6755146980285645, 0.5413761138916016, 0.5422601699829102, 1.3288788795471191, 0.6667838096618652], [0.05071759223937988, 0.04232621192932129, 0.02461695671081543, 0.029891014099121094, 0.01680731773376465, 0.02483201026916504, 0.05241274833679199, 0.04076528549194336, 0.03020954132080078, 0.025353670120239258, 0.016718149185180664, 0.025195837020874023, 0.019948959350585938, 0.017882108688354492, 0.05625104904174805, 0.02700972557067871], [0.08439373970031738, 0.06769704818725586, 0.057497262954711914, 0.05782890319824219, 0.033768415451049805, 0.07074761390686035, 0.08572506904602051, 0.09767270088195801, 0.08184146881103516, 0.06114935874938965, 0.03659844398498535, 0.06324362754821777, 0.03322100639343262, 0.03859734535217285, 0.08325815200805664, 0.042092323303222656], 0.10477733612060547]]], "map_execution": [17.157108068466187], "map_invoke": [[0.5105063915252686, 0.5286822319030762, 0.5521605014801025, 0.5818483829498291]], "create_reduce_data": [0.19931364059448242], "reduce_iterdata_times": [0.19835281372070312], "reduce_queries_times": [[0.1497173309326172]], "reduce_execution_times": [3.1315011978149414], "reduce_invoke": [[0.6092593669891357]], "divide_reduce_times": [4.3392181396484375e-05], "total_querying_times": [21.241615772247314],