{"shuffle_centroids_times": [0.11315083503723145], "map_iterdata_times": [0.9166464805603027], "create_map_data": [1.0766398906707764], "map_queries_times": [[[14.652953147888184, 0.6050169467926025, [0.2679476737976074, 0.23526358604431152, 0.20940208435058594, 0.2098076343536377, 0.3066580295562744, 0.16562104225158691, 0.16871380805969238, 0.39138340950012207, 0.4162144660949707, 0.2990448474884033, 0.2839195728302002, 0.5147309303283691, 0.42179036140441895, 0.5284743309020996, 0.7580351829528809, 0.2247772216796875, 0.4233720302581787, 0.20425724983215332, 0.4090263843536377, 0.6040289402008057, 0.31151747703552246, 0.5278539657592773, 0.30228495597839355, 0.5252017974853516, 0.5343523025512695, 0.4092068672180176, 0.4048893451690674, 0.4305129051208496, 0.30642175674438477, 0.6393914222717285, 0.40752601623535156, 0.31712770462036133], [0.02391505241394043, 0.033335208892822266, 0.015408515930175781, 0.015844345092773438, 0.02050304412841797, 0.013491392135620117, 0.01352071762084961, 0.01232600212097168, 0.014684438705444336, 0.010879278182983398, 0.008213043212890625, 0.017125368118286133, 0.015049219131469727, 0.018100976943969727, 0.023671865463256836, 0.01128697395324707, 0.01377415657043457, 0.006407499313354492, 0.012789011001586914, 0.01988506317138672, 0.012165546417236328, 0.01778697967529297, 0.009985685348510742, 0.017071008682250977, 0.01887345314025879, 0.013311386108398438, 0.012886285781860352, 0.01685309410095215, 0.011522293090820312, 0.019791126251220703, 0.014426708221435547, 0.012872934341430664], [0.02316570281982422, 0.028304338455200195, 0.021688222885131836, 0.03847336769104004, 0.018484115600585938, 0.029460430145263672, 0.03127098083496094, 0.025104761123657227, 0.037160634994506836, 0.031290531158447266, 0.026624202728271484, 0.04451775550842285, 0.035841941833496094, 0.04130148887634277, 0.023456573486328125, 0.027868270874023438, 0.03654932975769043, 0.015908479690551758, 0.040895700454711914, 0.06671977043151855, 0.02699899673461914, 0.05579686164855957, 0.02387857437133789, 0.03769636154174805, 0.046324968338012695, 0.036368370056152344, 0.036539554595947266, 0.04966020584106445, 0.03325796127319336, 0.05308246612548828, 0.03359413146972656, 0.03313636779785156], 0.2806849479675293], [13.333709478378296, 0.5683906078338623, [0.1828479766845703, 0.28243255615234375, 0.23537492752075195, 0.1388087272644043, 0.1329178810119629, 0.1950366497039795, 0.11612796783447266, 0.23750925064086914, 0.509840726852417, 0.20494651794433594, 0.3857877254486084, 0.3905830383300781, 0.3185410499572754, 0.5015566349029541, 0.3040049076080322, 0.20623278617858887, 0.6116940975189209, 0.4117105007171631, 0.400348424911499, 0.36510753631591797, 0.6198842525482178, 0.2145524024963379, 0.6193573474884033, 0.4063584804534912, 0.3063371181488037, 0.3015925884246826, 0.40247368812561035, 0.20069575309753418, 0.7412412166595459, 0.4384438991546631, 0.5371582508087158, 0.2093045711517334], [0.010543584823608398, 0.03332376480102539, 0.018509864807128906, 0.007889986038208008, 0.006403207778930664, 0.011989593505859375, 0.007257223129272461, 0.011969327926635742, 0.011546134948730469, 0.006963014602661133, 0.008027076721191406, 0.009582281112670898, 0.009891033172607422, 0.010271072387695312, 0.007950782775878906, 0.006971597671508789, 0.012428045272827148, 0.011303901672363281, 0.009336233139038086, 0.009765386581420898, 0.012577533721923828, 0.007616996765136719, 0.012813568115234375, 0.010446548461914062, 0.008013725280761719, 0.008107185363769531, 0.009396553039550781, 0.005604982376098633, 0.016131162643432617, 0.011466503143310547, 0.011615991592407227, 0.005995512008666992], [0.049072980880737305, 0.07174396514892578, 0.05116844177246094, 0.1009526252746582, 0.019536972045898438, 0.02695941925048828, 0.019465923309326172, 0.03768658638000488, 0.036136627197265625, 0.017401456832885742, 0.01662445068359375, 0.03308510780334473, 0.034499406814575195, 0.04950428009033203, 0.026220321655273438, 0.021326780319213867, 0.05267763137817383, 0.045960187911987305, 0.034220218658447266, 0.019986629486083984, 0.03559374809265137, 0.028318166732788086, 0.03272080421447754, 0.02381610870361328, 0.019867897033691406, 0.03608560562133789, 0.02688145637512207, 0.019475460052490234, 0.05662202835083008, 0.031015396118164062, 0.027815580368041992, 0.01936793327331543], 0.17265939712524414], [12.299570322036743, 0.5407421588897705, [0.17662954330444336, 0.13121247291564941, 0.16685199737548828, 0.19188761711120605, 0.13287091255187988, 0.20398879051208496, 0.14361858367919922, 0.14473485946655273, 0.18151259422302246, 0.2321934700012207, 0.3920269012451172, 0.2157423496246338, 0.3988492488861084, 0.29697418212890625, 0.4117000102996826, 0.5029499530792236, 0.21282148361206055, 0.49470996856689453, 0.3166947364807129, 0.3946354389190674, 0.3008131980895996, 0.6624796390533447, 0.4220907688140869, 0.508685827255249, 0.2121436595916748, 0.41112661361694336, 0.2876322269439697, 0.4050905704498291, 0.4016087055206299, 0.4105556011199951, 0.20941758155822754, 0.626694917678833], [0.011626482009887695, 0.01608133316040039, 0.014793872833251953, 0.020117521286010742, 0.01002645492553711, 0.015516281127929688, 0.01155543327331543, 0.012383699417114258, 0.014450788497924805, 0.014919281005859375, 0.012832403182983398, 0.010016679763793945, 0.013696432113647461, 0.009332656860351562, 0.015191793441772461, 0.015719890594482422, 0.010040998458862305, 0.014406442642211914, 0.013630151748657227, 0.012954473495483398, 0.010027408599853516, 0.022464513778686523, 0.019421815872192383, 0.014218568801879883, 0.009263992309570312, 0.013802766799926758, 0.00878596305847168, 0.013681173324584961, 0.013036727905273438, 0.014815807342529297, 0.008021354675292969, 0.01857137680053711], [0.02829909324645996, 0.0171356201171875, 0.03594017028808594, 0.03687715530395508, 0.026294708251953125, 0.09874844551086426, 0.014946460723876953, 0.034268856048583984, 0.02795720100402832, 0.033376216888427734, 0.03360438346862793, 0.027225971221923828, 0.03280806541442871, 0.024350643157958984, 0.030871868133544922, 0.04099225997924805, 0.023832082748413086, 0.03668832778930664, 0.028821468353271484, 0.03413867950439453, 0.015488147735595703, 0.02991771697998047, 0.01623058319091797, 0.024377107620239258, 0.01891922950744629, 0.026307344436645508, 0.015175819396972656, 0.030041933059692383, 0.029568195343017578, 0.03645014762878418, 0.016048908233642578, 0.029502391815185547], 0.16696786880493164], [12.345683813095093, 0.393512487411499, [0.12060332298278809, 0.16749787330627441, 0.18173503875732422, 0.22453737258911133, 0.22642922401428223, 0.3255650997161865, 0.19591140747070312, 0.26150965690612793, 0.19342613220214844, 0.3348500728607178, 0.12459588050842285, 0.1961684226989746, 0.39273667335510254, 0.5216817855834961, 0.40587782859802246, 0.29740405082702637, 0.30522847175598145, 0.4049215316772461, 0.6123685836791992, 0.41576647758483887, 0.6222612857818604, 0.632617712020874, 0.22049474716186523, 0.5037779808044434, 0.22430419921875, 0.28740954399108887, 0.3242490291595459, 0.3028442859649658, 0.32199931144714355, 0.4186890125274658, 0.4039173126220703, 0.4124433994293213], [0.0059337615966796875, 0.019997119903564453, 0.018540382385253906, 0.01781320571899414, 0.018824100494384766, 0.03286170959472656, 0.015424966812133789, 0.024229764938354492, 0.014806747436523438, 0.016554832458496094, 0.009141921997070312, 0.007834196090698242, 0.012976408004760742, 0.018655061721801758, 0.015154361724853516, 0.011427164077758789, 0.010989904403686523, 0.01484370231628418, 0.020455598831176758, 0.017428159713745117, 0.021622896194458008, 0.0269472599029541, 0.01134181022644043, 0.016140222549438477, 0.010757684707641602, 0.009155035018920898, 0.014245033264160156, 0.010519027709960938, 0.012597799301147461, 0.015094518661499023, 0.013721942901611328, 0.014963388442993164], [0.006697654724121094, 0.026886701583862305, 0.013375997543334961, 0.024114131927490234, 0.033869266510009766, 