{"shuffle_centroids_times": [0.026676177978515625], "map_iterdata_times": [0.16220855712890625], "create_map_data": [0.23580670356750488], "map_queries_times": [[[9.22246503829956, 0.03235626220703125, [0.8761427402496338, 0.5506362915039062, 0.8365907669067383, 1.1367037296295166, 0.6733524799346924, 1.8941197395324707, 1.383549451828003, 1.1571285724639893], [0.22364330291748047, 0.0740976333618164, 0.06075024604797363, 0.06427168846130371, 0.025691509246826172, 0.0696415901184082, 0.061692237854003906, 0.03850698471069336], [0.020488977432250977, 0.004537343978881836, 0.008779287338256836, 0.004241466522216797, 0.0021016597747802734, 0.009839057922363281, 0.006166934967041016, 0.0047762393951416016], 0.0022275447845458984], [13.615782022476196, 0.03824305534362793, [0.650627613067627, 0.8413786888122559, 0.9738366603851318, 1.885338306427002, 2.098714590072632, 2.506747245788574, 2.360186815261841, 1.4785888195037842], [0.15100812911987305, 0.14589667320251465, 0.04893326759338379, 0.056220054626464844, 0.06813430786132812, 0.08950638771057129, 0.07412505149841309, 0.047325849533081055], [0.007551670074462891, 0.019954204559326172, 0.0058231353759765625, 0.012594938278198242, 0.013105630874633789, 0.017888307571411133, 0.014734983444213867, 0.006579399108886719], 0.002457857131958008], [11.690442562103271, 0.04097247123718262, [0.9608290195465088, 0.7158174514770508, 0.5683860778808594, 1.6531634330749512, 1.3042869567871094, 1.9413666725158691, 1.5066099166870117, 2.1932449340820312], [0.23996853828430176, 0.09302926063537598, 0.0474390983581543, 0.11189627647399902, 0.04738187789916992, 0.05770587921142578, 0.05702400207519531, 0.07248139381408691], [0.014638423919677734, 0.010151147842407227, 0.005999326705932617, 0.006536245346069336, 0.003591299057006836, 0.013247013092041016, 0.006730556488037109, 0.015136003494262695], 0.002483367919921875], [10.892263889312744, 0.0351262092590332, [0.672849178314209, 0.559654712677002, 0.8452906608581543, 2.0926339626312256, 1.8437438011169434, 1.9554367065429688, 1.1751432418823242, 1.1576812267303467], [0.14896225929260254, 0.06572937965393066, 0.03724384307861328, 0.08724522590637207, 0.0437617301940918, 0.0389554500579834, 0.03171992301940918, 0.046521902084350586], [0.008320808410644531, 0.006692647933959961, 0.006450176239013672, 0.009511709213256836, 0.008089542388916016, 0.007813453674316406, 0.0035669803619384766, 0.0021047592163085938], 0.001779794692993164]]], "map_execution": [18.147030115127563], "map_invoke": [[1.4126336574554443, 1.409665584564209, 1.5196936130523682, 1.2491505146026611]], "create_reduce_data": [0.27408909797668457], "reduce_iterdata_times": [0.2730739116668701], "reduce_queries_times": [[0.11723613739013672]], "reduce_execution_times": [5.123525619506836], "reduce_invoke": [[1.4456455707550049]], "divide_reduce_times": [6.008148193359375e-05], "total_querying_times": [23.7805118560791], "recalls": [[100.0, 80.0, 80.0, 30.0, 40.0, 40.0, 60.0, 40.0, 90.0, 40.0, 100.0, 100.0, 100.0, 100.0, 70.0, 100.0, 50.0, 100.0, 50.0, 100.0, 100.0, 100.0, 100.0, 70.0, 60.0, 100.0, 70.0, 80.0, 100.0, 20.0, 40.0, 70.0, 0.0, 100.0, 100.0, 90.0, 40.0, 100.0, 100.0, 100.0, 50.0, 100.0, 70.0, 100.0, 90.0, 20.0, 90.0, 100.0, 60.0, 60.0, 90.0, 100.0, 90.0, 100.0, 40.0, 0.0, 100.0, 30.0, 100.0, 70.0, 20.0, 80.0, 100.0, 30.0, 100.0, 90.0, 30.0, 60.0, 90.0, 10.0, 50.0, 100.0, 100.0, 100.0, 30.0, 50.0, 50.0, 60.0, 50.0, 100.0, 100.0, 100.0, 100.0, 60.0, 50.0, 100.0, 80.0, 100.0, 100.0, 100.0, 100.0, 30.0, 70.0, 10.0, 100.0, 20.0, 100.0, 100.0, 50.0, 100.0, 90.0, 100.0, 50.0, 40.0, 50.0, 70.0, 100.0, 100.0, 60.0, 100.0, 80.0, 30.0, 60.0, 90.0, 100.0, 100.0, 100.0, 100.0, 20.0, 100.0, 100.0, 90.0, 100.0, 100.0, 70.0, 80.0, 50.0, 60.0, 70.0, 70.0, 50.0, 80.0, 40.0, 100.0, 60.0, 80.0, 80.0, 70.0, 90.0, 80.0, 10.0, 90.0, 100.0, 50.0, 50.0, 40.0, 80.0, 90.0, 50.0, 100.0, 90.0, 100.0, 100.0, 80.0, 90.0, 100.0, 70.0, 100.0, 100.0, 40.0, 100.0, 100.0, 100.0, 100.0, 70.0, 50.0, 20.0, 30.0, 90.0, 60.0, 100.0, 30.0, 100.0, 90.0, 50.0, 100.0, 20.0, 20.0, 100.0, 80.0, 100.0, 90.0, 90.0, 80.0, 80.0, 90.0, 100.0, 90.0, 80.0, 40.0, 80.0, 100.0, 80.0, 100.0, 80.0, 50.0, 50.0, 100.0, 100.0, 70.0, 90.0, 20.0, 90.0, 100.0, 80.0, 70.0, 100.0, 50.0, 100.0, 80.0, 90.0, 100.0, 60.0, 100.0, 100.0, 40.0, 90.0, 100.0, 80.0, 60.0, 50.0, 100.0, 60.0, 50.0, 40.0, 100.0, 10.0, 100.0, 40.0, 90.0, 30.0, 0.0, 80.0, 60.0, 100.0, 30.0, 10.0, 0.0, 100.0, 90.0, 100.0, 100.0, 0.0, 100.0, 60.0, 80.0, 50.0, 100.0, 100.0, 70.0, 100.0, 100.0, 80.0, 100.0, 90.0, 100.0, 80.0, 100.0, 100.0, 70.0, 100.0, 30.0, 90.0, 100.0, 70.0, 40.0, 100.0, 100.0, 80.0, 60.0, 20.0, 50.0, 100.0, 100.0, 90.0, 10.0, 100.0, 60.0, 100.0, 100.0, 90.0, 100.0, 50.0, 40.0, 80.0, 90.0, 20.0, 100.0, 90.0, 100.0, 100.0, 80.0, 100.0, 60.0, 80.0, 100.0, 60.0, 100.0, 100.0, 20.0, 100.0, 50.0, 50.0, 50.0, 70.0, 100.0, 70.0, 100.0, 100.0, 60.0, 90.0, 100.0, 100.0, 50.0, 30.0, 40.0, 50.0, 100.0, 60.0, 40.0, 100.0, 90.0, 100.0, 100.0, 100.0, 100.0, 100.0, 40.0, 100.0, 40.0, 40.0, 90.0, 100.0, 90.0, 100.0, 100.0, 50.0, 70.0, 70.0, 100.0, 100.0, 100.0, 70.0, 0.0, 100.0, 100.0, 100.0, 10.0, 20.0, 100.0, 60.0, 100.0, 10.0, 60.0, 100.0, 50.0, 100.0, 20.0, 100.0, 50.0, 80.0, 70.0, 80.0, 80.0, 90.0, 80.0, 90.0, 80.0, 50.0, 60.0, 30.0, 60.0, 30.0, 90.0, 60.0, 100.0, 100.0, 100.0, 100.0, 80.0, 60.0, 20.0, 90.0, 100.0, 50.0, 80.0, 50.0, 100.0, 40.0, 50.0, 100.0, 70.0, 100.0, 70.0, 50.0, 90.0, 100.0, 90.0, 100.0, 80.0, 70.0, 100.0, 100.0, 90.0, 90.0, 40.0, 90.0, 70.0, 100.0, 90.0, 100.0, 70.0, 80.0, 60.0, 90.0, 40.0, 70.0, 40.0, 100.0, 100.0, 80.0, 100.0, 100.0, 60.0, 100.0, 90.0, 50.0, 100.0, 100.0, 100.0, 100.0, 100.0, 100.0, 100.0, 100.0, 100.0, 100.0, 40.0, 100.0, 90.0, 30.0, 100.0, 90.0, 100.0, 100.0, 90.0, 30.0, 50.0, 100.0, 100.0, 20.0, 100.0, 100.0, 30.0, 70.0, 10.0, 60.0, 60.0, 0.0, 100.0, 100.0, 100.0, 100.0, 100.0, 100.0, 70.0, 100.0, 90.0, 80.0, 60.0, 90.0, 100.0, 100.0, 50.0, 100.0, 100.0, 80.0, 100.0, 100.0, 100.0, 100.0, 10.0, 100.0, 60.0, 60.0, 60.0, 100.0, 90.0, 100.0, 100.0, 40.0, 100.0, 100.0, 100.0, 100.0, 50.0, 90.0, 100.0, 100.0, 100.0, 50.0, 30.0, 100.0, 100.0, 50.0, 90.0, 100.0, 70.0, 80.0, 10.0, 80.0, 100.0, 70.0, 30.0, 0.0, 80.0, 100.0, 100.0, 50.0, 100.0, 100.0, 80.0, 10.0, 100.0, 30.0, 90.0, 40.0, 90.0, 100.0, 60.0, 90.0, 60.0, 60.0, 60.0, 0.0, 90.0, 70.0, 80.0, 100.0, 100.0, 100.0, 80.0, 100.0, 60.0, 60.0, 80.0, 70.0, 100.0, 100.0, 10.0, 10.0, 90.0, 20.0, 100.0, 100.0, 100.0, 100.0, 30.0, 100.0, 100.0, 100.0, 40.0, 100.0, 50.0, 30.0, 20.0, 100.0, 100.0, 100.0, 100.0, 0.0, 90.0, 90.0, 60.0, 100.0, 70.0, 20.0, 100.0, 50.0, 60.0, 60.0, 70.0, 100.0, 50.0, 100.0, 50.0, 80.0, 50.0, 100.0, 50.0, 50.0, 40.0, 10.0, 100.0, 100.0, 100.0, 100.0, 100.0, 100.0, 40.0, 100.0, 90.0, 70.0, 100.0, 100.0, 100.0, 60.0, 100.0, 60.0, 100.0, 100.0, 100.0, 90.0, 100.0, 80.0, 80.0, 20.0, 90.0, 100.0, 70.0, 80.0, 90.0, 50.0, 70.0, 60.0, 70.0, 100.0, 50.0, 30.0, 100.0, 0.0, 100.0, 100.0, 20.0, 20.0, 60.0, 100.0, 100.0, 60.0, 80.0, 100.0, 60.0, 70.0, 90.0, 90.0, 100.0, 90.0, 80.0, 100.0, 30.0, 70.0, 100.0, 100.0, 100.0, 90.0, 100.0, 80.0, 20.0, 100.0, 90.0, 80.0, 70.0, 100.0, 60.0, 30.0, 80.0, 90.0, 20.0, 100.0, 100.0, 100.0, 60.0, 100.0, 50.0, 90.0, 90.0, 80.0, 90.0, 100.0, 100.0, 70.0, 30.0, 80.0, 90.0, 0.0, 80.0, 20.0, 70.0, 100.0, 40.0, 60.0, 60.0, 100.0, 90.0, 100.0, 100.0, 90.0, 100.0, 60.0, 60.0, 70.0, 60.0, 100.0, 70.0, 100.0, 70.0, 100.0, 90.0, 100.0, 100.0, 100.0, 70.0, 100.0, 90.0, 40.0, 30.0, 90.0, 100.0, 100.0, 80.0, 90.0, 10.0, 100.0, 90.0, 40.0, 60.0, 100.0, 10.0, 100.0, 100.0, 70.0, 100.0, 100.0, 100.0, 70.0, 10.0, 40.0, 90.0, 60.0, 90.0, 20.0, 80.0, 90.0, 100.0, 100.0, 100.0, 100.0, 80.0, 100.0, 80.0, 30.0, 100.0, 100.0, 100.0, 0.0, 100.0, 100.0, 100.0, 90.0, 100.0, 70.0, 60.0, 80.0, 60.0, 30.0, 90.0, 70.0, 100.0, 100.0, 50.0, 50.0, 100.0, 20.0, 100.0, 80.0, 90.0, 20.0, 90.0, 90.0, 100.0, 100.0, 100.0, 60.0, 60.0, 90.0, 50.0, 90.0, 50.0, 90.0, 80.0, 100.0, 80.0, 60.0, 100.0, 