{"shuffle_centroids_times": [0.03536653518676758], "map_iterdata_times": [0.4426581859588623], "create_map_data": [0.5243606567382812], "map_queries_times": [[[14.57388687133789, 0.22777748107910156, [0.8348138332366943, 0.3635861873626709, 0.27906298637390137, 0.4591686725616455, 0.6437067985534668, 0.8733689785003662, 0.9954888820648193, 0.6235184669494629, 0.8767726421356201, 1.6341173648834229, 0.5620303153991699, 1.3288962841033936, 0.653430700302124, 0.8775994777679443, 0.9649648666381836, 0.5397806167602539], [0.10189151763916016, 0.0460362434387207, 0.022208213806152344, 0.020908594131469727, 0.021634340286254883, 0.02609848976135254, 0.03355836868286133, 0.023748159408569336, 0.02920246124267578, 0.060422420501708984, 0.029805421829223633, 0.06937527656555176, 0.026665687561035156, 0.043155670166015625, 0.036210060119628906, 0.021258831024169922], [0.050643205642700195, 0.07013392448425293, 0.0334625244140625, 0.03441596031188965, 0.028707265853881836, 0.08559107780456543, 0.11220264434814453, 0.055006980895996094, 0.018402814865112305, 0.17700409889221191, 0.0754861831665039, 0.10933995246887207, 0.03659987449645996, 0.06769752502441406, 0.08030009269714355, 0.049474239349365234], 0.1389603614807129], [13.489426374435425, 0.20224213600158691, [0.31398844718933105, 0.36958765983581543, 0.30967164039611816, 0.31173062324523926, 0.7145793437957764, 1.1389126777648926, 0.48171353340148926, 0.7804458141326904, 0.40520501136779785, 0.8996198177337646, 0.908226728439331, 1.1427884101867676, 0.5688502788543701, 1.0242023468017578, 1.3719565868377686, 1.1463558673858643], [0.034563302993774414, 0.04360556602478027, 0.024576663970947266, 0.02516341209411621, 0.03675389289855957, 0.04505515098571777, 0.01847100257873535, 0.024950742721557617, 0.014062166213989258, 0.02769327163696289, 0.027285337448120117, 0.03460359573364258, 0.021919965744018555, 0.042655229568481445, 0.06237173080444336, 0.04082012176513672], [0.04331851005554199, 0.08440613746643066, 0.029783248901367188, 0.028058290481567383, 0.05465841293334961, 0.09388566017150879, 0.0291900634765625, 0.03650617599487305, 0.023120880126953125, 0.03529858589172363, 0.04540705680847168, 0.05658698081970215, 0.029993295669555664, 0.08425664901733398, 0.06065940856933594, 0.07852315902709961], 0.06097745895385742], [10.1035897731781, 0.14107251167297363, [0.4417288303375244, 0.2700817584991455, 0.4086627960205078, 0.24187350273132324, 0.3488950729370117, 0.5088717937469482, 0.8166842460632324, 1.260594129562378, 0.275301456451416, 0.5584948062896729, 0.7333219051361084, 0.6728386878967285, 0.3326389789581299, 0.5357022285461426, 0.6869792938232422, 0.8479244709014893], [0.0244753360748291, 0.018416404724121094, 0.01808476448059082, 0.00894618034362793, 0.012593746185302734, 0.011912107467651367, 0.013114452362060547, 0.028989791870117188, 0.009855031967163086, 0.010354995727539062, 0.012788772583007812, 0.012906312942504883, 0.007671833038330078, 0.00968027114868164, 0.013595342636108398, 0.020235061645507812], [0.04399538040161133, 0.007837057113647461, 0.05928468704223633, 0.05114340782165527, 0.012979745864868164, 0.04459738731384277, 0.04548072814941406, 0.05055117607116699, 0.015438318252563477, 0.0511777400970459, 0.05211305618286133, 0.04035019874572754, 0.017949819564819336, 0.04770207405090332, 0.1064307689666748, 0.09247708320617676], 0.04862475395202637], [12.71933627128601, 0.12935328483581543, [0.3301239013671875, 0.33096861839294434, 0.4319603443145752, 1.2022569179534912, 1.0012776851654053, 0.8864381313323975, 0.4380981922149658, 0.7519960403442383, 0.6455731391906738, 1.0188724994659424, 0.5243678092956543, 0.5425655841827393, 0.6386728286743164, 0.769193172454834, 0.5426478385925293, 1.442399501800537], [0.03883814811706543, 0.04393649101257324, 0.04350757598876953, 0.06036734580993652, 0.03553581237792969, 0.030388355255126953, 0.016616344451904297, 0.025982141494750977, 0.03584480285644531, 0.03894662857055664, 0.01968097686767578, 0.01969170570373535, 0.022128820419311523, 0.02899956703186035, 0.017657756805419922, 0.05080413818359375], [0.037348031997680664, 0.027825117111206055, 0.034559011459350586, 0.05521655082702637, 0.03381919860839844, 0.07008004188537598, 0.015552282333374023, 0.02956414222717285, 0.029578685760498047, 0.03162670135498047, 0.02873539924621582, 0.043532371520996094, 0.0318140983581543, 0.02145242691040039, 0.016376018524169922, 0.01625847816467285], 0.04012274742126465]]], "map_execution": [18.268454790115356], "map_invoke": [[0.5593791007995605, 0.5381066799163818, 0.5099561214447021, 0.5308036804199219]], "create_reduce_data": [0.17299723625183105], "reduce_iterdata_times": [0.172102689743042], "reduce_queries_times": [[0.05857515335083008]], "reduce_execution_times": [3.0802958011627197], "reduce_invoke": [[0.5615322589874268]], "divide_reduce_times": [4.38690185546875e-05], "total_querying_times": [22.046152591705322],