{"shuffle_centroids_times": [0.030124425888061523], "map_iterdata_times": [0.36373329162597656], "create_map_data": [0.43988800048828125], "map_queries_times": [[[14.173707246780396, 0.1993246078491211, [1.105546474456787, 0.7558236122131348, 1.2704153060913086, 1.4972155094146729, 2.1859378814697266, 1.1205427646636963, 2.0524680614471436, 1.7388863563537598], [0.12853503227233887, 0.09076213836669922, 0.0507962703704834, 0.06976151466369629, 0.09377360343933105, 0.049674272537231445, 0.08126354217529297, 0.0718083381652832], [0.1832599639892578, 0.16897010803222656, 0.1577615737915039, 0.17491698265075684, 0.2855086326599121, 0.16842126846313477, 0.2139301300048828, 0.1991114616394043], 0.059175968170166016], [11.778929710388184, 0.17525386810302734, [0.6321690082550049, 0.4768943786621094, 1.1894166469573975, 0.47475099563598633, 1.8707716464996338, 1.5713562965393066, 0.9155466556549072, 2.5338687896728516], [0.06189465522766113, 0.054926156997680664, 0.03502345085144043, 0.01753973960876465, 0.04491424560546875, 0.059625864028930664, 0.02913641929626465, 0.07565903663635254], [0.1804184913635254, 0.16062617301940918, 0.20245957374572754, 0.05147194862365723, 0.19690656661987305, 0.2606198787689209, 0.11506772041320801, 0.3432610034942627], 0.04924607276916504], [12.573130130767822, 0.18778562545776367, [0.6574544906616211, 0.7381820678710938, 1.8168163299560547, 1.7044708728790283, 1.3686833381652832, 1.0189645290374756, 1.139301061630249, 2.1515886783599854], [0.07699203491210938, 0.09903979301452637, 0.07061338424682617, 0.057210445404052734, 0.04689502716064453, 0.04048919677734375, 0.04354262351989746, 0.0868079662322998], [0.12836432456970215, 0.14670491218566895, 0.20448565483093262, 0.18526744842529297, 0.13831472396850586, 0.10946869850158691, 0.12018847465515137, 0.1838521957397461], 0.05155229568481445], [13.177306652069092, 0.19032526016235352, [0.6021358966827393, 0.9574511051177979, 2.000135898590088, 1.6143686771392822, 1.8219914436340332, 0.8402152061462402, 1.8933098316192627, 1.4856855869293213], [0.06478357315063477, 0.1165468692779541, 0.08959197998046875, 0.058296918869018555, 0.0719754695892334, 0.03775739669799805, 0.07083725929260254, 0.058807373046875], [0.1232602596282959, 0.1564791202545166, 0.19618916511535645, 0.17758607864379883, 0.1593773365020752, 0.10693168640136719, 0.1327381134033203, 0.09980320930480957], 0.0506131649017334]]], "map_execution": [18.307870388031006], "map_invoke": [[0.6294653415679932, 0.5523421764373779, 0.5982098579406738, 0.6018455028533936]], "create_reduce_data": [0.16373610496520996], "reduce_iterdata_times": [0.16285228729248047], "reduce_queries_times": [[0.14671921730041504]], "reduce_execution_times": [3.090317487716675], "reduce_invoke": [[0.528226375579834]], "divide_reduce_times": [9.894371032714844e-05], "total_querying_times": [22.001911163330078], "recalls": [[100.0, 100.0, 100.0, 100.0, 90.0, 100.0, 60.0, 90.0, 90.0, 100.0, 100.0, 100.0, 100.0, 100.0, 100.0, 100.0, 60.0, 100.0, 90.0, 100.0, 100.0, 100.0, 100.0, 70.0, 100.0, 100.0, 70.0, 80.0, 100.0, 100.0, 80.0, 100.0, 100.0, 100.0, 100.0, 100.0, 100.0, 100.0, 100.0, 100.0, 100.0, 100.0, 100.0, 100.0, 90.0, 90.0, 100.0, 100.0, 90.0, 90.0, 90.0, 100.0, 100.0, 100.0, 100.0, 100.0, 100.0, 70.0, 100.0, 100.0, 100.0, 90.0, 100.0, 80.0, 100.0, 100.0, 90.0, 100.0, 90.0, 80.0, 100.0, 100.0, 100.0, 100.0, 100.0, 90.0, 100.0, 100.0, 90.0, 100.0, 100.0, 100.0, 100.0, 100.0, 80.0, 100.0, 100.0, 100.0, 100.0, 100.0, 100.0, 80.0, 100.0, 90.0, 100.0, 100.0, 100.0, 100.0, 80.0, 100.0, 100.0, 100.0, 100.0, 100.0, 70.0, 90.0, 100.0, 100.0, 90.0, 100.0, 100.0, 90.0, 90.0, 100.0, 100.0, 100.0, 100.0, 100.0, 100.0, 100.0, 100.0, 100.0, 100.0, 100.0, 100.0, 100.0, 100.0, 100.0, 70.0, 100.0, 100.0, 80.0, 90.0, 100.0, 90.0, 100.0, 100.0, 100.0, 100.0, 100.0, 90.0, 90.0, 100.0, 100.0, 100.0, 100.0, 100.0, 90.0, 100.0, 100.0, 90.0, 100.0, 100.0, 100.0, 90.0, 100.0, 100.0, 100.0, 100.0, 100.0, 100.0, 100.0, 100.0, 100.0, 100.0, 100.0, 100.0, 90.0, 100.0, 80.0, 100.0, 100.0, 100.0, 100.0, 100.0, 100.0, 100.0, 100.0, 100.0, 80.0, 100.0, 100.0, 90.0, 100.0, 90.0, 100.0, 100.0, 100.0, 80.0, 100.0, 100.0, 100.0, 100.0, 100.0, 100.0, 90.0, 90.0, 100.0, 100.0, 100.0, 100.0, 100.0, 100.0, 100.0, 100.0, 100.0, 100.0, 80.0, 100.0, 100.0, 90.0, 100.0, 70.0, 100.0, 100.0, 100.0, 100.0, 100.0, 100.0, 100.0, 90.0, 100.0, 100.0, 100.0, 100.0, 100.0, 100.0, 100.0, 100.0, 90.0, 100.0, 100.0, 80.0, 80.0, 100.0, 80.0, 90.0, 100.0, 100.0, 100.0, 100.0, 100.0, 100.0, 100.0, 100.0, 80.0, 100.0, 100.0, 100.0, 70.0, 100.0, 100.0, 100.0, 100.0, 100.0, 100.0, 100.0, 100.0, 100.0, 100.0, 100.0, 100.0, 100.0, 100.0, 100.0, 80.0, 100.0, 100.0, 100.0, 100.0, 100.0, 90.0, 100.0, 100.0, 100.0, 100.0, 100.0, 100.0, 100.0, 100.0, 100.0, 100.0, 100.0, 100.0, 80.0, 100.0, 100.0, 100.0, 100.0, 100.0, 100.0, 80.0, 100.0, 90.0, 80.0, 100.0, 100.0, 100.0, 100.0, 100.0, 100.0, 100.0, 90.0, 100.0, 100.0, 100.0, 100.0, 100.0, 100.0, 90.0, 100.0, 100.0, 100.0, 100.0, 90.0, 100.0, 80.0, 100.0, 100.0, 80.0, 100.0, 100.0, 100.0, 100.0, 100.0, 100.0, 100.0, 80.0, 100.0, 100.0, 80.0, 100.0, 100.0, 90.0, 100.0, 100.0, 100.0, 90.0, 100.0, 100.0, 100.0, 100.0, 100.0, 90.0, 100.0, 100.0, 100.0, 100.0, 80.0, 100.0, 100.0, 100.0, 100.0, 90.0, 100.0, 100.0, 100.0, 90.0, 100.0, 100.0, 100.0, 100.0, 100.0, 100.0, 100.0, 80.0, 100.0, 100.0, 100.0, 100.0, 90.0, 100.0, 100.0, 90.0, 100.0, 100.0, 100.0, 100.0, 100.0, 100.0, 100.0, 100.0, 90.0, 100.0, 100.0, 80.0, 100.0, 100.0, 90.0, 100.0, 100.0, 100.0, 100.0, 90.0, 100.0, 90.0, 100.0, 100.0, 100.0, 100.0, 70.0, 100.0, 100.0, 90.0, 100.0, 100.0, 90.0, 100.0, 100.0, 90.0, 100.0, 100.0, 100.0, 100.0, 90.0, 100.0, 70.0, 100.0, 100.0, 100.0, 100.0, 100.0, 100.0, 100.0, 100.0, 100.0, 90.0, 100.0, 100.0, 100.0, 100.0, 100.0, 100.0, 100.0, 100.0, 100.0, 100.0, 90.0, 100.0, 90.0, 100.0, 100.0, 90.0, 100.0, 100.0, 90.0, 100.0, 100.0, 100.0, 100.0, 100.0, 100.0, 100.0, 80.0, 100.0, 100.0, 90.0, 100.0, 100.0, 100.0, 100.0, 100.0, 100.0, 100.0, 100.0, 100.0, 100.0, 90.0, 100.0, 100.0, 100.0, 100.0, 100.0, 100.0, 100.0, 100.0, 100.0, 100.0, 100.0, 100.0, 100.0, 80.0, 100.0, 100.0, 100.0, 100.0, 100.0, 100.0, 100.0, 100.0, 100.0, 100.0, 100.0, 100.0, 100.0, 100.0, 100.0, 100.0, 100.0, 100.0, 100.0, 100.0, 100.0, 100.0, 100.0, 100.0, 100.0, 90.0, 90.0, 100.0, 100.0, 100.0, 100.0, 100.0, 90.0, 100.0, 100.0, 100.0, 100.0, 100.0, 100.0, 100.0, 100.0, 100.0, 100.0, 100.0, 100.0, 90.0, 100.0, 100.0, 100.0, 100.0, 80.0, 100.0, 100.0, 90.0, 100.0, 100.0, 100.0, 100.0, 100.0, 90.0, 100.0, 100.0, 100.0, 100.0, 100.0, 100.0, 100.0, 100.0, 100.0, 100.0, 80.0, 100.0, 100.0, 100.0, 100.0, 100.0, 100.0, 100.0, 100.0, 90.0, 100.0, 100.0, 100.0, 100.0, 100.0, 100.0, 100.0, 100.0, 80.0, 90.0, 100.0, 100.0, 100.0, 90.0, 100.0, 100.0, 90.0, 100.0, 100.0, 100.0, 100.0, 100.0, 100.0, 100.0, 100.0, 100.0, 100.0, 100.0, 90.0, 80.0, 100.0, 100.0, 100.0, 100.0, 100.0, 100.0, 100.0, 100.0, 100.0, 100.0, 100.0, 100.0, 100.0, 100.0, 100.0, 100.0, 100.0, 100.0, 100.0, 100.0, 100.0, 100.0, 90.0, 90.0, 90.0, 100.0, 100.0, 90.0, 100.0, 100.0, 100.0, 100.0, 100.0, 100.0, 100.0, 100.0, 90.0, 100.0, 90.0, 100.0, 100.0, 100.0, 100.0, 100.0, 100.0, 100.0, 100.0, 100.0, 100.0, 100.0, 70.0, 90.0, 100.0, 100.0, 100.0, 100.0, 100.0, 70.0, 100.0, 100.0, 100.0, 100.0, 100.0, 100.0, 90.0, 100.0, 100.0, 90.0, 100.0, 100.0, 100.0, 100.0, 100.0, 100.0, 100.0, 100.0, 100.0, 100.0, 100.0, 100.0, 100.0, 100.0, 90.0, 100.0, 100.0, 90.0, 100.0, 100.0, 90.0, 90.0, 90.0, 90.0, 100.0, 100.0, 100.0, 90.0, 100.0, 100.0, 80.0, 90.0, 100.0, 100.0, 100.0, 100.0, 90.0, 100.0, 80.0, 100.0, 100.0, 90.0, 100.0, 100.0, 100.0, 100.0, 100.0, 100.0, 100.0, 100.0, 100.0, 100.0, 100.0, 100.0, 100.0, 70.0, 90.0, 100.0, 100.0, 90.0, 90.0, 90.0, 100.0, 100.0, 100.0, 90.0, 100.0, 100.0, 100.0, 100.0, 100.0, 100.0, 100.0, 100.0, 100.0, 100.0, 90.0, 100.0, 100.0, 100.0, 100.0, 100.0, 100.0, 100.0, 100.0, 100.0, 100.0, 90.0, 100.0, 100.0, 90.0, 100.0, 