{"shuffle_centroids_times": [0.05750679969787598], "map_iterdata_times": [0.6296026706695557], "create_map_data": [0.7984962463378906], "map_queries_times": [[[14.276165008544922, 0.5616836547851562, [0.26647329330444336, 0.23891282081604004, 0.19599032402038574, 0.20994043350219727, 0.2592191696166992, 0.18872523307800293, 0.169630765914917, 0.3153102397918701, 0.4974970817565918, 0.22499942779541016, 0.20812106132507324, 0.5159399509429932, 0.4103538990020752, 0.6143307685852051, 0.6367566585540771, 0.30817484855651855, 0.40819287300109863, 0.19793248176574707, 0.3971686363220215, 0.6387612819671631, 0.3153979778289795, 0.5190529823303223, 0.3003511428833008, 0.5190162658691406, 0.6230912208557129, 0.2356123924255371, 0.40541505813598633, 0.5135436058044434, 0.31162095069885254, 0.6247899532318115, 0.40467095375061035, 0.3136725425720215], [0.02686333656311035, 0.03391742706298828, 0.015924453735351562, 0.01620936393737793, 0.020485639572143555, 0.013356924057006836, 0.013731718063354492, 0.012708663940429688, 0.015063047409057617, 0.011022567749023438, 0.009380340576171875, 0.017684221267700195, 0.015027284622192383, 0.01845073699951172, 0.023916959762573242, 0.011916399002075195, 0.013885498046875, 0.006353855133056641, 0.013259649276733398, 0.020648956298828125, 0.012721776962280273, 0.018318891525268555, 0.009985208511352539, 0.017577409744262695, 0.018883466720581055, 0.013117551803588867, 0.013218164443969727, 0.017030715942382812, 0.011767864227294922, 0.02026820182800293, 0.01345515251159668, 0.013231039047241211], [0.016747236251831055, 0.019794940948486328, 0.015437126159667969, 0.03353476524353027, 0.011486530303955078, 0.01762866973876953, 0.03396940231323242, 0.02168869972229004, 0.10108757019042969, 0.029424428939819336, 0.02056121826171875, 0.04944944381713867, 0.029163122177124023, 0.03466176986694336, 0.013518095016479492, 0.030237436294555664, 0.025798320770263672, 0.009836673736572266, 0.03531908988952637, 0.05299949645996094, 0.03302621841430664, 0.05272221565246582, 0.016683340072631836, 0.023081064224243164, 0.10639309883117676, 0.023107290267944336, 0.031476736068725586, 0.04413008689880371, 0.03151369094848633, 0.04481816291809082, 0.035143136978149414, 0.026220321655273438], 0.14548206329345703], [13.383452653884888, 0.4691133499145508, [0.1933290958404541, 0.2822227478027344, 0.23229122161865234, 0.1399693489074707, 0.12451839447021484, 0.2097327709197998, 0.1363997459411621, 0.5295522212982178, 0.4205319881439209, 0.34621286392211914, 0.30054688453674316, 0.3940925598144531, 0.40386295318603516, 0.426952600479126, 0.2981991767883301, 0.2877156734466553, 0.5267891883850098, 0.5160121917724609, 0.4108848571777344, 0.3241574764251709, 0.6305446624755859, 0.3014869689941406, 0.5363564491271973, 0.4266667366027832, 0.4058504104614258, 0.30901503562927246, 0.40753960609436035, 0.2531585693359375, 0.6482651233673096, 0.5239019393920898, 0.5207045078277588, 0.21277523040771484], [0.013017654418945312, 0.03212332725524902, 0.017642736434936523, 0.009523868560791016, 0.0067708492279052734, 0.012601375579833984, 0.007539510726928711, 0.011871576309204102, 0.015101194381713867, 0.0064716339111328125, 0.007955789566040039, 0.00824594497680664, 0.00952911376953125, 0.010536432266235352, 0.008038520812988281, 0.006731986999511719, 0.011872529983520508, 0.011237144470214844, 0.009862422943115234, 0.010329723358154297, 0.012637615203857422, 0.007029533386230469, 0.012987375259399414, 0.010249853134155273, 0.00818777084350586, 0.008237123489379883, 0.009160518646240234, 0.005931854248046875, 0.014828681945800781, 0.015530824661254883, 0.011297464370727539, 0.006061077117919922], [0.029645204544067383, 0.04178762435913086, 0.03218674659729004, 0.030373334884643555, 0.01287078857421875, 0.018877506256103516, 0.011759519577026367, 0.01634979248046875, 0.023815393447875977, 0.009198665618896484, 0.009932518005371094, 0.023295879364013672, 0.03246927261352539, 0.036330461502075195, 0.016638994216918945, 0.014976024627685547, 0.040457963943481445, 0.04087972640991211, 0.04096579551696777, 0.012518882751464844, 0.026334524154663086, 0.02273106575012207, 0.032396793365478516, 0.01360630989074707, 0.011850595474243164, 0.028040647506713867, 0.013845205307006836, 0.013753175735473633, 0.044342041015625, 0.027880430221557617, 0.019824981689453125, 0.014538764953613281], 0.12020015716552734], [12.094764709472656, 0.3201889991760254, [0.1554865837097168, 0.11450362205505371, 0.17066121101379395, 0.17150259017944336, 0.20566678047180176, 0.22768497467041016, 0.21082854270935059, 0.21599364280700684, 0.33495092391967773, 0.17742705345153809, 0.5308516025543213, 0.4072911739349365, 0.39525699615478516, 0.40267443656921387, 0.299332857131958, 0.39440202713012695, 0.22597336769104004, 0.5143423080444336, 0.413409948348999, 0.20679092407226562, 0.20396137237548828, 0.29112958908081055, 0.39543581008911133, 0.504378080368042, 0.320955753326416, 0.4090158939361572, 0.2989835739135742, 0.4136977195739746, 0.3966073989868164, 0.5201942920684814, 0.4135603904724121, 0.5359978675842285], [0.013469696044921875, 0.00985574722290039, 0.013951301574707031, 0.018690109252929688, 0.017706871032714844, 0.01860356330871582, 0.012314558029174805, 0.0161745548248291, 0.033026933670043945, 0.014917612075805664, 0.024135828018188477, 0.014703750610351562, 0.013138532638549805, 0.014272928237915039, 0.010859251022338867, 0.013535022735595703, 0.011227846145629883, 0.016290903091430664, 0.015153884887695312, 0.009212732315063477, 0.008069992065429688, 0.010543346405029297, 0.01238393783569336, 0.016360998153686523, 0.013863325119018555, 0.014780998229980469, 0.010790586471557617, 0.015834331512451172, 0.013058662414550781, 0.018908262252807617, 0.015266895294189453, 0.0199892520904541], [0.02920389175415039, 0.0042345523834228516, 0.014786005020141602, 0.01096034049987793, 0.015898466110229492, 0.03321528434753418, 0.012905597686767578, 0.028058290481567383, 0.016043424606323242, 0.014833688735961914, 0.014076709747314453, 0.015857458114624023, 0.024212360382080078, 0.0254976749420166, 0.012783050537109375, 0.024866342544555664, 0.019051790237426758, 0.02291584014892578, 0.02986907958984375, 0.015561342239379883, 0.006924152374267578, 0.011459112167358398, 0.020329952239990234, 0.03912520408630371, 0.023200273513793945, 0.01932525634765625, 0.017460107803344727, 0.023803234100341797, 0.01596212387084961, 0.022722959518432617, 0.01959228515625, 0.021716594696044922], 0.18774843215942383], [12.658699035644531, 0.23749089241027832, [0.25634217262268066, 0.1951754093170166, 0.24937200546264648, 0.13413548469543457, 0.1776576042175293, 0.18443012237548828, 0.47078657150268555, 0.2621321678161621, 0.4504985809326172, 0.4356801509857178, 0.43161535263061523, 0.3111872673034668, 0.525078535079956, 0.305649995803833, 0.6740579605102539, 0.2184441089630127, 0.42834949493408203, 0.2137603759765625, 0.5367608070373535, 0.421475887298584, 0.31793808937072754, 0.310192346572876, 0.41286253929138184, 0.21180415153503418, 0.4356405735015869, 0.42292141914367676, 0.4086301326751709, 0.4261794090270996, 0.4279818534851074, 0.3086731433868408, 0.41135263442993164, 0.4285919666290283], [0.029707908630371094, 0.027176380157470703, 0.020592689514160156, 0.01036691665649414, 0.013580083847045898, 0.014230489730834961, 0.020618915557861328, 0.00957489013671875, 0.015126466751098633, 0.014832019805908203, 0.014612436294555664, 0.010743856430053711, 0.015321731567382812, 0.010394811630249023, 0.02146434783935547, 0.009147882461547852, 0.014101028442382812, 0.008651018142700195, 0.015799283981323242, 0.013217449188232422, 0.011120796203613281, 0.01027822494506836, 0.013625383377075195, 0.007892131805419922, 0.015482902526855469, 0.01346588134765625, 0.012183189392089844, 0.014460086822509766, 0.014429807662963867, 0.010109901428222656, 0.013274192810058594, 0.014317035675048828], [0.020933151245117188, 0.013217449188232422, 0.01492619514465332, 0.01653146743774414, 0.027998685836791992, 