{"shuffle_centroids_times": [0.03334498405456543], "map_iterdata_times": [0.20482587814331055], "create_map_data": [0.4267432689666748], "map_queries_times": [[[13.160070419311523, 0.07486653327941895, [0.791351318359375, 1.1080036163330078, 1.2771868705749512, 1.5037436485290527, 2.022693157196045, 1.477295160293579, 2.106701374053955, 1.7418310642242432], [0.0901491641998291, 0.054284095764160156, 0.029758930206298828, 0.03612208366394043, 0.05505943298339844, 0.03088665008544922, 0.041300058364868164, 0.03898262977600098], [0.03594493865966797, 0.08470797538757324, 0.05178356170654297, 0.08669924736022949, 0.15584230422973633, 0.027902841567993164, 0.0916593074798584, 0.12566733360290527], 0.019530534744262695], [13.048096656799316, 0.06457304954528809, [0.4644136428833008, 0.3921701908111572, 1.6198766231536865, 2.219869613647461, 1.4903450012207031, 1.8130359649658203, 1.8388421535491943, 2.3443527221679688], [0.05148720741271973, 0.0441286563873291, 0.05013608932495117, 0.06552386283874512, 0.03328895568847656, 0.04051685333251953, 0.04462623596191406, 0.05572819709777832], [0.05686306953430176, 0.039168596267700195, 0.04055166244506836, 0.055583953857421875, 0.0552823543548584, 0.05328178405761719, 0.048990726470947266, 0.05267190933227539], 0.012668848037719727], [11.551584959030151, 0.0717461109161377, [0.6678941249847412, 0.7662258148193359, 1.6157333850860596, 1.4833667278289795, 1.9490301609039307, 2.3467698097229004, 1.1289386749267578, 0.679548978805542], [0.07814931869506836, 0.058351755142211914, 0.03769683837890625, 0.057366371154785156, 0.041735172271728516, 0.06569123268127441, 0.02553105354309082, 0.019255399703979492], [0.08806943893432617, 0.035062551498413086, 0.07949566841125488, 0.0516049861907959, 0.04585838317871094, 0.11207771301269531, 0.024759769439697266, 0.008164167404174805], 0.013336181640625], [11.158265352249146, 0.05676436424255371, [0.6647086143493652, 1.398550271987915, 1.1260356903076172, 1.449821949005127, 1.2651331424713135, 1.6949632167816162, 1.1286876201629639, 1.6852984428405762], [0.0728139877319336, 0.0838918685913086, 0.028399229049682617, 0.04645967483520508, 0.03126215934753418, 0.04050159454345703, 0.023273944854736328, 0.033319950103759766], [0.038741111755371094, 0.07381677627563477, 0.03510236740112305, 0.04921746253967285, 0.027651071548461914, 0.06771111488342285, 0.012987613677978516, 0.011986494064331055], 0.011039257049560547]]], "map_execution": [15.126831293106079], "map_invoke": [[0.5368740558624268, 0.5083060264587402, 0.5079693794250488, 0.5258405208587646]], "create_reduce_data": [0.3053591251373291], "reduce_iterdata_times": [0.30387163162231445], "reduce_queries_times": [[0.0719749927520752]], "reduce_execution_times": [3.08575701713562], "reduce_invoke": [[0.5632379055023193]], "divide_reduce_times": [0.00018835067749023438], "total_querying_times": [18.94488000869751], "recalls": [[100.0, 100.0, 100.0, 100.0, 100.0, 100.0, 100.0, 100.0, 90.0, 90.0, 100.0, 100.0, 100.0, 100.0, 100.0, 100.0, 70.0, 100.0, 100.0, 100.0, 100.0, 100.0, 100.0, 70.0, 90.0, 100.0, 100.0, 80.0, 90.0, 100.0, 90.0, 100.0, 100.0, 100.0, 100.0, 90.0, 100.0, 100.0, 100.0, 100.0, 100.0, 100.0, 100.0, 100.0, 100.0, 90.0, 100.0, 100.0, 100.0, 80.0, 90.0, 100.0, 100.0, 100.0, 90.0, 30.0, 100.0, 70.0, 100.0, 100.0, 100.0, 100.0, 100.0, 100.0, 100.0, 100.0, 100.0, 100.0, 100.0, 90.0, 90.0, 100.0, 100.0, 100.0, 90.0, 100.0, 100.0, 100.0, 100.0, 100.0, 90.0, 100.0, 100.0, 100.0, 90.0, 100.0, 100.0, 100.0, 100.0, 80.0, 100.0, 60.0, 100.0, 80.0, 100.0, 80.0, 100.0, 100.0, 100.0, 100.0, 100.0, 100.0, 100.0, 100.0, 100.0, 70.0, 100.0, 100.0, 50.0, 100.0, 90.0, 90.0, 90.0, 100.0, 100.0, 100.0, 100.0, 100.0, 100.0, 100.0, 100.0, 100.0, 100.0, 100.0, 90.0, 100.0, 90.0, 100.0, 70.0, 100.0, 90.0, 80.0, 100.0, 100.0, 60.0, 90.0, 100.0, 100.0, 100.0, 100.0, 100.0, 70.0, 100.0, 100.0, 100.0, 100.0, 100.0, 100.0, 70.0, 100.0, 100.0, 100.0, 100.0, 90.0, 90.0, 100.0, 100.0, 100.0, 100.0, 100.0, 100.0, 100.0, 100.0, 100.0, 100.0, 100.0, 100.0, 90.0, 90.0, 100.0, 100.0, 100.0, 100.0, 100.0, 100.0, 100.0, 100.0, 100.0, 100.0, 80.0, 100.0, 90.0, 90.0, 100.0, 100.0, 90.0, 100.0, 100.0, 90.0, 100.0, 100.0, 100.0, 100.0, 90.0, 100.0, 90.0, 100.0, 100.0, 100.0, 90.0, 100.0, 80.0, 90.0, 90.0, 100.0, 100.0, 100.0, 100.0, 90.0, 100.0, 100.0, 100.0, 80.0, 100.0, 100.0, 100.0, 100.0, 90.0, 100.0, 100.0, 90.0, 100.0, 100.0, 100.0, 100.0, 100.0, 100.0, 100.0, 100.0, 100.0, 100.0, 100.0, 100.0, 100.0, 100.0, 60.0, 90.0, 100.0, 90.0, 100.0, 100.0, 100.0, 100.0, 100.0, 100.0, 70.0, 100.0, 100.0, 100.0, 60.0, 100.0, 100.0, 90.0, 100.0, 100.0, 100.0, 100.0, 100.0, 100.0, 100.0, 100.0, 100.0, 100.0, 100.0, 100.0, 100.0, 100.0, 100.0, 90.0, 80.0, 100.0, 100.0, 100.0, 100.0, 100.0, 90.0, 100.0, 100.0, 100.0, 100.0, 100.0, 90.0, 90.0, 100.0, 90.0, 100.0, 90.0, 100.0, 100.0, 100.0, 100.0, 70.0, 100.0, 90.0, 100.0, 100.0, 100.0, 100.0, 100.0, 100.0, 100.0, 90.0, 100.0, 100.0, 100.0, 100.0, 100.0, 100.0, 100.0, 100.0, 60.0, 90.0, 100.0, 100.0, 100.0, 90.0, 90.0, 100.0, 100.0, 60.0, 100.0, 90.0, 100.0, 100.0, 100.0, 100.0, 100.0, 90.0, 100.0, 100.0, 100.0, 90.0, 100.0, 90.0, 100.0, 100.0, 90.0, 100.0, 100.0, 100.0, 100.0, 100.0, 100.0, 90.0, 100.0, 100.0, 100.0, 100.0, 90.0, 100.0, 90.0, 100.0, 100.0, 100.0, 100.0, 100.0, 100.0, 90.0, 100.0, 90.0, 100.0, 100.0, 100.0, 100.0, 100.0, 100.0, 100.0, 100.0, 100.0, 100.0, 90.0, 100.0, 100.0, 100.0, 100.0, 100.0, 100.0, 100.0, 100.0, 100.0, 90.0, 100.0, 100.0, 100.0, 100.0, 90.0, 90.0, 90.0, 100.0, 100.0, 100.0, 100.0, 100.0, 100.0, 100.0, 90.0, 100.0, 100.0, 100.0, 100.0, 90.0, 100.0, 100.0, 100.0, 100.0, 100.0, 90.0, 100.0, 100.0, 80.0, 100.0, 100.0, 90.0, 100.0, 100.0, 100.0, 100.0, 100.0, 100.0, 100.0, 100.0, 90.0, 100.0, 100.0, 100.0, 100.0, 90.0, 90.0, 100.0, 100.0, 100.0, 100.0, 90.0, 100.0, 100.0, 100.0, 100.0, 100.0, 80.0, 90.0, 100.0, 100.0, 70.0, 100.0, 100.0, 90.0, 100.0, 100.0, 100.0, 80.0, 100.0, 100.0, 100.0, 100.0, 100.0, 100.0, 100.0, 100.0, 100.0, 100.0, 100.0, 100.0, 100.0, 100.0, 100.0, 100.0, 100.0, 100.0, 100.0, 100.0, 100.0, 100.0, 100.0, 100.0, 100.0, 100.0, 100.0, 100.0, 100.0, 100.0, 100.0, 70.0, 100.0, 90.0, 100.0, 90.0, 100.0, 100.0, 100.0, 100.0, 100.0, 100.0, 100.0, 100.0, 100.0, 90.0, 100.0, 100.0, 100.0, 100.0, 100.0, 90.0, 100.0, 100.0, 100.0, 100.0, 100.0, 100.0, 100.0, 70.0, 100.0, 100.0, 100.0, 100.0, 100.0, 80.0, 100.0, 100.0, 100.0, 100.0, 90.0, 100.0, 100.0, 100.0, 100.0, 100.0, 100.0, 100.0, 100.0, 100.0, 100.0, 100.0, 90.0, 100.0, 70.0, 90.0, 100.0, 100.0, 100.0, 100.0, 100.0, 90.0, 100.0, 100.0, 100.0, 100.0, 100.0, 100.0, 100.0, 100.0, 100.0, 100.0, 80.0, 100.0, 70.0, 100.0, 100.0, 100.0, 100.0, 100.0, 100.0, 100.0, 100.0, 100.0, 90.0, 100.0, 90.0, 100.0, 100.0, 100.0, 100.0, 100.0, 100.0, 100.0, 100.0, 100.0, 70.0, 100.0, 80.0, 80.0, 100.0, 100.0, 90.0, 100.0, 100.0, 100.0, 90.0, 100.0, 90.0, 100.0, 100.0, 80.0, 100.0, 100.0, 100.0, 100.0, 100.0, 100.0, 100.0, 100.0, 100.0, 100.0, 100.0, 100.0, 100.0, 100.0, 100.0, 100.0, 100.0, 100.0, 100.0, 100.0, 100.0, 100.0, 80.0, 100.0, 100.0, 100.0, 90.0, 90.0, 100.0, 100.0, 100.0, 100.0, 100.0, 100.0, 100.0, 100.0, 100.0, 100.0, 80.0, 100.0, 100.0, 100.0, 100.0, 90.0, 100.0, 100.0, 100.0, 100.0, 100.0, 100.0, 80.0, 100.0, 100.0, 100.0, 100.0, 100.0, 100.0, 60.0, 80.0, 100.0, 100.0, 100.0, 100.0, 100.0, 100.0, 90.0, 100.0, 90.0, 100.0, 100.0, 100.0, 100.0, 100.0, 100.0, 100.0, 80.0, 100.0, 100.0, 100.0, 100.0, 90.0, 80.0, 100.0, 100.0, 100.0, 90.0, 100.0, 100.0, 90.0, 90.0, 100.0, 100.0, 80.0, 90.0, 90.0, 80.0, 100.0, 100.0, 90.0, 100.0, 100.0, 100.0, 100.0, 100.0, 100.0, 100.0, 70.0, 100.0, 90.0, 90.0, 100.0, 100.0, 100.0, 100.0, 100.0, 100.0, 100.0, 100.0, 90.0, 100.0, 100.0, 100.0, 90.0, 90.0, 90.0, 100.0, 100.0, 100.0, 100.0, 90.0, 100.0, 100.0, 100.0, 100.0, 100.0, 100.0, 100.0, 100.0, 100.0, 100.0, 100.0, 100.0, 100.0, 100.0, 100.0, 100.0, 100.0, 100.0, 100.0, 100.0, 80.0, 100.0, 100.0, 100.0, 100.0, 90.0, 100.0, 100.0, 100.0, 