{"shuffle_centroids_times": [0.16604280471801758], "map_iterdata_times": [0.3707735538482666], "create_map_data": [0.5969128608703613], "map_queries_times": [[[14.070634841918945, 0.2904496192932129, [0.6987292766571045, 0.26955580711364746, 0.36461615562438965, 0.6468052864074707, 0.5405797958374023, 0.7789115905761719, 0.986328125, 0.6598935127258301, 0.9863312244415283, 1.4225335121154785, 0.661186695098877, 1.3121321201324463, 0.6565823554992676, 0.8696365356445312, 0.9574019908905029, 0.5316851139068604], [0.0782768726348877, 0.031264543533325195, 0.012640953063964844, 0.015066862106323242, 0.013854742050170898, 0.01578545570373535, 0.02056598663330078, 0.01452493667602539, 0.019219636917114258, 0.0277097225189209, 0.015069246292114258, 0.026468276977539062, 0.015405416488647461, 0.02293872833251953, 0.019065380096435547, 0.013957738876342773], [0.05826234817504883, 0.060454607009887695, 0.029216766357421875, 0.0349268913269043, 0.02238178253173828, 0.11626005172729492, 0.09781765937805176, 0.052490949630737305, 0.011309623718261719, 0.16609597206115723, 0.053325653076171875, 0.11013531684875488, 0.023897886276245117, 0.06268692016601562, 0.06124687194824219, 0.04912400245666504], 0.06561112403869629], [12.86661696434021, 0.2581315040588379, [0.26128506660461426, 0.25060606002807617, 0.2532768249511719, 0.27366161346435547, 0.7256581783294678, 1.136122703552246, 0.5600247383117676, 0.7790224552154541, 0.3414897918701172, 0.9707703590393066, 0.7777726650238037, 1.1108713150024414, 0.5546925067901611, 0.9965183734893799, 1.3543450832366943, 1.1213219165802002], [0.02455449104309082, 0.028056859970092773, 0.015520095825195312, 0.01842474937438965, 0.024770259857177734, 0.028050661087036133, 0.012026786804199219, 0.015817642211914062, 0.012360572814941406, 0.02206563949584961, 0.026826143264770508, 0.02472376823425293, 0.011996984481811523, 0.02074265480041504, 0.037920236587524414, 0.02588653564453125], [0.028900146484375, 0.05293416976928711, 0.033745765686035156, 0.022545576095581055, 0.05544281005859375, 0.07955002784729004, 0.022641420364379883, 0.03009772300720215, 0.060709238052368164, 0.03555703163146973, 0.04299330711364746, 0.052570343017578125, 0.021244287490844727, 0.07376670837402344, 0.0583646297454834, 0.06486034393310547], 0.055169105529785156], [9.651997804641724, 0.14607834815979004, [0.2732813358306885, 0.20278215408325195, 0.30446553230285645, 0.1620473861694336, 0.48613953590393066, 0.6367373466491699, 0.7333924770355225, 1.2982022762298584, 0.316802978515625, 0.5273807048797607, 0.7423305511474609, 0.6345653533935547, 0.427234411239624, 0.4281039237976074, 0.7284541130065918, 0.8600032329559326], [0.03050518035888672, 0.022541522979736328, 0.02116560935974121, 0.009622573852539062, 0.015362024307250977, 0.013669729232788086, 0.01568007469177246, 0.04039764404296875, 0.011467456817626953, 0.011135101318359375, 0.014053821563720703, 0.016690969467163086, 0.011017084121704102, 0.010798454284667969, 0.014333248138427734, 0.023121356964111328], [0.023622989654541016, 0.008646726608276367, 0.03864264488220215, 0.025075197219848633, 0.01307225227355957, 0.024480581283569336, 0.02311992645263672, 0.03502917289733887, 0.013842105865478516, 0.020566463470458984, 0.030877351760864258, 0.027456998825073242, 0.013843774795532227, 0.01831674575805664, 0.047830820083618164, 0.0521237850189209], 0.04566597938537598], [12.534067869186401, 0.1352391242980957, [0.36057019233703613, 0.30069971084594727, 0.39168214797973633, 1.1908926963806152, 1.0233871936798096, 0.8759396076202393, 0.536543607711792, 0.6468203067779541, 0.7480428218841553, 0.9737136363983154, 0.516185998916626, 0.5424690246582031, 0.6404800415039062, 0.8598549365997314, 0.5202033519744873, 1.3486976623535156], [0.027771711349487305, 0.03718972206115723, 0.0312192440032959, 0.04435110092163086, 0.024190902709960938, 0.01975417137145996, 0.012044191360473633, 0.01776742935180664, 0.027474641799926758, 0.027474641799926758, 0.013063669204711914, 0.012119531631469727, 0.014105081558227539, 0.022255659103393555, 0.012164592742919922, 0.039098262786865234], [0.024881839752197266, 0.021113872528076172, 0.029419898986816406, 0.05815935134887695, 0.032514095306396484, 0.0662698745727539, 0.012176990509033203, 0.026926755905151367, 0.03992033004760742, 0.028472185134887695, 0.015988826751708984, 0.03577589988708496, 0.029807090759277344, 0.05599856376647949, 0.012594223022460938, 0.012226581573486328], 0.03813791275024414]]], "map_execution": [15.3334641456604], "map_invoke": [[0.501577615737915, 0.5231592655181885, 0.514397382736206, 0.5423238277435303]], "create_reduce_data": [0.1902303695678711], "reduce_iterdata_times": [0.18871712684631348], "reduce_queries_times": [[0.13558053970336914]], "reduce_execution_times": [3.081754207611084], "reduce_invoke": [[0.5277204513549805]], "divide_reduce_times": [0.00018310546875], "total_querying_times": [19.202545404434204],