{"shuffle_centroids_times": [0.19246482849121094], "map_iterdata_times": [0.25705862045288086], "create_map_data": [0.5096235275268555], "map_queries_times": [[[13.509239912033081, 0.13280463218688965, [0.7470567226409912, 0.3270890712738037, 0.3293178081512451, 0.5881168842315674, 0.6282391548156738, 0.8284080028533936, 0.9160094261169434, 0.6107432842254639, 0.9886474609375, 1.3191256523132324, 0.6788501739501953, 1.3128666877746582, 0.6793670654296875, 0.9339971542358398, 0.8789730072021484, 0.602468729019165], [0.07739973068237305, 0.0312650203704834, 0.014299392700195312, 0.012825489044189453, 0.015468120574951172, 0.019500255584716797, 0.02708601951599121, 0.01459193229675293, 0.019169092178344727, 0.03928828239440918, 0.0163424015045166, 0.032991647720336914, 0.014354228973388672, 0.018923282623291016, 0.02528691291809082, 0.012322425842285156], [0.026428937911987305, 0.027681350708007812, 0.013986349105834961, 0.011357784271240234, 0.012931346893310547, 0.041059017181396484, 0.07454586029052734, 0.02377462387084961, 0.0076901912689208984, 0.09938907623291016, 0.04074239730834961, 0.07282590866088867, 0.0113983154296875, 0.02938222885131836, 0.036260128021240234, 0.050992488861083984], 0.0353848934173584], [11.275575399398804, 0.08789443969726562, [0.38564562797546387, 0.27944278717041016, 0.3171200752258301, 0.28052473068237305, 0.4831821918487549, 0.8826110363006592, 0.42641139030456543, 0.7573690414428711, 0.6257898807525635, 0.6826906204223633, 1.3019022941589355, 0.3958466053009033, 0.505958080291748, 0.7355813980102539, 1.0716264247894287, 1.4097697734832764], [0.030283689498901367, 0.023446321487426758, 0.015417814254760742, 0.01250600814819336, 0.026412010192871094, 0.026371002197265625, 0.009613990783691406, 0.016528606414794922, 0.014625787734985352, 0.015575647354125977, 0.02659916877746582, 0.010467290878295898, 0.010947465896606445, 0.01373147964477539, 0.02847743034362793, 0.04380917549133301], [0.017163515090942383, 0.006142377853393555, 0.031740427017211914, 0.011626243591308594, 0.02504134178161621, 0.03186488151550293, 0.013453006744384766, 0.009501457214355469, 0.01212453842163086, 0.016782283782958984, 0.02968311309814453, 0.008270025253295898, 0.012029886245727539, 0.014629840850830078, 0.02196955680847168, 0.03512716293334961], 0.024010419845581055], [11.942604541778564, 0.08715486526489258, [0.4351625442504883, 0.6057729721069336, 0.6506454944610596, 0.8615438938140869, 0.5425167083740234, 0.6434347629547119, 1.096067190170288, 1.0295557975769043, 1.0075509548187256, 0.6479208469390869, 0.7540805339813232, 0.8786447048187256, 0.7456691265106201, 0.4278383255004883, 0.4071643352508545, 0.36945343017578125], [0.03685760498046875, 0.05878114700317383, 0.023928403854370117, 0.020262718200683594, 0.013935565948486328, 0.018888235092163086, 0.0337681770324707, 0.029207706451416016, 0.021345853805541992, 0.015166282653808594, 0.02142333984375, 0.022814273834228516, 0.01384115219116211, 0.011556386947631836, 0.009183168411254883, 0.008312702178955078], [0.029542922973632812, 0.040036678314208984, 0.036428213119506836, 0.04175424575805664, 0.005820274353027344, 0.01990818977355957, 0.04112553596496582, 0.036826372146606445, 0.026581764221191406, 0.03272271156311035, 0.01566028594970703, 0.015439987182617188, 0.010213136672973633, 0.007649898529052734, 0.0050237178802490234, 0.00449681282043457], 0.023696422576904297], [11.165268898010254, 0.07170724868774414, [0.28339529037475586, 0.34000110626220703, 0.34075188636779785, 0.4027135372161865, 0.5794980525970459, 0.6554229259490967, 0.8603630065917969, 0.7769505977630615, 0.952979326248169, 0.639702558517456, 0.49063849449157715, 0.8430581092834473, 0.7238221168518066, 0.608773946762085, 0.5933096408843994, 1.455397605895996], [0.02279376983642578, 0.02896881103515625, 0.02098226547241211, 0.012322187423706055, 0.027741193771362305, 0.016599416732788086, 0.018185853958129883, 0.017302989959716797, 0.01843118667602539, 0.014991044998168945, 0.011160135269165039, 0.016214847564697266, 0.014696836471557617, 0.014258861541748047, 0.012093782424926758, 0.03140449523925781], [0.01254582405090332, 0.013820648193359375, 0.011258125305175781, 0.011537551879882812, 0.03400373458862305, 0.012866497039794922, 0.02423882484436035, 0.00920557975769043, 0.021570444107055664, 0.013393163681030273, 0.008923530578613281, 0.011089086532592773, 0.013931989669799805, 0.014177083969116211, 0.006308555603027344, 0.010097026824951172], 0.01946568489074707]]], "map_execution": [17.150629997253418], "map_invoke": [[0.48174047470092773, 0.5039756298065186, 0.49932074546813965, 0.48814868927001953]], "create_reduce_data": [0.36455845832824707], "reduce_iterdata_times": [0.3629794120788574], "reduce_queries_times": [[0.08289599418640137]], "reduce_execution_times": [3.0727593898773193], "reduce_invoke": [[0.5230405330657959]], "divide_reduce_times": [6.031990051269531e-05], "total_querying_times": [21.097632884979248],