{"shuffle_centroids_times": [0.18199872970581055], "map_iterdata_times": [0.39029574394226074], "create_map_data": [0.6318058967590332], "map_queries_times": [[[12.841845750808716, 0.24767374992370605, [0.23509860038757324, 0.29880523681640625, 0.17824625968933105, 0.17319369316101074, 0.23678922653198242, 0.15998339653015137, 0.21765589714050293, 0.39568519592285156, 0.4105854034423828, 0.28774118423461914, 0.28811097145080566, 0.42043542861938477, 0.5044088363647461, 0.4664182662963867, 0.7749168872833252, 0.2996513843536377, 0.3063023090362549, 0.19510602951049805, 0.3922553062438965, 0.5181584358215332, 0.39728879928588867, 0.5078487396240234, 0.20168280601501465, 0.6133983135223389, 0.5126347541809082, 0.40629124641418457, 0.2979145050048828, 0.49933743476867676, 0.31331372261047363, 0.5163788795471191, 0.39438366889953613, 0.2974588871002197], [0.021460533142089844, 0.024459123611450195, 0.01034402847290039, 0.00987100601196289, 0.014066696166992188, 0.00909280776977539, 0.008720636367797852, 0.008395671844482422, 0.009554386138916016, 0.0068836212158203125, 0.006143331527709961, 0.01129460334777832, 0.009971857070922852, 0.011764287948608398, 0.016879558563232422, 0.007433652877807617, 0.008654594421386719, 0.005046844482421875, 0.007652759552001953, 0.012165069580078125, 0.008367538452148438, 0.01119685173034668, 0.014952898025512695, 0.012206315994262695, 0.012297391891479492, 0.008541107177734375, 0.007869720458984375, 0.010308504104614258, 0.006916046142578125, 0.01252603530883789, 0.008266925811767578, 0.008116960525512695], [0.008252143859863281, 0.009115219116210938, 0.0068781375885009766, 0.014342784881591797, 0.006104469299316406, 0.007454872131347656, 0.010890007019042969, 0.008100032806396484, 0.012608766555786133, 0.016472816467285156, 0.010558605194091797, 0.017072677612304688, 0.012307405471801758, 0.01759648323059082, 0.007269620895385742, 0.013270139694213867, 0.012824058532714844, 0.0033447742462158203, 0.015619754791259766, 0.026921987533569336, 0.01984262466430664, 0.018509387969970703, 0.006853342056274414, 0.007711172103881836, 0.012532472610473633, 0.00989842414855957, 0.061506032943725586, 0.024423837661743164, 0.012270689010620117, 0.02191472053527832, 0.015667200088500977, 0.011651754379272461], 0.07507681846618652], [12.655280113220215, 0.17496180534362793, [0.13240504264831543, 0.11722397804260254, 0.11115074157714844, 0.13842272758483887, 0.14667797088623047, 0.1463775634765625, 0.2259061336517334, 0.17793989181518555, 0.13257288932800293, 0.12428045272827148, 0.40766024589538574, 0.7889344692230225, 0.3227956295013428, 0.6415793895721436, 0.4121074676513672, 0.30300426483154297, 0.40653443336486816, 0.4230508804321289, 0.2965664863586426, 0.2950448989868164, 0.399369478225708, 0.4033775329589844, 0.3911263942718506, 0.5323441028594971, 0.6194353103637695, 0.5167462825775146, 0.4071385860443115, 0.5092771053314209, 0.5233585834503174, 0.5289559364318848, 0.5154685974121094, 0.6264641284942627], [0.009289741516113281, 0.012144804000854492, 0.004612445831298828, 0.0077972412109375, 0.013135671615600586, 0.014572620391845703, 0.01153564453125, 0.012005329132080078, 0.008204221725463867, 0.0076754093170166016, 0.010384082794189453, 0.024198532104492188, 0.00902557373046875, 0.01402902603149414, 0.009742975234985352, 0.008580923080444336, 0.009454011917114258, 0.010107040405273438, 0.007692575454711914, 0.0069653987884521484, 0.008888483047485352, 0.009777069091796875, 0.009029626846313477, 0.012613296508789062, 0.013300180435180664, 0.011756658554077148, 0.012647867202758789, 0.010868072509765625, 0.012130498886108398, 0.012586832046508789, 0.010544061660766602, 0.013436079025268555], [0.007434368133544922, 0.009287118911743164, 0.0020418167114257812, 0.0074615478515625, 0.014586925506591797, 0.009060144424438477, 0.0075795650482177734, 0.01023554801940918, 0.006631612777709961, 0.013370275497436523, 0.00933527946472168, 0.010313987731933594, 0.006108283996582031, 0.007935523986816406, 0.008202791213989258, 0.010649442672729492, 0.008699655532836914, 0.00956416130065918, 0.006060600280761719, 0.007404327392578125, 0.0139312744140625, 0.012290477752685547, 0.008148908615112305, 0.00815582275390625, 0.009093999862670898, 0.016483783721923828, 0.05620861053466797, 0.0061757564544677734, 0.014827489852905273, 0.01904606819152832, 0.012415409088134766, 0.0075266361236572266], 0.05163693428039551], [11.245322704315186, 0.17977309226989746, [0.13814067840576172, 0.13676953315734863, 0.18751215934753418, 0.1563704013824463, 0.17959809303283691, 0.3390688896179199, 0.17875266075134277, 0.12302470207214355, 0.12714433670043945, 0.8452835083007812, 0.21608519554138184, 0.4233524799346924, 0.22701263427734375, 0.5323202610015869, 0.4370558261871338, 0.4337608814239502, 0.30485987663269043, 0.31389832496643066, 0.40574073791503906, 0.45561790466308594, 0.42359066009521484, 0.20180988311767578, 0.5207786560058594, 0.309004545211792, 0.40993738174438477, 0.20267701148986816, 0.3027493953704834, 0.40738368034362793, 0.525545597076416, 0.3108365535736084, 0.3079509735107422, 0.2986605167388916], [0.008285999298095703, 0.014132261276245117, 0.015082359313964844, 0.010514020919799805, 0.009760618209838867, 0.01937127113342285, 0.010310649871826172, 0.00693058967590332, 0.00712132453918457, 0.015053987503051758, 0.007303953170776367, 0.009356260299682617, 0.007114410400390625, 0.009805917739868164, 0.010295391082763672, 0.01049494743347168, 0.005938529968261719, 0.008123636245727539, 0.008283853530883789, 0.009473562240600586, 0.01066279411315918, 0.005804300308227539, 0.009126663208007812, 0.007937192916870117, 0.00796365737915039, 0.006184101104736328, 0.006654977798461914, 0.007739543914794922, 0.011257410049438477, 0.006460428237915039, 0.007926702499389648, 0.00711512565612793], [0.005977153778076172, 0.005885124206542969, 0.013318777084350586, 0.011588573455810547, 0.00766754150390625, 0.011490583419799805, 0.01266026496887207, 0.004669904708862305, 0.005648612976074219, 0.03419137001037598, 0.0075380802154541016, 0.0101470947265625, 0.012109994888305664, 0.011075258255004883, 0.011161565780639648, 0.017699718475341797, 0.007904052734375, 0.007803678512573242, 0.011603832244873047, 0.005510091781616211, 0.006177663803100586, 0.002882242202758789, 0.003952503204345703, 0.004060983657836914, 0.013234138488769531, 0.010682344436645508, 0.0037293434143066406, 0.00610041618347168, 0.006325483322143555, 0.005553483963012695, 0.04910469055175781, 0.005533456802368164], 0.05229616165161133], [11.415724277496338, 0.11330842971801758, [0.2696239948272705, 0.22354817390441895, 0.16620230674743652, 0.14715194702148438, 0.17379450798034668, 0.16535282135009766, 0.12360739707946777, 0.15742087364196777, 0.5229592323303223, 0.5208191871643066, 0.40644264221191406, 0.5070621967315674, 0.6297285556793213, 0.2824544906616211, 0.40758275985717773, 0.3041515350341797, 0.399228572845459, 0.2869865894317627, 0.4123506546020508, 0.28066086769104004, 0.28873133659362793, 0.3839111328125, 0.4000973701477051, 0.39626240730285645, 0.39477038383483887, 0.4038267135620117, 0.38224005699157715, 0.28432345390319824, 0.28745412826538086, 0.27802515029907227, 0.4051249027252197, 0.38951539993286133], [0.01740741729736328, 0.02666473388671875, 0.011905670166015625, 0.009908676147460938, 0.011522054672241211, 0.01458287239074707, 0.008467674255371094, 0.009497880935668945, 0.013341665267944336, 0.013353586196899414, 0.00968480110168457, 0.010952949523925781, 0.016012907028198242, 0.006021261215209961, 0.009613990783691406, 0.00713658332824707, 0.008824586868286133, 0.0064122676849365234, 0.009841442108154297, 0.005841970443725586, 0.007843732833862305, 0.012419462203979492, 0.011348247528076172, 0.010889053344726562, 0.008829832077026367, 0.00967550277709961, 0.007997751235961914, 0.007765293121337891, 0.007431507110595703, 0.0061838626861572266, 0.012006521224975586, 0.009247064590454102], [0.010858774185180664, 0.016683578491210938, 0.012917280197143555, 