{"shuffle_centroids_times": [0.17953944206237793], "map_iterdata_times": [0.412294864654541], "create_map_data": [0.6512236595153809], "map_queries_times": [[[13.240815877914429, 0.2317523956298828, [0.2294154167175293, 0.22562575340270996, 0.1795027256011963, 0.18134737014770508, 0.26930832862854004, 0.23519062995910645, 0.3196702003479004, 0.41138434410095215, 0.41804027557373047, 0.2998974323272705, 0.19980621337890625, 0.5429184436798096, 0.4254946708679199, 0.6316037178039551, 0.6652605533599854, 0.3006277084350586, 0.4133427143096924, 0.21820950508117676, 0.30213427543640137, 0.579258918762207, 0.40499162673950195, 0.519519567489624, 0.2173786163330078, 0.5362050533294678, 0.627647876739502, 0.4085836410522461, 0.3021512031555176, 0.5156958103179932, 0.2900102138519287, 0.6280498504638672, 0.3093686103820801, 0.4075789451599121], [0.021183490753173828, 0.02568221092224121, 0.010559797286987305, 0.009830236434936523, 0.0142059326171875, 0.008797407150268555, 0.00845956802368164, 0.008476495742797852, 0.009319782257080078, 0.0067598819732666016, 0.005891561508178711, 0.010979890823364258, 0.009935617446899414, 0.011492490768432617, 0.01653122901916504, 0.0073223114013671875, 0.008513927459716797, 0.004894256591796875, 0.007071971893310547, 0.0120697021484375, 0.007675647735595703, 0.010651350021362305, 0.006265163421630859, 0.011098146438598633, 0.011206865310668945, 0.008440971374511719, 0.007689237594604492, 0.009549140930175781, 0.0065495967864990234, 0.011789798736572266, 0.007578134536743164, 0.007946968078613281], [0.008352518081665039, 0.009647607803344727, 0.006208658218383789, 0.01395416259765625, 0.007009744644165039, 0.00769805908203125, 0.014395475387573242, 0.008375406265258789, 0.01166224479675293, 0.014898061752319336, 0.008500814437866211, 0.018044233322143555, 0.012644052505493164, 0.01826953887939453, 0.006665229797363281, 0.010491609573364258, 0.012917041778564453, 0.0034835338592529297, 0.01698160171508789, 0.025105714797973633, 0.0173187255859375, 0.020922183990478516, 0.006218671798706055, 0.006124258041381836, 0.01172018051147461, 0.009252786636352539, 0.011355161666870117, 0.01934337615966797, 0.011781930923461914, 0.019719600677490234, 0.01527261734008789, 0.011058807373046875], 0.07365107536315918], [12.458231449127197, 0.16090965270996094, [0.13428592681884766, 0.11682534217834473, 0.10977625846862793, 0.12965154647827148, 0.15281128883361816, 0.1474463939666748, 0.174407958984375, 0.18753528594970703, 0.1430964469909668, 0.1284189224243164, 0.4087066650390625, 0.8538410663604736, 0.3010077476501465, 0.6201977729797363, 0.40051865577697754, 0.30307888984680176, 0.41312623023986816, 0.42021846771240234, 0.29897189140319824, 0.2849996089935303, 0.41395092010498047, 0.4228029251098633, 0.30202174186706543, 0.6062901020050049, 0.5244450569152832, 0.5166342258453369, 0.4069075584411621, 0.5070221424102783, 0.5176684856414795, 0.6110913753509521, 0.4199657440185547, 0.6268916130065918], [0.009031295776367188, 0.011935949325561523, 0.004240274429321289, 0.007790327072143555, 0.013062000274658203, 0.009363651275634766, 0.011202335357666016, 0.011601686477661133, 0.008208274841308594, 0.008552312850952148, 0.01033163070678711, 0.02365875244140625, 0.008767843246459961, 0.013128042221069336, 0.009339094161987305, 0.008569478988647461, 0.009617090225219727, 0.01043391227722168, 0.007441282272338867, 0.006917715072631836, 0.008365869522094727, 0.009791135787963867, 0.008803367614746094, 0.012131690979003906, 0.012571096420288086, 0.011321067810058594, 0.009155988693237305, 0.010741710662841797, 0.011786937713623047, 0.012077569961547852, 0.010323762893676758, 0.013005971908569336], [0.007300376892089844, 0.00948476791381836, 0.0020377635955810547, 0.0067272186279296875, 0.012995243072509766, 0.005126953125, 0.0100860595703125, 0.01038980484008789, 0.006950855255126953, 0.013655424118041992, 0.010229349136352539, 0.010476112365722656, 0.00729823112487793, 0.007983207702636719, 0.007913351058959961, 0.010268449783325195, 0.009872198104858398, 0.010834693908691406, 0.0059070587158203125, 0.00606846809387207, 0.017579078674316406, 0.009989261627197266, 0.007844924926757812, 0.009470224380493164, 0.008172750473022461, 0.015054941177368164, 0.009024858474731445, 0.005973100662231445, 0.01481938362121582, 0.018376588821411133, 0.012894392013549805, 0.007808685302734375], 0.05043315887451172], [11.104947566986084, 0.16318011283874512, [0.13195371627807617, 0.15639042854309082, 0.1697678565979004, 0.1368391513824463, 0.1612555980682373, 0.23048043251037598, 0.17301321029663086, 0.11797738075256348, 0.3094940185546875, 0.6887152194976807, 0.3256502151489258, 0.42269420623779297, 0.3064899444580078, 0.4146904945373535, 0.42630934715270996, 0.525179386138916, 0.20469331741333008, 0.4061903953552246, 0.314708948135376, 0.4216933250427246, 0.5354800224304199, 0.20708560943603516, 0.4193425178527832, 0.35954856872558594, 0.4135303497314453, 0.19998860359191895, 0.30001163482666016, 0.40432000160217285, 0.5221056938171387, 0.2085118293762207, 0.4044456481933594, 0.2962985038757324], [0.007997751235961914, 0.012891054153442383, 0.014475345611572266, 0.009773015975952148, 0.009157657623291016, 0.018831968307495117, 0.009832143783569336, 0.006561756134033203, 0.0068378448486328125, 0.014695882797241211, 0.006933689117431641, 0.008728265762329102, 0.00691986083984375, 0.00958108901977539, 0.010411500930786133, 0.010414361953735352, 0.006103992462158203, 0.008089780807495117, 0.0085601806640625, 0.00959014892578125, 0.010963201522827148, 0.005792379379272461, 0.008832693099975586, 0.008248567581176758, 0.008518695831298828, 0.006403923034667969, 0.006684541702270508, 0.007585048675537109, 0.011455059051513672, 0.006601095199584961, 0.007904052734375, 0.0067713260650634766], [0.005864143371582031, 0.006003856658935547, 0.0144500732421875, 0.012818336486816406, 0.007899999618530273, 0.011308431625366211, 0.012178897857666016, 0.004757404327392578, 0.004858255386352539, 0.024498939514160156, 0.006678342819213867, 0.011682748794555664, 0.012037038803100586, 0.012212753295898438, 0.009899616241455078, 0.016672134399414062, 0.006428956985473633, 0.007611274719238281, 0.011359453201293945, 0.005583286285400391, 0.006248950958251953, 0.003358602523803711, 0.003668546676635742, 0.00420832633972168, 0.013979196548461914, 0.010797739028930664, 0.0033872127532958984, 0.0056803226470947266, 0.006694316864013672, 0.004821300506591797, 0.009550333023071289, 0.005769968032836914], 0.05141258239746094], [11.287911891937256, 0.12661051750183105, [0.19466400146484375, 0.24150490760803223, 0.1724398136138916, 0.11555671691894531, 0.196946382522583, 0.15706992149353027, 0.13719868659973145, 0.24974751472473145, 0.5356333255767822, 0.5095834732055664, 0.4031710624694824, 0.5104060173034668, 0.6414721012115479, 0.20004558563232422, 0.42130112648010254, 0.30133652687072754, 0.44765806198120117, 0.20665359497070312, 0.5152735710144043, 0.20853638648986816, 0.2978203296661377, 0.3013577461242676, 0.4087347984313965, 0.42131829261779785, 0.3976736068725586, 0.40763020515441895, 0.404404878616333, 0.2979440689086914, 0.2992134094238281, 0.20972323417663574, 0.4075891971588135, 0.38832831382751465], [0.019089460372924805, 0.028522253036499023, 0.009952306747436523, 0.0055522918701171875, 0.010427236557006836, 0.009519338607788086, 0.007189035415649414, 0.008929967880249023, 0.012447834014892578, 0.01111149787902832, 0.009594440460205078, 0.010085105895996094, 0.01488637924194336, 0.0055005550384521484, 0.009596824645996094, 0.007057666778564453, 0.008951425552368164, 0.006436347961425781, 0.009785652160644531, 0.005984306335449219, 0.006984233856201172, 0.008103609085083008, 0.008878946304321289, 0.009423017501831055, 0.00903010368347168, 0.009406566619873047, 0.008022785186767578, 0.006495475769042969, 0.006299257278442383, 0.006098747253417969, 0.009666919708251953, 0.007496833801269531], [0.012939214706420898, 0.017463207244873047, 0.013018608093261719, 0.003505229949951172, 