{"load_dataset_centroids": 0, "global_index_centroids": 0, "distribute_vectors_centroids": [118.35279893875122, 171.02640295028687, 158.99729442596436, 122.92067885398865, 118.61100554466248, 119.81364560127258, 121.1756329536438, 168.56610488891602, 171.5720615386963, 128.86631274223328, 121.65907192230225, 172.8554403781891, 124.4951479434967, 119.74480175971985, 125.37166690826416, 166.5742495059967], "distribute_vectors_invocation_centroids": [2.1503357887268066, 2.4710021018981934, 2.3471930027008057, 2.2095675468444824, 2.1178367137908936, 2.086183786392212, 2.081782102584839, 2.7149786949157715, 2.460216760635376, 3.8242924213409424, 2.254121780395508, 2.4460201263427734, 2.6583149433135986, 2.2379441261291504, 2.6746749877929688, 2.4128496646881104], "total_generated_vectors": 16219385, "generated_vectors": [738823, 670583, 646842, 436047, 494064, 597120, 595687, 386860, 523001, 821334, 628612, 442584, 553051, 287737, 427756, 514683, 342298, 534736, 513603, 538066, 364162, 491186, 358285, 387878, 355955, 541218, 804330, 492284, 568026, 482287, 471975, 208312], "avg_generated_vectors": 506855.78125, "std_dev_generated_vectors": 139522.47354776252, "generate_index_centroids": [84.89375829696655, 75.07028007507324, 77.91410732269287, 97.90378403663635, 80.37387323379517, 86.66461515426636, 70.035147190094, 104.13179922103882, 69.52087020874023, 96.75806879997253, 53.32886075973511, 80.70167684555054, 103.91941833496094, 109.81951665878296, 74.9279248714447, 62.87185859680176], "generate_index_invocation_centroids": [0.973907470703125, 0.9386711120605469, 0.999988317489624, 1.0099380016326904, 1.0112724304199219, 0.9006774425506592, 0.904332160949707, 0.9902637004852295, 0.9372310638427734, 1.0050973892211914, 0.9137716293334961, 0.9485666751861572, 0.9351465702056885, 0.9664602279663086, 0.8730621337890625, 0.9171912670135498], "total_indexing_centroids": 289.5319895744324, "shuffle_centroids_times": [], "map_iterdata_times": [], "create_map_data": [], "map_queries_times": [], "map_execution": [], "map_invoke": [], "create_reduce_data": [], "reduce_iterdata_times": [], "reduce_queries_times": [], "reduce_execution_times": [], "reduce_invoke": [], "divide_reduce_times": [], "total_querying_times": [], "recalls": [], "distribute_vectors_centroids_mean": 139.41264480352402, "generate_index_centroids_mean": 83.05222247540951, "params": {"dataset": "deep", "features": 96, "k_search": 10, "num_index": 32, "replication_threshold": 1.05, "num_centroids_search": 1, "k": 512, "kmeans_version": "unbalanced", "n_probe": 32, "query_batch_size": 8, "implementation": "centroids", "indexing_memory": 10240, "search_map_memory": 8192, "search_reduce_memory": 2048}}