{"load_dataset_centroids": 0, "global_index_centroids": 0, "distribute_vectors_centroids": [157.38069248199463, 110.52581214904785, 153.4673080444336, 113.1443235874176, 157.33489179611206, 111.30708932876587, 111.75214767456055, 111.6260199546814, 161.19173979759216, 154.12551617622375, 112.0042073726654, 159.8434135913849, 111.32257628440857, 110.71680736541748, 117.18140411376953, 113.92827796936035], "distribute_vectors_invocation_centroids": [1.1655607223510742, 1.0706822872161865, 1.1408288478851318, 1.0741009712219238, 1.160827875137329, 1.0589449405670166, 1.0762171745300293, 1.1784920692443848, 1.202570915222168, 1.1652953624725342, 1.1188819408416748, 1.2002756595611572, 1.0282623767852783, 1.0270001888275146, 1.0772976875305176, 1.0518503189086914], "total_generated_vectors": 16219385, "generated_vectors": [738823, 670583, 646842, 436047, 494064, 597120, 595687, 386860, 523001, 821334, 628612, 442584, 553051, 287737, 427756, 514683, 342298, 534736, 513603, 538066, 364162, 491186, 358285, 387878, 355955, 541218, 804330, 492284, 568026, 482287, 471975, 208312], "avg_generated_vectors": 506855.78125, "std_dev_generated_vectors": 139522.47354776252, "generate_index_centroids": [85.99247574806213, 72.78549075126648, 62.994258880615234, 78.54054045677185, 80.823162317276, 85.92130446434021, 67.34122157096863, 100.71578812599182, 70.02222728729248, 102.95812582969666, 73.09271740913391, 82.95806932449341, 103.39262962341309, 104.65206575393677, 97.78645443916321, 61.857043504714966], "generate_index_invocation_centroids": [1.0757534503936768, 0.956413745880127, 0.9720127582550049, 0.9326968193054199, 1.072204351425171, 0.9237465858459473, 0.9096100330352783, 1.0796551704406738, 0.9442658424377441, 1.0720586776733398, 1.0323140621185303, 1.0305089950561523, 0.9411063194274902, 1.0850563049316406, 1.047081470489502, 0.9206535816192627], "total_indexing_centroids": 273.5952069759369, "shuffle_centroids_times": [], "map_iterdata_times": [], "create_map_data": [], "map_queries_times": [], "map_execution": [], "map_invoke": [], "create_reduce_data": [], "reduce_iterdata_times": [], "reduce_queries_times": [], "reduce_execution_times": [], "reduce_invoke": [], "divide_reduce_times": [], "total_querying_times": [], "recalls": [], "distribute_vectors_centroids_mean": 129.17826423048973, "generate_index_centroids_mean": 83.23959846794605, "params": {"dataset": "deep", "features": 96, "k_search": 10, "num_index": 32, "replication_threshold": 1.05, "num_centroids_search": 1, "k": 512, "kmeans_version": "unbalanced", "n_probe": 32, "query_batch_size": 8, "implementation": "centroids", "indexing_memory": 10240, "search_map_memory": 8192, "search_reduce_memory": 2048}}