{"load_dataset_centroids": 0, "global_index_centroids": 0, "distribute_vectors_centroids": [183.0117166042328, 190.16217398643494, 184.80633401870728, 186.50418829917908, 189.23470520973206, 187.33150339126587, 188.5225167274475, 181.8099296092987, 160.4875602722168, 186.09861755371094, 184.8316993713379, 182.200674533844, 186.8805251121521, 182.36122608184814, 184.7402105331421, 163.38186192512512], "distribute_vectors_invocation_centroids": [1.2472758293151855, 1.2415447235107422, 1.334343671798706, 1.1977972984313965, 1.205984115600586, 1.2429301738739014, 1.2500360012054443, 1.2109792232513428, 1.198451280593872, 1.2037911415100098, 1.1943378448486328, 1.2211048603057861, 1.2448041439056396, 1.1720983982086182, 1.1878023147583008, 1.1524841785430908], "total_generated_vectors": 17988391, "generated_vectors": [142744, 122192, 127865, 190893, 98512, 180846, 155854, 98754, 148335, 159678, 229148, 168929, 201786, 189324, 139051, 217605, 163328, 118976, 164701, 150279, 262949, 114267, 166402, 163863, 37004, 95040, 159422, 131404, 171052, 147585, 201232, 172531, 102441, 67782, 122673, 103766, 149057, 199149, 125646, 115613, 178992, 117098, 182967, 154124, 172714, 172801, 124925, 129479, 96074, 227041, 142687, 157915, 161029, 153570, 148254, 130298, 169834, 131176, 168961, 91966, 142115, 209041, 86541, 183930, 170339, 156114, 101644, 128058, 180514, 175999, 147100, 59471, 139312, 88704, 115758, 134865, 136164, 101804, 110681, 182380, 148358, 143339, 85418, 68940, 253127, 166551, 97940, 89730, 201314, 75483, 161066, 96669, 179676, 147208, 167447, 115032, 174464, 108260, 199154, 97475, 92695, 114855, 113267, 172237, 226125, 163639, 139646, 111789, 79902, 173082, 59539, 100088, 67910, 97585, 115102, 159130, 128475, 198031, 67710, 130841, 136361, 77154, 96761, 137546, 139031, 105369, 175847, 91906], "avg_generated_vectors": 140534.3046875, "std_dev_generated_vectors": 42641.82152517848, "generate_index_centroids": [120.75580286979675, 137.31565594673157, 115.66439867019653, 106.71073579788208, 95.09467840194702, 123.54453372955322, 104.89739441871643, 122.25210976600647, 106.33484673500061, 123.27007246017456, 127.65520143508911, 130.4647843837738, 112.56790709495544, 104.93006563186646, 97.02567434310913, 104.57526206970215], "generate_index_invocation_centroids": [0.9551956653594971, 1.0519349575042725, 1.0636801719665527, 1.049638271331787, 1.0623273849487305, 1.0962965488433838, 1.0332849025726318, 1.0747456550598145, 1.082629680633545, 1.0737636089324951, 1.064375638961792, 1.0441787242889404, 1.1022295951843262, 1.0250229835510254, 0.9642255306243896, 1.0818331241607666], "total_indexing_centroids": 334.6682825088501, "shuffle_centroids_times": [], "map_iterdata_times": [], "create_map_data": [], "map_queries_times": [], "map_execution": [], "map_invoke": [], "create_reduce_data": [], "reduce_iterdata_times": [], "reduce_queries_times": [], "reduce_execution_times": [], "reduce_invoke": [], "divide_reduce_times": [], "total_querying_times": [], "recalls": [], "distribute_vectors_centroids_mean": 182.6478402018547, "generate_index_centroids_mean": 114.56619523465633, "params": {"dataset": "deep", "features": 96, "k_search": 10, "num_index": 128, "replication_threshold": 1.05, "num_centroids_search": 1, "k": 512, "kmeans_version": "unbalanced", "n_probe": 32, "query_batch_size": 32, "implementation": "centroids", "indexing_memory": 10240, "search_map_memory": 8192, "search_reduce_memory": 2048}}