{"load_dataset_centroids": 0, "global_index_centroids": 0, "distribute_vectors_centroids": [114.21833109855652, 114.20048594474792, 113.0247974395752, 112.62557125091553, 113.27898263931274, 156.79518699645996, 113.28258347511292, 161.57371401786804, 113.30839943885803, 162.3494734764099, 112.96775841712952, 111.21835279464722, 159.94216918945312, 158.46755695343018, 159.94612073898315, 112.08867168426514], "distribute_vectors_invocation_centroids": [1.0663378238677979, 1.1156675815582275, 1.0860769748687744, 1.1181378364562988, 1.1066899299621582, 1.117189884185791, 1.114630937576294, 1.158663034439087, 1.1228952407836914, 1.226391315460205, 1.0601108074188232, 1.1392619609832764, 1.2525875568389893, 1.1956827640533447, 1.2120075225830078, 1.033475637435913], "total_generated_vectors": 16219385, "generated_vectors": [738823, 670583, 646842, 436047, 494064, 597120, 595687, 386860, 523001, 821334, 628612, 442584, 553051, 287737, 427756, 514683, 342298, 534736, 513603, 538066, 364162, 491186, 358285, 387878, 355955, 541218, 804330, 492284, 568026, 482287, 471975, 208312], "avg_generated_vectors": 506855.78125, "std_dev_generated_vectors": 139522.47354776252, "generate_index_centroids": [84.15928053855896, 98.98186087608337, 76.22837495803833, 93.39732003211975, 70.75803136825562, 102.1043016910553, 90.31725001335144, 80.82578349113464, 69.41653442382812, 82.7205536365509, 62.2020947933197, 67.31025385856628, 102.78213906288147, 86.12042999267578, 89.5474283695221, 66.56270551681519], "generate_index_invocation_centroids": [0.9961884021759033, 0.9435455799102783, 0.9656522274017334, 0.9792993068695068, 0.9320354461669922, 0.9795315265655518, 0.977780818939209, 0.8759579658508301, 0.8818180561065674, 0.863288402557373, 1.0002095699310303, 0.9010293483734131, 0.889232873916626, 0.8872194290161133, 1.0104327201843262, 0.8584518432617188], "total_indexing_centroids": 270.5758934020996, "shuffle_centroids_times": [], "map_iterdata_times": [], "create_map_data": [], "map_queries_times": [], "map_execution": [], "map_invoke": [], "create_reduce_data": [], "reduce_iterdata_times": [], "reduce_queries_times": [], "reduce_execution_times": [], "reduce_invoke": [], "divide_reduce_times": [], "total_querying_times": [], "recalls": [], "distribute_vectors_centroids_mean": 130.58050972223282, "generate_index_centroids_mean": 82.71464641392231, "params": {"dataset": "deep", "features": 96, "k_search": 10, "num_index": 32, "replication_threshold": 1.05, "num_centroids_search": 1, "k": 512, "kmeans_version": "unbalanced", "n_probe": 32, "query_batch_size": 8, "implementation": "centroids", "indexing_memory": 10240, "search_map_memory": 8192, "search_reduce_memory": 2048}}