{"load_dataset_centroids": 0, "global_index_centroids": 0, "distribute_vectors_centroids": [108.19117498397827, 158.10340666770935, 108.26280522346497, 108.10728526115417, 156.02120876312256, 154.57368397712708, 111.8885543346405, 151.36362075805664, 155.3167164325714, 106.04789352416992, 108.74563932418823, 109.036048412323, 107.47200989723206, 107.24310541152954, 107.86686992645264, 157.32064509391785], "distribute_vectors_invocation_centroids": [1.0923986434936523, 1.222795009613037, 1.0893094539642334, 1.0342485904693604, 1.155085563659668, 1.2204806804656982, 1.0882492065429688, 1.1715672016143799, 1.218787670135498, 1.1158530712127686, 1.1783080101013184, 1.0850236415863037, 1.1296772956848145, 1.0737645626068115, 1.0617201328277588, 1.2072601318359375], "total_generated_vectors": 16219385, "generated_vectors": [738823, 670583, 646842, 436047, 494064, 597120, 595687, 386860, 523001, 821334, 628612, 442584, 553051, 287737, 427756, 514683, 342298, 534736, 513603, 538066, 364162, 491186, 358285, 387878, 355955, 541218, 804330, 492284, 568026, 482287, 471975, 208312], "avg_generated_vectors": 506855.78125, "std_dev_generated_vectors": 139522.47354776252, "generate_index_centroids": [85.81641674041748, 72.40459370613098, 78.29059481620789, 95.613121509552, 66.08464932441711, 102.83814930915833, 83.68470215797424, 100.27872061729431, 68.6324872970581, 78.95589971542358, 51.28782105445862, 68.68626236915588, 131.3366186618805, 85.39021420478821, 96.62218880653381, 61.28758382797241], "generate_index_invocation_centroids": [1.059830665588379, 0.9401519298553467, 1.0669007301330566, 1.0698013305664062, 0.984093427658081, 1.0966401100158691, 1.0870752334594727, 1.0930922031402588, 0.9286062717437744, 0.9320311546325684, 0.9746642112731934, 0.9551634788513184, 1.0866844654083252, 0.9500546455383301, 1.0344643592834473, 0.9693069458007812], "total_indexing_centroids": 296.554354429245, "shuffle_centroids_times": [], "map_iterdata_times": [], "create_map_data": [], "map_queries_times": [], "map_execution": [], "map_invoke": [], "create_reduce_data": [], "reduce_iterdata_times": [], "reduce_queries_times": [], "reduce_execution_times": [], "reduce_invoke": [], "divide_reduce_times": [], "total_querying_times": [], "recalls": [], "distribute_vectors_centroids_mean": 125.97254174947739, "generate_index_centroids_mean": 82.95062650740147, "params": {"dataset": "deep", "features": 96, "k_search": 10, "num_index": 32, "replication_threshold": 1.05, "num_centroids_search": 1, "k": 512, "kmeans_version": "unbalanced", "n_probe": 32, "query_batch_size": 8, "implementation": "centroids", "indexing_memory": 10240, "search_map_memory": 8192, "search_reduce_memory": 2048}}