{"shuffle_centroids_times": [[]], "map_iterdata_times": [[]], "create_map_data": [0.08523750305175781], "map_queries_times": [[[11.20655369758606, 0.041724205017089844, [0.3531210422515869, 0.3590822219848633, 0.4111933708190918, 0.3376314640045166, 0.38854002952575684, 0.9736146926879883, 0.48706841468811035, 0.7726318836212158, 0.6790792942047119, 0.7839393615722656, 0.6791403293609619, 0.7708215713500977, 0.7582063674926758, 0.6757545471191406, 0.7852170467376709, 0.6791441440582275], [0.04680132865905762, 0.04634499549865723, 0.028154611587524414, 0.04571080207824707, 0.02481842041015625, 0.025579452514648438, 0.02503490447998047, 0.025353193283081055, 0.024980545043945312, 0.025617599487304688, 0.025330781936645508, 0.02542877197265625, 0.0247499942779541, 0.02541065216064453, 0.024820804595947266, 0.025574445724487305], [0.04841780662536621, 0.04385972023010254, 0.04443693161010742, 0.046126604080200195, 0.0506749153137207, 0.04293680191040039, 0.046311378479003906, 0.04580259323120117, 0.04846525192260742, 0.048056840896606445, 0.04233694076538086, 0.04435586929321289, 0.04661083221435547, 0.04627394676208496, 0.0469813346862793, 0.0474698543548584], 0.06164360046386719], [11.328015804290771, 0.03928375244140625, [0.38669919967651367, 0.3602120876312256, 0.4415397644042969, 0.3742845058441162, 0.33632636070251465, 0.8390264511108398, 0.5969679355621338, 0.8013989925384521, 0.6916046142578125, 0.8016858100891113, 0.6855204105377197, 0.795865535736084, 0.6825554370880127, 0.7690682411193848, 0.6819624900817871, 0.7909572124481201], [0.046578407287597656, 0.04573512077331543, 0.028276920318603516, 0.046485185623168945, 0.025136232376098633, 0.025082826614379883, 0.024927139282226562, 0.025844573974609375, 0.02502894401550293, 0.02508831024169922, 0.024629592895507812, 0.025740623474121094, 0.0254824161529541, 0.025560855865478516, 0.024739503860473633, 0.02545166015625], [0.046584367752075195, 0.04281139373779297, 0.04183769226074219, 0.04513883590698242, 0.04477691650390625, 0.04669666290283203, 0.046044349670410156, 0.04383683204650879, 0.0468602180480957, 0.041806936264038086, 0.04394197463989258, 0.05024409294128418, 0.045003414154052734, 0.04638552665710449, 0.04454660415649414, 0.045591115951538086], 0.06098604202270508], [11.286864519119263, 0.03718447685241699, [0.32935214042663574, 0.3101963996887207, 0.36362314224243164, 0.3017110824584961, 0.5744690895080566, 0.7002856731414795, 0.7850263118743896, 0.7245392799377441, 0.7827117443084717, 0.6882057189941406, 0.775007963180542, 0.7815048694610596, 0.6786386966705322, 0.7799007892608643, 0.679663896560669, 0.7896919250488281], [0.043057918548583984, 0.042395830154418945, 0.02715468406677246, 0.04227924346923828, 0.02411937713623047, 0.024261474609375, 0.02394843101501465, 0.024437427520751953, 0.023870468139648438, 0.024122238159179688, 0.02393364906311035, 0.024182796478271484, 0.024384737014770508, 0.024531126022338867, 0.023849010467529297, 0.02448892593383789], [0.04703521728515625, 0.04470968246459961, 0.04298686981201172, 0.04379415512084961, 0.0431056022644043, 0.05017542839050293, 0.038752079010009766, 0.045107126235961914, 0.040720462799072266, 0.04336357116699219, 0.041716814041137695, 0.04432368278503418, 0.045806884765625, 0.04275083541870117, 0.04352235794067383, 0.048547983169555664], 0.05354928970336914], [11.21260929107666, 0.03783822059631348, [0.30860447883605957, 0.2792830467224121, 0.3412055969238281, 0.2752833366394043, 0.7349536418914795, 0.749708890914917, 0.6501173973083496, 0.7638959884643555, 0.7533392906188965, 0.756582498550415, 0.7561097145080566, 0.7520997524261475, 0.7635664939880371, 0.7466208934783936, 0.6650097370147705, 0.7691080570220947], [0.034539222717285156, 0.033293962478637695, 0.01972055435180664, 0.032834768295288086, 0.016942262649536133, 0.01745438575744629, 0.01651287078857422, 0.01681804656982422, 0.017000436782836914, 0.016674518585205078, 0.01682257652282715, 0.016596078872680664, 0.016495943069458008, 0.01734137535095215, 0.016870737075805664, 0.016881704330444336], [0.05922722816467285, 0.04772233963012695, 0.045920610427856445, 0.03989815711975098, 0.04790449142456055, 0.0460202693939209, 0.03806877136230469, 0.04713320732116699, 0.044104576110839844, 0.05155801773071289, 0.04356193542480469, 0.03983449935913086, 0.04161500930786133, 0.046404361724853516, 0.0479586124420166, 0.04729866981506348], 0.052092552185058594]]], "map_execution": [15.249300003051758], "map_invoke": [[0.556157112121582, 0.5667974948883057, 0.5358192920684814, 0.483123779296875]], "create_reduce_data": [0.17081379890441895], "reduce_iterdata_times": [0.16958117485046387], "reduce_queries_times": [[0.1348879337310791]], "reduce_execution_times": [3.0878806114196777], "reduce_invoke": [[0.5403079986572266]], "divide_reduce_times": [3.4332275390625e-05], "total_querying_times": [18.59326696395874],