{"shuffle_centroids_times": [[]], "map_iterdata_times": [[]], "create_map_data": [0.09660935401916504], "map_queries_times": [[[11.26327109336853, 0.04302215576171875, [0.21381902694702148, 0.19237732887268066, 0.19046306610107422, 0.20289158821105957, 0.19658303260803223, 0.18354082107543945, 0.18727922439575195, 0.19926142692565918, 0.22374200820922852, 0.20940232276916504, 0.2452991008758545, 0.348236083984375, 0.3291492462158203, 0.42046213150024414, 0.33661556243896484, 0.4151320457458496, 0.3289835453033447, 0.3357672691345215, 0.34747743606567383, 0.430117130279541, 0.33387207984924316, 0.33053088188171387, 0.4250023365020752, 0.32923126220703125, 0.3365468978881836, 0.3539252281188965, 0.42056965827941895, 0.33226680755615234, 0.34282541275024414, 0.42694735527038574, 0.3380739688873291, 0.33580780029296875], [0.024702072143554688, 0.023651838302612305, 0.01301884651184082, 0.013396978378295898, 0.013396501541137695, 0.013475894927978516, 0.013568401336669922, 0.013241052627563477, 0.013689517974853516, 0.013521432876586914, 0.013596296310424805, 0.013389825820922852, 0.01343083381652832, 0.013849258422851562, 0.013522624969482422, 0.013444900512695312, 0.01335763931274414, 0.013282537460327148, 0.013734579086303711, 0.013638019561767578, 0.013505935668945312, 0.013423442840576172, 0.013508796691894531, 0.013604879379272461, 0.014026403427124023, 0.013596534729003906, 0.013688802719116211, 0.013678789138793945, 0.013596057891845703, 0.013661861419677734, 0.013628721237182617, 0.013749361038208008], [0.02733159065246582, 0.02196192741394043, 0.021996259689331055, 0.024103879928588867, 0.0230100154876709, 0.022564172744750977, 0.026582002639770508, 0.02255558967590332, 0.025666475296020508, 0.026192188262939453, 0.021179676055908203, 0.026433944702148438, 0.026349782943725586, 0.02116680145263672, 0.021715164184570312, 0.026472091674804688, 0.027082443237304688, 0.02712225914001465, 0.022416353225708008, 0.025224924087524414, 0.027146100997924805, 0.025803565979003906, 0.02517557144165039, 0.0251619815826416, 0.025587081909179688, 0.027141332626342773, 0.028760910034179688, 0.019434690475463867, 0.023077011108398438, 0.027510404586791992, 0.025676250457763672, 0.025583982467651367], 0.1299610137939453], [11.297201871871948, 0.04532885551452637, [0.19197344779968262, 0.18326520919799805, 0.17112946510314941, 0.1873328685760498, 0.17853522300720215, 0.18112921714782715, 0.17271757125854492, 0.17330694198608398, 0.2108924388885498, 0.24565339088439941, 0.46622562408447266, 0.2527806758880615, 0.384340763092041, 0.34386372566223145, 0.4333000183105469, 0.33330297470092773, 0.3378026485443115, 0.4316976070404053, 0.34810543060302734, 0.3310401439666748, 0.43584203720092773, 0.3451251983642578, 0.3410661220550537, 0.33962035179138184, 0.44185876846313477, 0.33283019065856934, 0.4290153980255127, 0.3260478973388672, 0.34449005126953125, 0.4435892105102539, 0.33294057846069336, 0.329587459564209], [0.022040843963623047, 0.021919965744018555, 0.012499332427978516, 0.012815475463867188, 0.012140035629272461, 0.012729883193969727, 0.012763738632202148, 0.012663602828979492, 0.012650012969970703, 0.012982606887817383, 0.012843847274780273, 0.012848615646362305, 0.013045072555541992, 0.012787103652954102, 0.012902259826660156, 0.013016700744628906, 0.012840032577514648, 0.012679338455200195, 0.012868404388427734, 0.012648582458496094, 0.01278996467590332, 0.012722253799438477, 0.012215614318847656, 0.012891292572021484, 0.012909650802612305, 0.012813329696655273, 0.012614727020263672, 0.012726783752441406, 0.012939453125, 0.012636661529541016, 0.01262521743774414, 0.012908697128295898], [0.02267003059387207, 0.02358412742614746, 0.020205974578857422, 0.02268528938293457, 0.02420973777770996, 0.023113727569580078, 0.01990342140197754, 0.02558755874633789, 0.02357649803161621, 0.021628379821777344, 0.018367290496826172, 0.022856950759887695, 0.024117469787597656, 0.02385711669921875, 0.024977684020996094, 0.01914834976196289, 0.02031421661376953, 0.022603273391723633, 0.022098064422607422, 0.021570682525634766, 0.024111032485961914, 0.021979093551635742, 0.022601842880249023, 0.022311925888061523, 0.01888298988342285, 0.024097442626953125, 0.01933741569519043, 0.025080204010009766, 0.021630287170410156, 0.02208852767944336, 0.01984691619873047, 0.0232696533203125], 0.11238646507263184], [11.379124402999878, 0.04077959060668945, [0.21782207489013672, 0.19629549980163574, 0.1970372200012207, 0.20302319526672363, 0.19713044166564941, 0.2011857032775879, 0.24013066291809082, 0.2096691131591797, 0.21837615966796875, 0.20096158981323242, 0.17791485786437988, 0.35666990280151367, 0.33719348907470703, 0.3453032970428467, 0.44144511222839355, 0.3385627269744873, 0.34986090660095215, 0.3469228744506836, 0.4351327419281006, 0.3433349132537842, 0.34197139739990234, 0.35274720191955566, 0.35410451889038086, 0.4347100257873535, 0.342954158782959, 0.34360718727111816, 0.42921924591064453, 0.3442721366882324, 0.29178285598754883, 0.33808112144470215, 0.4250211715698242, 0.3339095115661621], [0.02394723892211914, 0.023491382598876953, 0.01287078857421875, 0.013417959213256836, 0.01317739486694336, 0.013303995132446289, 0.01326441764831543, 0.013378620147705078, 0.012902975082397461, 0.012914657592773438, 0.012480974197387695, 0.013250112533569336, 0.01523590087890625, 0.01322627067565918, 0.013695478439331055, 0.013310432434082031, 0.013400077819824219, 0.013547420501708984, 0.013148069381713867, 0.013428926467895508, 0.01345682144165039, 0.013636589050292969, 0.013502120971679688, 0.013681650161743164, 0.013470888137817383, 0.013649940490722656, 0.013336896896362305, 0.013841867446899414, 0.013498783111572266, 0.013518333435058594, 0.01322317123413086, 0.013498306274414062], [0.027756929397583008, 0.02559494972229004, 0.0232391357421875, 0.025130510330200195, 0.02113175392150879, 0.026050090789794922, 0.027017593383789062, 0.025210142135620117, 0.019661426544189453, 0.022875070571899414, 0.01934957504272461, 0.024313688278198242, 0.025252103805541992, 0.024777650833129883, 0.02069997787475586, 0.024305343627929688, 0.024035930633544922, 0.025628328323364258, 0.026274442672729492, 0.02444624900817871, 0.027037620544433594, 0.028479576110839844, 0.025151968002319336, 0.02730846405029297, 0.026651620864868164, 0.02645564079284668, 0.026431798934936523, 0.10241198539733887, 0.02637648582458496, 0.024800777435302734, 0.025884151458740234, 0.024647235870361328], 0.12758898735046387], [11.620197772979736, 0.03917527198791504, [0.2105395793914795, 0.18380093574523926, 0.17473816871643066, 0.19495558738708496, 0.18674898147583008, 0.18480968475341797, 0.18426871299743652, 0.17475152015686035, 0.28206515312194824, 0.4678328037261963, 0.18364930152893066, 0.4269897937774658, 0.33469581604003906, 0.3565037250518799, 0.4550912380218506, 0.34130859375, 0.43712735176086426, 0.34573960304260254, 0.4387550354003906, 0.3422691822052002, 0.45142054557800293, 0.3408174514770508, 0.435927152633667, 0.3296630382537842, 0.43744325637817383, 0.3493945598602295, 0.4349353313446045, 0.33710312843322754, 0.351423978805542, 0.3863179683685303, 0.43230700492858887, 0.35155630111694336], [0.017891883850097656, 0.01703047752380371, 0.008697271347045898, 0.008628368377685547, 0.008848190307617188, 0.009104251861572266, 0.009047508239746094, 0.008805036544799805, 0.009083747863769531, 0.008972644805908203, 0.009144783020019531, 0.008809328079223633, 0.009253978729248047, 0.00879812240600586, 0.009076595306396484, 0.009057283401489258, 0.009488344192504883, 0.009288311004638672, 0.00907588005065918, 0.009578227996826172, 0.009402036666870117, 0.009059667587280273, 0.008996725082397461, 0.008776664733886719, 0.00896453857421875, 0.008771896362304688, 0.01004171371459961, 0.008904218673706055, 0.00941777229309082, 0.009152412414550781, 0.009253501892089844, 0.009273290634155273], [0.019382238388061523, 0.019173622131347656, 0.018815994262695312, 0.018337249755859375, 0.018994808197021484, 