{"shuffle_centroids_times": [0.04773712158203125], "map_iterdata_times": [1.0618517398834229], "create_map_data": [1.2464680671691895], "map_queries_times": [[[2.79111647605896, 0.4689960479736328, [0.06831550598144531, 0.04918980598449707, 0.056794166564941406, 0.07795596122741699, 0.05458688735961914, 0.053872108459472656, 0.050278663635253906, 0.04588937759399414, 0.043427467346191406, 0.049115896224975586, 0.04638314247131348, 0.04712486267089844, 0.04910159111022949, 0.0625295639038086, 0.07103681564331055, 0.05365920066833496, 0.058716773986816406, 0.0548856258392334, 0.05052351951599121, 0.06171679496765137, 0.0589752197265625, 0.05478692054748535, 0.059058189392089844, 0.04545998573303223, 0.05744004249572754, 0.06187891960144043, 0.05360674858093262, 0.04845428466796875, 0.04491257667541504, 0.04257559776306152, 0.039186954498291016, 0.05162978172302246], [0.0023224353790283203, 0.0016679763793945312, 0.001691579818725586, 0.002819061279296875, 0.0019445419311523438, 0.0021038055419921875, 0.002012014389038086, 0.0017769336700439453, 0.001283407211303711, 0.0018846988677978516, 0.0016834735870361328, 0.0017066001892089844, 0.0017161369323730469, 0.0023899078369140625, 0.002815723419189453, 0.001931905746459961, 0.002178192138671875, 0.0024476051330566406, 0.0016930103302001953, 0.0022470951080322266, 0.0021979808807373047, 0.0019905567169189453, 0.0021483898162841797, 0.0015854835510253906, 0.0022192001342773438, 0.0024557113647460938, 0.0018787384033203125, 0.0018665790557861328, 0.0017023086547851562, 0.0016164779663085938, 0.0013899803161621094, 0.0018162727355957031], [0.00503230094909668, 0.00290679931640625, 0.004449129104614258, 0.0027518272399902344, 0.11761736869812012, 0.0105438232421875, 0.0075299739837646484, 0.009900808334350586, 0.0076863765716552734, 0.0113525390625, 0.003992319107055664, 0.008426427841186523, 0.011551141738891602, 0.009108304977416992, 0.0031037330627441406, 0.006516695022583008, 0.011843204498291016, 0.006537675857543945, 0.008530139923095703, 0.005097866058349609, 0.008916139602661133, 0.013756990432739258, 0.00824427604675293, 0.011732101440429688, 0.013645648956298828, 0.012111902236938477, 0.00514674186706543, 0.008908748626708984, 0.011506319046020508, 0.010200738906860352, 0.01047515869140625, 0.008476734161376953], 0.15802693367004395], [2.842696189880371, 0.5665807723999023, [0.05413961410522461, 0.04960179328918457, 0.06327414512634277, 0.04997086524963379, 0.05306673049926758, 0.05509209632873535, 0.05382966995239258, 0.06312346458435059, 0.05510115623474121, 0.0750880241394043, 0.04479217529296875, 0.0417170524597168, 0.04525041580200195, 0.05644869804382324, 0.057151079177856445, 0.05145144462585449, 0.05697774887084961, 0.05423712730407715, 0.050545454025268555, 0.03962230682373047, 0.046138763427734375, 0.0502622127532959, 0.054495811462402344, 0.05071449279785156, 0.046984195709228516, 0.042807817459106445, 0.05825185775756836, 0.05682182312011719, 0.043973684310913086, 0.05820918083190918, 0.07447576522827148, 0.05046701431274414], [0.0015947818756103516, 0.0017571449279785156, 0.0024030208587646484, 0.0016400814056396484, 0.0019481182098388672, 0.0021677017211914062, 0.0018894672393798828, 0.0023860931396484375, 0.001977205276489258, 0.0025632381439208984, 0.0016269683837890625, 0.0015416145324707031, 0.0016231536865234375, 0.0018086433410644531, 0.002069711685180664, 0.0020325183868408203, 0.0020322799682617188, 0.0018045902252197266, 0.0019369125366210938, 0.0011284351348876953, 0.0016026496887207031, 0.0019092559814453125, 0.0020139217376708984, 0.001867532730102539, 0.0013074874877929688, 0.0015363693237304688, 0.002182483673095703, 0.002091646194458008, 0.0015747547149658203, 0.002101421356201172, 0.0028390884399414062, 0.0017590522766113281], [0.008475542068481445, 0.01589655876159668, 0.009800910949707031, 0.007881641387939453, 0.008052349090576172, 0.007359981536865234, 0.0076904296875, 0.008871793746948242, 0.00525975227355957, 0.00857686996459961, 0.00980687141418457, 0.008387565612792969, 0.009566307067871094, 0.008928298950195312, 0.004686117172241211, 0.008070230484008789, 0.009115219116210938, 0.012645244598388672, 0.007574558258056641, 0.009015321731567383, 0.00527191162109375, 0.011123180389404297, 0.007271528244018555, 0.004935026168823242, 0.008440732955932617, 0.009203195571899414, 0.00982213020324707, 0.008062362670898438, 0.009999275207519531, 0.014175176620483398, 0.006351470947265625, 0.0075948238372802734], 0.23315978050231934], [2.6258327960968018, 0.4241182804107666, [0.06034350395202637, 0.04416346549987793, 0.05143427848815918, 0.06218361854553223, 0.058522701263427734, 0.05261397361755371, 0.06028485298156738, 0.06111645698547363, 0.05693960189819336, 0.05478191375732422, 0.06534624099731445, 0.05253911018371582, 0.06854796409606934, 0.045912981033325195, 0.05760979652404785, 0.05378389358520508, 0.06293654441833496, 0.05314946174621582, 0.05574464797973633, 0.0551149845123291, 0.05057024955749512, 0.05213284492492676, 0.04309725761413574, 0.07231998443603516, 0.0627589225769043, 0.07115936279296875, 0.0487668514251709, 0.05777335166931152, 0.04848527908325195, 0.07632660865783691, 0.0551295280456543, 0.05634880065917969], [0.0020356178283691406, 0.0012395381927490234, 0.0018835067749023438, 0.002178668975830078, 0.0019631385803222656, 0.001917123794555664, 0.0021407604217529297, 0.0024306774139404297, 0.0014801025390625, 0.0019309520721435547, 0.002370595932006836, 0.0019371509552001953, 0.002513885498046875, 0.0014851093292236328, 0.0020079612731933594, 0.0019233226776123047, 0.002245187759399414, 0.001893758773803711, 0.0016391277313232422, 0.002042055130004883, 0.0018374919891357422, 0.0015597343444824219, 0.0016009807586669922, 0.002606630325317383, 0.002630949020385742, 0.0026857852935791016, 0.0018148422241210938, 0.002126932144165039, 0.0015306472778320312, 0.0032591819763183594, 0.0021190643310546875, 0.0018682479858398438], [0.006859540939331055, 0.006256580352783203, 0.009296894073486328, 0.003160238265991211, 0.004525423049926758, 0.004512786865234375, 0.005127429962158203, 0.004370212554931641, 0.005139589309692383, 0.0039560794830322266, 0.003039836883544922, 0.005879640579223633, 0.0035560131072998047, 0.008833885192871094, 0.008687973022460938, 0.010594606399536133, 0.009003877639770508, 0.005629539489746094, 0.00813150405883789, 0.004538536071777344, 0.00628972053527832, 0.00792241096496582, 0.007884979248046875, 0.008095264434814453, 0.00783538818359375, 0.008593082427978516, 0.005292177200317383, 0.0045664310455322266, 0.005357503890991211, 0.005720853805541992, 0.004438638687133789, 0.004033327102661133], 0.11150264739990234], [2.465607166290283, 0.2665386199951172, [0.0650033950805664, 0.05997776985168457, 0.0800788402557373, 0.05365943908691406, 0.05828714370727539, 0.05656170845031738, 0.07047915458679199, 0.06450414657592773, 0.03992414474487305, 0.047148942947387695, 0.053067684173583984, 0.07642722129821777, 0.0496060848236084, 0.0459134578704834, 0.04742097854614258, 0.05207061767578125, 0.04467058181762695, 0.0525052547454834, 0.0391998291015625, 0.05361437797546387, 0.04905438423156738, 0.04719662666320801, 0.04564833641052246, 0.055307626724243164, 0.04626321792602539, 0.04826617240905762, 0.06441497802734375, 0.04755115509033203, 0.06702971458435059, 0.05522656440734863, 0.08678269386291504, 0.05734896659851074], [0.002424955368041992, 0.002371072769165039, 0.0029888153076171875, 0.002083301544189453, 0.002148866653442383, 0.0025718212127685547, 0.002925872802734375, 0.002491474151611328, 0.0015342235565185547, 0.0015408992767333984, 0.0020656585693359375, 0.003055095672607422, 0.0018856525421142578, 0.0018668174743652344, 0.0014531612396240234, 0.001935720443725586, 0.001344442367553711, 0.0018749237060546875, 0.0007960796356201172, 0.0019085407257080078, 0.0019404888153076172, 0.0018050670623779297, 0.0017118453979492188, 0.0019109249114990234, 0.0014879703521728516, 0.001861572265625, 0.002682924270629883, 