{"shuffle_centroids_times": [0.034349918365478516], "map_iterdata_times": [0.1737973690032959], "create_map_data": [0.25470423698425293], "map_queries_times": [[[1.955174446105957, 0.04181194305419922, [0.10771703720092773, 0.09106159210205078, 0.12103152275085449, 0.11822271347045898, 0.14105558395385742, 0.11322140693664551, 0.1059730052947998, 0.09669804573059082, 0.09784698486328125, 0.11791801452636719, 0.0983879566192627, 0.11272859573364258, 0.1074533462524414, 0.14132237434387207, 0.15293335914611816, 0.10469412803649902], [0.00595545768737793, 0.0053789615631103516, 0.0068166255950927734, 0.0066111087799072266, 0.002348661422729492, 0.0051915645599365234, 0.004191398620605469, 0.003835916519165039, 0.0035986900329589844, 0.0037102699279785156, 0.003152608871459961, 0.004683494567871094, 0.003803730010986328, 0.0028624534606933594, 0.002979755401611328, 0.003097057342529297], [0.0010139942169189453, 0.0007433891296386719, 0.0010123252868652344, 0.0011262893676757812, 0.0005309581756591797, 0.0010938644409179688, 0.0006756782531738281, 0.0008630752563476562, 0.0007679462432861328, 0.0011866092681884766, 0.0007481575012207031, 0.0010533332824707031, 0.0008375644683837891, 0.0006315708160400391, 0.0006918907165527344, 0.00048542022705078125], 0.003283262252807617], [1.9588744640350342, 0.03502082824707031, [0.1425173282623291, 0.09168505668640137, 0.11348295211791992, 0.09511804580688477, 0.08210921287536621, 0.10941791534423828, 0.1709284782409668, 0.0929250717163086, 0.08423590660095215, 0.10836672782897949, 0.0821692943572998, 0.09105396270751953, 0.11081314086914062, 0.10364437103271484, 0.2709341049194336, 0.08098936080932617], [0.02558588981628418, 0.0044133663177490234, 0.004669904708862305, 0.002527475357055664, 0.003142118453979492, 0.0033974647521972656, 0.0042345523834228516, 0.00327301025390625, 0.0031986236572265625, 0.004525661468505859, 0.002739429473876953, 0.0031495094299316406, 0.004183053970336914, 0.001982450485229492, 0.0032253265380859375, 0.0028259754180908203], [0.003021240234375, 0.000545501708984375, 0.0017817020416259766, 0.0005762577056884766, 0.0005152225494384766, 0.000530242919921875, 0.0010416507720947266, 0.0007531642913818359, 0.00047206878662109375, 0.0011603832244873047, 0.0005445480346679688, 0.0005548000335693359, 0.0006570816040039062, 0.00041365623474121094, 0.0005431175231933594, 0.0005552768707275391], 0.002362966537475586], [1.9242143630981445, 0.04464411735534668, [0.17134523391723633, 0.09107565879821777, 0.08410334587097168, 0.11374330520629883, 0.08992886543273926, 0.08916044235229492, 0.07969951629638672, 0.10445499420166016, 0.09431266784667969, 0.12648606300354004, 0.08942008018493652, 0.1737673282623291, 0.08559632301330566, 0.1347489356994629, 0.12893223762512207, 0.15273308753967285], [0.014673948287963867, 0.004576206207275391, 0.0021772384643554688, 0.00390625, 0.0031087398529052734, 0.0026259422302246094, 0.0027000904083251953, 0.0036804676055908203, 0.0018069744110107422, 0.0027658939361572266, 0.002655029296875, 0.0026149749755859375, 0.0019211769104003906, 0.002245187759399414, 0.002850770950317383, 0.0028579235076904297], [0.00250244140625, 0.0005359649658203125, 0.0004527568817138672, 0.0008604526519775391, 0.0006270408630371094, 0.0005078315734863281, 0.0005228519439697266, 0.0006911754608154297, 0.0005021095275878906, 0.0005295276641845703, 0.0004010200500488281, 0.00048089027404785156, 0.00048613548278808594, 0.0004811286926269531, 0.0005908012390136719, 0.0004756450653076172], 0.0019516944885253906], [1.6090900897979736, 0.04172039031982422, [0.12776470184326172, 0.09456253051757812, 0.09449481964111328, 0.08042430877685547, 0.08461833000183105, 0.07762551307678223, 0.1227102279663086, 0.1077890396118164, 0.09723973274230957, 0.07212162017822266, 0.10220670700073242, 0.10028505325317383, 0.08200621604919434, 0.10335779190063477, 0.16242480278015137], [0.006333589553833008, 0.0036542415618896484, 0.0018639564514160156, 0.0025131702423095703, 0.0024635791778564453, 0.0023016929626464844, 0.002732992172241211, 0.0028562545776367188, 0.0038743019104003906, 0.002403736114501953, 0.004174709320068359, 0.004664421081542969, 0.0031914710998535156, 0.002775907516479492, 0.002150297164916992], [0.0010745525360107422, 0.0004885196685791016, 0.0004296302795410156, 0.00047659873962402344, 0.00042438507080078125, 0.0005924701690673828, 0.00048732757568359375, 0.0004696846008300781, 0.0005800724029541016, 0.0004534721374511719, 0.0005428791046142578, 0.0007343292236328125, 0.0004124641418457031, 0.00044727325439453125, 0.00037932395935058594], 0.0016503334045410156]]], "map_execution": [5.123395204544067], "map_invoke": [[0.6219370365142822, 1.551267385482788, 1.4837651252746582, 0.5135142803192139]], "create_reduce_data": [0.09467935562133789], "reduce_iterdata_times": [0.09383296966552734], "reduce_queries_times": [[0.1336650848388672]], "reduce_execution_times": [5.237958192825317], "reduce_invoke": [[1.6755781173706055]], "divide_reduce_times": [0.00021004676818847656], "total_querying_times": [10.710947275161743],