{"shuffle_centroids_times": [0.1291046142578125], "map_iterdata_times": [1.054600715637207], "create_map_data": [1.2302124500274658], "map_queries_times": [[[3.4502813816070557, 0.8869049549102783, [0.06328129768371582, 0.04987955093383789, 0.04902362823486328, 0.07916641235351562, 0.05404329299926758, 0.052130699157714844, 0.0527949333190918, 0.04901695251464844, 0.03638434410095215, 0.08295440673828125, 0.05390334129333496, 0.048795461654663086, 0.047354936599731445, 0.06024670600891113, 0.07122564315795898, 0.053713083267211914, 0.054158687591552734, 0.05338406562805176, 0.04285550117492676, 0.05629110336303711, 0.06534147262573242, 0.05047774314880371, 0.05781841278076172, 0.04986095428466797, 0.06019783020019531, 0.06435751914978027, 0.04897570610046387, 0.0440976619720459, 0.044384002685546875, 0.043053627014160156, 0.04120612144470215, 0.05663013458251953], [0.0037169456481933594, 0.0021936893463134766, 0.0016531944274902344, 0.003538370132446289, 0.002038717269897461, 0.0019123554229736328, 0.001960277557373047, 0.0016300678253173828, 0.001252889633178711, 0.0019326210021972656, 0.0016405582427978516, 0.0016987323760986328, 0.0017094612121582031, 0.002390146255493164, 0.0027799606323242188, 0.001989603042602539, 0.0022003650665283203, 0.0020551681518554688, 0.0015239715576171875, 0.0022885799407958984, 0.0022568702697753906, 0.0019516944885253906, 0.0021092891693115234, 0.0015652179718017578, 0.002119302749633789, 0.0023889541625976562, 0.0019350051879882812, 0.0017421245574951172, 0.0016109943389892578, 0.0014815330505371094, 0.0012526512145996094, 0.0016982555389404297], [0.014354467391967773, 0.014482975006103516, 0.011693954467773438, 0.013529539108276367, 0.019999027252197266, 0.012465238571166992, 0.013275146484375, 0.012292861938476562, 0.011166572570800781, 0.013159990310668945, 0.011657476425170898, 0.012112617492675781, 0.012035608291625977, 0.012830018997192383, 0.014209747314453125, 0.012629985809326172, 0.0151519775390625, 0.013572216033935547, 0.012283802032470703, 0.01245260238647461, 0.1071617603302002, 0.013060808181762695, 0.013660430908203125, 0.011625051498413086, 0.012822151184082031, 0.015894651412963867, 0.012201786041259766, 0.011776924133300781, 0.013051509857177734, 0.011608600616455078, 0.012349605560302734, 0.01202082633972168], 0.24933385848999023], [3.37229323387146, 0.8657937049865723, [0.047631025314331055, 0.04899430274963379, 0.08484101295471191, 0.043590545654296875, 0.05216097831726074, 0.053739070892333984, 0.051816463470458984, 0.06428742408752441, 0.054856061935424805, 0.06780791282653809, 0.047368526458740234, 0.04575920104980469, 0.04367399215698242, 0.056153059005737305, 0.0557703971862793, 0.05426526069641113, 0.05248522758483887, 0.04856419563293457, 0.05327606201171875, 0.03287768363952637, 0.13892340660095215, 0.05193328857421875, 0.05583453178405762, 0.05210685729980469, 0.04478621482849121, 0.04150652885437012, 0.055419921875, 0.055748701095581055, 0.046706438064575195, 0.05594134330749512, 0.07267951965332031, 0.051358699798583984], [0.0021550655364990234, 0.002233743667602539, 0.0027310848236083984, 0.0016582012176513672, 0.001977682113647461, 0.0020923614501953125, 0.0019237995147705078, 0.002507925033569336, 0.0019385814666748047, 0.0026433467864990234, 0.0016605854034423828, 0.001561880111694336, 0.0015344619750976562, 0.0017783641815185547, 0.0020503997802734375, 0.0019185543060302734, 0.002043008804321289, 0.0018105506896972656, 0.0018551349639892578, 0.0010533332824707031, 0.001621246337890625, 0.0019099712371826172, 0.0021750926971435547, 0.001817941665649414, 0.0012462139129638672, 0.0014357566833496094, 0.0021936893463134766, 0.002148151397705078, 0.0016353130340576172, 0.0022547245025634766, 0.0033571720123291016, 0.0017943382263183594], [0.013620376586914062, 0.01523137092590332, 0.013438224792480469, 0.012749433517456055, 0.01269841194152832, 0.012133598327636719, 0.013151168823242188, 0.013711214065551758, 0.011821269989013672, 0.014458179473876953, 0.013084173202514648, 0.012595176696777344, 0.012232542037963867, 0.012383222579956055, 0.013494491577148438, 0.012788534164428711, 0.013199090957641602, 0.013025283813476562, 0.013983726501464844, 0.01266932487487793, 0.01202535629272461, 0.012822866439819336, 0.013319015502929688, 0.011594057083129883, 0.011170148849487305, 0.012389898300170898, 0.012573480606079102, 0.011722564697265625, 0.014361858367919922, 0.012374639511108398, 0.013844490051269531, 0.011669397354125977], 0.24834060668945312], [3.518683671951294, 0.7780110836029053, [0.06519508361816406, 0.046857357025146484, 0.05110955238342285, 0.047276973724365234, 0.06713533401489258, 0.05282998085021973, 0.05044269561767578, 0.04656720161437988, 0.05479764938354492, 0.05868887901306152, 0.045847177505493164, 0.050635337829589844, 0.06522727012634277, 0.05580401420593262, 0.047821760177612305, 0.06606864929199219, 0.04681587219238281, 0.04509091377258301, 0.05188870429992676, 0.050575971603393555, 0.10804247856140137, 0.06229567527770996, 0.06907486915588379, 0.05742979049682617, 0.049780845642089844, 0.05620837211608887, 0.06268501281738281, 0.04683089256286621, 0.0488588809967041, 0.05373954772949219, 0.048067331314086914, 0.07365131378173828], [0.0033867359161376953, 0.001840829849243164, 0.0018274784088134766, 0.0018286705017089844, 0.0028557777404785156, 0.002087831497192383, 0.0019011497497558594, 0.0015697479248046875, 0.001984834671020508, 0.002385377883911133, 0.0015511512756347656, 0.002064943313598633, 0.002539396286010742, 0.0017158985137939453, 0.0018334388732910156, 0.002557039260864258, 0.0017588138580322266, 0.0018019676208496094, 0.0019559860229492188, 0.001867055892944336, 0.0029718875885009766, 0.0025014877319335938, 0.0028810501098632812, 0.002161741256713867, 0.0020074844360351562, 0.0022537708282470703, 0.0017697811126708984, 0.001795053482055664, 0.0018351078033447266, 0.001813650131225586, 0.0019154548645019531, 0.003041982650756836], [0.015390634536743164, 0.012459993362426758, 0.01387786865234375, 0.012204885482788086, 0.014118194580078125, 0.10428977012634277, 0.011983394622802734, 0.012653589248657227, 0.012777566909790039, 0.012956857681274414, 0.012523174285888672, 0.012862205505371094, 0.014077425003051758, 0.012577295303344727, 0.01181936264038086, 0.015000343322753906, 0.012003660202026367, 0.011900186538696289, 0.012814044952392578, 0.012093305587768555, 0.01364445686340332, 0.013825654983520508, 0.014403343200683594, 0.013695001602172852, 0.011838912963867188, 0.012638092041015625, 0.012493371963500977, 0.01208043098449707, 0.012170791625976562, 0.012718915939331055, 0.012519598007202148, 0.014594316482543945], 0.36174917221069336], [3.572026014328003, 0.882770299911499, [0.044666290283203125, 0.07476496696472168, 0.05076193809509277, 0.07386612892150879, 0.044416189193725586, 0.06955146789550781, 0.04288363456726074, 0.05465817451477051, 0.05676698684692383, 0.05177426338195801, 0.056365251541137695, 0.052797555923461914, 0.05531048774719238, 0.04629683494567871, 0.0649576187133789, 0.06007981300354004, 0.054361581802368164, 0.05341315269470215, 0.056437015533447266, 0.0649561882019043, 0.05011439323425293, 0.055727243423461914, 0.0430142879486084, 0.057012319564819336, 0.043785810470581055, 0.05741548538208008, 0.15703105926513672, 0.0885312557220459, 0.0511171817779541, 0.053696632385253906, 0.06750941276550293, 0.08776164054870605], [0.001926422119140625, 0.0040340423583984375, 0.0015904903411865234, 0.002622842788696289, 0.0011839866638183594, 0.0024971961975097656, 0.0012295246124267578, 0.0018312931060791016, 0.001928091049194336, 0.0017426013946533203, 0.0019767284393310547, 0.0018756389617919922, 0.0017342567443847656, 0.0013928413391113281, 0.0027158260345458984, 0.0021119117736816406, 0.0019257068634033203, 0.0020303726196289062, 0.001983642578125, 0.0023076534271240234, 0.0015025138854980469, 0.001975536346435547, 0.0014209747314453125, 0.002134561538696289, 0.0006921291351318359, 0.0026476383209228516, 0.0021409988403320312, 