{"shuffle_centroids_times": [0.05007004737854004], "map_iterdata_times": [0.23227310180664062], "create_map_data": [0.3276538848876953], "map_queries_times": [[[2.489133596420288, 0.24597954750061035, [0.08291935920715332, 0.16631007194519043, 0.14142894744873047, 0.11461949348449707, 0.0832359790802002, 0.12407159805297852, 0.1139826774597168, 0.1391894817352295, 0.1546802520751953, 0.1663374900817871, 0.17322874069213867, 0.11723518371582031, 0.15530633926391602, 0.09709811210632324, 0.08359217643737793, 0.11263918876647949], [0.005892753601074219, 0.005258083343505859, 0.005566120147705078, 0.003241300582885742, 0.0019519329071044922, 0.003025054931640625, 0.003364086151123047, 0.004814863204956055, 0.0028569698333740234, 0.004483699798583984, 0.004288673400878906, 0.0028841495513916016, 0.002972126007080078, 0.003363370895385742, 0.003136873245239258, 0.0029909610748291016], [0.007620096206665039, 0.0038700103759765625, 0.002849102020263672, 0.005649566650390625, 0.002390623092651367, 0.004232645034790039, 0.006757974624633789, 0.02042531967163086, 0.002050161361694336, 0.008909225463867188, 0.010544061660766602, 0.007515668869018555, 0.008584737777709961, 0.012528419494628906, 0.0067784786224365234, 0.004278659820556641], 0.041831254959106445], [2.512922525405884, 0.09096455574035645, [0.15707874298095703, 0.0957176685333252, 0.09954619407653809, 0.175062894821167, 0.11577701568603516, 0.09585261344909668, 0.13026165962219238, 0.1331477165222168, 0.12377166748046875, 0.2179408073425293, 0.10451674461364746, 0.2872810363769531, 0.09565162658691406, 0.16158103942871094, 0.12469148635864258, 0.1155099868774414], [0.0032835006713867188, 0.0033512115478515625, 0.002814054489135742, 0.004319667816162109, 0.0023794174194335938, 0.002660512924194336, 0.003132343292236328, 0.003288745880126953, 0.006304740905761719, 0.00712132453918457, 0.002897024154663086, 0.0025484561920166016, 0.003319263458251953, 0.005610466003417969, 0.010449886322021484, 0.003686666488647461], [0.00529789924621582, 0.0028612613677978516, 0.006135702133178711, 0.004876852035522461, 0.010569334030151367, 0.0022974014282226562, 0.00508570671081543, 0.0026993751525878906, 0.006026744842529297, 0.0062122344970703125, 0.009008646011352539, 0.0037636756896972656, 0.00787353515625, 0.005528926849365234, 0.0060803890228271484, 0.005574226379394531], 0.03136038780212402], [2.6007182598114014, 0.24366378784179688, [0.10805892944335938, 0.1447591781616211, 0.2643406391143799, 0.2118685245513916, 0.11287307739257812, 0.12605071067810059, 0.14546799659729004, 0.13504457473754883, 0.10305595397949219, 0.1829512119293213, 0.1391615867614746, 0.10212898254394531, 0.12507152557373047, 0.07518815994262695, 0.08350229263305664, 0.1355900764465332], [0.0065860748291015625, 0.009682893753051758, 0.00372314453125, 0.0030994415283203125, 0.0032711029052734375, 0.0037908554077148438, 0.003297090530395508, 0.002047300338745117, 0.002789735794067383, 0.0043985843658447266, 0.0039920806884765625, 0.002216339111328125, 0.0023016929626464844, 0.0020012855529785156, 0.0013442039489746094, 0.002541065216064453], [0.010753631591796875, 0.004560947418212891, 0.004850149154663086, 0.008095264434814453, 0.002332448959350586, 0.003977298736572266, 0.003876209259033203, 0.0015499591827392578, 0.0054967403411865234, 0.00802469253540039, 0.005877971649169922, 0.0055217742919921875, 0.0027327537536621094, 0.002321481704711914, 0.0019741058349609375, 0.0038466453552246094], 0.028728961944580078], [2.2701656818389893, 0.08229708671569824, [0.12769246101379395, 0.2346971035003662, 0.26899123191833496, 0.10257124900817871, 0.10150480270385742, 0.12185454368591309, 0.10309290885925293, 0.09338116645812988, 0.09590816497802734, 0.09918594360351562, 0.10487079620361328, 0.1407613754272461, 0.08778119087219238, 0.1304459571838379, 0.143784761428833, 0.09174990653991699], [0.0027091503143310547, 0.0044307708740234375, 0.004302501678466797, 0.0040280818939208984, 0.004349708557128906, 0.0037751197814941406, 0.0028228759765625, 0.0027475357055664062, 0.0028722286224365234, 0.002657651901245117, 0.0019614696502685547, 0.004563331604003906, 0.002658843994140625, 0.002349853515625, 0.004812717437744141, 0.002371072769165039], [0.00656580924987793, 0.005225658416748047, 0.002955913543701172, 0.008843660354614258, 0.004073143005371094, 0.005524635314941406, 0.0027451515197753906, 0.002831697463989258, 0.002988100051879883, 0.0031585693359375, 0.002941608428955078, 0.004835605621337891, 0.004091739654541016, 0.002849102020263672, 0.0019006729125976562, 0.0017054080963134766], 0.022820711135864258]]], "map_execution": [7.235649108886719], "map_invoke": [[1.5920555591583252, 0.6149423122406006, 1.5770139694213867, 0.637230396270752]], "create_reduce_data": [0.2192842960357666], "reduce_iterdata_times": [0.2183525562286377], "reduce_queries_times": [[0.1586000919342041]], "reduce_execution_times": [5.108594179153442], "reduce_invoke": [[1.5610523223876953]], "divide_reduce_times": [8.630752563476562e-05], "total_querying_times": [12.891268253326416],