{"shuffle_centroids_times": [0.035401344299316406], "map_iterdata_times": [0.38773488998413086], "create_map_data": [0.46829986572265625], "map_queries_times": [[[2.1002650260925293, 0.2369081974029541, [0.11043572425842285, 0.08331966400146484, 0.11000227928161621, 0.08476710319519043, 0.054677486419677734, 0.0799105167388916, 0.09123778343200684, 0.146254301071167, 0.07801437377929688, 0.11017584800720215, 0.10329413414001465, 0.0748753547668457, 0.07585573196411133, 0.08127760887145996, 0.0763556957244873, 0.08661198616027832], [0.003905773162841797, 0.003921985626220703, 0.005604267120361328, 0.003652811050415039, 0.0021038055419921875, 0.0033278465270996094, 0.0037887096405029297, 0.004971981048583984, 0.003320455551147461, 0.005034923553466797, 0.0043413639068603516, 0.003324270248413086, 0.0031027793884277344, 0.003790140151977539, 0.003380298614501953, 0.0037508010864257812], [0.011324405670166016, 0.0076446533203125, 0.0046062469482421875, 0.010223865509033203, 0.005708932876586914, 0.009917259216308594, 0.01178598403930664, 0.014731407165527344, 0.003399372100830078, 0.012562036514282227, 0.013828039169311523, 0.014441728591918945, 0.12343716621398926, 0.01740574836730957, 0.00978851318359375, 0.007299661636352539], 0.07669329643249512], [1.8323709964752197, 0.2482750415802002, [0.11098194122314453, 0.08538150787353516, 0.06737399101257324, 0.07239246368408203, 0.05714678764343262, 0.07137012481689453, 0.09407901763916016, 0.09560227394104004, 0.10719895362854004, 0.06386590003967285, 0.1025400161743164, 0.061493635177612305, 0.08995628356933594, 0.07148146629333496, 0.0664069652557373, 0.0649404525756836], [0.0043087005615234375, 0.0041277408599853516, 0.0026292800903320312, 0.002864360809326172, 0.002234220504760742, 0.002863168716430664, 0.003805875778198242, 0.0036826133728027344, 0.00630640983581543, 0.002538919448852539, 0.004048347473144531, 0.00244140625, 0.0034971237182617188, 0.0028481483459472656, 0.0025436878204345703, 0.002701997756958008], [0.019220352172851562, 0.015128374099731445, 0.008419990539550781, 0.0064313411712646484, 0.011828422546386719, 0.012594223022460938, 0.00922536849975586, 0.00866246223449707, 0.012880563735961914, 0.00789952278137207, 0.009834051132202148, 0.007711887359619141, 0.009643077850341797, 0.01184225082397461, 0.006534099578857422, 0.009872674942016602], 0.08056187629699707], [1.6816225051879883, 0.16416072845458984, [0.0924842357635498, 0.07197856903076172, 0.09586215019226074, 0.06093478202819824, 0.06632447242736816, 0.08215045928955078, 0.07844042778015137, 0.1045389175415039, 0.07181286811828613, 0.06548142433166504, 0.059082746505737305, 0.0713655948638916, 0.05138754844665527, 0.09828066825866699, 0.051453351974487305, 0.09618020057678223], [0.0032579898834228516, 0.0035088062286376953, 0.003763437271118164, 0.0026814937591552734, 0.0026209354400634766, 0.0030274391174316406, 0.003162384033203125, 0.006771087646484375, 0.0032269954681396484, 0.002618074417114258, 0.0022966861724853516, 0.002945423126220703, 0.0019197463989257812, 0.0039899349212646484, 0.001973390579223633, 0.0037789344787597656], [0.006655216217041016, 0.007914543151855469, 0.09077668190002441, 0.005229473114013672, 0.0034613609313964844, 0.010324478149414062, 0.003189563751220703, 0.010144948959350586, 0.006936550140380859, 0.008243799209594727, 0.005482196807861328, 0.00890970230102539, 0.007505893707275391, 0.00945591926574707, 0.0056285858154296875, 0.004920244216918945], 0.053249359130859375], [1.7947731018066406, 0.1389451026916504, [0.11488008499145508, 0.11060214042663574, 0.10613131523132324, 0.09314465522766113, 0.07979154586791992, 0.0839240550994873, 0.05213499069213867, 0.0466153621673584, 0.08558464050292969, 0.10586190223693848, 0.07174968719482422, 0.08499693870544434, 0.0910189151763916, 0.07100415229797363, 0.05919456481933594, 0.1050879955291748], [0.006748199462890625, 0.011301040649414062, 0.00509953498840332, 0.003732919692993164, 0.003597259521484375, 0.003396272659301758, 0.00211334228515625, 0.0014529228210449219, 0.0035903453826904297, 0.005243778228759766, 0.0027780532836914062, 0.0033714771270751953, 0.0035707950592041016, 0.0026116371154785156, 0.0023109912872314453, 0.0051496028900146484], [0.008818387985229492, 0.08994603157043457, 0.006055116653442383, 0.006268739700317383, 0.009544849395751953, 0.005062580108642578, 0.004393339157104492, 0.005966663360595703, 0.010215044021606445, 0.0066754817962646484, 0.0052988529205322266, 0.008644342422485352, 0.0069692134857177734, 0.003707408905029297, 0.0033876895904541016, 0.002275705337524414], 0.04465889930725098]]], "map_execution": [5.270431041717529], "map_invoke": [[0.6010191440582275, 0.6397538185119629, 0.6258544921875, 0.5897901058197021]], "create_reduce_data": [0.1616067886352539], "reduce_iterdata_times": [0.16066765785217285], "reduce_queries_times": [[0.14707016944885254]], "reduce_execution_times": [3.0806140899658203], "reduce_invoke": [[0.5457518100738525]], "divide_reduce_times": [7.224082946777344e-05], "total_querying_times": [8.981024265289307],