{"shuffle_centroids_times": [0.13240528106689453], "map_iterdata_times": [1.0353968143463135], "create_map_data": [1.214512586593628], "map_queries_times": [[[3.6794121265411377, 0.8755733966827393, [0.06599068641662598, 0.049506187438964844, 0.09232234954833984, 0.09962296485900879, 0.054624080657958984, 0.05050969123840332, 0.060659170150756836, 0.048151254653930664, 0.04341840744018555, 0.0531008243560791, 0.04635429382324219, 0.04873943328857422, 0.04924368858337402, 0.06237626075744629, 0.07316970825195312, 0.052420854568481445, 0.06050992012023926, 0.056749820709228516, 0.04744696617126465, 0.06125903129577637, 0.05795717239379883, 0.05368757247924805, 0.05797767639160156, 0.048898935317993164, 0.05885124206542969, 0.07545661926269531, 0.052748680114746094, 0.05558633804321289, 0.060022830963134766, 0.043097734451293945, 0.05033135414123535, 0.04946303367614746], [0.003726482391357422, 0.002180337905883789, 0.0017709732055664062, 0.0035991668701171875, 0.002198457717895508, 0.002002239227294922, 0.0021948814392089844, 0.0016734600067138672, 0.0012695789337158203, 0.0019676685333251953, 0.0016360282897949219, 0.0016596317291259766, 0.0017352104187011719, 0.002527475357055664, 0.0029668807983398438, 0.0019311904907226562, 0.002206563949584961, 0.002104520797729492, 0.0016493797302246094, 0.0022954940795898438, 0.0022928714752197266, 0.0020062923431396484, 0.0021669864654541016, 0.0015180110931396484, 0.0020461082458496094, 0.002549409866333008, 0.0020101070404052734, 0.0018012523651123047, 0.0016906261444091797, 0.0016143321990966797, 0.0013606548309326172, 0.0017850399017333984], [0.01858043670654297, 0.01205897331237793, 0.01427316665649414, 0.013535499572753906, 0.01727151870727539, 0.013984918594360352, 0.012642860412597656, 0.012022256851196289, 0.012629985809326172, 0.012250423431396484, 0.012822151184082031, 0.10570979118347168, 0.01310110092163086, 0.015078306198120117, 0.012885093688964844, 0.012126684188842773, 0.024482011795043945, 0.012781620025634766, 0.01161956787109375, 0.01559758186340332, 0.013155937194824219, 0.013942480087280273, 0.013839244842529297, 0.011912107467651367, 0.013813495635986328, 0.014623880386352539, 0.012931108474731445, 0.013556718826293945, 0.012268543243408203, 0.014259576797485352, 0.011941671371459961, 0.012277603149414062], 0.3631157875061035], [3.4065613746643066, 0.8575091361999512, [0.053136348724365234, 0.047213077545166016, 0.0617372989654541, 0.04492950439453125, 0.05343341827392578, 0.056531429290771484, 0.052171945571899414, 0.06550979614257812, 0.05033373832702637, 0.06749582290649414, 0.049253225326538086, 0.052896976470947266, 0.043836116790771484, 0.054474830627441406, 0.05763673782348633, 0.0567469596862793, 0.055939435958862305, 0.050076961517333984, 0.05421590805053711, 0.03565621376037598, 0.051317453384399414, 0.05267047882080078, 0.05473923683166504, 0.050547122955322266, 0.045269012451171875, 0.04923677444458008, 0.16210293769836426, 0.06786751747131348, 0.04561161994934082, 0.05613374710083008, 0.07494783401489258, 0.04642510414123535], [0.002268075942993164, 0.0023534297943115234, 0.002825021743774414, 0.0017282962799072266, 0.0020668506622314453, 0.002849578857421875, 0.0019066333770751953, 0.0025458335876464844, 0.002044200897216797, 0.0026633739471435547, 0.0017018318176269531, 0.0016021728515625, 0.0017242431640625, 0.0018281936645507812, 0.0021674633026123047, 0.0019767284393310547, 0.0021262168884277344, 0.0018839836120605469, 0.001931905746459961, 0.0012028217315673828, 0.0017161369323730469, 0.0019426345825195312, 0.0021429061889648438, 0.0018069744110107422, 0.0012981891632080078, 0.0015060901641845703, 0.002205371856689453, 0.0022258758544921875, 0.00165557861328125, 0.0021691322326660156, 0.0031175613403320312, 0.0017745494842529297], [0.013706445693969727, 0.013829469680786133, 0.013219594955444336, 0.011741876602172852, 0.013476371765136719, 0.012450695037841797, 0.01236414909362793, 0.014351367950439453, 0.012508153915405273, 0.014238119125366211, 0.011527061462402344, 0.01164555549621582, 0.014396190643310547, 0.013351678848266602, 0.012842178344726562, 0.013861656188964844, 0.013150930404663086, 0.014683008193969727, 0.012121200561523438, 0.011033058166503906, 0.013858318328857422, 0.012786865234375, 0.01237344741821289, 0.012601137161254883, 0.011832714080810547, 0.012873411178588867, 0.012565851211547852, 0.011957406997680664, 0.012986183166503906, 0.012708187103271484, 0.013447284698486328, 0.012528419494628906], 0.2507333755493164], [3.4785327911376953, 0.8488211631774902, [0.062207698822021484, 0.04391145706176758, 0.05097246170043945, 0.054137468338012695, 0.06517744064331055, 0.05387592315673828, 0.06691694259643555, 0.045551300048828125, 0.053551673889160156, 0.06276392936706543, 0.04732513427734375, 0.05142021179199219, 0.06469392776489258, 0.04662942886352539, 0.049146413803100586, 0.06960153579711914, 0.0499570369720459, 0.05244255065917969, 0.05271553993225098, 0.049295902252197266, 0.0726921558380127, 0.06072258949279785, 0.0720973014831543, 0.05789756774902344, 0.050112009048461914, 0.05981945991516113, 0.04898571968078613, 0.051735639572143555, 0.0514070987701416, 0.05355334281921387, 0.05468106269836426, 0.0773169994354248], [0.0033311843872070312, 0.001741647720336914, 0.0016407966613769531, 0.0018596649169921875, 0.0026521682739257812, 0.0019440650939941406, 0.0018329620361328125, 0.0015330314636230469, 0.0019071102142333984, 0.0024971961975097656, 0.0014510154724121094, 0.0019876956939697266, 0.002435922622680664, 0.0016148090362548828, 0.0018019676208496094, 0.002930879592895508, 0.0015256404876708984, 0.0016734600067138672, 0.0018100738525390625, 0.0017895698547363281, 0.0032324790954589844, 0.002443075180053711, 0.0026140213012695312, 0.002033233642578125, 0.0017971992492675781, 0.0021774768829345703, 0.0016484260559082031, 0.0017344951629638672, 0.0017681121826171875, 0.001712799072265625, 0.0017571449279785156, 0.002812623977661133], [0.013937234878540039, 0.013965129852294922, 0.012932062149047852, 0.012012243270874023, 0.01475381851196289, 0.012660026550292969, 0.012877464294433594, 0.011709213256835938, 0.012320756912231445, 0.014113903045654297, 0.011357784271240234, 0.011992454528808594, 0.013427972793579102, 0.011497259140014648, 0.012920141220092773, 0.013013839721679688, 0.01140594482421875, 0.012518882751464844, 0.011573076248168945, 0.013419389724731445, 0.015947580337524414, 0.012588739395141602, 0.016806602478027344, 0.012159585952758789, 0.012487649917602539, 0.10816383361816406, 0.011223793029785156, 0.012122869491577148, 0.013045310974121094, 0.01256561279296875, 0.012098550796508789, 0.01496744155883789], 0.2518730163574219], [3.5146396160125732, 0.7752010822296143, [0.053580522537231445, 0.07429361343383789, 0.04494118690490723, 0.07439279556274414, 0.046933889389038086, 0.06451916694641113, 0.04212379455566406, 0.051459550857543945, 0.05314159393310547, 0.04844832420349121, 0.057769775390625, 0.0528407096862793, 0.0535581111907959, 0.048712968826293945, 0.06204104423522949, 0.05810189247131348, 0.051941633224487305, 0.05426907539367676, 0.05332541465759277, 0.059836626052856445, 0.04793715476989746, 0.053737640380859375, 0.04324650764465332, 0.05688977241516113, 0.04139304161071777, 0.05957293510437012, 0.05731201171875, 0.05442523956298828, 0.05257821083068848, 0.07854509353637695, 0.06727957725524902, 0.08584761619567871], [0.0018880367279052734, 0.0040743350982666016, 0.0016665458679199219, 0.002971172332763672, 0.001201629638671875, 0.0024759769439697266, 0.0012874603271484375, 0.001912832260131836, 0.002150297164916992, 0.0017595291137695312, 0.0020585060119628906, 0.0018956661224365234, 0.00162506103515625, 0.001537322998046875, 0.002385854721069336, 0.002130746841430664, 0.002020597457885742, 0.0019314289093017578, 0.0019953250885009766, 0.0023779869079589844, 0.0014803409576416016, 0.002071857452392578, 0.0013909339904785156, 0.002323150634765625, 0.0006968975067138672, 0.002454042434692383, 0.002222299575805664, 