{"shuffle_centroids_times": [0.024861812591552734], "map_iterdata_times": [0.12883353233337402], "create_map_data": [0.19963884353637695], "map_queries_times": [[[0.7026147842407227, 0.032764434814453125, [0.14508748054504395, 0.19108128547668457, 0.12788105010986328, 0.126267671585083], [0.016628026962280273, 0.02854323387145996, 0.008567333221435547, 0.009316682815551758], [0.0036220550537109375, 0.006207704544067383, 0.002156496047973633, 0.0023114681243896484], 0.0021271705627441406], [0.7860641479492188, 0.03674745559692383, [0.15534758567810059, 0.15530657768249512, 0.1651008129119873, 0.188140869140625], [0.016543149948120117, 0.020184993743896484, 0.013500452041625977, 0.01679062843322754], [0.0029723644256591797, 0.0030896663665771484, 0.003859281539916992, 0.0059185028076171875], 0.002502918243408203], [0.6455328464508057, 0.03202486038208008, [0.12317371368408203, 0.15407252311706543, 0.16057181358337402, 0.10796284675598145], [0.01104593276977539, 0.019774675369262695, 0.016928672790527344, 0.00638127326965332], [0.00200653076171875, 0.004224061965942383, 0.003986358642578125, 0.0015964508056640625], 0.0017399787902832031], [0.7491183280944824, 0.034073829650878906, [0.17245888710021973, 0.12507915496826172, 0.1457505226135254, 0.18660521507263184], [0.018770217895507812, 0.0162661075592041, 0.012206077575683594, 0.01971578598022461], [0.003965616226196289, 0.002675771713256836, 0.0038204193115234375, 0.005070924758911133], 0.002599000930786133]]], "map_execution": [5.106757402420044], "map_invoke": [[0.6240510940551758, 0.6028990745544434, 0.5222358703613281, 0.5712215900421143]], "create_reduce_data": [0.1937119960784912], "reduce_iterdata_times": [0.1929490566253662], "reduce_queries_times": [[0.04304814338684082]], "reduce_execution_times": [3.177216053009033], "reduce_invoke": [[0.6742188930511475]], "divide_reduce_times": [0.00012087821960449219], "total_querying_times": [8.677445411682129], "recalls": [[90.0, 100.0, 60.0, 70.0, 100.0, 100.0, 90.0, 50.0, 90.0, 70.0, 90.0, 100.0, 90.0, 50.0, 100.0, 100.0, 60.0, 100.0, 30.0, 60.0, 100.0, 100.0, 100.0, 70.0, 20.0, 90.0, 60.0, 90.0, 90.0, 100.0, 50.0, 70.0, 60.0, 60.0, 100.0, 100.0, 20.0, 80.0, 100.0, 90.0, 40.0, 100.0, 60.0, 100.0, 100.0, 40.0, 80.0, 30.0, 50.0, 80.0, 70.0, 100.0, 90.0, 90.0, 20.0, 80.0, 70.0, 50.0, 100.0, 80.0, 40.0, 100.0, 40.0, 60.0, 90.0, 20.0, 40.0, 40.0, 90.0, 30.0, 50.0, 70.0, 100.0, 80.0, 100.0, 100.0, 40.0, 100.0, 100.0, 100.0, 80.0, 100.0, 100.0, 90.0, 40.0, 70.0, 100.0, 100.0, 100.0, 90.0, 60.0, 30.0, 30.0, 30.0, 100.0, 30.0, 100.0, 50.0, 60.0, 100.0, 30.0, 100.0, 20.0, 60.0, 10.0, 0.0, 100.0, 60.0, 10.0, 100.0, 70.0, 20.0, 60.0, 100.0, 50.0, 100.0, 100.0, 100.0, 40.0, 30.0, 90.0, 10.0, 90.0, 100.0, 40.0, 20.0, 80.0, 80.0, 70.0, 50.0, 20.0, 60.0, 30.0, 90.0, 60.0, 60.0, 50.0, 100.0, 20.0, 90.0, 20.0, 100.0, 100.0, 100.0, 90.0, 60.0, 70.0, 100.0, 20.0, 90.0, 10.0, 100.0, 60.0, 30.0, 100.0, 100.0, 70.0, 100.0, 100.0, 90.0, 100.0, 70.0, 100.0, 100.0, 70.0, 10.0, 80.0, 50.0, 50.0, 10.0, 100.0, 100.0, 100.0, 50.0, 40.0, 100.0, 90.0, 80.0, 100.0, 80.0, 100.0, 80.0, 80.0, 90.0, 100.0, 70.0, 100.0, 80.0, 100.0, 30.0, 90.0, 100.0, 10.0, 40.0, 100.0, 70.0, 70.0, 100.0, 100.0, 40.0, 80.0, 50.0, 40.0, 40.0, 70.0, 60.0, 30.0, 40.0, 70.0, 80.0, 100.0, 90.0, 30.0, 100.0, 100.0, 80.0, 100.0, 20.0, 50.0, 70.0, 100.0, 100.0, 80.0, 40.0, 40.0, 100.0, 90.0, 100.0, 80.0, 100.0, 100.0, 10.0, 90.0, 10.0, 100.0, 20.0, 40.0, 50.0, 90.0, 80.0, 100.0, 90.0, 0.0, 40.0, 30.0, 30.0, 70.0, 100.0, 90.0, 100.0, 100.0, 90.0, 80.0, 100.0, 100.0, 100.0, 80.0, 100.0, 90.0, 70.0, 20.0, 20.0, 100.0, 100.0, 40.0, 0.0, 100.0, 100.0, 100.0, 30.0, 50.0, 40.0, 80.0, 60.0, 50.0, 10.0, 100.0, 50.0, 100.0, 100.0, 50.0, 70.0, 0.0, 60.0, 100.0, 80.0, 50.0, 70.0, 80.0, 100.0, 100.0, 90.0, 70.0, 60.0, 90.0, 70.0, 30.0, 100.0, 100.0, 80.0, 100.0, 20.0, 90.0, 100.0, 90.0, 100.0, 30.0, 60.0, 100.0, 20.0, 80.0, 90.0, 60.0, 20.0, 90.0, 80.0, 30.0, 70.0, 100.0, 30.0, 100.0, 50.0, 80.0, 100.0, 100.0, 100.0, 100.0, 40.0, 80.0, 40.0, 50.0, 80.0, 100.0, 60.0, 100.0, 100.0, 80.0, 80.0, 40.0, 100.0, 100.0, 60.0, 80.0, 70.0, 40.0, 90.0, 100.0, 100.0, 30.0, 80.0, 90.0, 100.0, 90.0, 10.0, 100.0, 40.0, 100.0, 70.0, 100.0, 30.0, 30.0, 80.0, 90.0, 60.0, 90.0, 100.0, 80.0, 90.0, 100.0, 60.0, 20.0, 20.0, 20.0, 100.0, 20.0, 100.0, 70.0, 100.0, 100.0, 10.0, 90.0, 30.0, 90.0, 90.0, 0.0, 90.0, 70.0, 100.0, 30.0, 80.0, 100.0, 60.0, 70.0, 80.0, 80.0, 90.0, 100.0, 100.0, 100.0, 90.0, 60.0, 100.0, 80.0, 90.0, 100.0, 30.0, 60.0, 100.0, 100.0, 60.0, 100.0, 60.0, 70.0, 90.0, 100.0, 60.0, 80.0, 20.0, 100.0, 100.0, 100.0, 80.0, 10.0, 90.0, 100.0, 20.0, 60.0, 100.0, 100.0, 100.0, 80.0, 40.0, 100.0, 100.0, 100.0, 90.0, 100.0, 60.0, 100.0, 80.0, 80.0, 100.0, 70.0, 60.0, 100.0, 80.0, 80.0, 20.0, 80.0, 90.0, 30.0, 100.0, 80.0, 50.0, 100.0, 50.0, 40.0, 90.0, 40.0, 100.0, 100.0, 80.0, 100.0, 100.0, 100.0, 40.0, 100.0, 90.0, 50.0, 90.0, 90.0, 80.0, 10.0, 80.0, 100.0, 100.0, 60.0, 30.0, 90.0, 100.0, 100.0, 40.0, 80.0, 80.0, 20.0, 70.0, 100.0, 80.0, 100.0, 100.0, 30.0, 80.0, 100.0, 100.0, 90.0, 100.0, 90.0, 100.0, 100.0, 90.0, 60.0, 20.0, 100.0, 100.0, 30.0, 30.0, 100.0, 20.0, 30.0, 0.0, 80.0, 100.0, 40.0, 100.0, 30.0, 70.0, 100.0, 50.0, 90.0, 100.0, 90.0, 100.0, 80.0, 100.0, 10.0, 50.0, 20.0, 100.0, 90.0, 90.0, 100.0, 60.0, 80.0, 100.0, 30.0, 100.0, 40.0, 60.0, 100.0, 100.0, 100.0, 60.0, 80.0, 100.0, 70.0, 60.0, 90.0, 100.0, 90.0, 80.0, 20.0, 90.0, 0.0, 80.0, 90.0, 50.0, 100.0, 70.0, 100.0, 80.0, 100.0, 40.0, 100.0, 10.0, 60.0, 30.0, 100.0, 100.0, 100.0, 100.0, 80.0, 80.0, 90.0, 70.0, 90.0, 70.0, 10.0, 80.0, 40.0, 60.0, 70.0, 100.0, 90.0, 80.0, 100.0, 30.0, 30.0, 60.0, 10.0, 40.0, 30.0, 10.0, 60.0, 70.0, 100.0, 90.0, 40.0, 100.0, 30.0, 80.0, 100.0, 100.0, 30.0, 100.0, 100.0, 100.0, 50.0, 90.0, 80.0, 100.0, 100.0, 80.0, 20.0, 90.0, 80.0, 40.0, 0.0, 90.0, 80.0, 70.0, 40.0, 80.0, 80.0, 40.0, 40.0, 90.0, 100.0, 60.0, 90.0, 80.0, 80.0, 100.0, 100.0, 80.0, 90.0, 80.0, 80.0, 90.0, 70.0, 90.0, 100.0, 100.0, 100.0, 90.0, 90.0, 100.0, 50.0, 100.0, 100.0, 60.0, 10.0, 20.0, 100.0, 100.0, 90.0, 70.0, 40.0, 60.0, 100.0, 100.0, 50.0, 70.0, 100.0, 100.0, 30.0, 60.0, 50.0, 70.0, 100.0, 100.0, 100.0, 100.0, 90.0, 50.0, 90.0, 100.0, 100.0, 100.0, 0.0, 100.0, 10.0, 0.0, 70.0, 60.0, 60.0, 70.0, 90.0, 40.0, 80.0, 70.0, 80.0, 70.0, 80.0, 50.0, 100.0, 100.0, 70.0, 50.0, 60.0, 80.0, 80.0, 90.0, 100.0, 100.0, 10.0, 20.0, 100.0, 30.0, 90.0, 100.0, 90.0, 90.0, 100.0, 80.0, 100.0, 50.0, 100.0, 100.0, 90.0, 80.0, 40.0, 40.0, 100.0, 90.0, 100.0, 90.0, 100.0, 100.0, 100.0, 70.0, 60.0, 100.0, 100.0, 100.0, 30.0, 10.0, 70.0, 100.0, 90.0, 90.0, 0.0, 60.0, 90.0, 100.0, 100.0, 100.0, 100.0, 50.0, 100.0, 90.0, 60.0, 100.0, 70.0, 100.0, 60.0, 90.0, 100.0, 100.0, 90.0, 100.0, 100.0, 0.0, 10.0, 60.0, 100.0, 100.0, 80.0, 100.0, 60.0, 40.0, 90.0, 100.0, 0.0, 100.0, 100.0, 90.0, 80.0, 10.0, 70.0, 100.0, 100.0, 100.0, 60.0, 90.0, 100.0, 40.0, 50.0, 90.0, 30.0, 100.0, 90.0, 0.0, 60.0, 90.0, 90.0, 80.0, 60.0, 100.0, 90.0, 100.0, 90.0, 60.0, 100.0, 20.0, 60.0, 90.0, 60.0, 100.0, 100.0, 100.0, 50.0, 90.0, 80.0, 70.0, 60.0, 100.0, 100.0, 100.0, 90.0, 70.0, 40.0, 0.0, 80.0, 70.0, 90.0, 80.0, 30.0, 100.0, 80.0, 60.0, 60.0, 70.0, 100.0, 20.0, 80.0, 100.0, 80.0, 100.0, 70.0, 50.0, 100.0, 100.0, 90.0, 100.0, 80.0, 40.0, 40.0, 20.0, 100.0, 50.0, 30.0, 60.0, 100.0, 40.0, 90.0, 100.0, 50.0, 60.0, 60.0, 70.0, 10.0, 100.0, 10.0, 100.0, 100.0, 100.0, 100.0, 90.0, 30.0, 50.0, 100.0, 90.0, 30.0, 90.0, 70.0, 100.0, 100.0, 50.0, 30.0, 100.0, 60.0, 100.0, 90.0, 10.0, 70.0, 100.0, 100.0, 90.0, 50.0, 90.0, 80.0, 100.0, 20.0, 100.0, 90.0, 10.0, 90.0, 100.0, 40.0, 90.0, 80.0, 100.0, 100.0, 100.0, 100.0, 90.0, 100.0, 100.0, 80.0, 100.0, 100.0, 100.0, 100.0, 30.0, 90.0, 10.0, 40.0, 70.0, 30.0, 10.0, 100.0, 60.0, 70.0, 100.0, 90.0, 10.0, 100.0, 80.0, 40.0, 100.0, 100.0, 40.0, 90.0, 60.0, 90.0, 90.0, 20.0, 100.0, 70.0, 70.0, 100.0, 90.0, 70.0, 100.0, 90.0, 70.0, 100.0, 50.0, 100.0, 100.0, 100.0, 80.0, 20.0, 90.0, 10.0, 