{"shuffle_centroids_times": [0.06760573387145996], "map_iterdata_times": [0.36861515045166016], "create_map_data": [0.48198652267456055], "map_queries_times": [[[1.0537102222442627, 0.06965136528015137, [0.1160116195678711, 0.10845708847045898, 0.10983753204345703, 0.1065983772277832, 0.1069800853729248, 0.1069648265838623, 0.10409784317016602, 0.10599899291992188], [0.004782676696777344, 0.00627589225769043, 0.00635838508605957, 0.003028392791748047, 0.004526376724243164, 0.0037870407104492188, 0.0037627220153808594, 0.0045468807220458984], [0.0044591426849365234, 0.0032837390899658203, 0.018016815185546875, 0.0025861263275146484, 0.013330698013305664, 0.005067586898803711, 0.007776021957397461, 0.00633549690246582], 0.021118879318237305], [1.179429531097412, 0.06707310676574707, [0.11412620544433594, 0.10925698280334473, 0.11054444313049316, 0.11993646621704102, 0.10880661010742188, 0.10629963874816895, 0.11914753913879395, 0.1091763973236084], [0.008147239685058594, 0.007111549377441406, 0.00509953498840332, 0.0059719085693359375, 0.008303165435791016, 0.004698276519775391, 0.006525516510009766, 0.008564472198486328], [0.005636453628540039, 0.008414983749389648, 0.005231142044067383, 0.00774073600769043, 0.007937908172607422, 0.011198282241821289, 0.004689216613769531, 0.00788426399230957], 0.10182046890258789], [1.091522455215454, 0.05430316925048828, [0.15541911125183105, 0.11463117599487305, 0.09664058685302734, 0.12403106689453125, 0.12234973907470703, 0.11087989807128906, 0.10335803031921387, 0.08109641075134277], [0.013056755065917969, 0.010782241821289062, 0.0036728382110595703, 0.008946657180786133, 0.011528491973876953, 0.006246089935302734, 0.003941059112548828, 0.003176450729370117], [0.007622480392456055, 0.007877111434936523, 0.002393484115600586, 0.010591983795166016, 0.008211851119995117, 0.008783340454101562, 0.0036880970001220703, 0.0033330917358398438], 0.014873266220092773], [1.0387463569641113, 0.06016969680786133, [0.11339497566223145, 0.11027693748474121, 0.1076345443725586, 0.1077425479888916, 0.1067819595336914, 0.10920977592468262, 0.10615301132202148, 0.1093909740447998], [0.006562471389770508, 0.01011800765991211, 0.00598454475402832, 0.007719755172729492, 0.004162788391113281, 0.0052490234375, 0.005545377731323242, 0.005983591079711914], [0.005405902862548828, 0.0069501399993896484, 0.006891012191772461, 0.0074536800384521484, 0.003464937210083008, 0.006070852279663086, 0.004616260528564453, 0.0020074844360351562], 0.013727188110351562]]], "map_execution": [5.131134510040283], "map_invoke": [[0.5416014194488525, 0.5937163829803467, 0.6045031547546387, 0.5885734558105469]], "create_reduce_data": [0.2963111400604248], "reduce_iterdata_times": [0.2955646514892578], "reduce_queries_times": [[0.07127523422241211]], "reduce_execution_times": [3.1387317180633545], "reduce_invoke": [[0.5676331520080566]], "divide_reduce_times": [9.918212890625e-05], "total_querying_times": [9.048263311386108], "recalls": [[100.0, 100.0, 90.0, 100.0, 80.0, 100.0, 60.0, 70.0, 100.0, 100.0, 90.0, 100.0, 100.0, 100.0, 100.0, 90.0, 90.0, 100.0, 80.0, 80.0, 100.0, 100.0, 100.0, 100.0, 90.0, 90.0, 100.0, 90.0, 100.0, 100.0, 80.0, 90.0, 100.0, 100.0, 100.0, 100.0, 100.0, 100.0, 100.0, 100.0, 80.0, 90.0, 100.0, 100.0, 90.0, 80.0, 100.0, 100.0, 100.0, 80.0, 60.0, 100.0, 100.0, 100.0, 80.0, 100.0, 100.0, 70.0, 100.0, 100.0, 100.0, 90.0, 100.0, 70.0, 100.0, 100.0, 100.0, 100.0, 80.0, 80.0, 90.0, 100.0, 100.0, 100.0, 100.0, 100.0, 100.0, 100.0, 100.0, 100.0, 100.0, 100.0, 100.0, 60.0, 90.0, 100.0, 100.0, 100.0, 100.0, 90.0, 90.0, 90.0, 100.0, 70.0, 100.0, 90.0, 100.0, 100.0, 100.0, 100.0, 100.0, 100.0, 100.0, 90.0, 100.0, 80.0, 100.0, 100.0, 60.0, 100.0, 90.0, 100.0, 90.0, 100.0, 100.0, 100.0, 100.0, 100.0, 100.0, 90.0, 100.0, 100.0, 60.0, 100.0, 80.0, 100.0, 100.0, 100.0, 70.0, 100.0, 100.0, 90.0, 90.0, 80.0, 100.0, 80.0, 100.0, 100.0, 100.0, 100.0, 100.0, 100.0, 100.0, 100.0, 70.0, 100.0, 100.0, 100.0, 100.0, 90.0, 100.0, 100.0, 100.0, 90.0, 100.0, 100.0, 100.0, 100.0, 100.0, 100.0, 100.0, 90.0, 100.0, 100.0, 100.0, 70.0, 90.0, 80.0, 50.0, 100.0, 100.0, 100.0, 100.0, 100.0, 100.0, 100.0, 80.0, 100.0, 100.0, 100.0, 100.0, 60.0, 100.0, 100.0, 100.0, 90.0, 100.0, 100.0, 60.0, 100.0, 90.0, 100.0, 100.0, 90.0, 100.0, 80.0, 100.0, 100.0, 100.0, 100.0, 90.0, 100.0, 100.0, 50.0, 90.0, 100.0, 100.0, 90.0, 90.0, 80.0, 100.0, 100.0, 70.0, 100.0, 100.0, 90.0, 100.0, 100.0, 100.0, 100.0, 100.0, 100.0, 100.0, 100.0, 90.0, 100.0, 100.0, 100.0, 90.0, 90.0, 100.0, 80.0, 100.0, 100.0, 100.0, 80.0, 70.0, 80.0, 90.0, 100.0, 80.0, 80.0, 80.0, 100.0, 100.0, 100.0, 100.0, 100.0, 100.0, 80.0, 100.0, 90.0, 100.0, 100.0, 100.0, 100.0, 90.0, 100.0, 100.0, 100.0, 100.0, 90.0, 100.0, 100.0, 100.0, 100.0, 100.0, 100.0, 100.0, 90.0, 100.0, 100.0, 90.0, 100.0, 100.0, 100.0, 100.0, 100.0, 100.0, 100.0, 100.0, 90.0, 90.0, 100.0, 100.0, 80.0, 80.0, 100.0, 80.0, 90.0, 100.0, 80.0, 90.0, 90.0, 100.0, 100.0, 100.0, 100.0, 100.0, 100.0, 100.0, 70.0, 80.0, 90.0, 90.0, 100.0, 80.0, 100.0, 100.0, 60.0, 100.0, 100.0, 100.0, 100.0, 100.0, 80.0, 90.0, 100.0, 100.0, 70.0, 100.0, 70.0, 100.0, 100.0, 100.0, 100.0, 90.0, 40.0, 100.0, 100.0, 80.0, 80.0, 100.0, 90.0, 90.0, 100.0, 100.0, 80.0, 100.0, 100.0, 100.0, 100.0, 100.0, 100.0, 90.0, 100.0, 100.0, 100.0, 90.0, 100.0, 80.0, 100.0, 100.0, 80.0, 90.0, 100.0, 100.0, 80.0, 100.0, 80.0, 100.0, 80.0, 90.0, 100.0, 90.0, 100.0, 100.0, 90.0, 100.0, 90.0, 70.0, 90.0, 80.0, 100.0, 80.0, 100.0, 100.0, 100.0, 100.0, 100.0, 90.0, 100.0, 100.0, 90.0, 100.0, 80.0, 100.0, 100.0, 100.0, 100.0, 90.0, 100.0, 90.0, 100.0, 100.0, 100.0, 100.0, 100.0, 100.0, 100.0, 80.0, 100.0, 100.0, 100.0, 100.0, 90.0, 70.0, 90.0, 100.0, 90.0, 100.0, 90.0, 100.0, 100.0, 100.0, 100.0, 100.0, 100.0, 100.0, 100.0, 100.0, 90.0, 100.0, 80.0, 100.0, 100.0, 80.0, 100.0, 100.0, 100.0, 100.0, 100.0, 80.0, 100.0, 100.0, 90.0, 100.0, 90.0, 100.0, 100.0, 100.0, 100.0, 60.0, 100.0, 100.0, 100.0, 100.0, 90.0, 100.0, 90.0, 100.0, 100.0, 100.0, 100.0, 100.0, 100.0, 90.0, 100.0, 100.0, 100.0, 100.0, 100.0, 100.0, 100.0, 100.0, 100.0, 100.0, 100.0, 80.0, 100.0, 100.0, 100.0, 90.0, 100.0, 100.0, 100.0, 100.0, 100.0, 100.0, 100.0, 100.0, 70.0, 100.0, 100.0, 100.0, 90.0, 100.0, 100.0, 90.0, 100.0, 100.0, 100.0, 100.0, 100.0, 100.0, 100.0, 100.0, 100.0, 100.0, 100.0, 90.0, 90.0, 100.0, 100.0, 100.0, 100.0, 100.0, 100.0, 90.0, 90.0, 100.0, 100.0, 100.0, 90.0, 100.0, 80.0, 100.0, 100.0, 90.0, 100.0, 100.0, 100.0, 100.0, 100.0, 100.0, 90.0, 100.0, 100.0, 100.0, 100.0, 100.0, 100.0, 90.0, 100.0, 80.0, 100.0, 100.0, 90.0, 100.0, 100.0, 100.0, 80.0, 100.0, 90.0, 100.0, 90.0, 100.0, 100.0, 100.0, 100.0, 100.0, 100.0, 70.0, 100.0, 100.0, 100.0, 100.0, 80.0, 100.0, 100.0, 100.0, 90.0, 100.0, 90.0, 90.0, 90.0, 100.0, 100.0, 100.0, 90.0, 90.0, 90.0, 90.0, 100.0, 90.0, 90.0, 60.0, 80.0, 90.0, 100.0, 90.0, 100.0, 100.0, 100.0, 100.0, 100.0, 90.0, 100.0, 100.0, 80.0, 100.0, 60.0, 70.0, 100.0, 100.0, 100.0, 100.0, 100.0, 100.0, 100.0, 100.0, 100.0, 50.0, 100.0, 100.0, 100.0, 100.0, 100.0, 100.0, 100.0, 100.0, 100.0, 100.0, 100.0, 50.0, 100.0, 100.0, 100.0, 100.0, 100.0, 90.0, 100.0, 100.0, 100.0, 100.0, 90.0, 100.0, 100.0, 100.0, 100.0, 100.0, 100.0, 100.0, 100.0, 100.0, 80.0, 100.0, 80.0, 100.0, 100.0, 90.0, 100.0, 90.0, 90.0, 100.0, 100.0, 100.0, 100.0, 100.0, 100.0, 100.0, 100.0, 100.0, 100.0, 100.0, 100.0, 100.0, 100.0, 100.0, 100.0, 100.0, 100.0, 100.0, 100.0, 90.0, 100.0, 70.0, 100.0, 100.0, 100.0, 100.0, 100.0, 90.0, 90.0, 100.0, 100.0, 100.0, 100.0, 100.0, 100.0, 100.0, 90.0, 100.0, 100.0, 80.0, 100.0, 100.0, 90.0, 90.0, 100.0, 70.0, 80.0, 100.0, 100.0, 100.0, 100.0, 100.0, 100.0, 90.0, 90.0, 100.0, 90.0, 100.0, 100.0, 100.0, 100.0, 100.0, 90.0, 100.0, 100.0, 100.0, 100.0, 100.0, 100.0, 100.0, 70.0, 100.0, 100.0, 90.0, 100.0, 100.0, 90.0, 100.0, 100.0, 100.0, 80.0, 100.0, 100.0, 90.0, 100.0, 100.0, 100.0, 100.0, 100.0, 100.0, 100.0, 80.0, 100.0, 100.0, 100.0, 100.0, 100.0, 80.0, 100.0, 90.0, 100.0, 100.0, 90.0, 