{"shuffle_centroids_times": [0.03237318992614746], "map_iterdata_times": [0.27854084968566895], "create_map_data": [0.35595226287841797], "map_queries_times": [[[1.2704856395721436, 0.1310596466064453, [0.12350869178771973, 0.14612150192260742, 0.10896158218383789, 0.10360193252563477, 0.10561347007751465, 0.10049724578857422, 0.1059415340423584, 0.10953378677368164], [0.004499197006225586, 0.006060600280761719, 0.006639957427978516, 0.003633737564086914, 0.003729581832885742, 0.0036597251892089844, 0.0040056705474853516, 0.004109859466552734], [0.01781916618347168, 0.007367610931396484, 0.036086320877075195, 0.007807016372680664, 0.02490973472595215, 0.02191162109375, 0.015318632125854492, 0.021254539489746094], 0.04676008224487305], [1.3697998523712158, 0.22504544258117676, [0.1159813404083252, 0.11805510520935059, 0.11305451393127441, 0.11204934120178223, 0.12107968330383301, 0.11020898818969727, 0.11100363731384277, 0.08348631858825684], [0.006258726119995117, 0.010394096374511719, 0.0048944950103759766, 0.0054168701171875, 0.011268138885498047, 0.004077434539794922, 0.005849123001098633, 0.0031697750091552734], [0.02069997787475586, 0.022562742233276367, 0.017720460891723633, 0.01935720443725586, 0.02304363250732422, 0.01731419563293457, 0.01752161979675293, 0.0164642333984375], 0.05373239517211914], [1.400651216506958, 0.18203997611999512, [0.12368083000183105, 0.10760951042175293, 0.1134500503540039, 0.11261343955993652, 0.10934162139892578, 0.11178469657897949, 0.10765314102172852, 0.10933399200439453], [0.009768962860107422, 0.006058454513549805, 0.007672786712646484, 0.00503849983215332, 0.004584312438964844, 0.00862431526184082, 0.0062944889068603516, 0.0057239532470703125], [0.11892294883728027, 0.012357234954833984, 0.01997685432434082, 0.015158414840698242, 0.014159679412841797, 0.013924598693847656, 0.017986297607421875, 0.012390613555908203], 0.044394493103027344], [1.2395997047424316, 0.11232352256774902, [0.12243223190307617, 0.11288714408874512, 0.1831212043762207, 0.10984635353088379, 0.10766959190368652, 0.09470844268798828, 0.10956263542175293, 0.10984945297241211], [0.008057355880737305, 0.008288145065307617, 0.007479190826416016, 0.0081787109375, 0.005989789962768555, 0.003488779067993164, 0.00861811637878418, 0.0063283443450927734], [0.010361433029174805, 0.013355731964111328, 0.007753133773803711, 0.014780044555664062, 0.01809382438659668, 0.007569074630737305, 0.012922525405883789, 0.003965139389038086], 0.031894683837890625]]], "map_execution": [3.21616268157959], "map_invoke": [[0.5325403213500977, 0.6188058853149414, 0.6457242965698242, 0.5712077617645264]], "create_reduce_data": [0.1552419662475586], "reduce_iterdata_times": [0.15438342094421387], "reduce_queries_times": [[0.14145994186401367]], "reduce_execution_times": [3.119436502456665], "reduce_invoke": [[0.6178140640258789]], "divide_reduce_times": [5.53131103515625e-05], "total_querying_times": [6.846848964691162], "recalls": [[100.0, 100.0, 90.0, 100.0, 80.0, 100.0, 60.0, 70.0, 100.0, 100.0, 90.0, 100.0, 100.0, 100.0, 100.0, 90.0, 90.0, 100.0, 80.0, 80.0, 100.0, 100.0, 100.0, 100.0, 90.0, 90.0, 100.0, 90.0, 100.0, 100.0, 100.0, 90.0, 100.0, 100.0, 100.0, 100.0, 100.0, 100.0, 100.0, 100.0, 80.0, 90.0, 100.0, 100.0, 90.0, 80.0, 100.0, 100.0, 100.0, 80.0, 60.0, 100.0, 100.0, 100.0, 80.0, 100.0, 100.0, 70.0, 100.0, 100.0, 100.0, 90.0, 100.0, 70.0, 100.0, 100.0, 100.0, 100.0, 80.0, 80.0, 90.0, 100.0, 100.0, 100.0, 100.0, 100.0, 100.0, 100.0, 100.0, 100.0, 100.0, 100.0, 100.0, 60.0, 90.0, 100.0, 100.0, 100.0, 100.0, 90.0, 90.0, 100.0, 100.0, 90.0, 100.0, 100.0, 100.0, 100.0, 100.0, 100.0, 100.0, 100.0, 100.0, 100.0, 100.0, 80.0, 100.0, 100.0, 100.0, 100.0, 90.0, 100.0, 100.0, 100.0, 100.0, 100.0, 100.0, 100.0, 100.0, 90.0, 100.0, 100.0, 60.0, 100.0, 80.0, 100.0, 100.0, 100.0, 70.0, 100.0, 100.0, 90.0, 90.0, 80.0, 100.0, 80.0, 100.0, 100.0, 100.0, 100.0, 100.0, 100.0, 100.0, 100.0, 70.0, 100.0, 100.0, 100.0, 100.0, 90.0, 100.0, 100.0, 100.0, 90.0, 100.0, 100.0, 100.0, 100.0, 100.0, 100.0, 100.0, 90.0, 100.0, 100.0, 100.0, 70.0, 90.0, 80.0, 60.0, 100.0, 100.0, 100.0, 100.0, 100.0, 100.0, 100.0, 80.0, 100.0, 100.0, 100.0, 100.0, 70.0, 100.0, 100.0, 100.0, 90.0, 100.0, 100.0, 60.0, 100.0, 90.0, 100.0, 100.0, 90.0, 100.0, 90.0, 100.0, 100.0, 100.0, 100.0, 90.0, 100.0, 100.0, 50.0, 90.0, 100.0, 100.0, 90.0, 90.0, 80.0, 100.0, 100.0, 80.0, 100.0, 100.0, 90.0, 100.0, 100.0, 100.0, 100.0, 100.0, 100.0, 100.0, 100.0, 100.0, 100.0, 100.0, 100.0, 90.0, 90.0, 100.0, 80.0, 100.0, 100.0, 100.0, 80.0, 70.0, 80.0, 90.0, 100.0, 80.0, 90.0, 100.0, 100.0, 100.0, 100.0, 100.0, 100.0, 100.0, 80.0, 100.0, 90.0, 100.0, 100.0, 100.0, 100.0, 90.0, 100.0, 100.0, 100.0, 100.0, 90.0, 100.0, 100.0, 100.0, 100.0, 100.0, 100.0, 100.0, 90.0, 100.0, 100.0, 90.0, 100.0, 100.0, 100.0, 100.0, 100.0, 100.0, 100.0, 100.0, 90.0, 90.0, 100.0, 100.0, 100.0, 80.0, 100.0, 80.0, 90.0, 100.0, 80.0, 90.0, 90.0, 100.0, 100.0, 100.0, 100.0, 100.0, 100.0, 100.0, 80.0, 80.0, 90.0, 90.0, 100.0, 80.0, 100.0, 100.0, 60.0, 100.0, 100.0, 100.0, 100.0, 100.0, 80.0, 100.0, 100.0, 100.0, 80.0, 100.0, 100.0, 100.0, 100.0, 100.0, 100.0, 90.0, 60.0, 100.0, 100.0, 80.0, 80.0, 100.0, 90.0, 90.0, 100.0, 100.0, 80.0, 100.0, 100.0, 100.0, 100.0, 100.0, 100.0, 90.0, 100.0, 100.0, 100.0, 90.0, 100.0, 80.0, 100.0, 100.0, 100.0, 90.0, 100.0, 100.0, 80.0, 100.0, 100.0, 100.0, 80.0, 90.0, 100.0, 90.0, 100.0, 100.0, 90.0, 100.0, 90.0, 90.0, 90.0, 100.0, 100.0, 80.0, 100.0, 100.0, 100.0, 100.0, 100.0, 90.0, 100.0, 100.0, 90.0, 100.0, 80.0, 100.0, 100.0, 100.0, 100.0, 90.0, 100.0, 90.0, 100.0, 100.0, 100.0, 100.0, 100.0, 100.0, 100.0, 90.0, 100.0, 100.0, 100.0, 100.0, 90.0, 70.0, 90.0, 100.0, 90.0, 100.0, 90.0, 100.0, 100.0, 100.0, 100.0, 100.0, 100.0, 100.0, 100.0, 100.0, 90.0, 100.0, 80.0, 100.0, 100.0, 90.0, 100.0, 100.0, 100.0, 100.0, 100.0, 80.0, 100.0, 100.0, 90.0, 100.0, 90.0, 100.0, 100.0, 100.0, 100.0, 60.0, 100.0, 100.0, 100.0, 100.0, 90.0, 100.0, 90.0, 100.0, 100.0, 100.0, 100.0, 100.0, 100.0, 90.0, 100.0, 100.0, 100.0, 100.0, 100.0, 100.0, 100.0, 100.0, 100.0, 100.0, 100.0, 80.0, 100.0, 100.0, 100.0, 90.0, 100.0, 100.0, 100.0, 100.0, 100.0, 100.0, 100.0, 100.0, 70.0, 100.0, 100.0, 100.0, 90.0, 100.0, 100.0, 90.0, 100.0, 100.0, 100.0, 100.0, 100.0, 100.0, 100.0, 100.0, 100.0, 100.0, 100.0, 90.0, 90.0, 100.0, 100.0, 100.0, 100.0, 100.0, 100.0, 100.0, 100.0, 100.0, 100.0, 100.0, 100.0, 100.0, 80.0, 100.0, 100.0, 90.0, 100.0, 100.0, 100.0, 100.0, 100.0, 100.0, 90.0, 100.0, 100.0, 100.0, 100.0, 100.0, 100.0, 90.0, 100.0, 80.0, 100.0, 100.0, 90.0, 100.0, 100.0, 100.0, 80.0, 100.0, 90.0, 100.0, 90.0, 100.0, 100.0, 100.0, 100.0, 100.0, 100.0, 80.0, 100.0, 100.0, 100.0, 100.0, 80.0, 100.0, 100.0, 100.0, 90.0, 100.0, 90.0, 90.0, 90.0, 100.0, 100.0, 100.0, 90.0, 90.0, 90.0, 90.0, 100.0, 90.0, 90.0, 70.0, 80.0, 90.0, 100.0, 90.0, 100.0, 100.0, 100.0, 100.0, 100.0, 90.0, 100.0, 100.0, 80.0, 100.0, 70.0, 80.0, 100.0, 100.0, 100.0, 100.0, 100.0, 100.0, 100.0, 100.0, 100.0, 50.0, 100.0, 100.0, 100.0, 100.0, 100.0, 100.0, 100.0, 100.0, 100.0, 100.0, 100.0, 60.0, 100.0, 100.0, 100.0, 100.0, 100.0, 90.0, 100.0, 100.0, 100.0, 100.0, 90.0, 100.0, 100.0, 100.0, 100.0, 100.0, 100.0, 100.0, 100.0, 100.0, 80.0, 100.0, 80.0, 100.0, 100.0, 90.0, 100.0, 90.0, 90.0, 100.0, 100.0, 100.0, 100.0, 100.0, 100.0, 100.0, 100.0, 100.0, 100.0, 100.0, 100.0, 100.0, 100.0, 100.0, 100.0, 100.0, 100.0, 100.0, 100.0, 90.0, 100.0, 80.0, 100.0, 100.0, 100.0, 100.0, 100.0, 90.0, 100.0, 100.0, 100.0, 100.0, 100.0, 100.0, 100.0, 100.0, 90.0, 100.0, 100.0, 90.0, 100.0, 100.0, 90.0, 90.0, 100.0, 70.0, 80.0, 100.0, 100.0, 100.0, 100.0, 100.0, 100.0, 90.0, 90.0, 100.0, 90.0, 100.0, 100.0, 100.0, 100.0, 100.0, 90.0, 100.0, 100.0, 100.0, 100.0, 100.0, 100.0, 100.0, 80.0, 100.0, 100.0, 90.0, 100.0, 100.0, 90.0, 100.0, 100.0, 100.0, 80.0, 100.0, 100.0, 90.0, 100.0, 100.0, 100.0, 100.0, 100.0, 100.0, 100.0, 80.0, 100.0, 100.0, 100.0, 100.0, 100.0, 80.0, 100.0, 90.0, 100.0, 100.0, 