{"shuffle_centroids_times": [0.1201481819152832], "map_iterdata_times": [0.9129517078399658], "create_map_data": [1.0799672603607178], "map_queries_times": [[[3.2460532188415527, 0.761035680770874, [0.06694173812866211, 0.05288982391357422, 0.04933595657348633, 0.08060956001281738, 0.05510520935058594, 0.05058860778808594, 0.05228304862976074, 0.04787135124206543, 0.046591758728027344, 0.04982447624206543, 0.04545307159423828, 0.04826641082763672, 0.047815799713134766, 0.08403253555297852, 0.07019972801208496, 0.051181793212890625, 0.058187007904052734, 0.05701804161071777, 0.04404425621032715, 0.05973696708679199, 0.05494093894958496, 0.05176830291748047, 0.05839967727661133, 0.04989218711853027, 0.056194305419921875, 0.06392264366149902, 0.05188727378845215, 0.04855990409851074, 0.04646134376525879, 0.05192446708679199, 0.03949236869812012, 0.07206082344055176], [0.0022678375244140625, 0.0017154216766357422, 0.0017948150634765625, 0.0031235218048095703, 0.0020453929901123047, 0.0020177364349365234, 0.0019311904907226562, 0.0016467571258544922, 0.00121307373046875, 0.0018460750579833984, 0.0016932487487792969, 0.0017125606536865234, 0.0016677379608154297, 0.002278566360473633, 0.003023862838745117, 0.0018994808197021484, 0.002232789993286133, 0.002094268798828125, 0.0015716552734375, 0.002233743667602539, 0.0021882057189941406, 0.001920938491821289, 0.002321004867553711, 0.001561880111694336, 0.0023131370544433594, 0.0026094913482666016, 0.0032367706298828125, 0.0017042160034179688, 0.0016031265258789062, 0.0014846324920654297, 0.0012001991271972656, 0.00171661376953125], [0.008652687072753906, 0.00570225715637207, 0.01203775405883789, 0.0047473907470703125, 0.01126861572265625, 0.01169133186340332, 0.011558294296264648, 0.012665271759033203, 0.010634899139404297, 0.013757944107055664, 0.008204460144042969, 0.013491153717041016, 0.013073205947875977, 0.011229991912841797, 0.006040096282958984, 0.012015819549560547, 0.01299428939819336, 0.009990215301513672, 0.09872937202453613, 0.009438276290893555, 0.012480020523071289, 0.013762950897216797, 0.012092351913452148, 0.012042760848999023, 0.013941764831542969, 0.01321721076965332, 0.008556127548217773, 0.012991189956665039, 0.011690378189086914, 0.011829376220703125, 0.01265716552734375, 0.011733293533325195], 0.21251344680786133], [3.310471773147583, 0.7205703258514404, [0.08490180969238281, 0.04774212837219238, 0.06275081634521484, 0.05001020431518555, 0.05212807655334473, 0.055960655212402344, 0.05799150466918945, 0.06490945816040039, 0.055056095123291016, 0.06658077239990234, 0.047759056091308594, 0.04775381088256836, 0.04743623733520508, 0.05334973335266113, 0.056711435317993164, 0.04931211471557617, 0.056426286697387695, 0.0521082878112793, 0.05638241767883301, 0.03614950180053711, 0.04976820945739746, 0.05357789993286133, 0.054206132888793945, 0.05124998092651367, 0.043875932693481445, 0.053647518157958984, 0.07486081123352051, 0.058959245681762695, 0.04291558265686035, 0.05576658248901367, 0.07902145385742188, 0.05173301696777344], [0.0014886856079101562, 0.0016553401947021484, 0.0023224353790283203, 0.0015516281127929688, 0.0019512176513671875, 0.0019953250885009766, 0.0018048286437988281, 0.002334117889404297, 0.001940011978149414, 0.0024597644805908203, 0.0015995502471923828, 0.0014603137969970703, 0.0015184879302978516, 0.0018758773803710938, 0.0020067691802978516, 0.001859903335571289, 0.001936197280883789, 0.0017547607421875, 0.001959562301635742, 0.0010530948638916016, 0.0014955997467041016, 0.0018825531005859375, 0.002022981643676758, 0.001726388931274414, 0.0012955665588378906, 0.001344442367553711, 0.0021224021911621094, 0.0021440982818603516, 0.0015230178833007812, 0.0021445751190185547, 0.0027527809143066406, 0.0017905235290527344], [0.011994600296020508, 0.012218475341796875, 0.01226043701171875, 0.010825395584106445, 0.010183334350585938, 0.012134313583374023, 0.012212514877319336, 0.012511491775512695, 0.08609342575073242, 0.010703563690185547, 0.011320829391479492, 0.011530876159667969, 0.011410951614379883, 0.011398792266845703, 0.011635303497314453, 0.010996103286743164, 0.012699604034423828, 0.012855768203735352, 0.011814594268798828, 0.010770320892333984, 0.007479429244995117, 0.013639211654663086, 0.011379480361938477, 0.010815143585205078, 0.011011838912963867, 0.011220216751098633, 0.013157844543457031, 0.012032508850097656, 0.014421224594116211, 0.012671232223510742, 0.008636951446533203, 0.010462045669555664], 0.3154170513153076], [3.1326634883880615, 0.6667211055755615, [0.06069350242614746, 0.04421186447143555, 0.047049522399902344, 0.04997372627258301, 0.06505084037780762, 0.06294012069702148, 0.052794456481933594, 0.047579050064086914, 0.05283641815185547, 0.06166219711303711, 0.04077601432800293, 0.05347847938537598, 0.06496000289916992, 0.04399919509887695, 0.050546884536743164, 0.07027149200439453, 0.04790472984313965, 0.05215334892272949, 0.056883811950683594, 0.05126786231994629, 0.07502055168151855, 0.06243538856506348, 0.07063126564025879, 0.05672955513000488, 0.0561220645904541, 0.05864548683166504, 0.04876589775085449, 0.05391263961791992, 0.04985642433166504, 0.05591893196105957, 0.05240941047668457, 0.07526755332946777], [0.0022764205932617188, 0.0014541149139404297, 0.0017130374908447266, 0.0018608570098876953, 0.0024421215057373047, 0.002022266387939453, 0.0019028186798095703, 0.0014853477478027344, 0.0020744800567626953, 0.0023534297943115234, 0.001379251480102539, 0.002007007598876953, 0.0024383068084716797, 0.0017046928405761719, 0.0019252300262451172, 0.0026209354400634766, 0.0016102790832519531, 0.0016770362854003906, 0.0018956661224365234, 0.0018038749694824219, 0.0027599334716796875, 0.0024309158325195312, 0.0027108192443847656, 0.0020809173583984375, 0.0019240379333496094, 0.0022094249725341797, 0.0017156600952148438, 0.0017812252044677734, 0.0018813610076904297, 0.0017635822296142578, 0.0017914772033691406, 0.0029752254486083984], [0.01587533950805664, 0.011589765548706055, 0.008866310119628906, 0.010680913925170898, 0.009703636169433594, 0.01229548454284668, 0.013445377349853516, 0.01123666763305664, 0.012383460998535156, 0.013452529907226562, 0.009580135345458984, 0.013405084609985352, 0.006300449371337891, 0.00857996940612793, 0.011549949645996094, 0.012197494506835938, 0.011482954025268555, 0.009111404418945312, 0.00595545768737793, 0.01023721694946289, 0.007790327072143555, 0.012467384338378906, 0.014286518096923828, 0.007723569869995117, 0.009778738021850586, 0.009433746337890625, 0.007948875427246094, 0.011368751525878906, 0.009698867797851562, 0.009561777114868164, 0.09220385551452637, 0.005936622619628906], 0.19214320182800293], [2.7222156524658203, 0.37747764587402344, [0.04787635803222656, 0.061203956604003906, 0.09576749801635742, 0.053205013275146484, 0.05726456642150879, 0.05902266502380371, 0.04461336135864258, 0.06571793556213379, 0.05434751510620117, 0.06676101684570312, 0.047785282135009766, 0.05487561225891113, 0.06995487213134766, 0.04970359802246094, 0.044370412826538086, 0.07238888740539551, 0.047957658767700195, 0.05201983451843262, 0.051671504974365234, 0.04902386665344238, 0.05384087562561035, 0.0597074031829834, 0.07709479331970215, 0.05517220497131348, 0.06066012382507324, 0.04676413536071777, 0.04327535629272461, 0.06627964973449707, 0.05275249481201172, 0.05889773368835449, 0.05141925811767578, 0.08485698699951172], [0.0011816024780273438, 0.0021800994873046875, 0.0020477771759033203, 0.0019328594207763672, 0.002278566360473633, 0.0022919178009033203, 0.0015027523040771484, 0.0023970603942871094, 0.001982450485229492, 0.002633810043334961, 0.001707315444946289, 0.0020072460174560547, 0.0027649402618408203, 0.0015604496002197266, 0.0014164447784423828, 0.0020394325256347656, 0.001325845718383789, 0.0019040107727050781, 0.0019288063049316406, 0.0016515254974365234, 0.0020766258239746094, 0.002324819564819336, 0.0027496814727783203, 0.001463174819946289, 0.002094745635986328, 0.0013489723205566406, 