{"shuffle_centroids_times": [0.025480270385742188], "map_iterdata_times": [0.1449136734008789], "create_map_data": [0.21750617027282715], "map_queries_times": [[[1.027794361114502, 0.03510117530822754, [0.11431503295898438, 0.11065530776977539, 0.11236906051635742, 0.1114492416381836, 0.11139178276062012, 0.1123666763305664, 0.10885190963745117, 0.12480783462524414], [0.009365320205688477, 0.010488033294677734, 0.009112358093261719, 0.008254051208496094, 0.005179882049560547, 0.007786989212036133, 0.008450031280517578, 0.011185169219970703], [0.0015392303466796875, 0.001734018325805664, 0.0016298294067382812, 0.001669168472290039, 0.000885009765625, 0.0019702911376953125, 0.0016582012176513672, 0.002796649932861328], 0.0026869773864746094], [1.0319240093231201, 0.04137301445007324, [0.12482905387878418, 0.09956598281860352, 0.11272430419921875, 0.1140451431274414, 0.11289238929748535, 0.11806392669677734, 0.11279082298278809, 0.11380672454833984], [0.01228022575378418, 0.005972862243652344, 0.006526947021484375, 0.007720470428466797, 0.005622386932373047, 0.011409521102905273, 0.009893178939819336, 0.0067021846771240234], [0.001806497573852539, 0.0008094310760498047, 0.001943349838256836, 0.001377105712890625, 0.001068115234375, 0.002669811248779297, 0.0018947124481201172, 0.001318216323852539], 0.0027360916137695312], [0.907630205154419, 0.02447342872619629, [0.106719970703125, 0.10637307167053223, 0.10960054397583008, 0.10657167434692383, 0.07908987998962402, 0.10543251037597656, 0.10914373397827148, 0.10447931289672852], [0.006138801574707031, 0.007317781448364258, 0.008246660232543945, 0.004187107086181641, 0.0026426315307617188, 0.0047948360443115234, 0.0069386959075927734, 0.0042688846588134766], [0.0013518333435058594, 0.0009262561798095703, 0.0021779537200927734, 0.001047372817993164, 0.0003638267517089844, 0.0008318424224853516, 0.001224517822265625, 0.0008747577667236328], 0.002353668212890625], [0.9472494125366211, 0.031023740768432617, [0.11102819442749023, 0.11157727241516113, 0.10847616195678711, 0.10821032524108887, 0.10657668113708496, 0.10737919807434082, 0.10559368133544922, 0.09974884986877441], [0.006986141204833984, 0.00903010368347168, 0.006191730499267578, 0.004890918731689453, 0.005039691925048828, 0.004625082015991211, 0.004613161087036133, 0.0058820247650146484], [0.0013003349304199219, 0.0020797252655029297, 0.0010631084442138672, 0.0011224746704101562, 0.0008478164672851562, 0.0010287761688232422, 0.0006086826324462891, 0.0006611347198486328], 0.001600503921508789]]], "map_execution": [3.0896241664886475], "map_invoke": [[0.6056640148162842, 0.550123929977417, 0.51346755027771, 0.5807003974914551]], "create_reduce_data": [0.13803577423095703], "reduce_iterdata_times": [0.13716506958007812], "reduce_queries_times": [[0.04755258560180664]], "reduce_execution_times": [3.2209575176239014], "reduce_invoke": [[0.7377042770385742]], "divide_reduce_times": [0.00012540817260742188], "total_querying_times": [6.666249513626099], "recalls": [[90.0, 50.0, 90.0, 100.0, 80.0, 30.0, 60.0, 60.0, 80.0, 100.0, 90.0, 70.0, 100.0, 100.0, 100.0, 90.0, 30.0, 100.0, 50.0, 50.0, 100.0, 100.0, 100.0, 50.0, 30.0, 80.0, 100.0, 90.0, 50.0, 100.0, 20.0, 90.0, 90.0, 90.0, 70.0, 90.0, 50.0, 70.0, 100.0, 60.0, 80.0, 90.0, 70.0, 100.0, 90.0, 50.0, 50.0, 80.0, 50.0, 30.0, 50.0, 100.0, 70.0, 80.0, 40.0, 90.0, 50.0, 50.0, 100.0, 100.0, 60.0, 90.0, 100.0, 20.0, 100.0, 100.0, 60.0, 50.0, 70.0, 30.0, 20.0, 100.0, 70.0, 100.0, 30.0, 100.0, 50.0, 100.0, 100.0, 100.0, 30.0, 100.0, 100.0, 60.0, 30.0, 30.0, 100.0, 100.0, 100.0, 90.0, 30.0, 30.0, 90.0, 20.0, 50.0, 0.0, 100.0, 70.0, 10.0, 100.0, 60.0, 40.0, 90.0, 40.0, 40.0, 60.0, 100.0, 100.0, 30.0, 100.0, 60.0, 20.0, 60.0, 90.0, 60.0, 100.0, 100.0, 100.0, 60.0, 90.0, 100.0, 100.0, 60.0, 100.0, 10.0, 30.0, 30.0, 80.0, 70.0, 60.0, 60.0, 90.0, 80.0, 80.0, 60.0, 70.0, 100.0, 100.0, 80.0, 40.0, 20.0, 80.0, 100.0, 100.0, 20.0, 30.0, 30.0, 100.0, 40.0, 90.0, 10.0, 60.0, 30.0, 20.0, 90.0, 100.0, 90.0, 70.0, 100.0, 70.0, 100.0, 90.0, 90.0, 100.0, 60.0, 60.0, 70.0, 60.0, 50.0, 80.0, 80.0, 60.0, 100.0, 100.0, 70.0, 100.0, 40.0, 20.0, 100.0, 100.0, 90.0, 60.0, 100.0, 70.0, 80.0, 70.0, 100.0, 80.0, 60.0, 40.0, 70.0, 100.0, 30.0, 90.0, 100.0, 50.0, 60.0, 100.0, 100.0, 50.0, 80.0, 30.0, 50.0, 10.0, 70.0, 80.0, 60.0, 30.0, 50.0, 80.0, 90.0, 80.0, 60.0, 100.0, 100.0, 30.0, 100.0, 0.0, 50.0, 90.0, 100.0, 100.0, 30.0, 20.0, 60.0, 30.0, 100.0, 60.0, 70.0, 80.0, 100.0, 40.0, 90.0, 10.0, 90.0, 10.0, 10.0, 60.0, 60.0, 80.0, 80.0, 80.0, 10.0, 100.0, 40.0, 90.0, 60.0, 90.0, 70.0, 70.0, 100.0, 80.0, 90.0, 100.0, 50.0, 100.0, 60.0, 100.0, 100.0, 70.0, 80.0, 80.0, 100.0, 90.0, 20.0, 0.0, 100.0, 80.0, 100.0, 40.0, 30.0, 20.0, 90.0, 100.0, 80.0, 0.0, 100.0, 80.0, 100.0, 100.0, 80.0, 90.0, 10.0, 50.0, 100.0, 80.0, 20.0, 90.0, 30.0, 90.0, 100.0, 50.0, 40.0, 60.0, 80.0, 100.0, 60.0, 90.0, 100.0, 30.0, 100.0, 30.0, 80.0, 70.0, 70.0, 100.0, 80.0, 90.0, 100.0, 50.0, 60.0, 80.0, 100.0, 10.0, 90.0, 80.0, 30.0, 40.0, 100.0, 50.0, 100.0, 60.0, 100.0, 100.0, 100.0, 100.0, 90.0, 20.0, 70.0, 80.0, 30.0, 60.0, 100.0, 90.0, 70.0, 100.0, 40.0, 80.0, 100.0, 100.0, 100.0, 100.0, 60.0, 20.0, 90.0, 70.0, 90.0, 20.0, 40.0, 80.0, 80.0, 100.0, 80.0, 60.0, 90.0, 20.0, 100.0, 50.0, 100.0, 20.0, 70.0, 20.0, 60.0, 70.0, 70.0, 100.0, 40.0, 90.0, 100.0, 80.0, 20.0, 0.0, 20.0, 90.0, 60.0, 100.0, 60.0, 10.0, 100.0, 0.0, 40.0, 0.0, 100.0, 90.0, 50.0, 60.0, 40.0, 90.0, 20.0, 60.0, 90.0, 30.0, 90.0, 40.0, 100.0, 100.0, 100.0, 100.0, 100.0, 80.0, 20.0, 100.0, 100.0, 90.0, 100.0, 50.0, 70.0, 60.0, 60.0, 80.0, 100.0, 20.0, 30.0, 50.0, 100.0, 40.0, 30.0, 30.0, 100.0, 100.0, 40.0, 90.0, 100.0, 70.0, 90.0, 40.0, 50.0, 100.0, 90.0, 100.0, 70.0, 100.0, 80.0, 100.0, 100.0, 70.0, 60.0, 40.0, 100.0, 40.0, 50.0, 100.0, 60.0, 80.0, 100.0, 100.0, 50.0, 10.0, 80.0, 90.0, 50.0, 100.0, 90.0, 10.0, 100.0, 20.0, 70.0, 20.0, 50.0, 100.0, 100.0, 10.0, 70.0, 100.0, 100.0, 60.0, 30.0, 90.0, 80.0, 60.0, 90.0, 90.0, 10.0, 30.0, 100.0, 100.0, 40.0, 100.0, 100.0, 100.0, 100.0, 60.0, 80.0, 50.0, 100.0, 70.0, 100.0, 100.0, 90.0, 80.0, 40.0, 80.0, 100.0, 100.0, 0.0, 70.0, 80.0, 100.0, 20.0, 100.0, 40.0, 60.0, 100.0, 80.0, 20.0, 80.0, 100.0, 100.0, 50.0, 10.0, 60.0, 100.0, 30.0, 90.0, 40.0, 40.0, 100.0, 80.0, 10.0, 100.0, 100.0, 100.0, 70.0, 70.0, 50.0, 50.0, 30.0, 100.0, 90.0, 70.0, 90.0, 40.0, 80.0, 70.0, 0.0, 100.0, 90.0, 40.0, 90.0, 100.0, 90.0, 30.0, 90.0, 90.0, 60.0, 60.0, 50.0, 100.0, 100.0, 100.0, 10.0, 90.0, 0.0, 100.0, 90.0, 100.0, 100.0, 60.0, 70.0, 80.0, 100.0, 10.0, 100.0, 90.0, 50.0, 60.0, 100.0, 100.0, 100.0, 90.0, 10.0, 80.0, 90.0, 60.0, 20.0, 70.0, 40.0, 80.0, 10.0, 40.0, 70.0, 100.0, 60.0, 20.0, 100.0, 10.0, 80.0, 30.0, 100.0, 80.0, 20.0, 10.0, 10.0, 100.0, 100.0, 80.0, 40.0, 100.0, 100.0, 30.0, 90.0, 100.0, 50.0, 100.0, 80.0, 30.0, 60.0, 100.0, 90.0, 100.0, 100.0, 100.0, 100.0, 80.0, 40.0, 100.0, 100.0, 90.0, 60.0, 30.0, 10.0, 50.0, 50.0, 60.0, 80.0, 70.0, 100.0, 40.0, 60.0, 70.0, 40.0, 40.0, 100.0, 100.0, 70.0, 50.0, 60.0, 70.0, 20.0, 50.0, 90.0, 30.0, 90.0, 60.0, 100.0, 100.0, 80.0, 100.0, 100.0, 40.0, 80.0, 100.0, 100.0, 100.0, 70.0, 100.0, 60.0, 30.0, 100.0, 100.0, 70.0, 100.0, 100.0, 50.0, 40.0, 70.0, 50.0, 30.0, 100.0, 100.0, 10.0, 90.0, 90.0, 70.0, 80.0, 80.0, 60.0, 100.0, 100.0, 100.0, 70.0, 50.0, 80.0, 20.0, 0.0, 60.0, 20.0, 50.0, 70.0, 90.0, 70.0, 20.0, 100.0, 30.0, 100.0, 100.0, 100.0, 40.0, 50.0, 50.0, 60.0, 80.0, 100.0, 70.0, 70.0, 20.0, 80.0, 90.0, 100.0, 90.0, 60.0, 40.0, 100.0, 80.0, 100.0, 20.0, 100.0, 100.0, 60.0, 50.0, 50.0, 20.0, 70.0, 90.0, 100.0, 40.0, 100.0, 80.0, 80.0, 100.0, 100.0, 100.0, 100.0, 100.0, 100.0, 60.0, 60.0, 70.0, 100.0, 60.0, 10.0, 50.0, 60.0, 100.0, 90.0, 100.0, 100.0, 60.0, 100.0, 100.0, 80.0, 100.0, 100.0, 100.0, 20.0, 40.0, 90.0, 100.0, 50.0, 70.0, 70.0, 100.0, 60.0, 60.0, 50.0, 90.0, 80.0, 90.0, 100.0, 30.0, 70.0, 100.0, 0.0, 50.0, 100.0, 80.0, 10.0, 70.0, 80.0, 80.0, 100.0, 100.0, 50.0, 90.0, 100.0, 40.0, 60.0, 10.0, 30.0, 80.0, 90.0, 30.0, 