{"shuffle_centroids_times": [0.04828476905822754], "map_iterdata_times": [1.0431785583496094], "create_map_data": [1.2128899097442627], "map_queries_times": [[[2.799544334411621, 0.4849729537963867, [0.06443309783935547, 0.046849727630615234, 0.04725170135498047, 0.07757115364074707, 0.05887889862060547, 0.051416635513305664, 0.05364561080932617, 0.043955087661743164, 0.040271759033203125, 0.051459312438964844, 0.04605531692504883, 0.05079150199890137, 0.04833865165710449, 0.06285762786865234, 0.0722346305847168, 0.051590919494628906, 0.058950185775756836, 0.05462384223937988, 0.04530048370361328, 0.059654951095581055, 0.0644381046295166, 0.05489778518676758, 0.05771780014038086, 0.04979109764099121, 0.05802440643310547, 0.0655050277709961, 0.05873537063598633, 0.049013614654541016, 0.05403470993041992, 0.04979205131530762, 0.050469398498535156, 0.05126452445983887], [0.002208232879638672, 0.0016379356384277344, 0.0015621185302734375, 0.0028607845306396484, 0.0018439292907714844, 0.001720428466796875, 0.0018303394317626953, 0.0016400814056396484, 0.0012006759643554688, 0.0018050670623779297, 0.0016856193542480469, 0.0016055107116699219, 0.0016739368438720703, 0.002293825149536133, 0.002899169921875, 0.0018801689147949219, 0.0021657943725585938, 0.0020110607147216797, 0.0015740394592285156, 0.002192258834838867, 0.002099275588989258, 0.0019507408142089844, 0.0021288394927978516, 0.0015573501586914062, 0.002038240432739258, 0.002404451370239258, 0.0018842220306396484, 0.0017044544219970703, 0.0016770362854003906, 0.0015957355499267578, 0.0012786388397216797, 0.0017516613006591797], [0.009467124938964844, 0.002900838851928711, 0.004530906677246094, 0.002611875534057617, 0.007614850997924805, 0.010370969772338867, 0.008566141128540039, 0.009644031524658203, 0.007793903350830078, 0.011669158935546875, 0.004712104797363281, 0.00856161117553711, 0.011438369750976562, 0.00789189338684082, 0.004518747329711914, 0.006321430206298828, 0.013499259948730469, 0.00640869140625, 0.008315086364746094, 0.004705905914306641, 0.009343147277832031, 0.012508630752563477, 0.008775949478149414, 0.012119770050048828, 0.014393329620361328, 0.012288808822631836, 0.07922077178955078, 0.008521318435668945, 0.0107269287109375, 0.009996891021728516, 0.010630369186401367, 0.00749516487121582], 0.15660500526428223], [2.893498182296753, 0.5576038360595703, [0.04994463920593262, 0.055303096771240234, 0.06331038475036621, 0.04618644714355469, 0.0588076114654541, 0.05766129493713379, 0.05409717559814453, 0.06531310081481934, 0.05537772178649902, 0.0713188648223877, 0.04709887504577637, 0.04547929763793945, 0.04850411415100098, 0.052684783935546875, 0.05891013145446777, 0.055692195892333984, 0.05581784248352051, 0.051146507263183594, 0.05425548553466797, 0.052735328674316406, 0.046868085861206055, 0.05517983436584473, 0.05693364143371582, 0.05319476127624512, 0.051614999771118164, 0.04258561134338379, 0.06114339828491211, 0.05630135536193848, 0.05440020561218262, 0.054996490478515625, 0.07286429405212402, 0.0509951114654541], [0.001538991928100586, 0.0017697811126708984, 0.002382040023803711, 0.0016033649444580078, 0.0020551681518554688, 0.0020744800567626953, 0.0018804073333740234, 0.0023636817932128906, 0.0019876956939697266, 0.0026290416717529297, 0.001897573471069336, 0.0015454292297363281, 0.0015649795532226562, 0.0018277168273925781, 0.002137422561645508, 0.001993894577026367, 0.002091646194458008, 0.0018382072448730469, 0.0019426345825195312, 0.0011119842529296875, 0.0017516613006591797, 0.002050161361694336, 0.002256631851196289, 0.0018334388732910156, 0.0013279914855957031, 0.0014553070068359375, 0.002351522445678711, 0.0021796226501464844, 0.0016553401947021484, 0.002315044403076172, 0.0030150413513183594, 0.001796722412109375], [0.007961034774780273, 0.012039422988891602, 0.010244607925415039, 0.009048938751220703, 0.007596492767333984, 0.007880210876464844, 0.008953094482421875, 0.009829282760620117, 0.005690097808837891, 0.00875997543334961, 0.010124444961547852, 0.00813150405883789, 0.00998544692993164, 0.008938312530517578, 0.005692720413208008, 0.007936239242553711, 0.00898122787475586, 0.01163625717163086, 0.007415294647216797, 0.009413957595825195, 0.005265712738037109, 0.010845184326171875, 0.007021903991699219, 0.00480341911315918, 0.007627725601196289, 0.009742975234985352, 0.009795665740966797, 0.0074846744537353516, 0.010240316390991211, 0.011321067810058594, 0.00686335563659668, 0.007393836975097656], 0.24204444885253906], [2.4714479446411133, 0.32400035858154297, [0.052878618240356445, 0.04097437858581543, 0.053597450256347656, 0.05696392059326172, 0.05214285850524902, 0.052995920181274414, 0.054090261459350586, 0.05966591835021973, 0.04659461975097656, 0.05125260353088379, 0.060509443283081055, 0.04962420463562012, 0.06601095199584961, 0.03887319564819336, 0.05313587188720703, 0.05111551284790039, 0.05745291709899902, 0.05047130584716797, 0.04604506492614746, 0.05456995964050293, 0.04807543754577637, 0.046018362045288086, 0.0489649772644043, 0.06867551803588867, 0.059586524963378906, 0.06598496437072754, 0.045677900314331055, 0.05617117881774902, 0.05060911178588867, 0.07348155975341797, 0.05343341827392578, 0.04907512664794922], [0.001739501953125, 0.001192331314086914, 0.0017499923706054688, 0.002003908157348633, 0.0019845962524414062, 0.0019559860229492188, 0.002287626266479492, 0.0022118091583251953, 0.001415252685546875, 0.001871347427368164, 0.0024836063385009766, 0.0018608570098876953, 0.002469778060913086, 0.001474618911743164, 0.0019390583038330078, 0.0018680095672607422, 0.002466440200805664, 0.001874685287475586, 0.0015742778778076172, 0.002026081085205078, 0.0017974376678466797, 0.001528024673461914, 0.0015590190887451172, 0.0027282238006591797, 0.0023415088653564453, 0.0027112960815429688, 0.001806497573852539, 0.002246379852294922, 0.0014235973358154297, 0.002730846405029297, 0.002056598663330078, 0.0017592906951904297], [0.0071561336517333984, 0.006739377975463867, 0.009448051452636719, 0.0035512447357177734, 0.004210233688354492, 0.0054318904876708984, 0.0046346187591552734, 0.003553628921508789, 0.006178379058837891, 0.004548549652099609, 0.0031397342681884766, 0.005491971969604492, 0.0035970211029052734, 0.00909423828125, 0.00951838493347168, 0.009512662887573242, 0.008655548095703125, 0.004750251770019531, 0.008103370666503906, 0.0040433406829833984, 0.0072803497314453125, 0.007110118865966797, 0.007919073104858398, 0.006693363189697266, 0.008413076400756836, 0.00811624526977539, 0.004876613616943359, 0.00462651252746582, 0.0055179595947265625, 0.004740715026855469, 0.005056858062744141, 0.003627777099609375], 0.17404460906982422], [2.350250482559204, 0.25098395347595215, [0.06273674964904785, 0.06316995620727539, 0.07248473167419434, 0.053841352462768555, 0.05520749092102051, 0.05463695526123047, 0.07055377960205078, 0.0640871524810791, 0.04512786865234375, 0.03897380828857422, 0.053774118423461914, 0.07519340515136719, 0.050539255142211914, 0.04633498191833496, 0.04541802406311035, 0.05306720733642578, 0.05061841011047363, 0.05909848213195801, 0.04131507873535156, 0.04983329772949219, 0.04971814155578613, 0.048143863677978516, 0.04345250129699707, 0.0521695613861084, 0.052987098693847656, 0.0487062931060791, 0.0660715103149414, 0.050220489501953125, 0.06271767616271973, 0.05467724800109863, 0.08585119247436523, 0.055681467056274414], [0.002235889434814453, 0.0025849342346191406, 0.0027627944946289062, 0.002199888229370117, 0.0020656585693359375, 0.0021681785583496094, 0.002671957015991211, 0.002468109130859375, 0.001413106918334961, 0.0014519691467285156, 0.002041339874267578, 0.0029344558715820312, 0.0017828941345214844, 0.0017244815826416016, 0.0013470649719238281, 0.0023140907287597656, 0.0013582706451416016, 0.0018780231475830078, 0.0007085800170898438, 0.0017452239990234375, 0.0019299983978271484, 0.0017249584197998047, 0.0017547607421875, 0.0018839836120605469, 0.0013859272003173828, 0.001832723617553711, 0.002722501754760742, 