{"shuffle_centroids_times": [0.03781247138977051], "map_iterdata_times": [0.5105392932891846], "create_map_data": [0.5937902927398682], "map_queries_times": [[[2.1591451168060303, 0.4144108295440674, [0.08783388137817383, 0.08386683464050293, 0.10864710807800293, 0.08559203147888184, 0.05576610565185547, 0.0803072452545166, 0.09134364128112793, 0.10536980628967285, 0.07869482040405273, 0.10743284225463867, 0.10242104530334473, 0.07653617858886719, 0.07755827903747559, 0.08351898193359375, 0.07804131507873535, 0.08133149147033691], [0.003342866897583008, 0.003154754638671875, 0.004396200180053711, 0.0032567977905273438, 0.002027750015258789, 0.003145933151245117, 0.0038623809814453125, 0.0049037933349609375, 0.003031492233276367, 0.004716634750366211, 0.004576206207275391, 0.002780914306640625, 0.0032138824462890625, 0.0032281875610351562, 0.0031473636627197266, 0.0030879974365234375], [0.00890970230102539, 0.012822628021240234, 0.008296012878417969, 0.013547420501708984, 0.008410930633544922, 0.01406717300415039, 0.014921426773071289, 0.01598215103149414, 0.004885196685791016, 0.014615297317504883, 0.017285585403442383, 0.014310359954833984, 0.014568805694580078, 0.014255046844482422, 0.020171403884887695, 0.00848245620727539], 0.0989065170288086], [2.1773009300231934, 0.3580019474029541, [0.11386871337890625, 0.08494305610656738, 0.06494283676147461, 0.07462835311889648, 0.057858943939208984, 0.07543730735778809, 0.09551310539245605, 0.09850931167602539, 0.10873603820800781, 0.07651948928833008, 0.11036181449890137, 0.06272077560424805, 0.09216499328613281, 0.07831263542175293, 0.06730151176452637, 0.07114911079406738], [0.0046465396881103516, 0.0030608177185058594, 0.0028760433197021484, 0.0029642581939697266, 0.002155780792236328, 0.0031042098999023438, 0.0036268234252929688, 0.003545522689819336, 0.0061376094818115234, 0.0026445388793945312, 0.004520893096923828, 0.0024290084838867188, 0.0035266876220703125, 0.002986431121826172, 0.0027103424072265625, 0.002716541290283203], [0.016295194625854492, 0.12051939964294434, 0.011260271072387695, 0.011741876602172852, 0.01311635971069336, 0.012899160385131836, 0.011810779571533203, 0.01338052749633789, 0.018191099166870117, 0.012241840362548828, 0.011569976806640625, 0.01249384880065918, 0.01600360870361328, 0.014543771743774414, 0.010599374771118164, 0.013997316360473633], 0.11186575889587402], [2.0206782817840576, 0.3000614643096924, [0.05524039268493652, 0.0952150821685791, 0.08704376220703125, 0.06794333457946777, 0.05641531944274902, 0.08365058898925781, 0.10975480079650879, 0.1072854995727539, 0.07316827774047852, 0.0802452564239502, 0.07093596458435059, 0.08254384994506836, 0.07169604301452637, 0.10774731636047363, 0.09587693214416504, 0.0525054931640625], [0.0019435882568359375, 0.0035936832427978516, 0.0034394264221191406, 0.0025527477264404297, 0.0013358592987060547, 0.00390625, 0.0036683082580566406, 0.006638050079345703, 0.002729654312133789, 0.0029747486114501953, 0.0027968883514404297, 0.003175973892211914, 0.002965688705444336, 0.007419586181640625, 0.004341602325439453, 0.0020258426666259766], [0.015276193618774414, 0.016576766967773438, 0.014487266540527344, 0.013763189315795898, 0.012364625930786133, 0.013257265090942383, 0.007336139678955078, 0.011855602264404297, 0.012059450149536133, 0.012161731719970703, 0.009577512741088867, 0.0144805908203125, 0.013167619705200195, 0.014860153198242188, 0.00977778434753418, 0.009942293167114258], 0.16674590110778809], [1.8874893188476562, 0.29789042472839355, [0.09401202201843262, 0.07126355171203613, 0.0976707935333252, 0.061206817626953125, 0.07216835021972656, 0.07809281349182129, 0.10634589195251465, 0.062337398529052734, 0.09735512733459473, 0.08438301086425781, 0.10791611671447754, 0.056880950927734375, 0.10679507255554199, 0.07287216186523438, 0.06550002098083496, 0.10669851303100586], [0.0032587051391601562, 0.0030336380004882812, 0.003780841827392578, 0.002342700958251953, 0.0026369094848632812, 0.004242658615112305, 0.006223440170288086, 0.0023157596588134766, 0.003712177276611328, 0.0034329891204833984, 0.004972219467163086, 0.0020673274993896484, 0.004528522491455078, 0.0026950836181640625, 0.002343893051147461, 0.004791975021362305], [0.010267257690429688, 0.005781412124633789, 0.009204387664794922, 0.006943225860595703, 0.004796028137207031, 0.004136562347412109, 0.013175725936889648, 0.00961923599243164, 0.01419210433959961, 0.009899616241455078, 0.006918668746948242, 0.0082244873046875, 0.010145425796508789, 0.004991292953491211, 0.006690502166748047, 0.0033915042877197266], 0.06320023536682129]]], "map_execution": [5.111304044723511], "map_invoke": [[0.4767642021179199, 0.584160566329956, 0.5841505527496338, 0.5055146217346191]], "create_reduce_data": [0.20633196830749512], "reduce_iterdata_times": [0.20535612106323242], "reduce_queries_times": [[0.17156314849853516]], "reduce_execution_times": [3.132024049758911], "reduce_invoke": [[0.4950292110443115]], "divide_reduce_times": [0.00011157989501953125], "total_querying_times": [9.043562412261963],