{"shuffle_centroids_times": [0.029612302780151367], "map_iterdata_times": [0.15379977226257324], "create_map_data": [0.2295999526977539], "map_queries_times": [[[1.555138349533081, 0.04146003723144531, [0.08875203132629395, 0.08393096923828125, 0.10898613929748535, 0.10616350173950195, 0.06226849555969238, 0.10868716239929199, 0.09807562828063965, 0.09372282028198242, 0.09135127067565918, 0.09540867805480957, 0.07489323616027832, 0.10549163818359375, 0.0901343822479248, 0.07204365730285645, 0.07309460639953613, 0.07924604415893555], [0.005781412124633789, 0.005086183547973633, 0.006485462188720703, 0.006757974624633789, 0.0025670528411865234, 0.0048029422760009766, 0.004090547561645508, 0.0035245418548583984, 0.0034952163696289062, 0.003589630126953125, 0.0029532909393310547, 0.0044629573822021484, 0.0033111572265625, 0.00293731689453125, 0.0027666091918945312, 0.0031156539916992188], [0.001035928726196289, 0.0006577968597412109, 0.0009255409240722656, 0.001111745834350586, 0.0005195140838623047, 0.0011050701141357422, 0.0006577968597412109, 0.0008785724639892578, 0.0007305145263671875, 0.0010263919830322266, 0.0007214546203613281, 0.0010373592376708984, 0.0007343292236328125, 0.0005557537078857422, 0.0006055831909179688, 0.0005066394805908203], 0.002775907516479492], [1.584409236907959, 0.03735041618347168, [0.12117600440979004, 0.06776928901672363, 0.17303919792175293, 0.07150888442993164, 0.07929706573486328, 0.0817878246307373, 0.10565662384033203, 0.0903770923614502, 0.08203482627868652, 0.10880231857299805, 0.07279515266418457, 0.08345603942871094, 0.10594701766967773, 0.05482053756713867, 0.08792877197265625, 0.08049416542053223], [0.012480020523071289, 0.004049539566040039, 0.004989147186279297, 0.002590179443359375, 0.003301858901977539, 0.0038988590240478516, 0.004012107849121094, 0.0033426284790039062, 0.003066539764404297, 0.004796504974365234, 0.0027861595153808594, 0.0032384395599365234, 0.004498720169067383, 0.001955747604370117, 0.0032453536987304688, 0.002913236618041992], [0.001794576644897461, 0.0005629062652587891, 0.0012273788452148438, 0.0005662441253662109, 0.0004954338073730469, 0.0006849765777587891, 0.0010454654693603516, 0.0007712841033935547, 0.00043392181396484375, 0.0012083053588867188, 0.000591278076171875, 0.0006308555603027344, 0.0008759498596191406, 0.0004336833953857422, 0.0005118846893310547, 0.0005109310150146484], 0.002533435821533203], [1.399817943572998, 0.0349271297454834, [0.1156010627746582, 0.07560205459594727, 0.060111284255981445, 0.11150646209716797, 0.08278012275695801, 0.08475065231323242, 0.07924866676330566, 0.10528111457824707, 0.054528236389160156, 0.08238649368286133, 0.08205986022949219, 0.07115554809570312, 0.05547904968261719, 0.06453633308410645, 0.08314323425292969, 0.08275890350341797], [0.00836324691772461, 0.005006313323974609, 0.0023310184478759766, 0.004596233367919922, 0.003471851348876953, 0.003050565719604492, 0.00348663330078125, 0.004122495651245117, 0.0020706653594970703, 0.0033724308013916016, 0.003075122833251953, 0.002811908721923828, 0.002190113067626953, 0.002640247344970703, 0.0032012462615966797, 0.0031371116638183594], [0.0011887550354003906, 0.0007522106170654297, 0.0004718303680419922, 0.0009543895721435547, 0.0007696151733398438, 0.0006387233734130859, 0.0041942596435546875, 0.0008876323699951172, 0.0005376338958740234, 0.0006883144378662109, 0.00048089027404785156, 0.0006656646728515625, 0.0004878044128417969, 0.0006084442138671875, 0.0006346702575683594, 0.0005393028259277344], 0.002387523651123047], [1.2362310886383057, 0.03719305992126465, [0.10438179969787598, 0.0647883415222168, 0.05724692344665527, 0.07034802436828613, 0.06688737869262695, 0.060774803161621094, 0.07596468925476074, 0.0711672306060791, 0.0964653491973877, 0.06561017036437988, 0.1016683578491211, 0.09660863876342773, 0.0775902271270752, 0.06977200508117676, 0.059882164001464844], [0.007059335708618164, 0.0037827491760253906, 0.001997232437133789, 0.002531290054321289, 0.0025298595428466797, 0.0024042129516601562, 0.0029151439666748047, 0.002953767776489258, 0.003996133804321289, 0.0024428367614746094, 0.004019021987915039, 0.004701852798461914, 0.0029947757720947266, 0.0027132034301757812, 0.002202749252319336], [0.0013320446014404297, 0.0004923343658447266, 0.00040912628173828125, 0.00048279762268066406, 0.0004565715789794922, 0.0005953311920166016, 0.0007412433624267578, 0.00043320655822753906, 0.0006625652313232422, 0.00044846534729003906, 0.0007619857788085938, 0.0007417201995849609, 0.00043010711669921875, 0.0005178451538085938, 0.00036144256591796875], 0.0016477108001708984]]], "map_execution": [5.105975389480591], "map_invoke": [[0.5442070960998535, 0.5752356052398682, 0.6229822635650635, 0.5861232280731201]], "create_reduce_data": [0.10485315322875977], "reduce_iterdata_times": [0.10405182838439941], "reduce_queries_times": [[0.04974770545959473]], "reduce_execution_times": [3.1829187870025635], "reduce_invoke": [[0.6503419876098633]], "divide_reduce_times": [0.00013136863708496094], "total_querying_times": [8.623478889465332],