{"shuffle_centroids_times": [0.027060747146606445], "map_iterdata_times": [0.1734464168548584], "create_map_data": [0.24622559547424316], "map_queries_times": [[[1.2077069282531738, 0.08344841003417969, [0.1141059398651123, 0.1118783950805664, 0.11563348770141602, 0.10688567161560059, 0.11066555976867676, 0.10803890228271484, 0.14174652099609375, 0.10793781280517578], [0.007004976272583008, 0.009334564208984375, 0.010575532913208008, 0.004790782928466797, 0.0050907135009765625, 0.005584001541137695, 0.00498199462890625, 0.006551027297973633], [0.005143165588378906, 0.003332376480102539, 0.01674365997314453, 0.0025157928466796875, 0.08671164512634277, 0.006838321685791016, 0.00676727294921875, 0.007582187652587891], 0.01774764060974121], [1.1180546283721924, 0.08735847473144531, [0.11720943450927734, 0.11242389678955078, 0.11258602142333984, 0.11070799827575684, 0.11092662811279297, 0.10932326316833496, 0.11452627182006836, 0.11392498016357422], [0.008574247360229492, 0.006959676742553711, 0.004921674728393555, 0.0057735443115234375, 0.008081912994384766, 0.004820346832275391, 0.005932331085205078, 0.008253335952758789], [0.005903482437133789, 0.007615566253662109, 0.004625797271728516, 0.009613037109375, 0.007580757141113281, 0.009294271469116211, 0.004529237747192383, 0.008010387420654297], 0.018496990203857422], [1.0751750469207764, 0.04727816581726074, [0.13408589363098145, 0.10704421997070312, 0.09610843658447266, 0.11149263381958008, 0.15012049674987793, 0.14998793601989746, 0.09773826599121094, 0.08513307571411133], [0.0074748992919921875, 0.006490230560302734, 0.0027048587799072266, 0.005657196044921875, 0.0075418949127197266, 0.004507541656494141, 0.003045797348022461, 0.002899169921875], [0.0053937435150146484, 0.008019447326660156, 0.0016849040985107422, 0.009167194366455078, 0.005660057067871094, 0.007308006286621094, 0.0031211376190185547, 0.0027008056640625], 0.012738943099975586], [1.25614333152771, 0.0594329833984375, [0.11865711212158203, 0.11291670799255371, 0.2106924057006836, 0.11412382125854492, 0.10907959938049316, 0.10887646675109863, 0.11202788352966309, 0.10795474052429199], [0.006606340408325195, 0.010550498962402344, 0.0064508914947509766, 0.008289813995361328, 0.004692554473876953, 0.005356550216674805, 0.0061757564544677734, 0.00681304931640625], [0.005721092224121094, 0.007274150848388672, 0.00662684440612793, 0.0073316097259521484, 0.003568410873413086, 0.0060541629791259766, 0.09595227241516113, 0.002087831497192383], 0.012741804122924805]]], "map_execution": [3.144380807876587], "map_invoke": [[0.596297025680542, 0.6328229904174805, 0.566354513168335, 0.6192159652709961]], "create_reduce_data": [0.2691771984100342], "reduce_iterdata_times": [0.2683999538421631], "reduce_queries_times": [[0.14165902137756348]], "reduce_execution_times": [3.0707764625549316], "reduce_invoke": [[0.5365362167358398]], "divide_reduce_times": [0.00010085105895996094], "total_querying_times": [6.730661153793335], "recalls": [[100.0, 100.0, 90.0, 100.0, 80.0, 100.0, 60.0, 70.0, 100.0, 100.0, 90.0, 100.0, 100.0, 100.0, 100.0, 90.0, 90.0, 100.0, 80.0, 80.0, 100.0, 100.0, 100.0, 100.0, 90.0, 90.0, 100.0, 90.0, 100.0, 100.0, 80.0, 90.0, 100.0, 100.0, 100.0, 100.0, 100.0, 100.0, 100.0, 100.0, 80.0, 90.0, 100.0, 100.0, 90.0, 80.0, 100.0, 100.0, 100.0, 80.0, 60.0, 100.0, 100.0, 100.0, 80.0, 100.0, 100.0, 70.0, 100.0, 100.0, 100.0, 90.0, 100.0, 70.0, 100.0, 100.0, 100.0, 100.0, 80.0, 80.0, 90.0, 100.0, 100.0, 100.0, 100.0, 100.0, 100.0, 100.0, 100.0, 100.0, 100.0, 100.0, 100.0, 60.0, 90.0, 100.0, 100.0, 100.0, 100.0, 90.0, 90.0, 90.0, 100.0, 70.0, 100.0, 90.0, 100.0, 100.0, 100.0, 100.0, 100.0, 100.0, 100.0, 90.0, 100.0, 80.0, 100.0, 100.0, 60.0, 100.0, 90.0, 100.0, 90.0, 100.0, 100.0, 100.0, 100.0, 100.0, 100.0, 90.0, 100.0, 100.0, 60.0, 100.0, 80.0, 100.0, 100.0, 100.0, 70.0, 100.0, 100.0, 90.0, 90.0, 80.0, 100.0, 80.0, 100.0, 100.0, 100.0, 100.0, 100.0, 100.0, 100.0, 100.0, 70.0, 100.0, 100.0, 100.0, 100.0, 90.0, 100.0, 100.0, 100.0, 90.0, 100.0, 100.0, 100.0, 100.0, 100.0, 100.0, 100.0, 90.0, 100.0, 100.0, 100.0, 70.0, 90.0, 80.0, 50.0, 100.0, 100.0, 100.0, 100.0, 100.0, 100.0, 100.0, 80.0, 100.0, 100.0, 100.0, 100.0, 60.0, 100.0, 100.0, 100.0, 90.0, 100.0, 100.0, 60.0, 100.0, 90.0, 100.0, 100.0, 90.0, 100.0, 80.0, 100.0, 100.0, 100.0, 100.0, 90.0, 100.0, 100.0, 50.0, 90.0, 100.0, 100.0, 90.0, 90.0, 80.0, 100.0, 100.0, 70.0, 100.0, 100.0, 90.0, 100.0, 100.0, 100.0, 100.0, 100.0, 100.0, 100.0, 100.0, 90.0, 100.0, 100.0, 100.0, 90.0, 90.0, 100.0, 80.0, 100.0, 100.0, 100.0, 80.0, 70.0, 80.0, 90.0, 100.0, 80.0, 80.0, 80.0, 100.0, 100.0, 100.0, 100.0, 100.0, 100.0, 80.0, 100.0, 90.0, 100.0, 100.0, 100.0, 100.0, 90.0, 100.0, 100.0, 100.0, 100.0, 90.0, 100.0, 100.0, 100.0, 100.0, 100.0, 100.0, 100.0, 90.0, 100.0, 100.0, 90.0, 100.0, 100.0, 100.0, 100.0, 100.0, 100.0, 100.0, 100.0, 90.0, 90.0, 100.0, 100.0, 80.0, 80.0, 100.0, 80.0, 90.0, 100.0, 80.0, 90.0, 90.0, 100.0, 100.0, 100.0, 100.0, 100.0, 100.0, 100.0, 70.0, 80.0, 90.0, 90.0, 100.0, 80.0, 100.0, 100.0, 60.0, 100.0, 100.0, 100.0, 100.0, 100.0, 80.0, 90.0, 100.0, 100.0, 70.0, 100.0, 70.0, 100.0, 100.0, 100.0, 100.0, 90.0, 40.0, 100.0, 100.0, 80.0, 80.0, 100.0, 90.0, 90.0, 100.0, 100.0, 80.0, 100.0, 100.0, 100.0, 100.0, 100.0, 100.0, 90.0, 100.0, 100.0, 100.0, 90.0, 100.0, 80.0, 100.0, 100.0, 80.0, 90.0, 100.0, 100.0, 80.0, 100.0, 80.0, 100.0, 80.0, 90.0, 100.0, 90.0, 100.0, 100.0, 90.0, 100.0, 90.0, 70.0, 90.0, 80.0, 100.0, 80.0, 100.0, 100.0, 100.0, 100.0, 100.0, 90.0, 100.0, 100.0, 90.0, 100.0, 80.0, 100.0, 100.0, 100.0, 100.0, 90.0, 100.0, 90.0, 100.0, 100.0, 100.0, 100.0, 100.0, 100.0, 100.0, 80.0, 100.0, 100.0, 100.0, 100.0, 90.0, 70.0, 90.0, 100.0, 90.0, 100.0, 90.0, 100.0, 100.0, 100.0, 100.0, 100.0, 100.0, 100.0, 100.0, 100.0, 90.0, 100.0, 80.0, 100.0, 100.0, 80.0, 100.0, 100.0, 100.0, 100.0, 100.0, 80.0, 100.0, 100.0, 90.0, 100.0, 90.0, 100.0, 100.0, 100.0, 100.0, 60.0, 100.0, 100.0, 100.0, 100.0, 90.0, 100.0, 90.0, 100.0, 100.0, 100.0, 100.0, 100.0, 100.0, 90.0, 100.0, 100.0, 100.0, 100.0, 100.0, 100.0, 100.0, 100.0, 100.0, 100.0, 100.0, 80.0, 100.0, 100.0, 100.0, 90.0, 100.0, 100.0, 100.0, 100.0, 100.0, 100.0, 100.0, 100.0, 70.0, 100.0, 100.0, 100.0, 90.0, 100.0, 100.0, 90.0, 100.0, 100.0, 100.0, 100.0, 100.0, 100.0, 100.0, 100.0, 100.0, 100.0, 100.0, 90.0, 90.0, 100.0, 100.0, 100.0, 100.0, 100.0, 100.0, 90.0, 90.0, 100.0, 100.0, 100.0, 90.0, 100.0, 80.0, 100.0, 100.0, 90.0, 100.0, 100.0, 100.0, 100.0, 100.0, 100.0, 90.0, 100.0, 100.0, 100.0, 100.0, 100.0, 100.0, 90.0, 100.0, 80.0, 100.0, 100.0, 90.0, 100.0, 100.0, 100.0, 80.0, 100.0, 90.0, 100.0, 90.0, 100.0, 100.0, 100.0, 100.0, 100.0, 100.0, 70.0, 100.0, 100.0, 100.0, 100.0, 80.0, 100.0, 100.0, 100.0, 90.0, 100.0, 90.0, 90.0, 90.0, 100.0, 100.0, 100.0, 90.0, 90.0, 90.0, 90.0, 100.0, 90.0, 90.0, 60.0, 80.0, 90.0, 100.0, 90.0, 100.0, 100.0, 100.0, 100.0, 100.0, 90.0, 100.0, 100.0, 80.0, 100.0, 60.0, 70.0, 100.0, 100.0, 100.0, 100.0, 100.0, 100.0, 100.0, 100.0, 100.0, 50.0, 100.0, 100.0, 100.0, 100.0, 100.0, 100.0, 100.0, 100.0, 100.0, 100.0, 100.0, 50.0, 100.0, 100.0, 100.0, 100.0, 100.0, 90.0, 100.0, 100.0, 100.0, 100.0, 90.0, 100.0, 100.0, 100.0, 100.0, 100.0, 100.0, 100.0, 100.0, 100.0, 80.0, 100.0, 80.0, 100.0, 100.0, 90.0, 100.0, 90.0, 90.0, 100.0, 100.0, 100.0, 100.0, 100.0, 100.0, 100.0, 100.0, 100.0, 100.0, 100.0, 100.0, 100.0, 100.0, 100.0, 100.0, 100.0, 100.0, 100.0, 100.0, 90.0, 100.0, 70.0, 100.0, 100.0, 100.0, 100.0, 100.0, 90.0, 90.0, 100.0, 100.0, 100.0, 100.0, 100.0, 100.0, 100.0, 90.0, 100.0, 100.0, 80.0, 100.0, 100.0, 90.0, 90.0, 100.0, 70.0, 80.0, 100.0, 100.0, 100.0, 100.0, 100.0, 100.0, 90.0, 90.0, 100.0, 90.0, 100.0, 100.0, 100.0, 100.0, 100.0, 90.0, 100.0, 100.0, 100.0, 100.0, 100.0, 100.0, 100.0, 70.0, 100.0, 100.0, 90.0, 100.0, 100.0, 90.0, 100.0, 100.0, 100.0, 80.0, 100.0, 100.0, 90.0, 100.0, 100.0, 100.0, 100.0, 100.0, 100.0, 100.0, 80.0, 100.0, 100.0, 100.0, 100.0, 100.0, 80.0, 100.0, 90.0, 100.0, 100.0, 