{"shuffle_centroids_times": [0.021889448165893555], "map_iterdata_times": [0.14532065391540527], "create_map_data": [0.21347928047180176], "map_queries_times": [[[1.0144917964935303, 0.0287325382232666, [0.11475348472595215, 0.11052989959716797, 0.1378021240234375, 0.10342264175415039, 0.10398650169372559, 0.10605716705322266, 0.10959339141845703, 0.13612103462219238], [0.006012916564941406, 0.006388187408447266, 0.005727052688598633, 0.005557060241699219, 0.0037603378295898438, 0.005258798599243164, 0.005831241607666016, 0.008038997650146484], [0.0011906623840332031, 0.003839731216430664, 0.0013582706451416016, 0.0013766288757324219, 0.0005519390106201172, 0.0014498233795166016, 0.0015988349914550781, 0.0025856494903564453], 0.002899646759033203], [0.9916121959686279, 0.033179283142089844, [0.12432169914245605, 0.09473490715026855, 0.10608983039855957, 0.10791635513305664, 0.10402393341064453, 0.12611794471740723, 0.11147904396057129, 0.10479378700256348], [0.011803388595581055, 0.0057528018951416016, 0.006188631057739258, 0.007735490798950195, 0.005198240280151367, 0.010334014892578125, 0.009818077087402344, 0.0065593719482421875], [0.0018608570098876953, 0.0007171630859375, 0.0018012523651123047, 0.0013005733489990234, 0.0010859966278076172, 0.002765178680419922, 0.001783609390258789, 0.0014691352844238281], 0.002712249755859375], [1.002403736114502, 0.025341033935546875, [0.15758943557739258, 0.11098623275756836, 0.12085628509521484, 0.11502981185913086, 0.07919502258300781, 0.10546731948852539, 0.1093595027923584, 0.10269308090209961], [0.009839057922363281, 0.008909463882446289, 0.010833740234375, 0.006464481353759766, 0.003383159637451172, 0.006827354431152344, 0.010768651962280273, 0.005591154098510742], [0.0017461776733398438, 0.0012085437774658203, 0.002483367919921875, 0.001308441162109375, 0.0004949569702148438, 0.0011708736419677734, 0.001499176025390625, 0.0011179447174072266], 0.0021505355834960938], [0.9983727931976318, 0.03971052169799805, [0.11524844169616699, 0.11324644088745117, 0.1120002269744873, 0.11439871788024902, 0.11296796798706055, 0.11180615425109863, 0.1096031665802002, 0.10448861122131348], [0.008538961410522461, 0.010233640670776367, 0.006665468215942383, 0.005637168884277344, 0.005372762680053711, 0.004770517349243164, 0.004342794418334961, 0.00449824333190918], [0.0015883445739746094, 0.004494190216064453, 0.0013363361358642578, 0.0014693737030029297, 0.001032114028930664, 0.0010678768157958984, 0.0008261203765869141, 0.0007910728454589844], 0.0021457672119140625]]], "map_execution": [3.106276750564575], "map_invoke": [[0.4990558624267578, 0.5498154163360596, 0.6060261726379395, 0.6050212383270264]], "create_reduce_data": [0.13663840293884277], "reduce_iterdata_times": [0.13585138320922852], "reduce_queries_times": [[0.04079079627990723]], "reduce_execution_times": [3.2031872272491455], "reduce_invoke": [[0.6490514278411865]], "divide_reduce_times": [8.320808410644531e-05], "total_querying_times": [6.659665107727051], "recalls": [[90.0, 50.0, 90.0, 100.0, 80.0, 30.0, 60.0, 60.0, 80.0, 100.0, 90.0, 70.0, 100.0, 100.0, 100.0, 90.0, 30.0, 100.0, 50.0, 50.0, 100.0, 100.0, 100.0, 50.0, 30.0, 80.0, 100.0, 90.0, 50.0, 100.0, 20.0, 90.0, 90.0, 90.0, 70.0, 90.0, 50.0, 70.0, 100.0, 60.0, 80.0, 90.0, 70.0, 100.0, 90.0, 50.0, 50.0, 80.0, 50.0, 30.0, 50.0, 100.0, 70.0, 80.0, 40.0, 90.0, 50.0, 50.0, 100.0, 100.0, 60.0, 90.0, 100.0, 20.0, 100.0, 100.0, 60.0, 50.0, 70.0, 30.0, 20.0, 100.0, 70.0, 100.0, 30.0, 100.0, 50.0, 100.0, 100.0, 100.0, 30.0, 100.0, 100.0, 60.0, 30.0, 30.0, 100.0, 100.0, 100.0, 90.0, 30.0, 30.0, 90.0, 20.0, 50.0, 0.0, 100.0, 70.0, 10.0, 100.0, 60.0, 40.0, 90.0, 40.0, 40.0, 60.0, 100.0, 100.0, 30.0, 100.0, 60.0, 20.0, 60.0, 90.0, 60.0, 100.0, 100.0, 100.0, 60.0, 90.0, 100.0, 100.0, 60.0, 100.0, 10.0, 30.0, 30.0, 80.0, 70.0, 60.0, 60.0, 90.0, 80.0, 80.0, 60.0, 70.0, 100.0, 100.0, 80.0, 40.0, 20.0, 80.0, 100.0, 100.0, 20.0, 30.0, 30.0, 100.0, 40.0, 90.0, 10.0, 60.0, 30.0, 20.0, 90.0, 100.0, 90.0, 70.0, 100.0, 70.0, 100.0, 90.0, 90.0, 100.0, 60.0, 60.0, 70.0, 60.0, 50.0, 80.0, 80.0, 60.0, 100.0, 100.0, 70.0, 100.0, 40.0, 20.0, 100.0, 100.0, 90.0, 60.0, 100.0, 70.0, 80.0, 70.0, 100.0, 80.0, 60.0, 40.0, 70.0, 100.0, 30.0, 90.0, 100.0, 50.0, 60.0, 100.0, 100.0, 50.0, 80.0, 30.0, 50.0, 10.0, 70.0, 80.0, 60.0, 30.0, 50.0, 80.0, 90.0, 80.0, 60.0, 100.0, 100.0, 30.0, 100.0, 0.0, 50.0, 90.0, 100.0, 100.0, 30.0, 20.0, 60.0, 30.0, 100.0, 60.0, 70.0, 80.0, 100.0, 40.0, 90.0, 10.0, 90.0, 10.0, 10.0, 60.0, 60.0, 80.0, 80.0, 80.0, 10.0, 100.0, 40.0, 90.0, 60.0, 90.0, 70.0, 70.0, 100.0, 80.0, 90.0, 100.0, 50.0, 100.0, 60.0, 100.0, 100.0, 70.0, 80.0, 80.0, 100.0, 90.0, 20.0, 0.0, 100.0, 80.0, 100.0, 40.0, 30.0, 20.0, 90.0, 100.0, 80.0, 0.0, 100.0, 80.0, 100.0, 100.0, 80.0, 90.0, 10.0, 50.0, 100.0, 80.0, 20.0, 90.0, 30.0, 90.0, 100.0, 50.0, 40.0, 60.0, 80.0, 100.0, 60.0, 90.0, 100.0, 30.0, 100.0, 30.0, 80.0, 70.0, 70.0, 100.0, 80.0, 90.0, 100.0, 50.0, 60.0, 80.0, 100.0, 10.0, 90.0, 80.0, 30.0, 40.0, 100.0, 50.0, 100.0, 60.0, 100.0, 100.0, 100.0, 100.0, 90.0, 20.0, 70.0, 80.0, 30.0, 60.0, 100.0, 90.0, 70.0, 100.0, 40.0, 80.0, 100.0, 100.0, 100.0, 100.0, 60.0, 20.0, 90.0, 70.0, 90.0, 20.0, 40.0, 80.0, 80.0, 100.0, 80.0, 60.0, 90.0, 20.0, 100.0, 50.0, 100.0, 20.0, 70.0, 20.0, 60.0, 70.0, 70.0, 100.0, 40.0, 90.0, 100.0, 80.0, 20.0, 0.0, 20.0, 90.0, 60.0, 100.0, 60.0, 10.0, 100.0, 0.0, 40.0, 0.0, 100.0, 90.0, 50.0, 60.0, 40.0, 90.0, 20.0, 60.0, 90.0, 30.0, 90.0, 40.0, 100.0, 100.0, 100.0, 100.0, 100.0, 80.0, 20.0, 100.0, 100.0, 90.0, 100.0, 50.0, 70.0, 60.0, 60.0, 80.0, 100.0, 20.0, 30.0, 50.0, 100.0, 40.0, 30.0, 30.0, 100.0, 100.0, 40.0, 90.0, 100.0, 70.0, 90.0, 40.0, 50.0, 100.0, 90.0, 100.0, 70.0, 100.0, 80.0, 100.0, 100.0, 70.0, 60.0, 40.0, 100.0, 40.0, 50.0, 100.0, 60.0, 80.0, 100.0, 100.0, 50.0, 10.0, 80.0, 90.0, 50.0, 100.0, 90.0, 10.0, 100.0, 20.0, 70.0, 20.0, 50.0, 100.0, 100.0, 10.0, 70.0, 100.0, 100.0, 60.0, 30.0, 90.0, 80.0, 60.0, 90.0, 90.0, 10.0, 30.0, 100.0, 100.0, 40.0, 100.0, 100.0, 100.0, 100.0, 60.0, 80.0, 50.0, 100.0, 70.0, 100.0, 100.0, 90.0, 80.0, 40.0, 80.0, 100.0, 100.0, 0.0, 70.0, 80.0, 100.0, 20.0, 100.0, 40.0, 60.0, 100.0, 80.0, 20.0, 80.0, 100.0, 100.0, 50.0, 10.0, 60.0, 100.0, 30.0, 90.0, 40.0, 40.0, 100.0, 80.0, 10.0, 100.0, 100.0, 100.0, 70.0, 70.0, 50.0, 50.0, 30.0, 100.0, 90.0, 70.0, 90.0, 40.0, 80.0, 70.0, 0.0, 100.0, 90.0, 40.0, 90.0, 100.0, 90.0, 30.0, 90.0, 90.0, 60.0, 60.0, 50.0, 100.0, 100.0, 100.0, 10.0, 90.0, 0.0, 100.0, 90.0, 100.0, 100.0, 60.0, 70.0, 80.0, 100.0, 10.0, 100.0, 90.0, 50.0, 60.0, 100.0, 100.0, 100.0, 90.0, 10.0, 80.0, 90.0, 60.0, 20.0, 70.0, 40.0, 80.0, 10.0, 40.0, 70.0, 100.0, 60.0, 20.0, 100.0, 10.0, 80.0, 30.0, 100.0, 80.0, 20.0, 10.0, 10.0, 100.0, 100.0, 80.0, 40.0, 100.0, 100.0, 30.0, 90.0, 100.0, 50.0, 100.0, 80.0, 30.0, 60.0, 100.0, 90.0, 100.0, 100.0, 100.0, 100.0, 80.0, 40.0, 100.0, 100.0, 90.0, 60.0, 30.0, 10.0, 50.0, 50.0, 60.0, 80.0, 70.0, 100.0, 40.0, 60.0, 70.0, 40.0, 40.0, 100.0, 100.0, 70.0, 50.0, 60.0, 70.0, 20.0, 50.0, 90.0, 30.0, 90.0, 60.0, 100.0, 100.0, 80.0, 100.0, 100.0, 40.0, 80.0, 100.0, 100.0, 100.0, 70.0, 100.0, 60.0, 30.0, 100.0, 100.0, 70.0, 100.0, 100.0, 50.0, 40.0, 70.0, 50.0, 30.0, 100.0, 100.0, 10.0, 90.0, 90.0, 70.0, 80.0, 80.0, 60.0, 100.0, 100.0, 100.0, 70.0, 50.0, 80.0, 20.0, 0.0, 60.0, 20.0, 50.0, 70.0, 90.0, 70.0, 20.0, 100.0, 30.0, 100.0, 100.0, 100.0, 40.0, 50.0, 50.0, 60.0, 80.0, 100.0, 70.0, 70.0, 20.0, 80.0, 90.0, 100.0, 90.0, 60.0, 40.0, 100.0, 80.0, 100.0, 20.0, 100.0, 100.0, 60.0, 50.0, 50.0, 20.0, 70.0, 90.0, 100.0, 40.0, 100.0, 80.0, 80.0, 100.0, 100.0, 100.0, 100.0, 100.0, 100.0, 60.0, 60.0, 70.0, 100.0, 60.0, 10.0, 50.0, 60.0, 100.0, 90.0, 100.0, 100.0, 60.0, 100.0, 100.0, 80.0, 100.0, 100.0, 100.0, 20.0, 40.0, 90.0, 100.0, 50.0, 70.0, 70.0, 100.0, 60.0, 60.0, 50.0, 90.0, 80.0, 90.0, 100.0, 30.0, 70.0, 100.0, 0.0, 50.0, 100.0, 80.0, 10.0, 70.0, 80.0, 80.0, 100.0, 100.0, 50.0, 90.0, 100.0, 40.0, 60.0, 10.0, 30.0, 80.0, 90.0, 