{"shuffle_centroids_times": [0.03339385986328125], "map_iterdata_times": [0.17130613327026367], "create_map_data": [0.25157785415649414], "map_queries_times": [[[24.98614811897278, 0.0346684455871582, [0.9227867126464844, 0.6317915916442871, 1.4941656589508057, 1.7171592712402344, 1.8829822540283203, 1.2808077335357666, 1.4847941398620605, 1.2833564281463623, 1.2785124778747559, 1.8999793529510498, 1.411799669265747, 1.4938061237335205, 1.8886756896972656, 1.5422186851501465, 2.2229273319244385, 1.417982816696167], [0.1183314323425293, 0.05831313133239746, 0.050115108489990234, 0.08873510360717773, 0.06282830238342285, 0.042577266693115234, 0.04778242111206055, 0.07034683227539062, 0.04674029350280762, 0.0919044017791748, 0.048737287521362305, 0.04429483413696289, 0.06932973861694336, 0.04783272743225098, 0.06776070594787598, 0.04483199119567871], [0.0185699462890625, 0.003632783889770508, 0.007771015167236328, 0.005704402923583984, 0.002082347869873047, 0.004453897476196289, 0.0051686763763427734, 0.00427556037902832, 0.002347230911254883, 0.00600886344909668, 0.008898019790649414, 0.004990339279174805, 0.0068280696868896484, 0.0038018226623535156, 0.006329536437988281, 0.003351926803588867], 0.002887725830078125], [20.847270727157593, 0.036817073822021484, [0.9230103492736816, 0.4722609519958496, 1.1894371509552002, 0.9936609268188477, 2.8989243507385254, 0.5293447971343994, 1.6414318084716797, 1.677643060684204, 1.0087244510650635, 1.1158015727996826, 1.1166150569915771, 1.2098138332366943, 1.6086044311523438, 0.8648891448974609, 1.3907337188720703, 1.611983060836792], [0.05809426307678223, 0.031674861907958984, 0.026447534561157227, 0.03371739387512207, 0.06441044807434082, 0.016702890396118164, 0.026781082153320312, 0.04284024238586426, 0.01971578598022461, 0.018805265426635742, 0.021744728088378906, 0.018729686737060547, 0.03295159339904785, 0.016627073287963867, 0.020928144454956055, 0.034949541091918945], [0.004888296127319336, 0.002158641815185547, 0.011064291000366211, 0.0032634735107421875, 0.0101470947265625, 0.001104593276977539, 0.0032830238342285156, 0.004549503326416016, 0.005681514739990234, 0.0021257400512695312, 0.0039713382720947266, 0.00171661376953125, 0.0056915283203125, 0.002961397171020508, 0.0033528804779052734, 0.003958225250244141], 0.002385854721069336], [18.313987970352173, 0.032132625579833984, [0.4359149932861328, 0.38834285736083984, 0.2696366310119629, 0.9092648029327393, 1.2123711109161377, 1.0196654796600342, 0.6483612060546875, 2.1529674530029297, 1.9507057666778564, 1.2500157356262207, 0.6693201065063477, 1.5631108283996582, 0.8843424320220947, 1.6327009201049805, 1.2375545501708984, 1.260023593902588], [0.058731794357299805, 0.05665183067321777, 0.024808406829833984, 0.056131839752197266, 0.04619860649108887, 0.031003475189208984, 0.02014327049255371, 0.07053089141845703, 0.08762526512145996, 0.04204916954040527, 0.025640487670898438, 0.06203627586364746, 0.03352785110473633, 0.05219268798828125, 0.04234671592712402, 0.03877663612365723], [0.003927946090698242, 0.0017018318176269531, 0.0016586780548095703, 0.001550912857055664, 0.002676725387573242, 0.0023200511932373047, 0.0015239715576171875, 0.0063457489013671875, 0.004911661148071289, 0.002684354782104492, 0.001741647720336914, 0.006033658981323242, 0.0025298595428466797, 0.0026340484619140625, 0.0020613670349121094, 0.0028290748596191406], 0.0018553733825683594], [16.34932017326355, 0.028299808502197266, [0.4817936420440674, 0.2938220500946045, 0.455491304397583, 2.582474946975708, 0.9168121814727783, 0.7729368209838867, 1.0997600555419922, 1.4457857608795166, 1.0009181499481201, 0.8757834434509277, 0.7720887660980225, 0.986499547958374, 0.7505366802215576, 0.999201774597168, 1.2034382820129395, 0.8687257766723633], [0.06659460067749023, 0.04087686538696289, 0.03644967079162598, 0.12887001037597656, 0.040441036224365234, 0.044431209564208984, 0.03571462631225586, 0.0766444206237793, 0.03657364845275879, 0.04660224914550781, 0.027838945388793945, 0.048065900802612305, 0.02437114715576172, 0.04551053047180176, 0.04530978202819824, 0.029309511184692383], [0.0035402774810791016, 0.0019135475158691406, 0.0025322437286376953, 0.007599592208862305, 0.003213167190551758, 0.0012402534484863281, 0.002881288528442383, 0.0046427249908447266, 0.0014712810516357422, 0.0018682479858398438, 0.0012166500091552734, 0.0021507740020751953, 0.0010094642639160156, 0.0013072490692138672, 0.0015552043914794922, 0.0014922618865966797], 0.0015649795532226562]]], "map_execution": [28.19483709335327], "map_invoke": [[0.5655663013458252, 0.537940502166748, 0.5456452369689941, 0.566002607345581]], "create_reduce_data": [0.2617218494415283], "reduce_iterdata_times": [0.26070642471313477], "reduce_queries_times": [[0.04580259323120117]], "reduce_execution_times": [3.102529525756836], "reduce_invoke": [[0.5950584411621094]], "divide_reduce_times": [4.744529724121094e-05], "total_querying_times": [31.81071400642395],