{"shuffle_centroids_times": [0.04890179634094238], "map_iterdata_times": [0.37439727783203125], "create_map_data": [0.4692537784576416], "map_queries_times": [[[16.50884509086609, 0.2222142219543457, [0.3123645782470703, 0.31693005561828613, 0.25702500343322754, 0.2629539966583252, 0.29830455780029297, 0.2747035026550293, 0.5325686931610107, 0.33760690689086914, 0.5296781063079834, 0.41229677200317383, 0.3016202449798584, 0.678729772567749, 0.43740344047546387, 0.6585671901702881, 0.7549092769622803, 0.4942209720611572, 0.34723925590515137, 0.20453095436096191, 0.5248308181762695, 0.7632648944854736, 0.37130069732666016, 0.6601548194885254, 0.2701749801635742, 0.5643587112426758, 0.7582318782806396, 0.42103123664855957, 0.4565155506134033, 0.6551651954650879, 0.3393552303314209, 0.7661771774291992, 0.5192844867706299, 0.4199235439300537], [0.019558429718017578, 0.022787809371948242, 0.00997781753540039, 0.010638236999511719, 0.012351036071777344, 0.008474111557006836, 0.009870767593383789, 0.008422136306762695, 0.010805130004882812, 0.008245229721069336, 0.006126880645751953, 0.011006355285644531, 0.009628534317016602, 0.012010335922241211, 0.014542102813720703, 0.008112430572509766, 0.009146928787231445, 0.005003690719604492, 0.009492874145507812, 0.01336216926574707, 0.008429765701293945, 0.012181282043457031, 0.0070188045501708984, 0.010785579681396484, 0.011828422546386719, 0.009012460708618164, 0.009244918823242188, 0.011986255645751953, 0.007925271987915039, 0.013041257858276367, 0.009870529174804688, 0.009641885757446289], [0.011274576187133789, 0.022005319595336914, 0.00873708724975586, 0.033802032470703125, 0.007002592086791992, 0.009421586990356445, 0.04150700569152832, 0.014968156814575195, 0.02346014976501465, 0.034804582595825195, 0.011199235916137695, 0.04076409339904785, 0.03030991554260254, 0.048955678939819336, 0.0075092315673828125, 0.03225994110107422, 0.0316166877746582, 0.004734992980957031, 0.04365086555480957, 0.07287359237670898, 0.03467369079589844, 0.07027149200439453, 0.009134054183959961, 0.013583660125732422, 0.033948421478271484, 0.010344266891479492, 0.03289508819580078, 0.05697154998779297, 0.029556751251220703, 0.05996251106262207, 0.05057549476623535, 0.03451848030090332], 0.07712030410766602], [15.429046154022217, 0.15700531005859375, [0.13444900512695312, 0.1435375213623047, 0.16793084144592285, 0.14451217651367188, 0.1865234375, 0.15090703964233398, 0.18540000915527344, 0.1924114227294922, 0.30777692794799805, 0.5015950202941895, 0.5167796611785889, 0.7821338176727295, 0.46105456352233887, 0.6633274555206299, 0.4323291778564453, 0.42290592193603516, 0.5271010398864746, 0.5383672714233398, 0.3182365894317627, 0.41490697860717773, 0.52410888671875, 0.5354504585266113, 0.4234733581542969, 0.6534621715545654, 0.6748068332672119, 0.6658565998077393, 0.5367987155914307, 0.5342082977294922, 0.6610584259033203, 0.7641239166259766, 0.5567407608032227, 0.6714293956756592], [0.01156759262084961, 0.01566028594970703, 0.0041751861572265625, 0.008918285369873047, 0.015479803085327148, 0.008722305297851562, 0.011705160140991211, 0.015053749084472656, 0.008646726608276367, 0.009391069412231445, 0.011829137802124023, 0.023045778274536133, 0.011225700378417969, 0.017727136611938477, 0.011181831359863281, 0.009705781936645508, 0.010731697082519531, 0.01204991340637207, 0.007982969284057617, 0.007521390914916992, 0.011758804321289062, 0.012047767639160156, 0.010490179061889648, 0.014372110366821289, 0.018210887908935547, 0.015614509582519531, 0.011862039566040039, 0.011417865753173828, 0.014333009719848633, 0.016102313995361328, 0.013768911361694336, 0.015027999877929688], [0.0074176788330078125, 0.010645151138305664, 0.00212860107421875, 0.007279157638549805, 0.014862537384033203, 0.0062847137451171875, 0.010117053985595703, 0.013473749160766602, 0.006966829299926758, 0.016930818557739258, 0.013652324676513672, 0.00915217399597168, 0.008359432220458984, 0.008370399475097656, 0.007690906524658203, 0.011868715286254883, 0.011183023452758789, 0.010832548141479492, 0.006864786148071289, 0.00810694694519043, 0.02162027359008789, 0.016187429428100586, 0.008544683456420898, 0.009451866149902344, 0.01142430305480957, 0.027387619018554688, 0.011533975601196289, 0.006873369216918945, 0.017820119857788086, 0.038768768310546875, 0.016142845153808594, 0.008461713790893555], 0.09409093856811523], [13.698739051818848, 0.17345762252807617, [0.1476273536682129, 0.14972805976867676, 0.22952628135681152, 0.1961832046508789, 0.20364975929260254, 0.2803475856781006, 0.5008285045623779, 0.13390684127807617, 0.30468225479125977, 0.9300458431243896, 0.26416826248168945, 0.545386552810669, 0.42238926887512207, 0.5748977661132812, 0.5222463607788086, 0.628495454788208, 0.21536731719970703, 0.41573143005371094, 0.5262858867645264, 0.5093278884887695, 0.5173354148864746, 0.2140350341796875, 0.41413354873657227, 0.4050626754760742, 0.5234842300415039, 0.39871740341186523, 0.3050210475921631, 0.31273341178894043, 0.6237456798553467, 0.2995476722717285, 0.502056360244751, 0.30748748779296875], [0.013672113418579102, 0.0189511775970459, 0.024234294891357422, 0.0188140869140625, 0.015522956848144531, 0.025979042053222656, 0.016988515853881836, 0.011677980422973633, 0.013178110122680664, 0.04022645950317383, 0.012759923934936523, 0.022515535354614258, 0.013772964477539062, 0.01892828941345215, 0.018706083297729492, 0.020837068557739258, 0.00940251350402832, 0.013401985168457031, 0.01630091667175293, 0.01468801498413086, 0.016651391983032227, 0.007619619369506836, 0.013296127319335938, 0.012084484100341797, 0.016373157501220703, 0.012180805206298828, 0.010664224624633789, 0.01231527328491211, 0.018031597137451172, 0.010274887084960938, 0.014877796173095703, 0.012085199356079102], [0.007892847061157227, 0.008482217788696289, 0.01817035675048828, 0.0199282169342041, 0.011481285095214844, 0.01637434959411621, 0.01998281478881836, 0.006238698959350586, 0.007626056671142578, 0.03283429145812988, 0.008417844772338867, 0.022594690322875977, 0.017828702926635742, 0.021218538284301758, 0.01501917839050293, 0.02593255043029785, 0.009315729141235352, 0.01263284683227539, 0.021043777465820312, 0.008390426635742188, 0.008957386016845703, 0.004057884216308594, 0.0045566558837890625, 0.004981279373168945, 0.02360224723815918, 0.01733684539794922, 0.0045664310455322266, 0.007922172546386719, 0.009670019149780273, 0.006361246109008789, 0.01688218116760254, 0.00990438461303711], 0.05358719825744629], [13.342160701751709, 0.11945104598999023, [0.2727930545806885, 0.34012746810913086, 0.25046610832214355, 0.12051224708557129, 0.2339472770690918, 0.22343754768371582, 0.13251852989196777, 0.4212675094604492, 0.528980016708374, 0.6173622608184814, 0.4104762077331543, 0.6117987632751465, 0.7470908164978027, 0.22712326049804688, 0.5322701930999756, 0.32897067070007324, 0.5191023349761963, 0.30467653274536133, 0.43903326988220215, 0.2994813919067383, 0.309755802154541, 0.4123573303222656, 0.5082550048828125, 0.4286971092224121, 0.42070770263671875, 0.5172410011291504, 0.40899181365966797, 0.304793119430542, 0.30658674240112305, 0.30098438262939453, 0.5080013275146484, 0.319063663482666], [0.03224968910217285, 0.04545116424560547, 0.019459247589111328, 0.013489007949829102, 0.01719069480895996, 0.02387261390686035, 0.012023687362670898, 0.015240907669067383, 0.02659749984741211, 0.023066043853759766, 0.015211343765258789, 0.018629074096679688, 0.027865171432495117, 0.010579109191894531, 0.01854681968688965, 0.017537593841552734, 0.015017509460449219, 0.01106715202331543, 0.015782833099365234, 0.009571075439453125, 0.011664152145385742, 0.013356685638427734, 0.01555180549621582, 0.01683330535888672, 0.014536857604980469, 0.015792369842529297, 0.01384115219116211, 0.01105642318725586, 0.011658191680908203, 0.010193824768066406, 0.015895366668701172, 0.013079166412353516], [0.019182443618774414, 0.02743697166442871, 0.019376516342163086, 0.005155324935913086, 0.010006189346313477, 