{"shuffle_centroids_times": [0.10760974884033203], "map_iterdata_times": [0.8522591590881348], "create_map_data": [1.006300926208496], "map_queries_times": [[[25.990912675857544, 0.6854634284973145, [0.3309805393218994, 0.329758882522583, 0.2641127109527588, 0.34372544288635254, 0.5670299530029297, 0.6269428730010986, 0.854663610458374, 0.539008378982544, 0.8448784351348877, 0.749866247177124, 0.32887887954711914, 0.9594900608062744, 0.6581723690032959, 0.9646415710449219, 0.666703462600708, 0.7443447113037109, 0.7496030330657959, 0.2268526554107666, 0.961688756942749, 1.1966583728790283, 0.4465596675872803, 1.1057260036468506, 0.32956981658935547, 0.7569131851196289, 0.9675860404968262, 0.551311731338501, 0.7616431713104248, 1.0838568210601807, 0.5584971904754639, 1.0958209037780762, 0.8213202953338623, 0.6646749973297119], [0.03524327278137207, 0.0486447811126709, 0.024948835372924805, 0.04867410659790039, 0.027082204818725586, 0.019663333892822266, 0.02633523941040039, 0.019573688507080078, 0.02576732635498047, 0.025774002075195312, 0.014964103698730469, 0.028484106063842773, 0.024158000946044922, 0.029421091079711914, 0.026085853576660156, 0.022504329681396484, 0.025119781494140625, 0.01031804084777832, 0.028783559799194336, 0.048816680908203125, 0.02290940284729004, 0.04775190353393555, 0.015120983123779297, 0.023634910583496094, 0.029349327087402344, 0.021152257919311523, 0.025271892547607422, 0.03642535209655762, 0.023113489151000977, 0.03432607650756836, 0.03360939025878906, 0.023988723754882812], [0.029584407806396484, 0.04171895980834961, 0.036550045013427734, 0.08701062202453613, 0.021055221557617188, 0.03326559066772461, 0.08222484588623047, 0.04884910583496094, 0.08394026756286621, 0.08148598670959473, 0.0403292179107666, 0.09030342102050781, 0.06896018981933594, 0.08865594863891602, 0.023143768310546875, 0.06715083122253418, 0.07525444030761719, 0.022426128387451172, 0.0928499698638916, 0.1334826946258545, 0.04108738899230957, 0.125152587890625, 0.03384208679199219, 0.04020071029663086, 0.0763089656829834, 0.054422616958618164, 0.07625246047973633, 0.11934614181518555, 0.07758688926696777, 0.10147547721862793, 0.09891676902770996, 0.07585000991821289], 0.18796849250793457], [23.693920373916626, 0.6864902973175049, [0.35681843757629395, 0.4631307125091553, 0.3958406448364258, 0.3959188461303711, 0.3346681594848633, 0.8040111064910889, 0.4481673240661621, 0.6932156085968018, 0.8051779270172119, 0.4521503448486328, 0.45343995094299316, 0.6717820167541504, 0.8052780628204346, 0.861016035079956, 0.4819142818450928, 0.46053266525268555, 1.028001070022583, 0.7091784477233887, 0.6953063011169434, 0.4623725414276123, 0.8068287372589111, 0.6821753978729248, 0.9631235599517822, 0.7091677188873291, 0.4536118507385254, 0.7830550670623779, 0.3563361167907715, 0.3334345817565918, 1.1634652614593506, 0.7202348709106445, 0.9293355941772461, 0.26171326637268066], [0.0382232666015625, 0.06797528266906738, 0.035280704498291016, 0.021215200424194336, 0.01920294761657715, 0.03353404998779297, 0.01612234115600586, 0.02260422706604004, 0.03247809410095215, 0.014312267303466797, 0.015908241271972656, 0.019896745681762695, 0.02635812759399414, 0.03188157081604004, 0.01893305778503418, 0.01592397689819336, 0.0293881893157959, 0.02514815330505371, 0.022873640060424805, 0.018042802810668945, 0.025335311889648438, 0.021617650985717773, 0.030809640884399414, 0.0238800048828125, 0.014877080917358398, 0.023631811141967773, 0.016008615493774414, 0.01337885856628418, 0.04198336601257324, 0.03673243522644043, 0.028595924377441406, 0.016975879669189453], [0.08265209197998047, 0.09847211837768555, 0.08237195014953613, 0.0654139518737793, 0.03303408622741699, 0.041982173919677734, 0.03054356575012207, 0.05191326141357422, 0.0713961124420166, 0.026043176651000977, 0.02838277816772461, 0.05188608169555664, 0.0923917293548584, 0.09107732772827148, 0.04403424263000488, 0.03518342971801758, 0.0989539623260498, 0.06522107124328613, 0.15628600120544434, 0.029665231704711914, 0.05946803092956543, 0.06271052360534668, 0.08042120933532715, 0.04013228416442871, 0.02805924415588379, 0.08254551887512207, 0.03459358215332031, 0.02664947509765625, 0.09614920616149902, 0.0626821517944336, 0.08482503890991211, 0.03105902671813965], 0.28137755393981934], [19.79982566833496, 0.6627061367034912, [0.23512506484985352, 0.20686101913452148, 0.35552358627319336, 0.39675450325012207, 0.2446577548980713, 0.30931782722473145, 0.23348760604858398, 0.29865384101867676, 0.29784440994262695, 0.7687013149261475, 0.5470857620239258, 0.4328925609588623, 0.8827958106994629, 0.333101749420166, 0.771533727645874, 0.6853883266448975, 0.5502040386199951, 0.8790488243103027, 0.4649393558502197, 0.761406660079956, 0.3776223659515381, 1.0133390426635742, 0.5827775001525879, 0.695082426071167, 0.4401276111602783, 0.5679678916931152, 0.23158478736877441, 0.7700538635253906, 0.4628455638885498, 0.6862218379974365, 0.22938942909240723, 0.9026427268981934], [0.018713951110839844, 0.025490522384643555, 0.033452510833740234, 0.04375815391540527, 0.019928455352783203, 0.02910780906677246, 0.017306089401245117, 0.0217592716217041, 0.026053428649902344, 0.026604890823364258, 0.020763635635375977, 0.015226125717163086, 0.028264999389648438, 0.01411890983581543, 0.025562286376953125, 0.02842259407043457, 0.01926279067993164, 0.027842283248901367, 0.01981329917907715, 0.02395009994506836, 0.01604771614074707, 0.03126358985900879, 0.021978139877319336, 0.022629976272583008, 0.01720261573791504, 0.0209197998046875, 0.010984182357788086, 0.021373510360717773, 0.0240938663482666, 0.022793292999267578, 0.011081695556640625, 0.026185989379882812], [0.037915706634521484, 0.02997279167175293, 0.08041691780090332, 0.08761453628540039, 0.03945636749267578, 0.03939628601074219, 0.023131370544433594, 0.14363765716552734, 0.04197955131530762, 0.06316184997558594, 0.051367759704589844, 0.03642582893371582, 0.07966399192810059, 0.03324604034423828, 0.056878089904785156, 0.07991504669189453, 0.050012826919555664, 0.08154797554016113, 0.03869199752807617, 0.06830525398254395, 0.02969837188720703, 0.04975461959838867, 0.02101421356201172, 0.04029512405395508, 0.024351119995117188, 0.03810000419616699, 0.016031980514526367, 0.05015730857849121, 0.04562020301818848, 0.06082940101623535, 0.021830081939697266, 0.03943514823913574], 0.19002890586853027], [17.832388639450073, 0.47803425788879395, [0.1268632411956787, 0.26816630363464355, 0.22153210639953613, 0.2997872829437256, 0.33741021156311035, 0.34577345848083496, 0.2421891689300537, 0.7228608131408691, 0.531609296798706, 0.851233720779419, 0.33960652351379395, 0.3063032627105713, 0.4839794635772705, 0.7421386241912842, 0.6370682716369629, 0.528038501739502, 0.4157984256744385, 0.51143479347229, 0.8494682312011719, 0.5387172698974609, 0.8567707538604736, 0.8668437004089355, 0.3191225528717041, 0.6330039501190186, 0.3196747303009033, 0.3104712963104248, 0.6204566955566406, 0.3143184185028076, 0.5125932693481445, 0.5246801376342773, 0.5132555961608887, 0.526191234588623], [0.007029294967651367, 0.03342390060424805, 0.023884057998657227, 0.0235137939453125, 0.0350642204284668, 0.03351402282714844, 0.02084207534790039, 0.026156902313232422, 0.022129535675048828, 0.031766414642333984, 0.01599597930908203, 0.012274980545043945, 0.017998695373535156, 0.023336172103881836, 0.025793075561523438, 0.01953268051147461, 0.016307592391967773, 0.018105745315551758, 0.027120113372802734, 0.0233767032623291, 0.028384685516357422, 0.03537607192993164, 0.013255119323730469, 0.024736642837524414, 0.013074874877929688, 0.011750221252441406, 0.01886725425720215, 0.013862848281860352, 0.017629384994506836, 0.020560264587402344, 0.017221450805664062, 0.018708229064941406], [0.006544589996337891, 0.034584999084472656, 0.017075777053833008, 0.03133416175842285, 0.06644582748413086, 0.025818824768066406, 0.028351783752441406, 0.023583650588989258, 0.03188037872314453, 0.07090616226196289, 0.04265141487121582, 