{"shuffle_centroids_times": [0.027367591857910156], "map_iterdata_times": [0.18307137489318848], "create_map_data": [0.2581167221069336], "map_queries_times": [[[24.74637722969055, 0.030461549758911133, [0.8643491268157959, 0.6517667770385742, 1.8362247943878174, 1.4233388900756836, 1.7367734909057617, 1.3671305179595947, 1.4746410846710205, 1.2888762950897217, 1.2537298202514648, 1.838953971862793, 1.4836266040802002, 1.3838098049163818, 1.9335806369781494, 1.5027854442596436, 2.1941609382629395, 1.4040234088897705], [0.1175532341003418, 0.05799698829650879, 0.05118441581726074, 0.08755612373352051, 0.060699462890625, 0.042255401611328125, 0.04649615287780762, 0.06830883026123047, 0.04309535026550293, 0.09033560752868652, 0.047954559326171875, 0.04359269142150879, 0.06783318519592285, 0.048531293869018555, 0.06647968292236328, 0.045187950134277344], [0.016247272491455078, 0.0033130645751953125, 0.0065691471099853516, 0.0070056915283203125, 0.0026836395263671875, 0.00402379035949707, 0.0053691864013671875, 0.0041675567626953125, 0.0026776790618896484, 0.006694793701171875, 0.006892204284667969, 0.004738807678222656, 0.0069348812103271484, 0.0037381649017333984, 0.00591588020324707, 0.0030906200408935547], 0.002866983413696289], [20.82845664024353, 0.045386314392089844, [0.8157813549041748, 0.42497777938842773, 1.229128122329712, 0.9957659244537354, 2.8633339405059814, 0.508690595626831, 1.6444315910339355, 1.6500182151794434, 0.9555473327636719, 1.062070369720459, 1.139418125152588, 1.162062406539917, 1.623539924621582, 0.8192780017852783, 1.299971580505371, 1.6383874416351318], [0.10646176338195801, 0.057028770446777344, 0.04751443862915039, 0.048302412033081055, 0.11906552314758301, 0.026782512664794922, 0.05187821388244629, 0.07732319831848145, 0.034879207611083984, 0.0354156494140625, 0.04102158546447754, 0.03669571876525879, 0.06181740760803223, 0.029935121536254883, 0.039958953857421875, 0.06448030471801758], [0.00553584098815918, 0.002284526824951172, 0.008275985717773438, 0.0035963058471679688, 0.01209712028503418, 0.00138092041015625, 0.004317283630371094, 0.005437612533569336, 0.00334930419921875, 0.0025892257690429688, 0.004355430603027344, 0.001817464828491211, 0.005301475524902344, 0.0016908645629882812, 0.003143787384033203, 0.00433349609375], 0.0024390220642089844], [18.385813236236572, 0.032923221588134766, [0.4711594581604004, 0.4251384735107422, 0.2858872413635254, 1.115448236465454, 0.949110746383667, 1.048741102218628, 0.5975496768951416, 2.1075050830841064, 2.0096471309661865, 1.186042070388794, 0.6942563056945801, 1.6006782054901123, 0.8223774433135986, 1.7681443691253662, 1.1729302406311035, 1.2893857955932617], [0.05917215347290039, 0.056946516036987305, 0.024909019470214844, 0.0563817024230957, 0.04681086540222168, 0.03125286102294922, 0.02027416229248047, 0.0718071460723877, 0.0891885757446289, 0.04235363006591797, 0.025537967681884766, 0.06359124183654785, 0.033492326736450195, 0.05236935615539551, 0.04222393035888672, 0.0393824577331543], [0.004141807556152344, 0.0023717880249023438, 0.0021827220916748047, 0.0017948150634765625, 0.003346681594848633, 0.0022590160369873047, 0.0014941692352294922, 0.00747370719909668, 0.004208564758300781, 0.002839326858520508, 0.0018839836120605469, 0.0056858062744140625, 0.00290679931640625, 0.0027680397033691406, 0.0026597976684570312, 0.0029573440551757812], 0.0020592212677001953], [16.676758527755737, 0.035736083984375, [0.6739928722381592, 0.3350095748901367, 0.49395108222961426, 2.3966102600097656, 0.9887747764587402, 0.7454581260681152, 1.154789924621582, 1.4273583889007568, 1.0655863285064697, 0.8356454372406006, 0.8109865188598633, 1.0380637645721436, 0.6886599063873291, 1.039064645767212, 1.262146234512329, 0.8441245555877686], [0.07198643684387207, 0.04413318634033203, 0.03751397132873535, 0.13558697700500488, 0.04209160804748535, 0.04424929618835449, 0.03606128692626953, 0.0789182186126709, 0.037943124771118164, 0.04569816589355469, 0.0292203426361084, 0.04791450500488281, 0.025124549865722656, 0.04388093948364258, 0.04817318916320801, 0.030032634735107422], [0.0031366348266601562, 0.0021529197692871094, 0.0027933120727539062, 0.00887298583984375, 0.0032715797424316406, 0.001219034194946289, 0.0028171539306640625, 0.004422426223754883, 0.0014586448669433594, 0.0015985965728759766, 0.0012569427490234375, 0.0018880367279052734, 0.00089263916015625, 0.0013833045959472656, 0.0016322135925292969, 0.0014982223510742188], 0.0018072128295898438]]], "map_execution": [28.179948806762695], "map_invoke": [[0.5289874076843262, 0.5782763957977295, 0.5517706871032715, 0.6106226444244385]], "create_reduce_data": [0.29329729080200195], "reduce_iterdata_times": [0.29230570793151855], "reduce_queries_times": [[0.03937888145446777]], "reduce_execution_times": [3.0908613204956055], "reduce_invoke": [[0.5624618530273438]], "divide_reduce_times": [5.459785461425781e-05], "total_querying_times": [31.82227921485901],