{"shuffle_centroids_times": [0.03599905967712402], "map_iterdata_times": [0.22193551063537598], "create_map_data": [0.3037538528442383], "map_queries_times": [[[25.620242834091187, 0.17916488647460938, [0.8740601539611816, 1.0918164253234863, 0.8488564491271973, 1.0510940551757812, 1.063786268234253, 1.5952730178833008, 2.1249988079071045, 1.3183786869049072, 1.0442137718200684, 2.9484758377075195, 1.5957164764404297, 2.2597079277038574, 0.9719657897949219, 1.6570842266082764, 1.5535547733306885, 1.1915106773376465], [0.11697506904602051, 0.08378386497497559, 0.03554105758666992, 0.03183126449584961, 0.03269219398498535, 0.05683541297912598, 0.0865628719329834, 0.046792030334472656, 0.03288435935974121, 0.10982584953308105, 0.0720365047454834, 0.07461142539978027, 0.037367820739746094, 0.050328969955444336, 0.062409400939941406, 0.04005074501037598], [0.03458595275878906, 0.08118867874145508, 0.03176093101501465, 0.023596763610839844, 0.02973318099975586, 0.08449506759643555, 0.12841010093688965, 0.07324671745300293, 0.015799283981323242, 0.20723509788513184, 0.15688729286193848, 0.14116501808166504, 0.0334324836730957, 0.07219672203063965, 0.08086609840393066, 0.04573559761047363], 0.03954935073852539], [18.545705795288086, 0.0927731990814209, [0.44995927810668945, 0.294658899307251, 0.9021728038787842, 1.060788869857788, 1.3694961071014404, 1.381751537322998, 0.9961752891540527, 0.8739264011383057, 0.9732282161712646, 1.2970898151397705, 1.4302978515625, 0.6580467224121094, 1.0804736614227295, 1.0873653888702393, 1.537248134613037, 1.7641818523406982], [0.05572199821472168, 0.038544654846191406, 0.06169939041137695, 0.03580284118652344, 0.04906034469604492, 0.04804348945617676, 0.03199458122253418, 0.02825188636779785, 0.032186269760131836, 0.039702653884887695, 0.06737899780273438, 0.025058507919311523, 0.03200936317443848, 0.04338192939758301, 0.05690264701843262, 0.06938385963439941], [0.02229928970336914, 0.00965261459350586, 0.09451508522033691, 0.027336597442626953, 0.047410011291503906, 0.03360915184020996, 0.037468671798706055, 0.014713525772094727, 0.02214217185974121, 0.03198814392089844, 0.02460336685180664, 0.01868128776550293, 0.02914142608642578, 0.027775049209594727, 0.032438039779663086, 0.043274641036987305], 0.06371331214904785], [19.921507358551025, 0.09292387962341309, [0.5868661403656006, 0.9433777332305908, 1.4602105617523193, 1.38299560546875, 0.5647172927856445, 1.2325057983398438, 2.056703805923462, 1.8366518020629883, 1.2821006774902344, 1.5933544635772705, 1.1492817401885986, 1.3537895679473877, 0.7873742580413818, 0.8727161884307861, 0.6379430294036865, 0.6390159130096436], [0.07569336891174316, 0.09840989112854004, 0.04656529426574707, 0.04410099983215332, 0.024941682815551758, 0.04389309883117676, 0.09363532066345215, 0.07197856903076172, 0.04702115058898926, 0.05530977249145508, 0.03921389579772949, 0.04284954071044922, 0.029203414916992188, 0.02533721923828125, 0.022394895553588867, 0.020452022552490234], [0.05358266830444336, 0.03942728042602539, 0.03715872764587402, 0.06858611106872559, 0.009169578552246094, 0.03552389144897461, 0.08182668685913086, 0.06194043159484863, 0.03188180923461914, 0.07197308540344238, 0.028120040893554688, 0.02676868438720703, 0.01680898666381836, 0.01880192756652832, 0.009781360626220703, 0.009968757629394531], 0.06648492813110352], [17.065489292144775, 0.07162141799926758, [0.4322805404663086, 0.5248620510101318, 0.4519684314727783, 0.9648633003234863, 2.0254626274108887, 0.9715514183044434, 1.2151951789855957, 0.9707438945770264, 1.4046244621276855, 0.9703145027160645, 0.8054649829864502, 1.044753074645996, 0.8757688999176025, 1.0432908535003662, 0.6901082992553711, 1.5071969032287598], [0.027068376541137695, 0.03871440887451172, 0.02255845069885254, 0.018083810806274414, 0.0444188117980957, 0.021305561065673828, 0.027834653854370117, 0.018528461456298828, 0.030083656311035156, 0.02048969268798828, 0.013626575469970703, 0.02075815200805664, 0.0245058536529541, 0.018336772918701172, 0.018835067749023438, 0.03024888038635254], [0.019333600997924805, 0.05487704277038574, 0.025609970092773438, 0.05598282814025879, 0.1290745735168457, 0.04520606994628906, 0.062461137771606445, 0.028957128524780273, 0.07123947143554688, 0.04391360282897949, 0.020657062530517578, 0.016412973403930664, 0.03233623504638672, 0.040526390075683594, 0.008209943771362305, 0.024274349212646484], 0.020784854888916016]]], "map_execution": [28.294588327407837], "map_invoke": [[0.5646255016326904, 0.5281751155853271, 0.5520610809326172, 0.5463237762451172]], "create_reduce_data": [0.16137909889221191], "reduce_iterdata_times": [0.16048216819763184], "reduce_queries_times": [[0.09906435012817383]], "reduce_execution_times": [3.095454454421997], "reduce_invoke": [[0.5536644458770752]], "divide_reduce_times": [4.410743713378906e-05], "total_querying_times": [31.855220079421997],