{"shuffle_centroids_times": [0.050629377365112305], "map_iterdata_times": [0.7952432632446289], "create_map_data": [0.9550163745880127], "map_queries_times": [[[16.939422607421875, 0.5040295124053955, [0.315593957901001, 0.29747605323791504, 0.2574803829193115, 0.3498978614807129, 0.3018505573272705, 0.20261120796203613, 0.25126004219055176, 0.4177083969116211, 0.5306606292724609, 0.42788004875183105, 0.23726224899291992, 0.652033805847168, 0.43862223625183105, 0.6566894054412842, 0.679534912109375, 0.4279646873474121, 0.5338454246520996, 0.11701750755310059, 0.5221168994903564, 0.7714030742645264, 0.3503274917602539, 0.6490387916564941, 0.23313593864440918, 0.6382205486297607, 0.6550555229187012, 0.42644500732421875, 0.4438791275024414, 0.6467335224151611, 0.3283095359802246, 0.7601938247680664, 0.4513707160949707, 0.43127989768981934], [0.03131437301635742, 0.039797306060791016, 0.01812267303466797, 0.019292116165161133, 0.022671222686767578, 0.01557612419128418, 0.01684403419494629, 0.01497507095336914, 0.01760578155517578, 0.014478206634521484, 0.010581493377685547, 0.020315885543823242, 0.017794132232666016, 0.02154994010925293, 0.025931358337402344, 0.014196157455444336, 0.016951799392700195, 0.007926225662231445, 0.01672196388244629, 0.025478601455688477, 0.014732122421264648, 0.022428035736083984, 0.011786222457885742, 0.020059823989868164, 0.022024154663085938, 0.015508174896240234, 0.016506195068359375, 0.021019935607910156, 0.014724493026733398, 0.024460315704345703, 0.017711162567138672, 0.015948772430419922], [0.020433664321899414, 0.023416757583618164, 0.018560171127319336, 0.04138326644897461, 0.014779090881347656, 0.019701719284057617, 0.043230295181274414, 0.026312589645385742, 0.03444528579711914, 0.03985953330993652, 0.02544093132019043, 0.05893564224243164, 0.034091949462890625, 0.04196953773498535, 0.014063119888305664, 0.03317999839782715, 0.0334012508392334, 0.01269841194152832, 0.05054879188537598, 0.06998443603515625, 0.03989458084106445, 0.06941771507263184, 0.021134376525878906, 0.02505660057067871, 0.038704633712768555, 0.02978825569152832, 0.047738075256347656, 0.06273198127746582, 0.041085004806518555, 0.05403780937194824, 0.04980039596557617, 0.0373845100402832], 0.25391578674316406], [15.153457641601562, 0.4317288398742676, [0.23318934440612793, 0.35909509658813477, 0.2675330638885498, 0.21745085716247559, 0.13404607772827148, 0.22164678573608398, 0.13686299324035645, 0.5193991661071777, 0.5403411388397217, 0.3090786933898926, 0.40925121307373047, 0.42246198654174805, 0.4206979274749756, 0.5065972805023193, 0.3926849365234375, 0.3124980926513672, 0.626929521560669, 0.5261218547821045, 0.41217684745788574, 0.42545413970947266, 0.6325552463531494, 0.31453704833984375, 0.7387697696685791, 0.4204990863800049, 0.39650416374206543, 0.3998739719390869, 0.4052925109863281, 0.19988512992858887, 0.8676726818084717, 0.5310626029968262, 0.5325782299041748, 0.2989068031311035], [0.022459030151367188, 0.0471959114074707, 0.026601791381835938, 0.015252828598022461, 0.010085105895996094, 0.018332242965698242, 0.011117696762084961, 0.01814889907836914, 0.023018598556518555, 0.010532140731811523, 0.012392997741699219, 0.013872385025024414, 0.01630711555480957, 0.01747584342956543, 0.01315450668334961, 0.010817527770996094, 0.0199277400970459, 0.01829075813293457, 0.015788793563842773, 0.015230178833007812, 0.01997995376586914, 0.012560129165649414, 0.021114349365234375, 0.0168607234954834, 0.012226343154907227, 0.013859272003173828, 0.01402425765991211, 0.008688211441040039, 0.024080753326416016, 0.02239704132080078, 0.019345521926879883, 0.011212825775146484], [0.03964567184448242, 0.0543057918548584, 0.04175829887390137, 0.03066420555114746, 0.01839160919189453, 0.024685144424438477, 0.016260623931884766, 0.02019214630126953, 0.03254270553588867, 0.013549327850341797, 0.014287948608398438, 0.027801513671875, 0.04427981376647949, 0.03850197792053223, 0.02306818962097168, 0.0188751220703125, 0.04713582992553711, 0.032540082931518555, 0.03769278526306152, 0.012558937072753906, 0.034467220306396484, 0.03369855880737305, 0.0314486026763916, 0.021858930587768555, 0.016338586807250977, 0.03722834587097168, 0.015789270401000977, 0.01613330841064453, 0.039592742919921875, 0.026438474655151367, 0.030869483947753906, 0.016913175582885742], 0.12790274620056152], [13.70745301246643, 0.2736334800720215, [0.18678855895996094, 0.11294865608215332, 0.178300142288208, 0.17733263969421387, 0.21109795570373535, 0.2453608512878418, 0.19331073760986328, 0.3000645637512207, 0.36431336402893066, 0.427173376083374, 0.6654210090637207, 0.4709358215332031, 0.4415416717529297, 0.4397914409637451, 0.31389284133911133, 0.425398588180542, 0.3370852470397949, 0.5626580715179443, 0.5496683120727539, 0.24826431274414062, 0.20460987091064453, 0.4120140075683594, 0.33566880226135254, 0.556830883026123, 0.4697880744934082, 0.4303457736968994, 0.32329368591308594, 0.5108931064605713, 0.4215691089630127, 0.5549206733703613, 0.526221513748169, 0.6498029232025146], [0.009799957275390625, 0.006384849548339844, 0.008504152297973633, 0.011789560317993164, 0.011096000671386719, 0.012217998504638672, 0.008568048477172852, 0.013038873672485352, 0.020282506942749023, 0.009812355041503906, 0.01376485824584961, 0.009198665618896484, 0.008713483810424805, 0.009142398834228516, 0.007442474365234375, 0.008960485458374023, 0.007494688034057617, 0.010442256927490234, 0.010032176971435547, 0.006287336349487305, 0.005565166473388672, 0.00674891471862793, 0.0076105594635009766, 0.01098179817199707, 0.008837223052978516, 0.009126424789428711, 0.006928682327270508, 0.010322332382202148, 0.008860349655151367, 0.011394262313842773, 0.00958704948425293, 0.012302875518798828], [0.031249523162841797, 0.0040073394775390625, 0.028146028518676758, 0.009648799896240234, 0.02010631561279297, 0.04245281219482422, 0.01220250129699707, 0.038881540298461914, 0.026403427124023438, 0.011642217636108398, 0.010402202606201172, 0.02012348175048828, 0.039839744567871094, 0.029108524322509766, 0.0087432861328125, 0.03418707847595215, 0.015076160430908203, 0.04264235496520996, 0.04823422431945801, 0.016087770462036133, 0.006467103958129883, 0.02338886260986328, 0.020880937576293945, 0.05810952186584473, 0.019130468368530273, 0.01669764518737793, 0.026401996612548828, 0.040602922439575195, 0.012197732925415039, 0.015311717987060547, 0.0254671573638916, 0.01590585708618164], 0.105255126953125], [14.025120496749878, 0.23848438262939453, [0.28534936904907227, 0.21503329277038574, 0.24571728706359863, 0.13447141647338867, 0.1784365177154541, 0.2585175037384033, 0.7040088176727295, 0.3719630241394043, 0.44232964515686035, 0.5421946048736572, 0.5688693523406982, 0.3393576145172119, 0.5407862663269043, 0.25535035133361816, 0.8798031806945801, 0.2103571891784668, 0.5303821563720703, 0.20792889595031738, 0.5475172996520996, 0.4410367012023926, 0.4186983108520508, 0.30468130111694336, 0.5315427780151367, 0.21288275718688965, 0.5233011245727539, 0.4184458255767822, 0.4116201400756836, 0.5212554931640625, 0.42516303062438965, 0.3129563331604004, 0.5159783363342285, 0.41488051414489746], [0.02556133270263672, 0.023291587829589844, 0.01574254035949707, 0.008004188537597656, 0.011448383331298828, 0.010953426361083984, 0.015997886657714844, 0.0073430538177490234, 0.011446475982666016, 0.011132240295410156, 0.011630773544311523, 0.0077838897705078125, 0.011715412139892578, 0.007447957992553711, 0.016470670700073242, 0.007100105285644531, 0.011259078979492188, 0.006397247314453125, 0.01193547248840332, 0.01046442985534668, 0.008686065673828125, 0.008165836334228516, 0.010560989379882812, 0.005882740020751953, 0.011368989944458008, 0.010097265243530273, 0.009152412414550781, 0.010811090469360352, 0.01041102409362793, 0.007306575775146484, 0.009676456451416016, 0.011348724365234375], [0.017780065536499023, 0.012088298797607422, 0.012489557266235352, 0.016801834106445312, 0.03323960304260254, 0.015473604202270508, 