{"shuffle_centroids_times": [0.040230751037597656], "map_iterdata_times": [0.4606194496154785], "create_map_data": [0.5467429161071777], "map_queries_times": [[[25.256035566329956, 0.3126211166381836, [0.835756778717041, 0.8591322898864746, 0.8067352771759033, 1.0066204071044922, 0.9948482513427734, 1.5431392192840576, 1.8935601711273193, 1.1417274475097656, 0.989774227142334, 2.8550424575805664, 1.3323745727539062, 2.216153144836426, 0.9001829624176025, 1.519603967666626, 1.4455904960632324, 1.0960707664489746], [0.11466121673583984, 0.08322477340698242, 0.03555583953857422, 0.03117513656616211, 0.031862497329711914, 0.05640363693237305, 0.08668708801269531, 0.04754924774169922, 0.03258562088012695, 0.1089785099029541, 0.07199382781982422, 0.07351541519165039, 0.0367739200592041, 0.05004692077636719, 0.0628349781036377, 0.039569854736328125], [0.10120558738708496, 0.15283513069152832, 0.08483195304870605, 0.07105255126953125, 0.07231903076171875, 0.18426847457885742, 0.24033856391906738, 0.14670276641845703, 0.029692649841308594, 0.35262537002563477, 0.1993117332458496, 0.2406020164489746, 0.08899474143981934, 0.14856839179992676, 0.16079926490783691, 0.12273526191711426], 0.14662384986877441], [21.882642030715942, 0.33434414863586426, [0.43703246116638184, 0.7029764652252197, 0.4860966205596924, 0.8544247150421143, 1.3995978832244873, 2.039524793624878, 0.5498607158660889, 1.2707922458648682, 0.5087997913360596, 1.2896981239318848, 1.2910740375518799, 1.8212151527404785, 0.7728314399719238, 1.671638011932373, 1.6935772895812988, 1.8080086708068848], [0.0475616455078125, 0.09627914428710938, 0.0400393009185791, 0.0371241569519043, 0.05939674377441406, 0.08697652816772461, 0.030475139617919922, 0.04241657257080078, 0.02991962432861328, 0.04254746437072754, 0.05801510810852051, 0.07140541076660156, 0.034126996994018555, 0.06064105033874512, 0.07830500602722168, 0.0682520866394043], [0.0744016170501709, 0.26401782035827637, 0.08407282829284668, 0.07092857360839844, 0.12263846397399902, 0.20168709754943848, 0.061597585678100586, 0.10094881057739258, 0.049607038497924805, 0.07918477058410645, 0.10354113578796387, 0.1300492286682129, 0.06990647315979004, 0.17544078826904297, 0.12512922286987305, 0.1844172477722168], 0.16988611221313477], [18.00069308280945, 0.31012558937072754, [0.49756884574890137, 0.3439970016479492, 0.49342918395996094, 0.36821770668029785, 0.9649267196655273, 0.9506266117095947, 1.2434561252593994, 0.48650670051574707, 1.1238844394683838, 1.4577360153198242, 0.8257601261138916, 1.4886348247528076, 0.8240230083465576, 1.147110939025879, 1.776595115661621, 1.40802001953125], [0.0599822998046875, 0.04768109321594238, 0.03451395034790039, 0.04563093185424805, 0.03593254089355469, 0.04326629638671875, 0.04648709297180176, 0.020569562911987305, 0.03665351867675781, 0.06162261962890625, 0.03515219688415527, 0.06757855415344238, 0.034235239028930664, 0.03701496124267578, 0.06730198860168457, 0.056732892990112305], [0.07726860046386719, 0.05235600471496582, 0.0704491138458252, 0.06368064880371094, 0.10953545570373535, 0.09743285179138184, 0.10956192016601562, 0.04158902168273926, 0.05977058410644531, 0.130598783493042, 0.15253233909606934, 0.16446661949157715, 0.05991196632385254, 0.08935284614562988, 0.11108541488647461, 0.07428455352783203], 0.09565591812133789], [16.34834384918213, 0.19707417488098145, [0.31864261627197266, 0.49097537994384766, 0.3385038375854492, 0.7850842475891113, 1.224268913269043, 1.3761522769927979, 0.6727628707885742, 0.9168558120727539, 1.1280629634857178, 0.7971489429473877, 0.6552822589874268, 1.4707159996032715, 1.4592883586883545, 0.8972454071044922, 0.6643218994140625, 1.454115390777588], [0.03584933280944824, 0.07185792922973633, 0.0332183837890625, 0.03008294105529785, 0.037758827209472656, 0.05536293983459473, 0.0252683162689209, 0.030907630920410156, 0.04511260986328125, 0.0278627872467041, 0.02073049545288086, 0.04542398452758789, 0.06077170372009277, 0.033298492431640625, 0.022863388061523438, 0.043529510498046875], [0.023839712142944336, 0.08768296241760254, 0.02706456184387207, 0.08427047729492188, 0.08079242706298828, 0.04689502716064453, 0.043587684631347656, 0.05858635902404785, 0.06659436225891113, 0.05602383613586426, 0.031392812728881836, 0.06046772003173828, 0.0736548900604248, 0.03154110908508301, 0.03091883659362793, 0.022401094436645508], 0.05604243278503418]]], "map_execution": [28.232353448867798], "map_invoke": [[0.52724289894104, 0.6011416912078857, 0.580639123916626, 0.5716869831085205]], "create_reduce_data": [0.19929051399230957], "reduce_iterdata_times": [0.19833040237426758], "reduce_queries_times": [[0.07779121398925781]], "reduce_execution_times": [3.089327812194824], "reduce_invoke": [[0.5871455669403076]], "divide_reduce_times": [5.1975250244140625e-05], "total_querying_times": [32.06776714324951],