{"shuffle_centroids_times": [0.11366534233093262], "map_iterdata_times": [1.23258638381958], "create_map_data": [1.3932530879974365], "map_queries_times": [[[26.59735870361328, 0.6974766254425049, [0.3414914608001709, 0.3431217670440674, 0.2706563472747803, 0.3451199531555176, 0.6707496643066406, 0.5695946216583252, 0.8843467235565186, 0.5607335567474365, 0.7877964973449707, 0.7992908954620361, 0.4412503242492676, 0.9026017189025879, 0.6783390045166016, 0.9143741130828857, 0.7834808826446533, 0.6806063652038574, 0.7862086296081543, 0.22203469276428223, 0.9930124282836914, 1.1962571144104004, 0.4812002182006836, 1.1399791240692139, 0.2716996669769287, 0.7864868640899658, 0.9218552112579346, 0.6695632934570312, 0.7884507179260254, 1.0262043476104736, 0.5931477546691895, 1.1332623958587646, 0.8193762302398682, 0.7754678726196289], [0.035396575927734375, 0.048940181732177734, 0.025053024291992188, 0.0485987663269043, 0.027243375778198242, 0.019999980926513672, 0.026074886322021484, 0.019849538803100586, 0.025716781616210938, 0.025637388229370117, 0.014537572860717773, 0.029095888137817383, 0.023925304412841797, 0.02954864501953125, 0.026329994201660156, 0.02293086051940918, 0.025128602981567383, 0.010186195373535156, 0.028341293334960938, 0.049191951751708984, 0.023113727569580078, 0.04791903495788574, 0.01499176025390625, 0.0243377685546875, 0.0294342041015625, 0.021036624908447266, 0.025667428970336914, 0.03599858283996582, 0.0233919620513916, 0.03407573699951172, 0.03379416465759277, 0.024195194244384766], [0.030144453048706055, 0.03884291648864746, 0.03241324424743652, 0.08150792121887207, 0.021214723587036133, 0.03726625442504883, 0.08548212051391602, 0.04388117790222168, 0.0826723575592041, 0.0786886215209961, 0.03857231140136719, 0.09266424179077148, 0.06926798820495605, 0.08366799354553223, 0.02533864974975586, 0.07071971893310547, 0.06927037239074707, 0.02197265625, 0.08797454833984375, 0.13307452201843262, 0.048358917236328125, 0.12091898918151855, 0.032601356506347656, 0.051372528076171875, 0.07307648658752441, 0.05592942237854004, 0.07823705673217773, 0.12073445320129395, 0.07819104194641113, 0.09511137008666992, 0.08556103706359863, 0.07727432250976562], 0.2801365852355957], [23.71976923942566, 0.7180454730987549, [0.3615999221801758, 0.49178242683410645, 0.3997480869293213, 0.3578951358795166, 0.3355722427368164, 0.8090479373931885, 0.4560704231262207, 0.6965961456298828, 0.8074917793273926, 0.3656148910522461, 0.4576296806335449, 0.6787621974945068, 0.8066277503967285, 0.8234422206878662, 0.5811865329742432, 0.4497835636138916, 0.9313273429870605, 0.7114415168762207, 0.6995453834533691, 0.5742523670196533, 0.809638261795044, 0.6775200366973877, 0.9388573169708252, 0.7066330909729004, 0.44417715072631836, 0.7808878421783447, 0.4463191032409668, 0.22393465042114258, 1.1837730407714844, 0.7121176719665527, 0.9320390224456787, 0.3650975227355957], [0.03803086280822754, 0.06930160522460938, 0.035006046295166016, 0.021439552307128906, 0.019054651260375977, 0.033557891845703125, 0.01601266860961914, 0.022673845291137695, 0.03276944160461426, 0.014798164367675781, 0.01614856719970703, 0.019992351531982422, 0.026287317276000977, 0.03165721893310547, 0.019082307815551758, 0.015799999237060547, 0.02968740463256836, 0.02517986297607422, 0.023139476776123047, 0.017846345901489258, 0.025530576705932617, 0.021670818328857422, 0.030803918838500977, 0.023915767669677734, 0.014857769012451172, 0.02365279197692871, 0.016082763671875, 0.013797521591186523, 0.04517555236816406, 0.037000417709350586, 0.028848648071289062, 0.014020204544067383], [0.08810567855834961, 0.10976457595825195, 0.08882737159729004, 0.06658601760864258, 0.034043312072753906, 0.04159951210021973, 0.035596609115600586, 0.05032682418823242, 0.1509687900543213, 0.02704644203186035, 0.03011941909790039, 0.05591893196105957, 0.08624744415283203, 0.08920860290527344, 0.0442509651184082, 0.03723859786987305, 0.09900140762329102, 0.06713652610778809, 0.0683145523071289, 0.030254602432250977, 0.06546878814697266, 0.06164407730102539, 0.07323241233825684, 0.04480934143066406, 0.027575254440307617, 0.07287192344665527, 0.03265023231506348, 0.026239871978759766, 0.08924031257629395, 0.07111191749572754, 0.07800722122192383, 0.03288865089416504], 0.18587303161621094], [20.41676688194275, 0.6840987205505371, [0.23292303085327148, 0.20158720016479492, 0.3423600196838379, 0.40058112144470215, 0.2442331314086914, 0.31032443046569824, 0.2261803150177002, 0.6738967895507812, 0.6730706691741943, 0.6851975917816162, 0.5661282539367676, 0.43906664848327637, 0.9028842449188232, 0.3377039432525635, 0.7824022769927979, 0.7002193927764893, 0.5594356060028076, 0.8018808364868164, 0.5585458278656006, 0.6801741123199463, 0.44036364555358887, 1.0519318580627441, 0.5782585144042969, 0.6907129287719727, 0.3438832759857178, 0.5755372047424316, 0.3274080753326416, 0.6730566024780273, 0.5553178787231445, 0.6742007732391357, 0.23070669174194336, 0.8309516906738281], [0.018303632736206055, 0.025072336196899414, 0.03377699851989746, 0.043824195861816406, 0.02001953125, 0.02922821044921875, 0.017101764678955078, 0.021856307983398438, 0.025875568389892578, 0.026331186294555664, 0.02077007293701172, 0.015485286712646484, 0.028105974197387695, 0.014409303665161133, 0.025461435317993164, 0.028210163116455078, 0.019804716110229492, 0.02732062339782715, 0.019808053970336914, 0.02356886863708496, 0.01577448844909668, 0.031468868255615234, 0.02191019058227539, 0.02285456657409668, 0.01692795753479004, 0.021647930145263672, 0.011331319808959961, 0.021770715713500977, 0.024198055267333984, 0.02253103256225586, 0.011650800704956055, 0.02643585205078125], [0.03795337677001953, 0.024356603622436523, 0.07227516174316406, 0.08787035942077637, 0.03850078582763672, 0.04406857490539551, 0.023189783096313477, 0.06531357765197754, 0.046263933181762695, 0.05839967727661133, 0.05269765853881836, 0.034154653549194336, 0.0829463005065918, 0.03484082221984863, 0.057836055755615234, 0.07578873634338379, 0.05689835548400879, 0.09038162231445312, 0.03751206398010254, 0.0642693042755127, 0.02258920669555664, 0.05504345893859863, 0.024733304977416992, 0.03277587890625, 0.026143789291381836, 0.040300607681274414, 0.0197601318359375, 0.05038118362426758, 0.04248929023742676, 0.05978703498840332, 0.01928257942199707, 0.03933358192443848], 0.19027090072631836], [17.996337890625, 0.3837778568267822, [0.12586688995361328, 0.2613251209259033, 0.34031248092651367, 0.2866694927215576, 0.3473217487335205, 0.3805210590362549, 0.26006531715393066, 0.5765342712402344, 0.5419797897338867, 0.8785579204559326, 0.34730076789855957, 0.307450532913208, 0.5301687717437744, 0.6903460025787354, 0.5785043239593506, 0.5579900741577148, 0.4397578239440918, 0.5911862850189209, 0.7732758522033691, 0.6558122634887695, 0.7968337535858154, 0.8987843990325928, 0.3312857151031494, 0.6614010334014893, 0.3210923671722412, 0.3156294822692871, 0.5459268093109131, 0.412198543548584, 0.5254395008087158, 0.5309844017028809, 0.5187191963195801, 0.5310633182525635], [0.007189512252807617, 0.03346729278564453, 0.02421116828918457, 0.023410797119140625, 0.036194801330566406, 0.03334951400756836, 0.019281625747680664, 0.02372598648071289, 0.021024465560913086, 0.028316497802734375, 0.016045331954956055, 0.014420509338378906, 0.01860213279724121, 0.03279852867126465, 0.025993824005126953, 0.01949334144592285, 0.01886606216430664, 0.02465510368347168, 0.03656744956970215, 0.02416682243347168, 0.029007673263549805, 0.036257266998291016, 0.013480424880981445, 0.022019147872924805, 0.013807296752929688, 0.011658430099487305, 0.019301652908325195, 0.01367497444152832, 0.01761174201965332, 0.019057273864746094, 0.016962528228759766, 0.02216935157775879], [0.007290363311767578, 0.03538393974304199, 0.016486406326293945, 0.03261303901672363, 0.06918048858642578, 0.023882150650024414, 0.02849888801574707, 0.02337932586669922, 0.02998185157775879, 0.06697916984558105, 0.04158353805541992, 