{"shuffle_centroids_times": [0.0428318977355957], "map_iterdata_times": [0.34300661087036133], "create_map_data": [0.4319119453430176], "map_queries_times": [[[16.60919213294983, 0.24417328834533691, [0.2590210437774658, 0.24781107902526855, 0.21443796157836914, 0.2959859371185303, 0.2627227306365967, 0.42109227180480957, 0.5214262008666992, 0.4187805652618408, 0.5333600044250488, 0.4967951774597168, 0.22193360328674316, 0.6356627941131592, 0.5315165519714355, 0.7356157302856445, 0.6522300243377686, 0.4221634864807129, 0.5253770351409912, 0.20865750312805176, 0.5165703296661377, 0.7580218315124512, 0.41994619369506836, 0.6896774768829346, 0.21959829330444336, 0.6325089931488037, 0.7402708530426025, 0.4134359359741211, 0.5098650455474854, 0.6341288089752197, 0.4076874256134033, 0.7447755336761475, 0.4323160648345947, 0.5136065483093262], [0.024587392807006836, 0.029012441635131836, 0.012343406677246094, 0.013518333435058594, 0.015743255615234375, 0.010358572006225586, 0.011115550994873047, 0.009850502014160156, 0.011955022811889648, 0.010438919067382812, 0.007378101348876953, 0.013535499572753906, 0.01209115982055664, 0.014637470245361328, 0.017330169677734375, 0.00992131233215332, 0.011616706848144531, 0.005665302276611328, 0.011217355728149414, 0.016633033752441406, 0.00971674919128418, 0.014866828918457031, 0.00815439224243164, 0.013382196426391602, 0.014923572540283203, 0.011053800582885742, 0.011048078536987305, 0.013917922973632812, 0.009935855865478516, 0.01723027229309082, 0.011537551879882812, 0.011094331741333008], [0.008987188339233398, 0.012218475341796875, 0.00842428207397461, 0.02370309829711914, 0.007163047790527344, 0.009350061416625977, 0.02815413475036621, 0.011392593383789062, 0.01573038101196289, 0.0218966007232666, 0.010241985321044922, 0.029314756393432617, 0.01733875274658203, 0.021784067153930664, 0.008517026901245117, 0.019032955169677734, 0.01744985580444336, 0.004031181335449219, 0.03872966766357422, 0.04433131217956543, 0.02631664276123047, 0.049887657165527344, 0.008604764938354492, 0.010320663452148438, 0.018727540969848633, 0.011644124984741211, 0.017440080642700195, 0.03792285919189453, 0.019472360610961914, 0.03557443618774414, 0.024047136306762695, 0.018326997756958008], 0.07583880424499512], [15.250356912612915, 0.18108177185058594, [0.14613580703735352, 0.16596770286560059, 0.11163830757141113, 0.17607331275939941, 0.20708942413330078, 0.16275930404663086, 0.20711588859558105, 0.3103625774383545, 0.17713093757629395, 0.3230631351470947, 0.6079111099243164, 0.7612879276275635, 0.40815186500549316, 0.6301326751708984, 0.41007089614868164, 0.4131166934967041, 0.5067815780639648, 0.5191709995269775, 0.31857728958129883, 0.3937549591064453, 0.5054855346679688, 0.5185182094573975, 0.40730977058410645, 0.6318068504333496, 0.6462874412536621, 0.733065128326416, 0.42760539054870605, 0.5224649906158447, 0.634580135345459, 0.7454836368560791, 0.6261677742004395, 0.6397299766540527], [0.015300750732421875, 0.019946813583374023, 0.005802631378173828, 0.013065099716186523, 0.021589040756225586, 0.013233423233032227, 0.015992403030395508, 0.021177291870117188, 0.013222455978393555, 0.013950824737548828, 0.017677783966064453, 0.03105306625366211, 0.015766143798828125, 0.02463245391845703, 0.01569199562072754, 0.014207601547241211, 0.015451192855834961, 0.017713546752929688, 0.011609077453613281, 0.010988473892211914, 0.01598834991455078, 0.018005847930908203, 0.01459503173828125, 0.02024555206298828, 0.025339365005493164, 0.02195286750793457, 0.016891956329345703, 0.01665353775024414, 0.019899845123291016, 0.023521900177001953, 0.01954507827758789, 0.021541118621826172], [0.012959718704223633, 0.012087106704711914, 0.0025730133056640625, 0.010290145874023438, 0.022578001022338867, 0.007364749908447266, 0.013692378997802734, 0.013940095901489258, 0.009244918823242188, 0.01926898956298828, 0.017236948013305664, 0.011369705200195312, 0.009781122207641602, 0.010213136672973633, 0.010463953018188477, 0.015177011489868164, 0.013403177261352539, 0.015703916549682617, 0.008582830429077148, 0.010129213333129883, 0.027443647384643555, 0.020757675170898438, 0.012090682983398438, 0.011885643005371094, 0.014551877975463867, 0.02486872673034668, 0.012201786041259766, 0.008244991302490234, 0.02132582664489746, 0.024356603622436523, 0.023273468017578125, 0.011608123779296875], 0.05320119857788086], [13.511200189590454, 0.16364026069641113, [0.15563392639160156, 0.15833592414855957, 0.2536020278930664, 0.22553491592407227, 0.2239384651184082, 0.38839292526245117, 0.2425527572631836, 0.12485551834106445, 0.30712032318115234, 0.9148180484771729, 0.3101925849914551, 0.52829909324646, 0.317974328994751, 0.6282367706298828, 0.5163846015930176, 0.6259472370147705, 0.2151181697845459, 0.4127216339111328, 0.5088965892791748, 0.41994786262512207, 0.6053669452667236, 0.20864057540893555, 0.4069643020629883, 0.3936338424682617, 0.5185122489929199, 0.3114449977874756, 0.39118337631225586, 0.3012666702270508, 0.6138899326324463, 0.30380868911743164, 0.507105827331543, 0.3174619674682617], [0.009102821350097656, 0.012653827667236328, 0.014898061752319336, 0.011240959167480469, 0.010068178176879883, 0.015526056289672852, 0.010215282440185547, 0.006230831146240234, 0.007168769836425781, 0.015084981918334961, 0.009223222732543945, 0.013849020004272461, 0.009098291397094727, 0.011201143264770508, 0.011889934539794922, 0.01224207878112793, 0.00810861587524414, 0.009691715240478516, 0.013522624969482422, 0.008884429931640625, 0.010935783386230469, 0.005806922912597656, 0.008426666259765625, 0.0076982975006103516, 0.009931802749633789, 0.00769495964050293, 0.006886959075927734, 0.00735020637512207, 0.010478973388671875, 0.0067942142486572266, 0.008929967880249023, 0.007936954498291016], [0.0068395137786865234, 0.007609844207763672, 0.031484365463256836, 0.0249178409576416, 0.06023097038269043, 0.02414417266845703, 0.02377033233642578, 0.006100654602050781, 0.008262872695922852, 0.06988120079040527, 0.007326364517211914, 0.029501676559448242, 0.015964746475219727, 0.020779848098754883, 0.012097835540771484, 0.03941679000854492, 0.012702226638793945, 0.021589994430541992, 0.021013975143432617, 0.00649714469909668, 0.007725715637207031, 0.003915071487426758, 0.004400968551635742, 0.005070209503173828, 0.02751612663269043, 0.020493268966674805, 0.004287004470825195, 0.006472349166870117, 0.012342214584350586, 0.005885601043701172, 0.012996912002563477, 0.008514881134033203], 0.10098910331726074], [13.06271505355835, 0.12981200218200684, [0.2766871452331543, 0.34002065658569336, 0.2233262062072754, 0.11916494369506836, 0.22948431968688965, 0.2371509075164795, 0.15334033966064453, 0.2654988765716553, 0.6076138019561768, 0.5215563774108887, 0.49322509765625, 0.5185425281524658, 0.7379047870635986, 0.20401310920715332, 0.6016957759857178, 0.3185420036315918, 0.4925060272216797, 0.22997736930847168, 0.5229506492614746, 0.2067241668701172, 0.3048257827758789, 0.49094510078430176, 0.40804243087768555, 0.5002334117889404, 0.4011976718902588, 0.4160900115966797, 0.40195322036743164, 0.29823780059814453, 0.379439115524292, 0.20874476432800293, 0.4975416660308838, 0.39303159713745117], [0.03180861473083496, 0.04506731033325195, 0.016625165939331055, 0.008221864700317383, 0.017191648483276367, 0.01649165153503418, 0.010916709899902344, 0.015314817428588867, 0.01931929588317871, 0.01955580711364746, 0.015455484390258789, 0.018839120864868164, 0.025178909301757812, 0.01022958755493164, 0.018345117568969727, 0.013741016387939453, 0.015127182006835938, 0.011325359344482422, 0.016413211822509766, 0.009829044342041016, 0.011852025985717773, 0.014121532440185547, 0.015675067901611328, 0.016920804977416992, 0.014683008193969727, 0.01593184471130371, 0.013799428939819336, 0.011134624481201172, 0.011688232421875, 0.01023101806640625, 0.015658855438232422, 0.013383865356445312], [0.023222684860229492, 0.023282527923583984, 0.022243499755859375, 0.00500941276550293, 0.010056018829345703, 