{"shuffle_centroids_times": [0.0382847785949707], "map_iterdata_times": [0.2564222812652588], "create_map_data": [0.3411979675292969], "map_queries_times": [[[25.178194761276245, 0.1517314910888672, [0.9415843486785889, 0.918999433517456, 0.9207711219787598, 1.038217306137085, 1.0338973999023438, 1.5602052211761475, 1.9940741062164307, 1.3138775825500488, 1.0462749004364014, 2.803468704223633, 1.641472339630127, 2.2301645278930664, 0.9544870853424072, 1.6158394813537598, 1.5409855842590332, 1.1732537746429443], [0.12468791007995605, 0.09006357192993164, 0.03782010078430176, 0.03238105773925781, 0.03369331359863281, 0.06006932258605957, 0.09152102470397949, 0.04871034622192383, 0.033426523208618164, 0.1159062385559082, 0.07656121253967285, 0.07561349868774414, 0.038465023040771484, 0.051673173904418945, 0.0659332275390625, 0.041133880615234375], [0.04032492637634277, 0.0790107250213623, 0.034023284912109375, 0.02430415153503418, 0.02723550796508789, 0.09011507034301758, 0.1225748062133789, 0.06742262840270996, 0.014220714569091797, 0.20624732971191406, 0.16831541061401367, 0.13703656196594238, 0.028664112091064453, 0.07274150848388672, 0.07461953163146973, 0.05047345161437988], 0.04372453689575195], [18.404919385910034, 0.09197640419006348, [0.42018675804138184, 0.2792470455169678, 0.8903841972351074, 0.8720746040344238, 1.649524211883545, 1.2231113910675049, 1.0864548683166504, 0.8588948249816895, 0.9697644710540771, 1.2986483573913574, 1.4207816123962402, 0.6530017852783203, 0.9904019832611084, 1.1014926433563232, 1.5359268188476562, 1.7640068531036377], [0.05521535873413086, 0.03813600540161133, 0.06203651428222656, 0.03661465644836426, 0.04957437515258789, 0.04838156700134277, 0.03199911117553711, 0.027884483337402344, 0.03199195861816406, 0.04007577896118164, 0.06698060035705566, 0.02536153793334961, 0.03142952919006348, 0.043442487716674805, 0.056853532791137695, 0.0691065788269043], [0.02534770965576172, 0.0097198486328125, 0.07854890823364258, 0.031185150146484375, 0.052530765533447266, 0.03313040733337402, 0.03398871421813965, 0.015608787536621094, 0.021782636642456055, 0.03538823127746582, 0.024718046188354492, 0.021772146224975586, 0.030506372451782227, 0.025679349899291992, 0.030824899673461914, 0.04480910301208496], 0.0682375431060791], [19.795860052108765, 0.1471726894378662, [0.6524970531463623, 0.8567159175872803, 1.4121932983398438, 1.4002463817596436, 0.5834317207336426, 1.150984764099121, 2.0880351066589355, 1.7772037982940674, 1.3020884990692139, 1.5068249702453613, 1.1596503257751465, 1.3596327304840088, 0.8114545345306396, 0.8148674964904785, 0.6688179969787598, 0.5836508274078369], [0.08088421821594238, 0.10732746124267578, 0.04800677299499512, 0.04663872718811035, 0.02669835090637207, 0.046155691146850586, 0.09972023963928223, 0.0753946304321289, 0.04879570007324219, 0.058348655700683594, 0.04089856147766113, 0.04328799247741699, 0.029914379119873047, 0.02705216407775879, 0.023360013961791992, 0.02120685577392578], [0.052345991134643555, 0.03628897666931152, 0.038605690002441406, 0.07222604751586914, 0.009888648986816406, 0.04178905487060547, 0.0791013240814209, 0.06919550895690918, 0.0323636531829834, 0.07138609886169434, 0.02837538719177246, 0.027974605560302734, 0.021416425704956055, 0.0207974910736084, 0.010983705520629883, 0.010568857192993164], 0.0732109546661377], [16.94429659843445, 0.0814201831817627, [0.35866451263427734, 0.4433779716491699, 0.4493074417114258, 1.1129868030548096, 1.9360952377319336, 1.0379045009613037, 1.250694751739502, 1.0013573169708252, 1.3322463035583496, 1.0168547630310059, 0.7799842357635498, 1.004079818725586, 0.8887114524841309, 0.9957408905029297, 0.6710371971130371, 1.4495315551757812], [0.04523825645446777, 0.0640110969543457, 0.03881716728210449, 0.03370070457458496, 0.07605528831481934, 0.03697943687438965, 0.04922938346862793, 0.032790422439575195, 0.050669193267822266, 0.035724639892578125, 0.025171518325805664, 0.034250497817993164, 0.040704965591430664, 0.03203701972961426, 0.03209424018859863, 0.053162336349487305], [0.027030229568481445, 0.03252243995666504, 0.020775318145751953, 0.03464365005493164, 0.06868314743041992, 0.026138782501220703, 0.03406953811645508, 0.015889644622802734, 0.03628063201904297, 0.026596784591674805, 0.0187380313873291, 0.02154088020324707, 0.02255988121032715, 0.02606987953186035, 0.008490800857543945, 0.0126953125], 0.02077174186706543]]], "map_execution": [28.283385515213013], "map_invoke": [[0.5600020885467529, 0.5086719989776611, 0.5598130226135254, 0.5564446449279785]], "create_reduce_data": [0.1976478099822998], "reduce_iterdata_times": [0.19649338722229004], "reduce_queries_times": [[0.07022881507873535]], "reduce_execution_times": [3.0723862648010254], "reduce_invoke": [[0.5861132144927979]], "divide_reduce_times": [5.340576171875e-05], "total_querying_times": [31.89467144012451],