{"shuffle_centroids_times": [0.030813217163085938], "map_iterdata_times": [0.15424466133117676], "create_map_data": [0.23182988166809082], "map_queries_times": [[[24.675488471984863, 0.04081153869628906, [0.8591465950012207, 0.6014702320098877, 1.5774357318878174, 1.611469030380249, 1.8510217666625977, 1.3537037372589111, 1.483933925628662, 1.2580766677856445, 1.263537883758545, 1.9210748672485352, 1.3916029930114746, 1.464942455291748, 1.851637601852417, 1.6010711193084717, 2.0822253227233887, 1.4885287284851074], [0.11844301223754883, 0.05832386016845703, 0.046912193298339844, 0.05554318428039551, 0.06149888038635254, 0.04088783264160156, 0.04425644874572754, 0.038809776306152344, 0.03885817527770996, 0.057663917541503906, 0.04888772964477539, 0.04284071922302246, 0.05913138389587402, 0.048894643783569336, 0.06749486923217773, 0.045183658599853516], [0.01845240592956543, 0.003305673599243164, 0.00699305534362793, 0.00660252571105957, 0.0028390884399414062, 0.004185676574707031, 0.00526738166809082, 0.004347562789916992, 0.003083467483520508, 0.007243156433105469, 0.008643627166748047, 0.006139516830444336, 0.007270336151123047, 0.004048585891723633, 0.005744457244873047, 0.003175973892211914], 0.0026679039001464844], [20.82494354248047, 0.028561830520629883, [0.7268671989440918, 0.382279634475708, 1.3730108737945557, 1.011023998260498, 2.9348812103271484, 0.496293306350708, 1.5601277351379395, 1.6798877716064453, 0.9254682064056396, 1.126222848892212, 1.1338136196136475, 1.1264944076538086, 1.6764271259307861, 0.8001179695129395, 1.330904483795166, 1.667975664138794], [0.09792256355285645, 0.05262470245361328, 0.04344344139099121, 0.03097987174987793, 0.11068916320800781, 0.025386333465576172, 0.04540061950683594, 0.0643463134765625, 0.03312873840332031, 0.03335905075073242, 0.03420591354370117, 0.033806800842285156, 0.051915645599365234, 0.02784872055053711, 0.038663387298583984, 0.0535888671875], [0.00482487678527832, 0.0021805763244628906, 0.00725865364074707, 0.0037689208984375, 0.01106119155883789, 0.0011303424835205078, 0.0033016204833984375, 0.004907846450805664, 0.002849578857421875, 0.0023217201232910156, 0.004366159439086914, 0.001733541488647461, 0.004880666732788086, 0.0017497539520263672, 0.003724813461303711, 0.00476384162902832], 0.002294778823852539], [18.042361974716187, 0.037374019622802734, [0.5320611000061035, 0.4537067413330078, 0.30062174797058105, 0.7045848369598389, 1.191662073135376, 0.9870584011077881, 0.6536803245544434, 2.1283740997314453, 1.8364067077636719, 1.2316412925720215, 0.5832188129425049, 1.5786261558532715, 0.8929400444030762, 1.6711928844451904, 1.1311678886413574, 1.248781442642212], [0.0638883113861084, 0.06127333641052246, 0.026148557662963867, 0.060498714447021484, 0.04891777038574219, 0.03281068801879883, 0.02604818344116211, 0.11628246307373047, 0.09418106079101562, 0.04707074165344238, 0.024352073669433594, 0.051923513412475586, 0.035257816314697266, 0.05386185646057129, 0.044571876525878906, 0.04069066047668457], [0.003688812255859375, 0.0023810863494873047, 0.0018646717071533203, 0.002252340316772461, 0.0034334659576416016, 0.001875162124633789, 0.00151824951171875, 0.007545948028564453, 0.004221200942993164, 0.0028963088989257812, 0.00180816650390625, 0.0051763057708740234, 0.002537965774536133, 0.002814054489135742, 0.0027141571044921875, 0.0025441646575927734], 0.0020503997802734375], [16.385576486587524, 0.03687572479248047, [0.5672895908355713, 0.34116244316101074, 0.48235392570495605, 2.2728354930877686, 0.9721181392669678, 0.8122222423553467, 1.0524044036865234, 1.4982526302337646, 1.0367286205291748, 0.8341305255889893, 0.7982885837554932, 1.0308525562286377, 0.670473575592041, 1.0227885246276855, 1.141249656677246, 0.9267928600311279], [0.07251095771789551, 0.04337501525878906, 0.037599802017211914, 0.1389315128326416, 0.04216742515563965, 0.04719686508178711, 0.03683948516845703, 0.08281779289245605, 0.038329362869262695, 0.050074100494384766, 0.030774831771850586, 0.05913877487182617, 0.026604175567626953, 0.059020042419433594, 0.0485377311706543, 0.03129696846008301], [0.00313568115234375, 0.002012968063354492, 0.003084421157836914, 0.009079694747924805, 0.0029370784759521484, 0.0013191699981689453, 0.0028264522552490234, 0.005574941635131836, 0.0015196800231933594, 0.0016655921936035156, 0.0012798309326171875, 0.0018110275268554688, 0.0009539127349853516, 0.0014078617095947266, 0.0016355514526367188, 0.0014431476593017578], 0.0016698837280273438]]], "map_execution": [28.191138744354248], "map_invoke": [[0.5174911022186279, 0.48380088806152344, 0.5358083248138428, 0.5425636768341064]], "create_reduce_data": [0.2594749927520752], "reduce_iterdata_times": [0.2585160732269287], "reduce_queries_times": [[0.04652595520019531]], "reduce_execution_times": [3.062523603439331], "reduce_invoke": [[0.5252702236175537]], "divide_reduce_times": [5.53131103515625e-05], "total_querying_times": [31.745022773742676],