{"shuffle_centroids_times": [0.04498767852783203], "map_iterdata_times": [0.3751718997955322], "create_map_data": [0.46619224548339844], "map_queries_times": [[[25.878987789154053, 0.2765083312988281, [0.39035487174987793, 0.3898491859436035, 0.30962038040161133, 0.3952164649963379, 0.586310863494873, 0.6493434906005859, 0.8826243877410889, 0.5708868503570557, 0.8813419342041016, 0.7888617515563965, 0.4316842555999756, 0.9027047157287598, 0.7851147651672363, 0.9291837215423584, 0.799576997756958, 0.6993317604064941, 0.8171241283416748, 0.22280144691467285, 1.0211293697357178, 1.2831437587738037, 0.49498534202575684, 1.1758873462677002, 0.4946417808532715, 0.588890552520752, 1.0165214538574219, 0.5995481014251709, 0.8219046592712402, 1.061436414718628, 0.7021973133087158, 1.1634092330932617, 0.9292788505554199, 0.6156792640686035], [0.04375410079956055, 0.05260014533996582, 0.02670454978942871, 0.05260014533996582, 0.028303861618041992, 0.02036762237548828, 0.0274050235748291, 0.020124435424804688, 0.026242733001708984, 0.027043581008911133, 0.015497684478759766, 0.029259920120239258, 0.02496170997619629, 0.029920101165771484, 0.02719569206237793, 0.023375272750854492, 0.02645564079284668, 0.010337591171264648, 0.029711008071899414, 0.05142521858215332, 0.022859573364257812, 0.03738117218017578, 0.01582646369934082, 0.02504110336303711, 0.030566930770874023, 0.022050142288208008, 0.026494741439819336, 0.038776397705078125, 0.02394723892211914, 0.03538870811462402, 0.03526663780212402, 0.024990558624267578], [0.016808748245239258, 0.02335381507873535, 0.01496124267578125, 0.10571455955505371, 0.01087331771850586, 0.018833637237548828, 0.046898603439331055, 0.020697832107543945, 0.03207969665527344, 0.05651688575744629, 0.01650547981262207, 0.04195713996887207, 0.0272216796875, 0.045790910720825195, 0.010825395584106445, 0.0383152961730957, 0.03266000747680664, 0.006413459777832031, 0.05743098258972168, 0.07132434844970703, 0.03642630577087402, 0.07269430160522461, 0.01645946502685547, 0.016405582427978516, 0.028901338577270508, 0.022812604904174805, 0.03864312171936035, 0.062066078186035156, 0.03689312934875488, 0.05702614784240723, 0.059981584548950195, 0.03858470916748047], 0.0876471996307373], [21.722691774368286, 0.17862725257873535, [0.20631742477416992, 0.23083162307739258, 0.11006021499633789, 0.22698044776916504, 0.28044986724853516, 0.2040233612060547, 0.44097042083740234, 0.7689497470855713, 0.4162123203277588, 0.7476644515991211, 0.838984489440918, 0.8449013233184814, 0.5145597457885742, 0.7349622249603271, 0.62259840965271, 0.6345827579498291, 0.6288480758666992, 0.8362634181976318, 0.4131050109863281, 0.5073082447052002, 0.8509066104888916, 0.856501579284668, 0.5463471412658691, 0.8650825023651123, 0.7559304237365723, 1.0453135967254639, 0.7427453994750977, 0.6254308223724365, 0.7688150405883789, 1.0978162288665771, 0.8863227367401123, 0.7843358516693115], [0.02231907844543457, 0.03230714797973633, 0.006308317184448242, 0.0178987979888916, 0.029776334762573242, 0.01516866683959961, 0.020183563232421875, 0.026207447052001953, 0.017854928970336914, 0.03024601936340332, 0.03187251091003418, 0.029140949249267578, 0.017795324325561523, 0.022365570068359375, 0.019533157348632812, 0.021007537841796875, 0.020195484161376953, 0.024238109588623047, 0.015329360961914062, 0.01789569854736328, 0.03664207458496094, 0.036742448806762695, 0.02194356918334961, 0.033518075942993164, 0.030386924743652344, 0.035248756408691406, 0.02362227439880371, 0.022238492965698242, 0.03078317642211914, 0.041150569915771484, 0.031435251235961914, 0.026753664016723633], [0.014342308044433594, 0.021277666091918945, 0.002442598342895508, 0.014530181884765625, 0.02856755256652832, 0.008720874786376953, 0.014352083206176758, 0.024548053741455078, 0.01233363151550293, 0.03226900100708008, 0.025968074798583984, 0.011785745620727539, 0.013063669204711914, 0.011742591857910156, 0.015583038330078125, 0.019531726837158203, 0.018910646438598633, 0.019875288009643555, 0.012204647064208984, 0.015334367752075195, 0.04523777961730957, 0.031913042068481445, 0.01697540283203125, 0.017590999603271484, 0.018476247787475586, 0.034029483795166016, 0.020548343658447266, 0.010054588317871094, 0.028418302536010742, 0.04142284393310547, 0.03313183784484863, 0.014218330383300781], 0.052129507064819336], [20.674808740615845, 0.18518352508544922, [0.19780254364013672, 0.17971420288085938, 0.31766676902770996, 0.3114049434661865, 0.27474284172058105, 0.9286465644836426, 0.6741347312927246, 0.4116966724395752, 0.5317413806915283, 1.2850227355957031, 0.3753986358642578, 0.9126908779144287, 0.5759294033050537, 1.0007672309875488, 0.5718002319335938, 1.004737138748169, 0.436429500579834, 0.6620340347290039, 0.8884842395782471, 0.5554561614990234, 0.6663780212402344, 0.2791728973388672, 0.5452392101287842, 0.44301438331604004, 0.8992860317230225, 0.6800417900085449, 0.4237992763519287, 0.4412100315093994, 0.7667367458343506, 0.3365345001220703, 0.777623176574707, 0.6424388885498047], [0.021791934967041016, 0.025444746017456055, 0.03538227081298828, 0.031449079513549805, 0.02126026153564453, 0.027247190475463867, 0.02370476722717285, 0.01517939567565918, 0.017823457717895508, 0.05948591232299805, 0.018320083618164062, 0.03795599937438965, 0.025947093963623047, 0.030570507049560547, 0.020401954650878906, 0.029966354370117188, 0.017327070236206055, 0.025696754455566406, 0.03726816177368164, 0.01831197738647461, 0.021377086639404297, 0.012504339218139648, 0.015992164611816406, 0.01776289939880371, 0.03526139259338379, 0.026543855667114258, 0.01597881317138672, 0.01627802848815918, 0.02929210662841797, 0.013389110565185547, 0.022829294204711914, 0.02172374725341797], [0.010353326797485352, 0.011288881301879883, 0.03584790229797363, 0.03221893310546875, 0.017256498336791992, 0.02123117446899414, 0.02941131591796875, 0.007060050964355469, 0.01154780387878418, 0.05301022529602051, 0.015519142150878906, 0.035135507583618164, 0.028636932373046875, 0.029628992080688477, 0.019475936889648438, 0.04161572456359863, 0.015456199645996094, 0.017830610275268555, 0.036325931549072266, 0.009888410568237305, 0.0120697021484375, 0.0040285587310791016, 0.004889249801635742, 0.005647420883178711, 0.041708946228027344, 0.029912471771240234, 0.005367755889892578, 0.008629798889160156, 0.010395288467407227, 0.007378816604614258, 0.024547815322875977, 0.014691829681396484], 0.054079532623291016], [18.08566188812256, 0.16521954536437988, [0.43848443031311035, 0.4980645179748535, 0.3471035957336426, 0.15946078300476074, 0.2917900085449219, 0.5578725337982178, 0.3098146915435791, 0.5949525833129883, 0.6621851921081543, 0.8745322227478027, 0.5485801696777344, 0.7714402675628662, 1.025428295135498, 0.2301642894744873, 0.8994772434234619, 0.5517227649688721, 0.5466902256011963, 0.4264066219329834, 0.5554840564727783, 0.3207106590270996, 0.5318729877471924, 0.5384504795074463, 0.6425065994262695, 0.6554656028747559, 0.44536590576171875, 0.6338400840759277, 0.4435267448425293, 0.42193102836608887, 0.41959118843078613, 0.31575441360473633, 0.5397229194641113, 0.5235040187835693], [0.049600839614868164, 0.06591486930847168, 0.026260852813720703, 0.014705419540405273, 0.02054572105407715, 0.031302690505981445, 0.012865543365478516, 0.018848657608032227, 0.022649526596069336, 0.030228853225708008, 0.018659591674804688, 0.025681018829345703, 0.03990578651428223, 0.014759540557861328, 0.029619455337524414, 0.027542591094970703, 0.01913905143737793, 0.015228033065795898, 0.018787145614624023, 0.011512517929077148, 0.01578044891357422, 0.017718791961669922, 0.019742488861083984, 0.022244691848754883, 0.018280029296875, 0.01965475082397461, 0.01752924919128418, 0.013852596282958984, 0.014192581176757812, 0.011647939682006836, 0.01853346824645996, 0.017003297805786133], [0.03497576713562012, 0.03668475151062012, 0.02997422218322754, 0.0058667659759521484, 0.013116836547851562, 0.019063234329223633, 0.003267049789428711, 0.007155656814575195, 