{"shuffle_centroids_times": [0.03766369819641113], "map_iterdata_times": [0.39998459815979004], "create_map_data": [0.4839446544647217], "map_queries_times": [[[26.197802305221558, 0.2751765251159668, [0.411013126373291, 0.40848422050476074, 0.32840538024902344, 0.5005583763122559, 0.5207114219665527, 0.6617968082427979, 0.8783218860626221, 0.571418046951294, 0.8865344524383545, 0.7888648509979248, 0.4292755126953125, 0.9061083793640137, 0.7865676879882812, 0.9133427143096924, 0.7972216606140137, 0.7709054946899414, 0.7858150005340576, 0.22278141975402832, 1.0416123867034912, 1.2497408390045166, 0.4889070987701416, 1.1588776111602783, 0.3723433017730713, 0.7911207675933838, 0.9278929233551025, 0.6744799613952637, 0.8006219863891602, 1.0349533557891846, 0.6959145069122314, 1.1416592597961426, 0.9219224452972412, 0.6825666427612305], [0.044327497482299805, 0.05245852470397949, 0.02631998062133789, 0.0520172119140625, 0.02828502655029297, 0.02098822593688965, 0.027734041213989258, 0.020339250564575195, 0.026834726333618164, 0.02670121192932129, 0.01596212387084961, 0.031818389892578125, 0.03719949722290039, 0.03144049644470215, 0.027515888214111328, 0.023727893829345703, 0.026509761810302734, 0.014020919799804688, 0.03722023963928223, 0.06724166870117188, 0.02473616600036621, 0.05078458786010742, 0.01888108253479004, 0.02893829345703125, 0.043543100357055664, 0.023636579513549805, 0.03386211395263672, 0.04535937309265137, 0.02656841278076172, 0.048093557357788086, 0.03647613525390625, 0.02738165855407715], [0.015250921249389648, 0.02319812774658203, 0.014444828033447266, 0.04268193244934082, 0.010230779647827148, 0.019561052322387695, 0.04443502426147461, 0.018491506576538086, 0.03725886344909668, 0.059952497482299805, 0.022594928741455078, 0.045986175537109375, 0.032668352127075195, 0.045562744140625, 0.010761737823486328, 0.042534589767456055, 0.03600907325744629, 0.0067064762115478516, 0.059298038482666016, 0.07434296607971191, 0.03520774841308594, 0.07378959655761719, 0.016748428344726562, 0.017111539840698242, 0.03171849250793457, 0.026824235916137695, 0.040810346603393555, 0.07053732872009277, 0.03843069076538086, 0.058452606201171875, 0.06337428092956543, 0.036603689193725586], 0.15304327011108398], [22.061691284179688, 0.19843149185180664, [0.20408987998962402, 0.23671174049377441, 0.11132526397705078, 0.22803354263305664, 0.2818570137023926, 0.2751283645629883, 0.4386317729949951, 0.7631936073303223, 0.43357253074645996, 0.7645058631896973, 0.7843906879425049, 0.9013574123382568, 0.5584614276885986, 0.6654701232910156, 0.6508114337921143, 0.6613588333129883, 0.6521177291870117, 0.7796370983123779, 0.5162956714630127, 0.4270336627960205, 0.8849561214447021, 0.8839218616485596, 0.5531375408172607, 0.8786802291870117, 0.7754569053649902, 1.0653808116912842, 0.6683905124664307, 0.6457946300506592, 0.8676302433013916, 1.0012331008911133, 0.9033100605010986, 0.882317304611206], [0.02252340316772461, 0.032438039779663086, 0.00677490234375, 0.01765584945678711, 0.029575586318969727, 0.015559673309326172, 0.020478010177612305, 0.026190757751464844, 0.018233537673950195, 0.030276060104370117, 0.03178906440734863, 0.028893470764160156, 0.01787567138671875, 0.022602558135986328, 0.01983332633972168, 0.02116227149963379, 0.02080225944519043, 0.024421215057373047, 0.015369892120361328, 0.01829695701599121, 0.035982370376586914, 0.036667585372924805, 0.02193593978881836, 0.033010244369506836, 0.030612468719482422, 0.035634756088256836, 0.023586273193359375, 0.022395849227905273, 0.03106212615966797, 0.04136514663696289, 0.031648874282836914, 0.026452302932739258], [0.012748003005981445, 0.0256195068359375, 0.0026657581329345703, 0.014276981353759766, 0.030199050903320312, 0.008736848831176758, 0.017284154891967773, 0.0219113826751709, 0.012098312377929688, 0.04091382026672363, 0.024406909942626953, 0.011120080947875977, 0.013138771057128906, 0.01202702522277832, 0.015700101852416992, 0.023729324340820312, 0.017772197723388672, 0.022571563720703125, 0.012124300003051758, 0.015838623046875, 0.04390692710876465, 0.03000497817993164, 0.017381906509399414, 0.016637802124023438, 0.016689300537109375, 0.03501248359680176, 0.02129387855529785, 0.009828329086303711, 0.028417348861694336, 0.036423683166503906, 0.03227591514587402, 0.013302326202392578], 0.051598310470581055], [20.258554935455322, 0.18261122703552246, [0.19783329963684082, 0.19126629829406738, 0.31757569313049316, 0.2956202030181885, 0.34998321533203125, 0.8822236061096191, 0.65580153465271, 0.3220951557159424, 0.5219073295593262, 1.2597849369049072, 0.4360079765319824, 0.8739280700683594, 0.6528828144073486, 0.8901360034942627, 0.647667407989502, 0.9874157905578613, 0.34514665603637695, 0.6411068439483643, 0.8645079135894775, 0.535790205001831, 0.7322361469268799, 0.30539894104003906, 0.46202540397644043, 0.5037846565246582, 0.8542659282684326, 0.6327579021453857, 0.41113805770874023, 0.41548943519592285, 0.7367234230041504, 0.3998875617980957, 0.7365913391113281, 0.5253140926361084], [0.02190256118774414, 0.025436878204345703, 0.03507351875305176, 0.03168153762817383, 0.021954774856567383, 0.02748250961303711, 0.023946762084960938, 0.015300273895263672, 0.01757359504699707, 0.05945849418640137, 0.018149614334106445, 0.0378727912902832, 0.026339054107666016, 0.030772924423217773, 0.02071070671081543, 0.0297853946685791, 0.017563581466674805, 0.026005268096923828, 0.03716588020324707, 0.01856064796447754, 0.02131795883178711, 0.01304316520690918, 0.01630425453186035, 0.017911911010742188, 0.03575730323791504, 0.026708364486694336, 0.016573667526245117, 0.016528606414794922, 0.029102325439453125, 0.013510704040527344, 0.022979021072387695, 0.021781444549560547], [0.011343955993652344, 0.01143789291381836, 0.03078174591064453, 0.03471660614013672, 0.018772125244140625, 0.01767420768737793, 0.024423837661743164, 0.006183147430419922, 0.010484457015991211, 0.05643796920776367, 0.015495538711547852, 0.031970977783203125, 0.0332026481628418, 0.029643774032592773, 0.01752781867980957, 0.040016889572143555, 0.01558995246887207, 0.018640995025634766, 0.032321929931640625, 0.008925914764404297, 0.011460542678833008, 0.00492548942565918, 0.0050089359283447266, 0.005994558334350586, 0.04163765907287598, 0.03301358222961426, 0.005934953689575195, 0.009641170501708984, 0.010867834091186523, 0.007952213287353516, 0.025503158569335938, 0.015205621719360352], 0.054342031478881836], [17.8781578540802, 0.13010644912719727, [0.45621204376220703, 0.46999478340148926, 0.31283998489379883, 0.1420764923095703, 0.25765466690063477, 0.6415195465087891, 0.3148815631866455, 0.534844160079956, 0.7419328689575195, 0.8536720275878906, 0.5266728401184082, 0.7611021995544434, 0.9909911155700684, 0.3274722099304199, 0.7801892757415771, 0.5568273067474365, 0.5498776435852051, 0.4400033950805664, 0.6181871891021729, 0.3129911422729492, 0.4311254024505615, 0.5385980606079102, 0.6312143802642822, 0.6439740657806396, 0.5150268077850342, 0.5346469879150391, 0.5247044563293457, 0.31646227836608887, 0.4310903549194336, 0.3929905891418457, 0.5226118564605713, 0.5173540115356445], [0.04909253120422363, 0.06400561332702637, 0.025809288024902344, 0.014446496963500977, 0.020595312118530273, 0.031094074249267578, 0.012753963470458984, 0.018128633499145508, 0.022346019744873047, 0.030619144439697266, 0.018550634384155273, 0.02611827850341797, 0.04029107093811035, 0.014567136764526367, 0.029398441314697266, 0.02718186378479004, 0.01882028579711914, 0.015447854995727539, 0.018772125244140625, 0.011708498001098633, 0.01589059829711914, 0.01762843132019043, 0.02007746696472168, 0.021886587142944336, 0.01689887046813965, 0.020348310470581055, 0.018729209899902344, 0.013273954391479492, 0.014135122299194336, 0.011393308639526367, 0.018275737762451172, 0.01681971549987793], [0.024803638458251953, 0.03303122520446777, 0.025203227996826172, 0.005907297134399414, 0.012642621994018555, 0.014852762222290039, 0.0032079219818115234, 0.00560307502746582, 