{"shuffle_centroids_times": [0.11922192573547363], "map_iterdata_times": [0.8402125835418701], "create_map_data": [1.0062928199768066], "map_queries_times": [[[16.830456733703613, 0.648106575012207, [0.26717352867126465, 0.2570970058441162, 0.2010936737060547, 0.21523070335388184, 0.24724912643432617, 0.23538899421691895, 0.5082004070281982, 0.3987772464752197, 0.5031728744506836, 0.3962581157684326, 0.21205472946166992, 0.6255433559417725, 0.5038316249847412, 0.6264665126800537, 0.642143726348877, 0.41055941581726074, 0.5160326957702637, 0.11471819877624512, 0.5176525115966797, 0.7499191761016846, 0.32514429092407227, 0.7285289764404297, 0.21939897537231445, 0.6164953708648682, 0.6337559223175049, 0.4145207405090332, 0.5105173587799072, 0.5414214134216309, 0.40382862091064453, 0.7318413257598877, 0.419086217880249, 0.4183323383331299], [0.020444154739379883, 0.02893543243408203, 0.011916160583496094, 0.012795686721801758, 0.014747142791748047, 0.01076650619506836, 0.01140594482421875, 0.009989500045776367, 0.012225151062011719, 0.010020017623901367, 0.007531166076660156, 0.013888120651245117, 0.01221466064453125, 0.01440119743347168, 0.018296241760253906, 0.009690523147583008, 0.011669397354125977, 0.005552768707275391, 0.01131749153137207, 0.016739845275878906, 0.010135650634765625, 0.01498866081237793, 0.008127689361572266, 0.013738155364990234, 0.015064001083374023, 0.010625839233398438, 0.01165914535522461, 0.014002561569213867, 0.009840726852416992, 0.01714324951171875, 0.011948823928833008, 0.011332273483276367], [0.023452281951904297, 0.031050920486450195, 0.024487972259521484, 0.05574464797973633, 0.012997627258300781, 0.03619074821472168, 0.04934358596801758, 0.03801226615905762, 0.05162787437438965, 0.034949302673339844, 0.027791738510131836, 0.06821298599243164, 0.0510709285736084, 0.06522059440612793, 0.022507190704345703, 0.042910099029541016, 0.056162357330322266, 0.015201568603515625, 0.049002647399902344, 0.09289360046386719, 0.031445980072021484, 0.09038257598876953, 0.03599071502685547, 0.0337374210357666, 0.05109691619873047, 0.03223586082458496, 0.05445528030395508, 0.07181262969970703, 0.05036520957946777, 0.07604169845581055, 0.05320167541503906, 0.04404735565185547], 0.18379783630371094], [15.519309759140015, 0.6419386863708496, [0.2551097869873047, 0.4225614070892334, 0.32660794258117676, 0.18713903427124023, 0.12480640411376953, 0.26870226860046387, 0.14959049224853516, 0.27209973335266113, 0.4595451354980469, 0.22643423080444336, 0.4266648292541504, 0.43460655212402344, 0.43822360038757324, 0.545783519744873, 0.31935977935791016, 0.22588276863098145, 0.6669960021972656, 0.44421935081481934, 0.4394042491912842, 0.4267404079437256, 0.5710349082946777, 0.31875133514404297, 0.6839883327484131, 0.4429011344909668, 0.3246729373931885, 0.4218754768371582, 0.33946752548217773, 0.2089231014251709, 0.7243430614471436, 0.4649326801300049, 0.5737380981445312, 0.13665771484375], [0.0111846923828125, 0.029556751251220703, 0.015743017196655273, 0.0077478885650634766, 0.006518840789794922, 0.011059761047363281, 0.006856441497802734, 0.010767936706542969, 0.01015925407409668, 0.006806850433349609, 0.007693290710449219, 0.008428573608398438, 0.009328365325927734, 0.009962797164916992, 0.008181571960449219, 0.007052421569824219, 0.011270284652709961, 0.010515213012695312, 0.009780645370483398, 0.008942842483520508, 0.011764764785766602, 0.007582187652587891, 0.01249074935913086, 0.010253190994262695, 0.007684469223022461, 0.008362293243408203, 0.008643388748168945, 0.005877494812011719, 0.013446807861328125, 0.010727882385253906, 0.011446952819824219, 0.006112575531005859], [0.0793612003326416, 0.1339869499206543, 0.09463930130004883, 0.06021928787231445, 0.03482174873352051, 0.05533123016357422, 0.03238320350646973, 0.06052708625793457, 0.06724667549133301, 0.021587610244750977, 0.026956796646118164, 0.05411791801452637, 0.07306265830993652, 0.08855938911437988, 0.05609011650085449, 0.03731679916381836, 0.10355830192565918, 0.07258915901184082, 0.06960463523864746, 0.036161184310913086, 0.08146381378173828, 0.056725263595581055, 0.08365154266357422, 0.046743154525756836, 0.026897907257080078, 0.06472635269165039, 0.052771568298339844, 0.11346745491027832, 0.11370158195495605, 0.08272719383239746, 0.08243513107299805, 0.03276824951171875], 0.18718743324279785], [14.240720987319946, 0.706179141998291, [0.22219252586364746, 0.17731142044067383, 0.2372877597808838, 0.41220736503601074, 0.1769256591796875, 0.23842144012451172, 0.18822455406188965, 0.2090308666229248, 0.23656582832336426, 0.2407088279724121, 0.3312551975250244, 0.3052661418914795, 0.44229769706726074, 0.30832433700561523, 0.5421650409698486, 0.5316412448883057, 0.31695556640625, 0.5306611061096191, 0.4164469242095947, 0.4322230815887451, 0.3202402591705322, 0.7795956134796143, 0.3943049907684326, 0.5505306720733643, 0.22883272171020508, 0.4339895248413086, 0.30301690101623535, 0.4252505302429199, 0.4210078716278076, 0.4382145404815674, 0.20976972579956055, 0.6389920711517334], [0.013917684555053711, 0.020092487335205078, 0.01908135414123535, 0.026063203811645508, 0.012358427047729492, 0.01777195930480957, 0.013184070587158203, 0.014782905578613281, 0.016569137573242188, 0.017426729202270508, 0.014951705932617188, 0.011985301971435547, 0.017421483993530273, 0.011642217636108398, 0.017961502075195312, 0.017689943313598633, 0.012030839920043945, 0.017857789993286133, 0.015417337417602539, 0.015784025192260742, 0.012235164642333984, 0.025331497192382812, 0.021575927734375, 0.016709566116333008, 0.01151895523071289, 0.015786409378051758, 0.009521245956420898, 0.015845298767089844, 0.01517033576965332, 0.016818761825561523, 0.00909733772277832, 0.02109384536743164], [0.0349583625793457, 0.024251937866210938, 0.04417085647583008, 0.05091381072998047, 0.031415700912475586, 0.03652310371398926, 0.015107393264770508, 0.03738880157470703, 0.032758474349975586, 0.04062199592590332, 0.03568100929260254, 0.030053138732910156, 0.044936180114746094, 0.027507781982421875, 0.044448137283325195, 0.05175018310546875, 0.03475642204284668, 0.049757957458496094, 0.030846834182739258, 0.04647207260131836, 0.020728111267089844, 0.03857231140136719, 0.018633604049682617, 0.027184247970581055, 0.02216339111328125, 0.02965831756591797, 0.018939971923828125, 0.0374903678894043, 0.03931474685668945, 0.04046034812927246, 0.019263744354248047, 0.034870147705078125], 0.2880673408508301], [14.062281608581543, 0.3647117614746094, [0.11860227584838867, 0.17116785049438477, 0.17361044883728027, 0.29250478744506836, 0.23076772689819336, 0.2994065284729004, 0.18573451042175293, 0.3960244655609131, 0.41054463386535645, 0.5396037101745605, 0.2997910976409912, 0.20573639869689941, 0.4140615463256836, 0.6284635066986084, 0.425584077835083, 0.40358805656433105, 0.3182225227355957, 0.4217867851257324, 0.6453332901000977, 0.5000581741333008, 0.7362682819366455, 0.6544241905212402, 0.3000142574310303, 0.517869234085083, 0.3054325580596924, 0.20562958717346191, 0.42556190490722656, 0.31098294258117676, 0.4105696678161621, 0.5130677223205566, 0.4140141010284424, 0.5119242668151855], [0.005857706069946289, 0.021361827850341797, 0.018564939498901367, 0.019029855728149414, 0.021117687225341797, 0.03159332275390625, 0.01570272445678711, 0.022933244705200195, 0.015708208084106445, 0.01833629608154297, 0.010089635848999023, 0.009379386901855469, 0.013428449630737305, 0.02393651008605957, 0.018388748168945312, 0.012509584426879883, 0.013136625289916992, 0.016891956329345703, 0.028200864791870117, 0.018618345260620117, 0.02258157730102539, 0.027438879013061523, 0.012858390808105469, 0.018471717834472656, 0.011184453964233398, 0.009126424789428711, 0.014769792556762695, 0.011127471923828125, 0.013669013977050781, 0.01680731773376465, 0.014641046524047852, 0.015439748764038086], [0.006078243255615234, 0.026599884033203125, 0.013756275177001953, 0.024851560592651367, 0.041678667068481445, 0.02198934555053711, 0.019266605377197266, 