{"shuffle_centroids_times": [0.050576210021972656], "map_iterdata_times": [0.4775729179382324], "create_map_data": [0.5747618675231934], "map_queries_times": [[[25.478347778320312, 0.29721546173095703, [0.8571982383728027, 0.9723081588745117, 0.7884409427642822, 1.0314695835113525, 0.9837894439697266, 1.532606601715088, 1.9079506397247314, 1.231449842453003, 0.9030063152313232, 2.879889965057373, 1.3939485549926758, 2.2453954219818115, 0.9131298065185547, 1.545212984085083, 1.4814493656158447, 1.1020021438598633], [0.11345100402832031, 0.08284950256347656, 0.03581428527832031, 0.03108954429626465, 0.032362937927246094, 0.05641889572143555, 0.08629918098449707, 0.046591758728027344, 0.03304600715637207, 0.10996031761169434, 0.07165718078613281, 0.07314872741699219, 0.037032127380371094, 0.050142526626586914, 0.06271839141845703, 0.04005932807922363], [0.08432817459106445, 0.16322803497314453, 0.08768796920776367, 0.07576131820678711, 0.06830430030822754, 0.1680891513824463, 0.24117565155029297, 0.14770293235778809, 0.029370546340942383, 0.33193182945251465, 0.20039772987365723, 0.22867798805236816, 0.09467124938964844, 0.14766812324523926, 0.16217732429504395, 0.12623929977416992], 0.09166121482849121], [21.584614753723145, 0.31690120697021484, [0.4279060363769531, 0.7110805511474609, 0.4820222854614258, 0.9687528610229492, 1.3299124240875244, 2.029453992843628, 0.5307517051696777, 1.1893408298492432, 0.5021688938140869, 1.2988183498382568, 1.287855863571167, 1.7846400737762451, 0.7483372688293457, 1.665811538696289, 1.6172826290130615, 1.862544059753418], [0.047692298889160156, 0.09552907943725586, 0.04001927375793457, 0.03693127632141113, 0.05933856964111328, 0.08729958534240723, 0.03047466278076172, 0.04179811477661133, 0.029928922653198242, 0.04337906837463379, 0.05797767639160156, 0.07090234756469727, 0.03351879119873047, 0.06029629707336426, 0.07718777656555176, 0.06760239601135254], [0.07138299942016602, 0.18378520011901855, 0.0780642032623291, 0.0755767822265625, 0.12271428108215332, 0.21845054626464844, 0.06237602233886719, 0.10392284393310547, 0.0445253849029541, 0.0829615592956543, 0.10260987281799316, 0.12759160995483398, 0.07096695899963379, 0.18616437911987305, 0.13245224952697754, 0.18580985069274902], 0.10162138938903809], [17.91707968711853, 0.295743465423584, [0.5116927623748779, 0.37107348442077637, 0.42963480949401855, 0.3523705005645752, 0.9704725742340088, 1.0140187740325928, 1.2072641849517822, 0.44777703285217285, 1.091432809829712, 1.4198029041290283, 0.8751790523529053, 1.4431490898132324, 0.8846080303192139, 1.1037044525146484, 1.779958724975586, 1.4357738494873047], [0.06070423126220703, 0.047980546951293945, 0.03438735008239746, 0.046035051345825195, 0.03596091270446777, 0.042723894119262695, 0.04564332962036133, 0.021250247955322266, 0.03730344772338867, 0.06179642677307129, 0.03550004959106445, 0.06893706321716309, 0.033830881118774414, 0.036995649337768555, 0.06802010536193848, 0.057222843170166016], [0.08965826034545898, 0.05756735801696777, 0.0785219669342041, 0.06757926940917969, 0.10950398445129395, 0.09684348106384277, 0.11640501022338867, 0.04277682304382324, 0.06496691703796387, 0.13254618644714355, 0.08814001083374023, 0.16376280784606934, 0.06244826316833496, 0.09093165397644043, 0.11710500717163086, 0.072601318359375], 0.09758639335632324], [16.465388298034668, 0.18226075172424316, [0.31142473220825195, 0.4874148368835449, 0.34114789962768555, 0.8059682846069336, 1.2504494190216064, 1.3868522644042969, 0.6759006977081299, 1.0038716793060303, 1.0420920848846436, 0.8043253421783447, 0.6614699363708496, 1.5024094581604004, 1.394850730895996, 0.9176433086395264, 0.6724216938018799, 1.403313398361206], [0.036422014236450195, 0.07186698913574219, 0.03283214569091797, 0.03014826774597168, 0.03811788558959961, 0.05549955368041992, 0.021842241287231445, 0.03555917739868164, 0.05775284767150879, 0.03092217445373535, 0.0305178165435791, 0.059417009353637695, 0.06075263023376465, 0.034577369689941406, 0.024580717086791992, 0.05314040184020996], [0.022999286651611328, 0.08763456344604492, 0.026860952377319336, 0.0824747085571289, 0.07996511459350586, 0.04344987869262695, 0.04076862335205078, 0.06099128723144531, 0.06799674034118652, 0.05768465995788574, 0.032883405685424805, 0.0641481876373291, 0.0755455493927002, 0.0357518196105957, 0.03240013122558594, 0.021183013916015625], 0.11471152305603027]]], "map_execution": [29.27466607093811], "map_invoke": [[0.5562453269958496, 0.6425290107727051, 0.6335556507110596, 0.6115360260009766]], "create_reduce_data": [0.18019413948059082], "reduce_iterdata_times": [0.17906713485717773], "reduce_queries_times": [[0.07897496223449707]], "reduce_execution_times": [3.0831458568573], "reduce_invoke": [[0.5783472061157227]], "divide_reduce_times": [5.316734313964844e-05], "total_querying_times": [33.11282134056091],