{"shuffle_centroids_times": [0.05146145820617676], "map_iterdata_times": [0.13956022262573242], "create_map_data": [0.23782134056091309], "map_queries_times": [[[21.893296241760254, 0.035135507583618164, [0.3827476501464844, 0.2557828426361084, 0.3640167713165283, 0.3474154472351074, 0.3118603229522705, 0.27799105644226074, 0.42880868911743164, 0.36631202697753906, 0.6697940826416016, 0.8672866821289062, 0.5707736015319824, 1.0837359428405762, 0.7345499992370605, 0.7382285594940186, 1.0044269561767578, 1.019611120223999, 0.8147673606872559, 0.5775880813598633, 0.8935081958770752, 0.91115403175354, 0.49443864822387695, 0.4812510013580322, 0.5773792266845703, 0.9011397361755371, 0.919987678527832, 0.6020569801330566, 0.7188189029693604, 0.8978488445281982, 0.4730224609375, 0.720367431640625, 0.4862794876098633, 1.0383093357086182], [0.08327746391296387, 0.02611684799194336, 0.02486109733581543, 0.034737586975097656, 0.025220155715942383, 0.02343153953552246, 0.02789020538330078, 0.014521598815917969, 0.021196842193603516, 0.02961587905883789, 0.02045607566833496, 0.044490814208984375, 0.02404952049255371, 0.02457880973815918, 0.038652658462524414, 0.03278613090515137, 0.027152299880981445, 0.02098250389099121, 0.028440475463867188, 0.03190922737121582, 0.018795490264892578, 0.016202926635742188, 0.017994165420532227, 0.025357723236083984, 0.03639864921569824, 0.02080535888671875, 0.02256631851196289, 0.027479887008666992, 0.015460491180419922, 0.023796558380126953, 0.015265464782714844, 0.02926945686340332], [0.004015445709228516, 0.0009336471557617188, 0.002390623092651367, 0.002413511276245117, 0.001697540283203125, 0.0006914138793945312, 0.0014100074768066406, 0.000911712646484375, 0.001645803451538086, 0.001455545425415039, 0.0008282661437988281, 0.0028076171875, 0.0023152828216552734, 0.0017554759979248047, 0.002201557159423828, 0.0017316341400146484, 0.0014202594757080078, 0.000827789306640625, 0.0012011528015136719, 0.0013909339904785156, 0.0014197826385498047, 0.0008027553558349609, 0.0009162425994873047, 0.0006926059722900391, 0.0016934871673583984, 0.002511739730834961, 0.0012497901916503906, 0.0014958381652832031, 0.0006566047668457031, 0.0017077922821044922, 0.0009291172027587891, 0.002028226852416992], 0.0025217533111572266], [22.24649715423584, 0.03684353828430176, [0.4183022975921631, 0.3490867614746094, 0.34006714820861816, 0.4476642608642578, 0.3014490604400635, 0.2576026916503906, 0.4161825180053711, 0.4259147644042969, 0.2986760139465332, 0.9357156753540039, 1.0362193584442139, 0.7406857013702393, 0.6938681602478027, 1.074312448501587, 0.5278260707855225, 0.6232509613037109, 1.1834957599639893, 0.7725527286529541, 0.7315564155578613, 0.6021664142608643, 0.4778904914855957, 0.9515585899353027, 0.9493861198425293, 0.6220529079437256, 0.6141855716705322, 0.5673067569732666, 0.8526978492736816, 1.333940029144287, 0.5318963527679443, 0.7443084716796875, 0.8824436664581299, 0.40781354904174805], [0.07870697975158691, 0.041701316833496094, 0.017729759216308594, 0.06434464454650879, 0.02554941177368164, 0.01406240463256836, 0.04075145721435547, 0.021191835403442383, 0.020529985427856445, 0.04560589790344238, 0.04189705848693848, 0.026317834854125977, 0.0276336669921875, 0.04034137725830078, 0.017147302627563477, 0.023097515106201172, 0.0580601692199707, 0.030221223831176758, 0.024601459503173828, 0.022354841232299805, 0.016968965530395508, 0.03852534294128418, 0.039136648178100586, 0.02405381202697754, 0.020878314971923828, 0.019109725952148438, 0.03626132011413574, 0.06051921844482422, 0.02273702621459961, 0.03215789794921875, 0.036252498626708984, 0.016042470932006836], [0.0026252269744873047, 0.0016622543334960938, 0.0006470680236816406, 0.0023775100708007812, 0.0014431476593017578, 0.0006666183471679688, 0.002466917037963867, 0.0012390613555908203, 0.0015573501586914062, 0.001272439956665039, 0.0014233589172363281, 0.0028638839721679688, 0.0007255077362060547, 0.002001047134399414, 0.0009362697601318359, 0.0012183189392089844, 0.0020847320556640625, 0.00165557861328125, 0.0014851093292236328, 0.0014662742614746094, 0.0008320808410644531, 0.0012810230255126953, 0.00074005126953125, 0.0006897449493408203, 0.0006492137908935547, 0.0008652210235595703, 0.0028617382049560547, 0.0026733875274658203, 0.0017094612121582031, 0.0012700557708740234, 0.003073453903198242, 0.0012607574462890625], 0.0027441978454589844], [20.426846981048584, 0.044022560119628906, [0.374025821685791, 0.43786096572875977, 0.4192695617675781, 0.38959741592407227, 0.2047734260559082, 0.32480597496032715, 0.2927107810974121, 0.3955106735229492, 0.3452134132385254, 1.0860583782196045, 0.2441728115081787, 0.5535588264465332, 0.9916863441467285, 0.5298302173614502, 0.6068241596221924, 0.48888301849365234, 0.8441171646118164, 1.105999231338501, 1.0213470458984375, 0.7455050945281982, 1.2478082180023193, 0.4205036163330078, 0.7387094497680664, 0.7237203121185303, 0.7315454483032227, 0.7378602027893066, 0.533973217010498, 0.7437183856964111, 0.7355270385742188, 0.6161096096038818, 0.5002954006195068, 0.31154680252075195], [0.05943703651428223, 0.0721747875213623, 0.03336930274963379, 0.025552034378051758, 0.009369373321533203, 0.030495882034301758, 0.013556718826293945, 0.03128623962402344, 0.03639650344848633, 0.0405888557434082, 0.013242244720458984, 0.0189821720123291, 0.039400577545166016, 0.018567562103271484, 0.01883840560913086, 0.014858722686767578, 0.030257463455200195, 0.05254387855529785, 0.032280683517456055, 0.025466442108154297, 0.052330970764160156, 0.018580198287963867, 0.021815061569213867, 0.024039506912231445, 0.02548670768737793, 0.0238492488861084, 0.01797175407409668, 0.022510051727294922, 0.02512526512145996, 0.020569324493408203, 0.01644277572631836, 0.011754512786865234], [0.002257108688354492, 0.001344442367553711, 0.0020716190338134766, 0.0007703304290771484, 0.00038814544677734375, 0.0009734630584716797, 0.00046753883361816406, 0.001697540283203125, 0.0010445117950439453, 0.002035379409790039, 0.0005466938018798828, 0.0009832382202148438, 0.0018410682678222656, 0.0007076263427734375, 0.0011763572692871094, 0.0007679462432861328, 0.0015294551849365234, 0.0032465457916259766, 0.0009436607360839844, 0.0020499229431152344, 0.0018093585968017578, 0.0006210803985595703, 0.0010449886322021484, 0.001218557357788086, 0.0014896392822265625, 0.0012476444244384766, 0.0011696815490722656, 0.0008237361907958984, 0.0006921291351318359, 0.0009944438934326172, 0.0010595321655273438, 0.0007715225219726562], 0.002248048782348633], [17.19036841392517, 0.03759455680847168, [0.40196824073791504, 0.258312463760376, 0.3971216678619385, 0.35373926162719727, 0.3164808750152588, 0.3371274471282959, 0.21402525901794434, 0.26432299613952637, 0.5733656883239746, 0.4804103374481201, 0.4563441276550293, 0.6916012763977051, 0.5872030258178711, 0.9099516868591309, 0.38389158248901367, 0.938173770904541, 0.6058123111724854, 0.603813886642456, 0.8207933902740479, 1.0486118793487549, 0.33411693572998047, 0.7268152236938477, 0.7104396820068359, 0.5933923721313477, 0.5681591033935547, 0.8288507461547852, 0.4911050796508789, 0.8352150917053223, 0.3983423709869385, 0.30599379539489746], [0.07733559608459473, 0.027700424194335938, 0.03002619743347168, 0.0335233211517334, 0.018642425537109375, 0.027394533157348633, 0.012154340744018555, 0.017489194869995117, 0.01621389389038086, 0.01557016372680664, 0.013649940490722656, 0.02110457420349121, 0.018978118896484375, 0.026836633682250977, 0.015005826950073242, 0.02548050880432129, 0.022127151489257812, 0.018150806427001953, 0.024501562118530273, 0.041460275650024414, 0.015241622924804688, 0.021455764770507812, 0.02086925506591797, 0.01880478858947754, 0.016005754470825195, 0.025998592376708984, 0.01495218276977539, 0.02387237548828125, 0.012824296951293945, 0.011476755142211914], [0.0030548572540283203, 0.0006313323974609375, 0.001623392105102539, 0.0018990039825439453, 0.0006265640258789062, 0.0016109943389892578, 0.0009427070617675781, 