{"shuffle_centroids_times": [0.12660622596740723], "map_iterdata_times": [1.0787923336029053], "create_map_data": [1.2521388530731201], "map_queries_times": [[[17.103480339050293, 0.6736013889312744, [0.34594130516052246, 0.26083803176879883, 0.2272937297821045, 0.22779130935668945, 0.25250983238220215, 0.19055724143981934, 0.4191710948944092, 0.41176748275756836, 0.526907205581665, 0.40545201301574707, 0.21582436561584473, 0.6509981155395508, 0.5159928798675537, 0.6454851627349854, 0.6539950370788574, 0.32378578186035156, 0.5178701877593994, 0.1138005256652832, 0.5158843994140625, 0.7867670059204102, 0.33984375, 0.6628501415252686, 0.22340917587280273, 0.5468783378601074, 0.655287504196167, 0.41733360290527344, 0.5094184875488281, 0.6322116851806641, 0.3188314437866211, 0.7521107196807861, 0.42502260208129883, 0.4274253845214844], [0.028427600860595703, 0.028618812561035156, 0.011804819107055664, 0.012786626815795898, 0.014856338500976562, 0.010155677795410156, 0.01162099838256836, 0.010425567626953125, 0.012417316436767578, 0.009467124938964844, 0.007313728332519531, 0.01389312744140625, 0.012869119644165039, 0.014443159103393555, 0.017546653747558594, 0.009849786758422852, 0.011266708374023438, 0.005609750747680664, 0.011332511901855469, 0.016753196716308594, 0.009784221649169922, 0.01573944091796875, 0.007967233657836914, 0.013209819793701172, 0.014929533004760742, 0.010879993438720703, 0.011063575744628906, 0.01413869857788086, 0.010400533676147461, 0.016800880432128906, 0.011514902114868164, 0.010993719100952148], [0.051526784896850586, 0.05706644058227539, 0.041765689849853516, 0.06147885322570801, 0.047365427017211914, 0.039743900299072266, 0.04411792755126953, 0.047074079513549805, 0.05863142013549805, 0.04455304145812988, 0.028837919235229492, 0.06755518913269043, 0.04655718803405762, 0.0717618465423584, 0.055310964584350586, 0.04455876350402832, 0.05198931694030762, 0.016642332077026367, 0.055985450744628906, 0.09514808654785156, 0.03597283363342285, 0.08704543113708496, 0.036772727966308594, 0.05348086357116699, 0.059060096740722656, 0.03480052947998047, 0.05637621879577637, 0.07455229759216309, 0.04110217094421387, 0.08217072486877441, 0.04690980911254883, 0.0481419563293457], 0.20735526084899902], [15.237884759902954, 0.8812346458435059, [0.2694873809814453, 0.39853882789611816, 0.32854294776916504, 0.19025921821594238, 0.14964079856872559, 0.2579066753387451, 0.16743040084838867, 0.26399993896484375, 0.25084662437438965, 0.14504003524780273, 0.24370694160461426, 0.40378546714782715, 0.5028464794158936, 0.33895111083984375, 0.3949105739593506, 0.22660398483276367, 0.6200995445251465, 0.5128426551818848, 0.406782865524292, 0.4033827781677246, 0.6236732006072998, 0.24440932273864746, 0.7184193134307861, 0.4235868453979492, 0.3201560974121094, 0.4043598175048828, 0.4055473804473877, 0.22909808158874512, 0.7709152698516846, 0.4794754981994629, 0.5563929080963135, 0.22393584251403809], [0.03195667266845703, 0.05189990997314453, 0.02882981300354004, 0.01676177978515625, 0.010922431945800781, 0.019639253616333008, 0.012248039245605469, 0.019662141799926758, 0.02458643913269043, 0.012165307998657227, 0.013350963592529297, 0.01442718505859375, 0.017983436584472656, 0.021778583526611328, 0.01351022720336914, 0.011766195297241211, 0.020776748657226562, 0.021515607833862305, 0.016864299774169922, 0.015586137771606445, 0.021396398544311523, 0.013122320175170898, 0.02216053009033203, 0.017722606658935547, 0.013859033584594727, 0.014528274536132812, 0.01482534408569336, 0.008918523788452148, 0.02803516387939453, 0.02757740020751953, 0.020271778106689453, 0.011461019515991211], [0.05690169334411621, 0.09367156028747559, 0.06904149055480957, 0.03960728645324707, 0.030439138412475586, 0.05680680274963379, 0.03145551681518555, 0.04867720603942871, 0.05697441101074219, 0.034059762954711914, 0.0339813232421875, 0.04292011260986328, 0.14597678184509277, 0.05615377426147461, 0.03424477577209473, 0.029292583465576172, 0.06847882270812988, 0.05892443656921387, 0.04909682273864746, 0.03779959678649902, 0.06390500068664551, 0.035428524017333984, 0.0679774284362793, 0.04417061805725098, 0.029883384704589844, 0.04411458969116211, 0.03256511688232422, 0.023377656936645508, 0.0730736255645752, 0.049688100814819336, 0.05566978454589844, 0.0286712646484375], 0.24759292602539062], [14.028710842132568, 0.6387274265289307, [0.3042750358581543, 0.1453695297241211, 0.22722244262695312, 0.24389863014221191, 0.17421197891235352, 0.22815251350402832, 0.16665363311767578, 0.20354509353637695, 0.23059654235839844, 0.23175334930419922, 0.3230412006378174, 0.22313690185546875, 0.5373239517211914, 0.23022723197937012, 0.4321157932281494, 0.5200564861297607, 0.22745442390441895, 0.5305056571960449, 0.34691500663757324, 0.4485006332397461, 0.3018810749053955, 0.7354159355163574, 0.38393259048461914, 0.4518704414367676, 0.32483553886413574, 0.433840274810791, 0.21549034118652344, 0.4454152584075928, 0.44725751876831055, 0.4367985725402832, 0.1258854866027832, 0.6491560935974121], [0.01402425765991211, 0.011946678161621094, 0.011303901672363281, 0.01646876335144043, 0.008685588836669922, 0.013304948806762695, 0.0077762603759765625, 0.008742332458496094, 0.009801626205444336, 0.01119685173034668, 0.008904457092285156, 0.008167505264282227, 0.012171268463134766, 0.0067059993743896484, 0.010221719741821289, 0.013504743576049805, 0.008630990982055664, 0.01345968246459961, 0.01053762435913086, 0.009223461151123047, 0.008474349975585938, 0.02013564109802246, 0.012880325317382812, 0.011304378509521484, 0.006849527359008789, 0.009037256240844727, 0.0059814453125, 0.009353160858154297, 0.009911060333251953, 0.010448932647705078, 0.006795406341552734, 0.014669179916381836], [0.04723000526428223, 0.04372715950012207, 0.06573653221130371, 0.08042669296264648, 0.0491948127746582, 0.06268572807312012, 0.04758501052856445, 0.06207108497619629, 0.06308126449584961, 0.06808280944824219, 0.05579972267150879, 0.036841630935668945, 0.07385826110839844, 0.12728428840637207, 0.07352423667907715, 0.07374072074890137, 0.0500187873840332, 0.07998132705688477, 0.03879737854003906, 0.0597989559173584, 0.03490424156188965, 0.09937882423400879, 0.04797172546386719, 0.06887507438659668, 0.037601470947265625, 0.052480459213256836, 0.01697230339050293, 0.06331419944763184, 0.0589146614074707, 0.06203603744506836, 0.023897647857666016, 0.07785344123840332], 0.21858811378479004], [14.43446660041809, 0.7350587844848633, [0.35013580322265625, 0.14296317100524902, 0.24615168571472168, 0.17460322380065918, 0.1799609661102295, 0.2217550277709961, 0.20387864112854004, 0.22232341766357422, 0.1769406795501709, 0.43481874465942383, 0.417741060256958, 0.6539251804351807, 0.5473229885101318, 0.34244489669799805, 0.31113171577453613, 0.7539701461791992, 0.6390886306762695, 0.41381120681762695, 0.3095550537109375, 0.40735483169555664, 0.3052198886871338, 0.4202430248260498, 0.641848087310791, 0.431516170501709, 0.3046376705169678, 0.40303468704223633, 0.206160306930542, 0.8636469841003418, 0.1955397129058838, 0.11572051048278809, 0.4097733497619629, 0.42589592933654785], [0.031099557876586914, 0.01752614974975586, 0.018761634826660156, 0.015468120574951172, 0.013188838958740234, 0.016793251037597656, 0.01540064811706543, 0.016431808471679688, 0.013428449630737305, 0.015917301177978516, 0.014261484146118164, 0.023123979568481445, 0.022350549697875977, 0.01327371597290039, 0.012599468231201172, 0.027176856994628906, 0.028749465942382812, 0.017351865768432617, 0.010615348815917969, 0.014290094375610352, 0.010949850082397461, 0.015289068222045898, 0.025539875030517578, 0.016805648803710938, 0.011154651641845703, 0.013030290603637695, 0.008837461471557617, 0.02855229377746582, 0.008205413818359375, 0.005719423294067383, 0.013911724090576172, 0.015041351318359375], [0.053269147872924805, 0.029834270477294922, 0.046933650970458984, 0.030432462692260742, 0.031446218490600586, 0.0343632698059082, 0.03667497634887695, 0.03899216651916504, 