{"shuffle_centroids_times": [0.03730201721191406], "map_iterdata_times": [0.336437463760376], "create_map_data": [0.4197409152984619], "map_queries_times": [[[25.566082000732422, 0.24553966522216797, [0.8439276218414307, 1.033724069595337, 0.8300700187683105, 0.9254965782165527, 1.121565341949463, 1.4999542236328125, 2.0547566413879395, 1.1692466735839844, 0.9356746673583984, 2.8831429481506348, 1.4611711502075195, 2.2481026649475098, 0.9561784267425537, 1.6282711029052734, 1.5704200267791748, 1.1792402267456055], [0.11537027359008789, 0.0842740535736084, 0.03569793701171875, 0.03154134750366211, 0.03275489807128906, 0.056694984436035156, 0.08704209327697754, 0.047640323638916016, 0.03306984901428223, 0.11130714416503906, 0.07293415069580078, 0.07403349876403809, 0.0370631217956543, 0.04960274696350098, 0.06296157836914062, 0.03805279731750488], [0.059453725814819336, 0.14310789108276367, 0.055953264236450195, 0.04857349395751953, 0.043909311294555664, 0.1544189453125, 0.22747397422790527, 0.12089419364929199, 0.021492481231689453, 0.30390000343322754, 0.20619678497314453, 0.18250632286071777, 0.05774736404418945, 0.10516524314880371, 0.1174311637878418, 0.09280848503112793], 0.06836247444152832], [21.652524948120117, 0.21216201782226562, [0.3980085849761963, 0.6209008693695068, 0.7087106704711914, 0.9383211135864258, 1.4749255180358887, 1.9822726249694824, 0.7122695446014404, 1.1592082977294922, 0.5841267108917236, 1.3508658409118652, 1.2709827423095703, 1.857656478881836, 0.8239009380340576, 1.7215354442596436, 1.7487242221832275, 1.8729712963104248], [0.04583597183227539, 0.08826470375061035, 0.03873562812805176, 0.03541254997253418, 0.056344032287597656, 0.08217263221740723, 0.028960227966308594, 0.04153299331665039, 0.02857375144958496, 0.04137468338012695, 0.05441689491271973, 0.06905126571655273, 0.03279566764831543, 0.05745577812194824, 0.07353734970092773, 0.06416130065917969], [0.05414390563964844, 0.17457199096679688, 0.04955863952636719, 0.03728771209716797, 0.09063220024108887, 0.16262578964233398, 0.045595645904541016, 0.07259559631347656, 0.03919529914855957, 0.055242061614990234, 0.0538942813873291, 0.09708690643310547, 0.050852298736572266, 0.1367945671081543, 0.07639122009277344, 0.11956620216369629], 0.060133934020996094], [16.43764615058899, 0.17735838890075684, [0.538283109664917, 0.3225829601287842, 0.5536158084869385, 0.7618446350097656, 0.883599042892456, 0.9606356620788574, 1.1928627490997314, 1.4090375900268555, 0.5971584320068359, 1.0605027675628662, 1.086550235748291, 0.9675948619842529, 0.5824217796325684, 0.8149545192718506, 1.5292479991912842, 1.0815696716308594], [0.03453350067138672, 0.022997140884399414, 0.025582075119018555, 0.02370619773864746, 0.015618085861206055, 0.018355369567871094, 0.028429508209228516, 0.031797170639038086, 0.01242208480834961, 0.02011585235595703, 0.02521967887878418, 0.020067930221557617, 0.011665582656860352, 0.014121055603027344, 0.027147769927978516, 0.028194189071655273], [0.07528495788574219, 0.018453598022460938, 0.1015465259552002, 0.16373229026794434, 0.030087947845458984, 0.0834343433380127, 0.11554384231567383, 0.06276273727416992, 0.05037236213684082, 0.11417508125305176, 0.11080527305603027, 0.07248663902282715, 0.030243396759033203, 0.06791257858276367, 0.26851963996887207, 0.14466524124145508], 0.04766678810119629], [18.001110553741455, 0.14728260040283203, [0.519773006439209, 0.4194197654724121, 0.8649792671203613, 1.8226537704467773, 1.4394426345825195, 1.3701250553131104, 0.5767114162445068, 1.1219913959503174, 0.8894896507263184, 1.4457008838653564, 0.6958506107330322, 1.1214549541473389, 0.9923121929168701, 1.0000088214874268, 0.6779413223266602, 1.4589550495147705], [0.062469482421875, 0.05467844009399414, 0.05391240119934082, 0.07594799995422363, 0.0481562614440918, 0.05279874801635742, 0.020727157592773438, 0.034551143646240234, 0.028048276901245117, 0.04339194297790527, 0.025390148162841797, 0.034121036529541016, 0.03060770034790039, 0.031098127365112305, 0.022778034210205078, 0.04294776916503906], [0.06097912788391113, 0.04134345054626465, 0.04729056358337402, 0.06914687156677246, 0.04518413543701172, 0.10719418525695801, 0.01678013801574707, 0.052588701248168945, 0.03718137741088867, 0.04560995101928711, 0.0398259162902832, 0.06983280181884766, 0.04694867134094238, 0.022142648696899414, 0.021004676818847656, 0.012295246124267578], 0.03988027572631836]]], "map_execution": [28.29515314102173], "map_invoke": [[0.5589299201965332, 0.5410590171813965, 0.6274683475494385, 0.5659289360046387]], "create_reduce_data": [0.20078015327453613], "reduce_iterdata_times": [0.19980096817016602], "reduce_queries_times": [[0.08956766128540039]], "reduce_execution_times": [3.0843615531921387], "reduce_invoke": [[0.5613620281219482]], "divide_reduce_times": [4.1484832763671875e-05], "total_querying_times": [32.00007748603821],