{"shuffle_centroids_times": [0.03911614418029785], "map_iterdata_times": [1.790449857711792], "create_map_data": [1.9390594959259033], "map_queries_times": [[[25.71947717666626, 0.36331868171691895, [0.9510719776153564, 0.8242757320404053, 0.8071930408477783, 0.8952553272247314, 1.0112414360046387, 1.5465426445007324, 1.918290138244629, 1.2431230545043945, 0.9076433181762695, 2.806021213531494, 1.4985198974609375, 2.261898994445801, 0.8199489116668701, 1.4618473052978516, 1.5685460567474365, 1.0253584384918213], [0.11232161521911621, 0.08353519439697266, 0.03637361526489258, 0.03177690505981445, 0.032804012298583984, 0.0563807487487793, 0.08651471138000488, 0.04735398292541504, 0.03327631950378418, 0.11036133766174316, 0.0724799633026123, 0.07473921775817871, 0.03704714775085449, 0.04964566230773926, 0.0626370906829834, 0.04006004333496094], [0.17023849487304688, 0.17244625091552734, 0.09458589553833008, 0.08822989463806152, 0.09308028221130371, 0.17404532432556152, 0.24523305892944336, 0.14726543426513672, 0.07474470138549805, 0.3478548526763916, 0.2004861831665039, 0.2784461975097656, 0.10880351066589355, 0.17022705078125, 0.24454355239868164, 0.12811040878295898], 0.10355234146118164], [21.732222080230713, 0.3647644519805908, [0.4824655055999756, 0.6349482536315918, 0.4322795867919922, 1.0485689640045166, 1.3816344738006592, 1.957829475402832, 0.5227036476135254, 1.2290151119232178, 0.5648677349090576, 1.250377893447876, 1.2573261260986328, 1.7546765804290771, 0.7165446281433105, 1.70458984375, 1.6398770809173584, 1.6821885108947754], [0.04388022422790527, 0.08777475357055664, 0.03851056098937988, 0.03547263145446777, 0.05652904510498047, 0.08228182792663574, 0.02929091453552246, 0.0402684211730957, 0.028668642044067383, 0.04090476036071777, 0.054079532623291016, 0.06849551200866699, 0.03217887878417969, 0.058141469955444336, 0.07262778282165527, 0.06391000747680664], [0.07648587226867676, 0.18050646781921387, 0.09171724319458008, 0.08243227005004883, 0.14365339279174805, 0.23719143867492676, 0.06119704246520996, 0.11372923851013184, 0.04538774490356445, 0.12730193138122559, 0.1260056495666504, 0.19336342811584473, 0.0780935287475586, 0.18372035026550293, 0.22176027297973633, 0.20827484130859375], 0.10355305671691895], [18.174433708190918, 0.32028675079345703, [0.6468868255615234, 0.3664381504058838, 0.43187808990478516, 0.37937211990356445, 0.5968413352966309, 0.9360494613647461, 1.1459789276123047, 0.4644172191619873, 1.0727918148040771, 1.2714872360229492, 0.7107524871826172, 1.4360110759735107, 0.7015542984008789, 1.0270748138427734, 1.7230663299560547, 1.2751741409301758], [0.03381085395812988, 0.026844501495361328, 0.021265268325805664, 0.02574324607849121, 0.0192568302154541, 0.02330613136291504, 0.024393320083618164, 0.01152491569519043, 0.02043938636779785, 0.034040212631225586, 0.01946258544921875, 0.03717780113220215, 0.01761937141418457, 0.01983785629272461, 0.0351560115814209, 0.02964329719543457], [0.17147493362426758, 0.1125330924987793, 0.14935541152954102, 0.1357729434967041, 0.19582033157348633, 0.18568682670593262, 0.20432043075561523, 0.07221865653991699, 0.16445660591125488, 0.297776460647583, 0.16236114501953125, 0.34815526008605957, 0.15704560279846191, 0.19431233406066895, 0.2953040599822998, 0.25321316719055176], 0.16884708404541016], [16.8051118850708, 0.3634953498840332, [0.666203498840332, 0.4988391399383545, 0.5517580509185791, 0.9261767864227295, 0.5657467842102051, 1.0219616889953613, 1.3831021785736084, 1.394817590713501, 1.255547046661377, 0.9300835132598877, 0.5998609066009521, 0.902040958404541, 0.5841269493103027, 0.7776637077331543, 1.380375623703003, 0.8175334930419922], [0.07149863243103027, 0.06777763366699219, 0.03896784782409668, 0.047542572021484375, 0.023019790649414062, 0.036972999572753906, 0.06402230262756348, 0.05619382858276367, 0.04181337356567383, 0.03283834457397461, 0.023677349090576172, 0.028006553649902344, 0.0219573974609375, 0.022962570190429688, 0.05404329299926758, 0.03266596794128418], [0.12379145622253418, 0.11721611022949219, 0.1027376651763916, 0.08882570266723633, 0.0528414249420166, 0.07749199867248535, 0.09814310073852539, 0.12707972526550293, 0.1168372631072998, 0.07121777534484863, 0.06111645698547363, 0.07126402854919434, 0.044523000717163086, 0.05162525177001953, 0.08185052871704102, 0.05902266502380371], 0.17606353759765625]]], "map_execution": [28.253395795822144], "map_invoke": [[0.5723307132720947, 0.5774176120758057, 0.5626966953277588, 0.5718502998352051]], "create_reduce_data": [0.18753862380981445], "reduce_iterdata_times": [0.18651318550109863], "reduce_queries_times": [[0.14420294761657715]], "reduce_execution_times": [3.0688273906707764], "reduce_invoke": [[0.5588147640228271]], "divide_reduce_times": [4.076957702636719e-05], "total_querying_times": [33.44886231422424],