{"shuffle_centroids_times": [0.02498340606689453], "map_iterdata_times": [0.14917278289794922], "create_map_data": [0.22126340866088867], "map_queries_times": [[[17.65261697769165, 0.034912824630737305, [3.89640212059021, 3.863539218902588, 3.8240034580230713, 5.1444480419158936], [0.15860557556152344, 0.12395739555358887, 0.07520651817321777, 0.14168214797973633], [0.1694474220275879, 0.06819415092468262, 0.0623624324798584, 0.08230948448181152], 0.007494211196899414], [23.891891956329346, 0.028678417205810547, [5.635768413543701, 4.511859655380249, 4.022055149078369, 8.229666709899902], [0.38626718521118164, 0.27346301078796387, 0.15086960792541504, 0.4435765743255615], [0.038779258728027344, 0.058687448501586914, 0.03386640548706055, 0.07577061653137207], 0.0025229454040527344], [17.935437440872192, 0.032271623611450195, [3.4704957008361816, 4.4478418827056885, 6.397047281265259, 2.744760751724243], [0.20037460327148438, 0.18619275093078613, 0.16098284721374512, 0.06979751586914062], [0.05525684356689453, 0.06781625747680664, 0.08125758171081543, 0.019049644470214844], 0.0022363662719726562], [16.81308627128601, 0.03432440757751465, [2.7529590129852295, 4.9870076179504395, 6.850350856781006, 1.1555192470550537], [0.2487807273864746, 0.28423476219177246, 0.2705204486846924, 0.07052040100097656], [0.036005496978759766, 0.0360107421875, 0.08026742935180664, 0.004500865936279297], 0.0020258426666259766]]], "map_execution": [27.152814865112305], "map_invoke": [[0.5335490703582764, 0.551180362701416, 0.5364384651184082, 0.5997982025146484]], "create_reduce_data": [0.2764582633972168], "reduce_iterdata_times": [0.2754690647125244], "reduce_queries_times": [[0.04172825813293457]], "reduce_execution_times": [3.1283230781555176], "reduce_invoke": [[0.6013102531433105]], "divide_reduce_times": [0.00010776519775390625], "total_querying_times": [30.77896785736084], "recalls": [[100.0, 100.0, 100.0, 100.0, 100.0, 100.0, 100.0, 80.0, 20.0, 90.0, 100.0, 100.0, 100.0, 100.0, 100.0, 100.0, 90.0, 90.0, 60.0, 100.0, 100.0, 100.0, 100.0, 90.0, 60.0, 60.0, 90.0, 100.0, 100.0, 100.0, 60.0, 100.0, 60.0, 100.0, 100.0, 100.0, 80.0, 100.0, 90.0, 100.0, 90.0, 100.0, 90.0, 100.0, 90.0, 70.0, 100.0, 100.0, 70.0, 70.0, 90.0, 100.0, 100.0, 100.0, 70.0, 90.0, 100.0, 50.0, 100.0, 90.0, 100.0, 100.0, 80.0, 80.0, 100.0, 80.0, 90.0, 40.0, 100.0, 60.0, 90.0, 100.0, 100.0, 100.0, 50.0, 100.0, 70.0, 100.0, 100.0, 100.0, 90.0, 100.0, 50.0, 100.0, 90.0, 100.0, 100.0, 100.0, 100.0, 100.0, 100.0, 70.0, 90.0, 60.0, 100.0, 50.0, 100.0, 100.0, 70.0, 100.0, 100.0, 100.0, 100.0, 90.0, 90.0, 80.0, 100.0, 100.0, 70.0, 100.0, 90.0, 60.0, 70.0, 70.0, 80.0, 100.0, 100.0, 90.0, 100.0, 80.0, 100.0, 100.0, 100.0, 100.0, 70.0, 80.0, 100.0, 100.0, 90.0, 90.0, 90.0, 90.0, 70.0, 90.0, 100.0, 100.0, 100.0, 100.0, 30.0, 80.0, 90.0, 90.0, 100.0, 90.0, 50.0, 80.0, 100.0, 90.0, 70.0, 100.0, 90.0, 100.0, 100.0, 90.0, 100.0, 100.0, 100.0, 100.0, 100.0, 60.0, 100.0, 100.0, 100.0, 100.0, 100.0, 60.0, 40.0, 80.0, 50.0, 80.0, 100.0, 100.0, 100.0, 90.0, 90.0, 100.0, 100.0, 100.0, 100.0, 100.0, 100.0, 90.0, 70.0, 90.0, 100.0, 100.0, 100.0, 90.0, 90.0, 100.0, 100.0, 100.0, 70.0, 100.0, 100.0, 90.0, 100.0, 100.0, 100.0, 90.0, 100.0, 80.0, 80.0, 70.0, 100.0, 100.0, 100.0, 90.0, 80.0, 100.0, 100.0, 100.0, 80.0, 100.0, 100.0, 100.0, 90.0, 100.0, 100.0, 90.0, 90.0, 100.0, 100.0, 50.0, 60.0, 100.0, 70.0, 100.0, 80.0, 100.0, 100.0, 60.0, 100.0, 0.0, 100.0, 60.0, 40.0, 100.0, 100.0, 90.0, 90.0, 100.0, 90.0, 100.0, 90.0, 80.0, 90.0, 100.0, 70.0, 80.0, 100.0, 100.0, 100.0, 100.0, 100.0, 100.0, 80.0, 100.0, 100.0, 70.0, 20.0, 100.0, 100.0, 90.0, 80.0, 60.0, 100.0, 100.0, 100.0, 50.0, 80.0, 80.0, 80.0, 90.0, 90.0, 60.0, 100.0, 80.0, 100.0, 100.0, 100.0, 100.0, 60.0, 70.0, 60.0, 100.0, 90.0, 100.0, 90.0, 100.0, 100.0, 100.0, 90.0, 100.0, 80.0, 100.0, 100.0, 90.0, 100.0, 100.0, 100.0, 70.0, 100.0, 100.0, 100.0, 90.0, 90.0, 90.0, 100.0, 80.0, 90.0, 100.0, 100.0, 100.0, 80.0, 60.0, 80.0, 100.0, 100.0, 40.0, 100.0, 100.0, 100.0, 100.0, 90.0, 100.0, 100.0, 60.0, 70.0, 100.0, 80.0, 100.0, 100.0, 100.0, 100.0, 100.0, 100.0, 100.0, 100.0, 100.0, 100.0, 100.0, 100.0, 50.0, 100.0, 100.0, 100.0, 100.0, 80.0, 60.0, 40.0, 100.0, 90.0, 80.0, 100.0, 40.0, 100.0, 50.0, 100.0, 60.0, 90.0, 100.0, 90.0, 100.0, 100.0, 100.0, 100.0, 100.0, 100.0, 100.0, 50.0, 90.0, 80.0, 100.0, 70.0, 100.0, 100.0, 100.0, 100.0, 60.0, 70.0, 100.0, 100.0, 100.0, 100.0, 90.0, 40.0, 100.0, 100.0, 80.0, 100.0, 100.0, 100.0, 80.0, 100.0, 60.0, 100.0, 100.0, 100.0, 70.0, 90.0, 100.0, 100.0, 100.0, 100.0, 90.0, 100.0, 100.0, 100.0, 100.0, 100.0, 90.0, 100.0, 100.0, 100.0, 100.0, 90.0, 70.0, 100.0, 100.0, 100.0, 100.0, 100.0, 60.0, 100.0, 80.0, 80.0, 100.0, 100.0, 100.0, 100.0, 100.0, 100.0, 100.0, 100.0, 100.0, 100.0, 90.0, 100.0, 100.0, 90.0, 100.0, 90.0, 100.0, 100.0, 100.0, 80.0, 60.0, 100.0, 100.0, 100.0, 100.0, 90.0, 70.0, 100.0, 90.0, 40.0, 90.0, 90.0, 100.0, 100.0, 100.0, 100.0, 100.0, 100.0, 50.0, 100.0, 100.0, 100.0, 100.0, 100.0, 100.0, 100.0, 80.0, 100.0, 100.0, 70.0, 100.0, 100.0, 100.0, 100.0, 90.0, 100.0, 70.0, 100.0, 100.0, 100.0, 100.0, 100.0, 100.0, 100.0, 100.0, 100.0, 100.0, 100.0, 70.0, 100.0, 100.0, 100.0, 100.0, 90.0, 100.0, 100.0, 100.0, 60.0, 90.0, 100.0, 100.0, 50.0, 40.0, 70.0, 100.0, 80.0, 90.0, 40.0, 70.0, 100.0, 100.0, 50.0, 100.0, 90.0, 90.0, 70.0, 100.0, 100.0, 90.0, 50.0, 100.0, 100.0, 40.0, 100.0, 60.0, 90.0, 100.0, 20.0, 100.0, 90.0, 70.0, 100.0, 100.0, 100.0, 90.0, 100.0, 100.0, 100.0, 100.0, 100.0, 100.0, 100.0, 60.0, 60.0, 100.0, 20.0, 100.0, 100.0, 90.0, 100.0, 90.0, 100.0, 100.0, 100.0, 40.0, 100.0, 100.0, 80.0, 90.0, 100.0, 100.0, 100.0, 100.0, 80.0, 90.0, 100.0, 100.0, 100.0, 100.0, 80.0, 80.0, 30.0, 100.0, 100.0, 100.0, 100.0, 100.0, 100.0, 60.0, 70.0, 100.0, 90.0, 90.0, 80.0, 50.0, 50.0, 100.0, 100.0, 60.0, 80.0, 100.0, 100.0, 90.0, 100.0, 100.0, 30.0, 100.0, 100.0, 100.0, 100.0, 100.0, 50.0, 100.0, 100.0, 100.0, 70.0, 90.0, 90.0, 100.0, 40.0, 90.0, 90.0, 90.0, 80.0, 100.0, 90.0, 90.0, 100.0, 80.0, 100.0, 100.0, 80.0, 100.0, 50.0, 100.0, 100.0, 90.0, 100.0, 80.0, 80.0, 60.0, 60.0, 90.0, 100.0, 100.0, 100.0, 100.0, 100.0, 100.0, 100.0, 100.0, 100.0, 60.0, 70.0, 100.0, 100.0, 100.0, 70.0, 100.0, 70.0, 70.0, 100.0, 100.0, 100.0, 100.0, 100.0, 100.0, 40.0, 90.0, 90.0, 70.0, 100.0, 100.0, 100.0, 70.0, 100.0, 60.0, 100.0, 50.0, 80.0, 100.0, 100.0, 100.0, 60.0, 50.0, 90.0, 100.0, 50.0, 70.0, 90.0, 60.0, 90.0, 100.0, 100.0, 70.0, 100.0, 50.0, 100.0, 100.0, 100.0, 100.0, 70.0, 90.0, 80.0, 90.0, 100.0, 100.0, 100.0, 100.0, 100.0, 100.0, 100.0, 100.0, 90.0, 100.0, 100.0, 100.0, 90.0, 20.0, 90.0, 100.0, 100.0, 90.0, 100.0, 80.0, 100.0, 100.0, 100.0, 100.0, 100.0, 100.0, 100.0, 100.0, 100.0, 100.0, 100.0, 100.0, 100.0, 80.0, 100.0, 60.0, 80.0, 100.0, 90.0, 100.0, 90.0, 100.0, 100.0, 100.0, 100.0, 30.0, 100.0, 70.0, 70.0, 70.0, 80.0, 100.0, 50.0, 100.0, 100.0, 100.0, 90.0, 100.0, 100.0, 90.0, 90.0, 80.0, 100.0, 100.0, 90.0, 100.0, 100.0, 80.0, 90.0, 100.0, 40.0, 90.0, 100.0, 80.0, 100.0, 100.0, 100.0, 100.0, 100.0, 100.0, 90.0, 30.0, 100.0, 90.0, 100.0, 100.0, 100.0, 70.0, 60.0, 90.0, 100.0, 100.0, 90.0, 80.0, 100.0, 100.0, 100.0, 60.0, 100.0, 90.0, 100.0, 50.0, 90.0, 100.0, 90.0, 100.0, 100.0, 70.0, 70.0, 100.0, 90.0, 100.0, 100.0, 100.0, 90.0, 100.0, 100.0, 100.0, 40.0, 80.0, 100.0, 100.0, 100.0, 100.0, 80.0, 100.0, 70.0, 80.0, 60.0, 90.0, 100.0, 70.0, 90.0, 90.0, 100.0, 100.0, 90.0, 100.0, 100.0, 100.0, 80.0, 100.0, 100.0, 100.0, 100.0, 70.0, 100.0, 10.0, 70.0, 90.0, 100.0, 100.0, 70.0, 100.0, 90.0, 100.0, 100.0, 90.0, 30.0, 100.0, 90.0, 100.0, 90.0, 100.0, 100.0, 100.0, 70.0, 100.0, 100.0, 100.0, 100.0, 100.0, 80.0, 100.0, 100.0, 100.0, 100.0, 100.0, 90.0, 100.0, 100.0, 70.0, 100.0, 100.0, 100.0, 100.0, 80.0, 100.0, 100.0, 100.0, 80.0, 100.0, 20.0, 40.0, 100.0, 100.0, 70.0, 90.0, 100.0, 40.0, 100.0, 100.0, 100.0, 90.0, 100.0, 100.0, 100.0, 100.0, 100.0, 100.0, 100.0, 80.0, 90.0, 40.0, 80.0, 100.0, 100.0, 90.0, 100.0, 90.0, 70.0, 100.0, 70.0, 