{"shuffle_centroids_times": [0.02199387550354004], "map_iterdata_times": [0.17505884170532227], "create_map_data": [0.24361348152160645], "map_queries_times": [[[16.878557443618774, 0.031996965408325195, [3.0977516174316406, 3.605390787124634, 3.9214885234832764, 5.107089281082153], [0.2902486324310303, 0.2223799228668213, 0.1356961727142334, 0.28830480575561523], [0.06712055206298828, 0.03405332565307617, 0.026538848876953125, 0.0480196475982666], 0.0024213790893554688], [23.809031009674072, 0.03210091590881348, [5.740664958953857, 4.545486688613892, 4.059728384017944, 8.280866384506226], [0.21414542198181152, 0.15250778198242188, 0.08613300323486328, 0.24009275436401367], [0.08020544052124023, 0.1377105712890625, 0.0552213191986084, 0.1813051700592041], 0.002811431884765625], [18.052223205566406, 0.05850529670715332, [3.512465476989746, 4.439809799194336, 6.39357852935791, 2.8086295127868652], [0.20203304290771484, 0.18764853477478027, 0.15886163711547852, 0.06690788269042969], [0.050084829330444336, 0.0679159164428711, 0.08165097236633301, 0.021957874298095703], 0.0021219253540039062], [16.655054807662964, 0.030331134796142578, [2.84079909324646, 4.860759019851685, 6.884271621704102, 1.0152740478515625], [0.2458648681640625, 0.2842106819152832, 0.2756633758544922, 0.07096385955810547], [0.035695791244506836, 0.03190779685974121, 0.07270312309265137, 0.004314899444580078], 0.0022377967834472656]]], "map_execution": [26.170650005340576], "map_invoke": [[0.6395585536956787, 0.5820770263671875, 0.5113017559051514, 0.5906140804290771]], "create_reduce_data": [0.27747344970703125], "reduce_iterdata_times": [0.2765052318572998], "reduce_queries_times": [[0.043356895446777344]], "reduce_execution_times": [3.0642828941345215], "reduce_invoke": [[0.55415940284729]], "divide_reduce_times": [4.8160552978515625e-05], "total_querying_times": [29.756068229675293], "recalls": [[100.0, 100.0, 100.0, 100.0, 100.0, 100.0, 100.0, 80.0, 20.0, 90.0, 100.0, 100.0, 100.0, 100.0, 100.0, 100.0, 90.0, 90.0, 60.0, 100.0, 100.0, 100.0, 100.0, 90.0, 60.0, 60.0, 90.0, 100.0, 100.0, 100.0, 60.0, 100.0, 60.0, 100.0, 100.0, 100.0, 80.0, 100.0, 90.0, 100.0, 90.0, 100.0, 90.0, 100.0, 90.0, 70.0, 100.0, 100.0, 70.0, 70.0, 90.0, 100.0, 100.0, 100.0, 70.0, 90.0, 100.0, 50.0, 100.0, 90.0, 100.0, 100.0, 80.0, 80.0, 100.0, 80.0, 90.0, 40.0, 100.0, 60.0, 90.0, 100.0, 100.0, 100.0, 50.0, 100.0, 70.0, 100.0, 100.0, 100.0, 90.0, 100.0, 50.0, 100.0, 90.0, 100.0, 100.0, 100.0, 100.0, 100.0, 100.0, 70.0, 90.0, 60.0, 100.0, 50.0, 100.0, 100.0, 70.0, 100.0, 100.0, 100.0, 100.0, 90.0, 90.0, 80.0, 100.0, 100.0, 70.0, 100.0, 90.0, 60.0, 70.0, 70.0, 80.0, 100.0, 100.0, 90.0, 100.0, 80.0, 100.0, 100.0, 100.0, 100.0, 70.0, 80.0, 100.0, 100.0, 90.0, 90.0, 90.0, 90.0, 70.0, 90.0, 100.0, 100.0, 100.0, 100.0, 30.0, 80.0, 90.0, 90.0, 100.0, 90.0, 50.0, 80.0, 100.0, 90.0, 70.0, 100.0, 90.0, 100.0, 100.0, 90.0, 100.0, 100.0, 100.0, 100.0, 100.0, 60.0, 100.0, 100.0, 100.0, 100.0, 100.0, 60.0, 40.0, 80.0, 50.0, 80.0, 100.0, 100.0, 100.0, 90.0, 90.0, 100.0, 100.0, 100.0, 100.0, 100.0, 100.0, 90.0, 70.0, 90.0, 100.0, 100.0, 100.0, 90.0, 90.0, 100.0, 100.0, 100.0, 70.0, 100.0, 100.0, 90.0, 100.0, 100.0, 100.0, 90.0, 100.0, 80.0, 80.0, 70.0, 100.0, 100.0, 100.0, 90.0, 80.0, 100.0, 100.0, 100.0, 80.0, 100.0, 100.0, 100.0, 90.0, 100.0, 100.0, 90.0, 90.0, 100.0, 100.0, 50.0, 60.0, 100.0, 70.0, 100.0, 80.0, 100.0, 100.0, 60.0, 100.0, 0.0, 100.0, 60.0, 40.0, 100.0, 100.0, 90.0, 90.0, 100.0, 90.0, 100.0, 90.0, 80.0, 90.0, 100.0, 70.0, 80.0, 100.0, 100.0, 100.0, 100.0, 100.0, 100.0, 80.0, 100.0, 100.0, 70.0, 20.0, 100.0, 100.0, 90.0, 80.0, 60.0, 100.0, 100.0, 100.0, 50.0, 80.0, 80.0, 80.0, 90.0, 90.0, 60.0, 100.0, 80.0, 100.0, 100.0, 100.0, 100.0, 60.0, 70.0, 60.0, 100.0, 90.0, 100.0, 90.0, 100.0, 100.0, 100.0, 90.0, 100.0, 80.0, 100.0, 100.0, 90.0, 100.0, 100.0, 100.0, 70.0, 100.0, 100.0, 100.0, 90.0, 90.0, 90.0, 100.0, 80.0, 90.0, 100.0, 100.0, 100.0, 80.0, 60.0, 80.0, 100.0, 100.0, 40.0, 100.0, 100.0, 100.0, 100.0, 90.0, 100.0, 100.0, 60.0, 70.0, 100.0, 80.0, 100.0, 100.0, 100.0, 100.0, 100.0, 100.0, 100.0, 100.0, 100.0, 100.0, 100.0, 100.0, 50.0, 100.0, 100.0, 100.0, 100.0, 80.0, 60.0, 40.0, 100.0, 90.0, 80.0, 100.0, 40.0, 100.0, 50.0, 100.0, 60.0, 90.0, 100.0, 90.0, 100.0, 100.0, 100.0, 100.0, 100.0, 100.0, 100.0, 50.0, 90.0, 80.0, 100.0, 70.0, 100.0, 100.0, 100.0, 100.0, 60.0, 70.0, 100.0, 100.0, 100.0, 100.0, 90.0, 40.0, 100.0, 100.0, 80.0, 100.0, 100.0, 100.0, 80.0, 100.0, 60.0, 100.0, 100.0, 100.0, 70.0, 90.0, 100.0, 100.0, 100.0, 100.0, 90.0, 100.0, 100.0, 100.0, 100.0, 100.0, 90.0, 100.0, 100.0, 100.0, 100.0, 90.0, 70.0, 100.0, 100.0, 100.0, 100.0, 100.0, 60.0, 100.0, 80.0, 80.0, 100.0, 100.0, 100.0, 100.0, 100.0, 100.0, 100.0, 100.0, 100.0, 100.0, 90.0, 100.0, 100.0, 90.0, 100.0, 90.0, 100.0, 100.0, 100.0, 80.0, 60.0, 100.0, 100.0, 100.0, 100.0, 90.0, 70.0, 100.0, 90.0, 40.0, 90.0, 90.0, 100.0, 100.0, 100.0, 100.0, 100.0, 100.0, 50.0, 100.0, 100.0, 100.0, 100.0, 100.0, 100.0, 100.0, 80.0, 100.0, 100.0, 70.0, 100.0, 100.0, 100.0, 100.0, 90.0, 100.0, 70.0, 100.0, 100.0, 100.0, 100.0, 100.0, 100.0, 100.0, 100.0, 100.0, 100.0, 100.0, 70.0, 100.0, 100.0, 100.0, 100.0, 90.0, 100.0, 100.0, 100.0, 60.0, 90.0, 100.0, 100.0, 50.0, 40.0, 70.0, 100.0, 80.0, 90.0, 40.0, 70.0, 100.0, 100.0, 50.0, 100.0, 90.0, 90.0, 70.0, 100.0, 100.0, 90.0, 50.0, 100.0, 100.0, 40.0, 100.0, 60.0, 90.0, 100.0, 20.0, 100.0, 90.0, 70.0, 100.0, 100.0, 100.0, 90.0, 100.0, 100.0, 100.0, 100.0, 100.0, 100.0, 100.0, 60.0, 60.0, 100.0, 20.0, 100.0, 100.0, 90.0, 100.0, 90.0, 100.0, 100.0, 100.0, 40.0, 100.0, 100.0, 80.0, 90.0, 100.0, 100.0, 100.0, 100.0, 80.0, 90.0, 100.0, 100.0, 100.0, 100.0, 80.0, 80.0, 30.0, 100.0, 100.0, 100.0, 100.0, 100.0, 100.0, 60.0, 70.0, 100.0, 90.0, 90.0, 80.0, 50.0, 50.0, 100.0, 100.0, 60.0, 80.0, 100.0, 100.0, 90.0, 100.0, 100.0, 30.0, 100.0, 100.0, 100.0, 100.0, 100.0, 50.0, 100.0, 100.0, 100.0, 70.0, 90.0, 90.0, 100.0, 40.0, 90.0, 90.0, 90.0, 80.0, 100.0, 90.0, 90.0, 100.0, 80.0, 100.0, 100.0, 80.0, 100.0, 50.0, 100.0, 100.0, 90.0, 100.0, 80.0, 80.0, 60.0, 60.0, 90.0, 100.0, 100.0, 100.0, 100.0, 100.0, 100.0, 100.0, 100.0, 100.0, 60.0, 70.0, 100.0, 100.0, 100.0, 70.0, 100.0, 70.0, 70.0, 100.0, 100.0, 100.0, 100.0, 100.0, 100.0, 40.0, 90.0, 90.0, 70.0, 100.0, 100.0, 100.0, 70.0, 100.0, 60.0, 100.0, 50.0, 80.0, 100.0, 100.0, 100.0, 60.0, 50.0, 90.0, 100.0, 50.0, 70.0, 90.0, 60.0, 90.0, 100.0, 100.0, 70.0, 100.0, 50.0, 100.0, 100.0, 100.0, 100.0, 70.0, 90.0, 80.0, 90.0, 100.0, 100.0, 100.0, 100.0, 100.0, 100.0, 100.0, 100.0, 90.0, 100.0, 100.0, 100.0, 90.0, 20.0, 90.0, 100.0, 100.0, 90.0, 100.0, 80.0, 100.0, 100.0, 100.0, 100.0, 100.0, 100.0, 100.0, 100.0, 100.0, 100.0, 100.0, 100.0, 100.0, 80.0, 100.0, 60.0, 80.0, 100.0, 90.0, 100.0, 90.0, 100.0, 100.0, 100.0, 100.0, 30.0, 100.0, 70.0, 70.0, 70.0, 80.0, 100.0, 50.0, 100.0, 100.0, 100.0, 90.0, 100.0, 100.0, 90.0, 90.0, 80.0, 100.0, 100.0, 90.0, 100.0, 100.0, 80.0, 90.0, 100.0, 40.0, 90.0, 100.0, 80.0, 100.0, 100.0, 100.0, 100.0, 100.0, 100.0, 90.0, 30.0, 100.0, 90.0, 100.0, 100.0, 100.0, 70.0, 60.0, 90.0, 100.0, 100.0, 90.0, 80.0, 100.0, 100.0, 100.0, 60.0, 100.0, 90.0, 100.0, 50.0, 90.0, 100.0, 90.0, 100.0, 100.0, 70.0, 70.0, 100.0, 90.0, 100.0, 100.0, 100.0, 90.0, 100.0, 100.0, 100.0, 40.0, 80.0, 100.0, 100.0, 100.0, 100.0, 80.0, 100.0, 70.0, 80.0, 60.0, 90.0, 100.0, 70.0, 90.0, 90.0, 100.0, 100.0, 90.0, 100.0, 100.0, 100.0, 80.0, 100.0, 100.0, 100.0, 100.0, 70.0, 100.0, 10.0, 70.0, 90.0, 100.0, 100.0, 70.0, 100.0, 90.0, 100.0, 100.0, 90.0, 30.0, 100.0, 90.0, 100.0, 90.0, 100.0, 100.0, 100.0, 70.0, 100.0, 100.0, 100.0, 100.0, 100.0, 80.0, 100.0, 100.0, 100.0, 100.0, 100.0, 90.0, 100.0, 100.0, 70.0, 100.0, 100.0, 100.0, 100.0, 80.0, 100.0, 100.0, 100.0, 80.0, 100.0, 20.0, 40.0, 100.0, 100.0, 70.0, 90.0, 100.0, 40.0, 100.0, 100.0, 100.0, 90.0, 100.0, 100.0, 100.0, 100.0, 100.0, 100.0, 100.0, 80.0, 90.0, 40.0, 80.0, 100.0, 100.0, 90.0, 100.0, 90.0, 70.0, 100.0, 70.0, 70.0,