{"shuffle_centroids_times": [0.04769635200500488], "map_iterdata_times": [0.6508932113647461], "create_map_data": [0.7449791431427002], "map_queries_times": [[[1.2502961158752441, 0.31357407569885254, [0.03906416893005371, 0.04264688491821289, 0.0455172061920166, 0.04502081871032715, 0.04272317886352539, 0.03560137748718262, 0.04643535614013672, 0.04342365264892578, 0.04494524002075195, 0.035938262939453125, 0.035680294036865234, 0.04444003105163574, 0.04593515396118164, 0.037351131439208984, 0.042594194412231445, 0.040194034576416016], [0.0007474422454833984, 0.000888824462890625, 0.0006551742553710938, 0.0007157325744628906, 0.0009222030639648438, 0.0008988380432128906, 0.0006673336029052734, 0.0006823539733886719, 0.0008044242858886719, 0.0007653236389160156, 0.001004934310913086, 0.0007760524749755859, 0.0007176399230957031, 0.0007908344268798828, 0.0007174015045166016, 0.0007755756378173828], [0.008556127548217773, 0.004568815231323242, 0.012600898742675781, 0.011126279830932617, 0.010055303573608398, 0.01199650764465332, 0.009269237518310547, 0.003950834274291992, 0.010913848876953125, 0.010258197784423828, 0.011074304580688477, 0.011126518249511719, 0.009401559829711914, 0.010815620422363281, 0.009253740310668945, 0.010713338851928711], 0.1008601188659668], [1.346062421798706, 0.33887815475463867, [0.03804469108581543, 0.040854454040527344, 0.043047428131103516, 0.036586761474609375, 0.0375363826751709, 0.04332780838012695, 0.0405888557434082, 0.04315471649169922, 0.03847527503967285, 0.036651611328125, 0.03653860092163086, 0.03868436813354492, 0.03604555130004883, 0.038384437561035156, 0.04297375679016113, 0.15535664558410645], [0.0006051063537597656, 0.0008261203765869141, 0.0006537437438964844, 0.0008113384246826172, 0.0006201267242431641, 0.0006372928619384766, 0.0006923675537109375, 0.0009143352508544922, 0.0006289482116699219, 0.0006351470947265625, 0.0007121562957763672, 0.0007038116455078125, 0.0006430149078369141, 0.0007627010345458984, 0.0006706714630126953, 0.0007958412170410156], [0.015613317489624023, 0.009206771850585938, 0.01112818717956543, 0.009126424789428711, 0.007592439651489258, 0.010726451873779297, 0.008627176284790039, 0.008103609085083008, 0.010704994201660156, 0.008794069290161133, 0.010042667388916016, 0.011664867401123047, 0.009330034255981445, 0.007516384124755859, 0.010180234909057617, 0.006478548049926758], 0.09464836120605469], [1.10788893699646, 0.26100659370422363, [0.04038262367248535, 0.04298210144042969, 0.03858208656311035, 0.037294626235961914, 0.03960752487182617, 0.04337048530578613, 0.03846549987792969, 0.043221473693847656, 0.041649818420410156, 0.04018688201904297, 0.04036283493041992, 0.03894782066345215, 0.04489636421203613, 0.04258275032043457, 0.03551363945007324, 0.02985072135925293], [0.0006263256072998047, 0.0006799697875976562, 0.0005156993865966797, 0.0006847381591796875, 0.0006086826324462891, 0.0006999969482421875, 0.0006058216094970703, 0.0006699562072753906, 0.0005273818969726562, 0.0005624294281005859, 0.0005981922149658203, 0.0005853176116943359, 0.0005981922149658203, 0.0005991458892822266, 0.0006508827209472656, 0.0005178451538085938], [0.009149312973022461, 0.008663654327392578, 0.009274005889892578, 0.006644248962402344, 0.009801626205444336, 0.009389638900756836, 0.008312463760375977, 0.008761882781982422, 0.008858919143676758, 0.004442691802978516, 0.0053517818450927734, 0.007689237594604492, 0.009215593338012695, 0.007616758346557617, 0.00448298454284668, 0.0034568309783935547], 0.0780186653137207], [0.9769396781921387, 0.18517327308654785, [0.03823399543762207, 0.034401655197143555, 0.03871297836303711, 0.036139726638793945, 0.044274330139160156, 0.03673958778381348, 0.04396772384643555, 0.04295539855957031, 0.03815317153930664, 0.04347944259643555, 0.04202699661254883, 0.0453190803527832, 0.03313922882080078, 0.039519309997558594, 0.04058670997619629, 0.03427529335021973], [0.0006017684936523438, 0.0007910728454589844, 0.0008063316345214844, 0.0006527900695800781, 0.0006186962127685547, 0.0009012222290039062, 0.0007145404815673828, 0.0007355213165283203, 0.000644683837890625, 0.0006759166717529297, 0.0007634162902832031, 0.0007736682891845703, 0.0007758140563964844, 0.0005080699920654297, 0.0006821155548095703, 0.0008530616760253906], [0.0056324005126953125, 0.006985902786254883, 0.004204988479614258, 0.0076601505279541016, 0.0067081451416015625, 0.0039675235748291016, 0.008689403533935547, 0.009765863418579102, 0.007081508636474609, 0.004652500152587891, 0.004114866256713867, 0.0057544708251953125, 0.005547761917114258, 0.005635261535644531, 0.0036389827728271484, 0.0016086101531982422], 0.056592702865600586]]], "map_execution": [4.159865379333496], "map_invoke": [[0.6295535564422607, 0.5952622890472412, 0.5317528247833252, 0.5624029636383057]], "create_reduce_data": [0.18479633331298828], "reduce_iterdata_times": [0.18393540382385254], "reduce_queries_times": [[0.05673789978027344]], "reduce_execution_times": [3.0936760902404785], "reduce_invoke": [[0.5408179759979248]], "divide_reduce_times": [0.0001049041748046875], "total_querying_times": [8.183422088623047],