{"shuffle_centroids_times": [0.0289764404296875], "map_iterdata_times": [0.2409682273864746], "create_map_data": [0.31616640090942383], "map_queries_times": [[[0.4094085693359375, 0.09761667251586914, [0.05289053916931152, 0.0650632381439209, 0.055356502532958984, 0.05569052696228027], [0.0012860298156738281, 0.002805948257446289, 0.001592874526977539, 0.0015425682067871094], [0.015472412109375, 0.013129472732543945, 0.010454893112182617, 0.011464357376098633], 0.024990320205688477], [0.4348759651184082, 0.10149431228637695, [0.07770657539367676, 0.05445718765258789, 0.0628507137298584, 0.05052614212036133], [0.002866029739379883, 0.002641916275024414, 0.0021648406982421875, 0.0017080307006835938], [0.018984556198120117, 0.011778593063354492, 0.012686491012573242, 0.01073002815246582], 0.024236202239990234], [0.38817286491394043, 0.10201692581176758, [0.06561398506164551, 0.0458216667175293, 0.045621633529663086, 0.04462122917175293], [0.002426624298095703, 0.0018024444580078125, 0.0015120506286621094, 0.0011525154113769531], [0.018015623092651367, 0.011793136596679688, 0.011109352111816406, 0.011518716812133789], 0.025101184844970703], [0.40184926986694336, 0.10906696319580078, [0.05822038650512695, 0.043527841567993164, 0.05125761032104492, 0.04640340805053711], [0.0018892288208007812, 0.0015053749084472656, 0.0016264915466308594, 0.0011706352233886719], [0.01953601837158203, 0.01221776008605957, 0.012560129165649414, 0.014072656631469727], 0.028747081756591797]]], "map_execution": [3.263094663619995], "map_invoke": [[0.5608761310577393, 0.548109769821167, 0.5757870674133301, 0.594475269317627]], "create_reduce_data": [0.1971898078918457], "reduce_iterdata_times": [0.1962428092956543], "reduce_queries_times": [[0.06723570823669434]], "reduce_execution_times": [3.081852674484253], "reduce_invoke": [[0.5103225708007812]], "divide_reduce_times": [0.0001227855682373047], "total_querying_times": [6.858426570892334], "recalls": [[100.0, 100.0, 80.0, 100.0, 100.0, 100.0, 90.0, 90.0, 100.0, 100.0, 100.0, 100.0, 90.0, 100.0, 90.0, 100.0, 80.0, 100.0, 100.0, 90.0, 100.0, 100.0, 100.0, 100.0, 90.0, 100.0, 100.0, 100.0, 100.0, 100.0, 90.0, 90.0, 100.0, 100.0, 100.0, 90.0, 90.0, 100.0, 100.0, 80.0, 90.0, 100.0, 100.0, 100.0, 90.0, 100.0, 90.0, 90.0, 90.0, 90.0, 50.0, 100.0, 100.0, 100.0, 80.0, 100.0, 100.0, 70.0, 100.0, 100.0, 100.0, 70.0, 100.0, 70.0, 100.0, 100.0, 100.0, 100.0, 90.0, 80.0, 90.0, 100.0, 100.0, 100.0, 90.0, 100.0, 100.0, 100.0, 100.0, 100.0, 90.0, 100.0, 90.0, 100.0, 100.0, 100.0, 100.0, 100.0, 100.0, 100.0, 100.0, 90.0, 90.0, 100.0, 100.0, 100.0, 100.0, 100.0, 100.0, 100.0, 100.0, 100.0, 100.0, 100.0, 80.0, 100.0, 100.0, 100.0, 100.0, 100.0, 100.0, 100.0, 100.0, 100.0, 100.0, 100.0, 100.0, 100.0, 100.0, 60.0, 100.0, 100.0, 100.0, 100.0, 90.0, 80.0, 100.0, 80.0, 100.0, 100.0, 100.0, 100.0, 80.0, 100.0, 80.0, 70.0, 100.0, 100.0, 100.0, 100.0, 90.0, 80.0, 100.0, 100.0, 80.0, 100.0, 100.0, 100.0, 100.0, 100.0, 100.0, 100.0, 100.0, 100.0, 90.0, 90.0, 100.0, 90.0, 100.0, 100.0, 100.0, 100.0, 100.0, 100.0, 100.0, 90.0, 90.0, 90.0, 80.0, 100.0, 100.0, 100.0, 100.0, 100.0, 100.0, 100.0, 90.0, 100.0, 100.0, 80.0, 90.0, 90.0, 100.0, 100.0, 90.0, 80.0, 100.0, 100.0, 100.0, 100.0, 100.0, 100.0, 90.0, 90.0, 100.0, 100.0, 100.0, 100.0, 100.0, 80.0, 80.0, 100.0, 90.0, 100.0, 90.0, 100.0, 100.0, 80.0, 100.0, 90.0, 100.0, 90.0, 100.0, 100.0, 100.0, 100.0, 100.0, 100.0, 100.0, 100.0, 100.0, 100.0, 100.0, 100.0, 100.0, 100.0, 100.0, 100.0, 100.0, 100.0, 100.0, 100.0, 100.0, 90.0, 90.0, 80.0, 90.0, 100.0, 80.0, 100.0, 100.0, 100.0, 100.0, 100.0, 90.0, 90.0, 100.0, 100.0, 100.0, 80.0, 100.0, 100.0, 70.0, 100.0, 90.0, 100.0, 90.0, 100.0, 90.0, 100.0, 100.0, 100.0, 100.0, 100.0, 100.0, 80.0, 100.0, 100.0, 100.0, 100.0, 100.0, 90.0, 100.0, 100.0, 80.0, 100.0, 100.0, 100.0, 80.0, 100.0, 100.0, 90.0, 90.0, 100.0, 80.0, 80.0, 90.0, 100.0, 90.0, 90.0, 100.0, 80.0, 100.0, 90.0, 100.0, 80.0, 70.0, 100.0, 100.0, 100.0, 100.0, 100.0, 100.0, 90.0, 100.0, 100.0, 100.0, 100.0, 100.0, 50.0, 60.0, 90.0, 100.0, 100.0, 100.0, 100.0, 80.0, 90.0, 100.0, 80.0, 90.0, 80.0, 90.0, 100.0, 100.0, 100.0, 90.0, 60.0, 100.0, 100.0, 100.0, 90.0, 100.0, 100.0, 100.0, 100.0, 100.0, 100.0, 100.0, 100.0, 100.0, 100.0, 100.0, 90.0, 100.0, 100.0, 100.0, 100.0, 90.0, 100.0, 100.0, 90.0, 100.0, 100.0, 90.0, 100.0, 100.0, 80.0, 100.0, 100.0, 100.0, 90.0, 80.0, 100.0, 90.0, 100.0, 80.0, 100.0, 100.0, 100.0, 90.0, 90.0, 100.0, 100.0, 100.0, 100.0, 90.0, 100.0, 100.0, 100.0, 80.0, 100.0, 90.0, 100.0, 100.0, 100.0, 100.0, 90.0, 100.0, 100.0, 100.0, 90.0, 100.0, 100.0, 100.0, 90.0, 100.0, 90.0, 80.0, 100.0, 90.0, 100.0, 100.0, 70.0, 100.0, 90.0, 80.0, 100.0, 100.0, 100.0, 100.0, 100.0, 100.0, 100.0, 100.0, 100.0, 100.0, 100.0, 100.0, 100.0, 100.0, 90.0, 100.0, 100.0, 100.0, 100.0, 90.0, 100.0, 100.0, 100.0, 100.0, 100.0, 100.0, 90.0, 100.0, 100.0, 100.0, 80.0, 100.0, 100.0, 90.0, 100.0, 90.0, 100.0, 100.0, 90.0, 100.0, 80.0, 90.0, 90.0, 80.0, 100.0, 90.0, 70.0, 100.0, 90.0, 100.0, 100.0, 100.0, 100.0, 100.0, 90.0, 100.0, 100.0, 100.0, 100.0, 100.0, 90.0, 100.0, 100.0, 100.0, 100.0, 90.0, 100.0, 100.0, 100.0, 100.0, 100.0, 100.0, 100.0, 100.0, 80.0, 100.0, 100.0, 100.0, 100.0, 100.0, 100.0, 100.0, 100.0, 90.0, 100.0, 100.0, 100.0, 100.0, 100.0, 90.0, 100.0, 100.0, 100.0, 80.0, 100.0, 100.0, 100.0, 100.0, 80.0, 100.0, 100.0, 100.0, 100.0, 90.0, 100.0, 90.0, 100.0, 100.0, 90.0, 100.0, 100.0, 100.0, 100.0, 90.0, 100.0, 100.0, 100.0, 100.0, 100.0, 100.0, 100.0, 100.0, 100.0, 100.0, 90.0, 90.0, 90.0, 70.0, 90.0, 100.0, 100.0, 100.0, 100.0, 100.0, 100.0, 100.0, 90.0, 90.0, 100.0, 100.0, 100.0, 100.0, 100.0, 90.0, 100.0, 80.0, 90.0, 90.0, 100.0, 100.0, 100.0, 100.0, 100.0, 100.0, 60.0, 100.0, 100.0, 100.0, 100.0, 100.0, 100.0, 100.0, 100.0, 90.0, 90.0, 90.0, 90.0, 100.0, 100.0, 100.0, 90.0, 70.0, 100.0, 90.0, 100.0, 100.0, 100.0, 100.0, 100.0, 100.0, 80.0, 100.0, 100.0, 100.0, 80.0, 90.0, 100.0, 100.0, 100.0, 100.0, 100.0, 100.0, 100.0, 100.0, 100.0, 100.0, 100.0, 90.0, 100.0, 90.0, 100.0, 100.0, 100.0, 100.0, 100.0, 100.0, 100.0, 80.0, 90.0, 100.0, 100.0, 100.0, 100.0, 100.0, 100.0, 80.0, 100.0, 100.0, 100.0, 100.0, 100.0, 100.0, 100.0, 90.0, 100.0, 100.0, 100.0, 100.0, 80.0, 100.0, 90.0, 100.0, 100.0, 100.0, 100.0, 100.0, 100.0, 100.0, 100.0, 90.0, 100.0, 100.0, 70.0, 90.0, 90.0, 100.0, 100.0, 100.0, 100.0, 100.0, 90.0, 100.0, 100.0, 100.0, 90.0, 100.0, 100.0, 100.0, 100.0, 100.0, 90.0, 100.0, 100.0, 100.0, 100.0, 100.0, 80.0, 100.0, 90.0, 90.0, 100.0, 100.0, 100.0, 90.0, 70.0, 90.0, 100.0, 90.0, 100.0, 90.0, 70.0, 80.0, 90.0, 80.0, 100.0, 100.0, 100.0, 100.0, 100.0, 100.0, 80.0, 100.0, 100.0, 90.0, 90.0, 100.0, 100.0, 80.0, 90.0, 100.0, 100.0, 100.0, 100.0, 100.0, 100.0, 100.0, 100.0, 100.0, 70.0, 100.0, 100.0, 100.0, 90.0, 90.0, 100.0, 100.0, 100.0, 100.0, 90.0, 100.0, 100.0, 100.0, 100.0, 100.0, 100.0, 100.0, 100.0, 90.0, 100.0, 100.0, 90.0, 100.0, 100.0, 100.0, 100.0, 80.0, 100.0, 100.0, 100.0, 100.0, 90.0, 100.0, 100.0, 90.0, 100.0, 100.0, 100.0, 70.0, 100.0, 100.0, 100.0, 90.0, 100.0, 100.0, 100.0, 100.0, 90.0, 100.0, 100.0, 100.0, 100.0, 100.0, 90.0, 60.0, 100.0, 70.0, 100.0, 100.0, 90.0, 100.0, 80.0, 70.0, 100.0, 100.0, 100.0, 100.0, 100.0, 100.0, 100.0, 100.0, 100.0, 100.0, 100.0, 100.0, 100.0, 90.0, 100.0, 90.0, 100.0, 100.0, 100.0, 100.0, 100.0, 100.0, 90.0, 90.0, 100.0, 70.0, 100.0, 70.0, 100.0, 100.0, 100.0, 100.0, 80.0, 90.0, 100.0, 100.0, 100.0, 100.0, 100.0, 100.0, 100.0, 70.0, 80.0, 90.0, 100.0, 100.0, 100.0, 100.0, 100.0, 100.0, 90.0, 90.0, 100.0, 100.0, 90.0, 90.0, 100.0, 100.0, 100.0, 100.0, 100.0, 90.0, 100.0, 100.0, 100.0, 100.0, 100.0, 100.0, 90.0, 80.0, 80.0, 80.0, 80.0, 100.0, 90.0, 100.0, 100.0, 90.0, 100.0, 100.0, 100.0, 100.0, 100.0, 100.0, 100.0, 100.0, 100.0, 100.0, 100.0, 70.0, 100.0, 100.0, 100.0, 100.0, 100.0, 100.0, 100.0, 100.0, 100.0, 100.0, 100.0, 100.0, 80.0, 100.0, 80.0, 90.0, 100.0, 100.0, 90.0, 100.0, 80.0, 100.0, 100.0, 100.0, 100.0, 100.0, 100.0, 100.0, 100.0, 100.0, 