{"shuffle_centroids_times": [0.03138327598571777], "map_iterdata_times": [0.24556612968444824], "create_map_data": [0.32268404960632324], "map_queries_times": [[[0.927386999130249, 0.12434577941894531, [0.051128387451171875, 0.040025949478149414, 0.03929424285888672, 0.04769492149353027, 0.046549320220947266, 0.036004066467285156, 0.044484853744506836, 0.04220771789550781, 0.049788475036621094, 0.04359722137451172, 0.03885531425476074, 0.04147958755493164, 0.04770660400390625, 0.038262128829956055, 0.03517317771911621, 0.03562116622924805], [0.0007643699645996094, 0.0008356571197509766, 0.0006616115570068359, 0.0008037090301513672, 0.000888824462890625, 0.000904083251953125, 0.0006973743438720703, 0.0007035732269287109, 0.000835418701171875, 0.0007941722869873047, 0.0010824203491210938, 0.0008320808410644531, 0.0007233619689941406, 0.0007650852203369141, 0.0006737709045410156, 0.0007762908935546875], [0.003004789352416992, 0.0017406940460205078, 0.002839326858520508, 0.0057489871978759766, 0.007790088653564453, 0.00476837158203125, 0.003401517868041992, 0.0017795562744140625, 0.0041735172271728516, 0.004151344299316406, 0.006288290023803711, 0.007475376129150391, 0.0039217472076416016, 0.0067064762115478516, 0.002285480499267578, 0.005285024642944336], 0.04094696044921875], [0.8523707389831543, 0.09509992599487305, [0.037688255310058594, 0.04057931900024414, 0.04156160354614258, 0.04198098182678223, 0.038962602615356445, 0.04352688789367676, 0.03690290451049805, 0.041036128997802734, 0.04221844673156738, 0.042896270751953125, 0.03945350646972656, 0.03728365898132324, 0.03934741020202637, 0.051130056381225586, 0.041550636291503906, 0.04979872703552246], [0.0006010532379150391, 0.0006585121154785156, 0.0007550716400146484, 0.0007915496826171875, 0.0007004737854003906, 0.0006270408630371094, 0.0006160736083984375, 0.0006320476531982422, 0.0006000995635986328, 0.0006783008575439453, 0.0007021427154541016, 0.0008492469787597656, 0.0007479190826416016, 0.0008101463317871094, 0.0007998943328857422, 0.0007953643798828125], [0.003123760223388672, 0.00455021858215332, 0.002887248992919922, 0.0018460750579833984, 0.0027971267700195312, 0.0028367042541503906, 0.004463672637939453, 0.005788564682006836, 0.004639148712158203, 0.002701997756958008, 0.002757549285888672, 0.0019989013671875, 0.002012014389038086, 0.0037643909454345703, 0.002123117446899414, 0.004148960113525391], 0.027446269989013672], [0.8103117942810059, 0.0851144790649414, [0.04165792465209961, 0.04263710975646973, 0.0368654727935791, 0.04635787010192871, 0.04066824913024902, 0.03809046745300293, 0.04159355163574219, 0.040101051330566406, 0.03899884223937988, 0.042092084884643555, 0.04192709922790527, 0.0388646125793457, 0.044878482818603516, 0.034943580627441406, 0.03725290298461914, 0.03532075881958008], [0.0005986690521240234, 0.000701904296875, 0.0005671977996826172, 0.0006470680236816406, 0.0007567405700683594, 0.0006649494171142578, 0.0006573200225830078, 0.0007195472717285156, 0.0005474090576171875, 0.0006413459777832031, 0.0005004405975341797, 0.0006284713745117188, 0.0005466938018798828, 0.0005862712860107422, 0.0006551742553710938, 0.000614166259765625], [0.0042743682861328125, 0.002145528793334961, 0.001377105712890625, 0.0033779144287109375, 0.003832578659057617, 0.0026750564575195312, 0.005104780197143555, 0.003149271011352539, 0.0028100013732910156, 0.002179861068725586, 0.0010559558868408203, 0.004056692123413086, 0.0023038387298583984, 0.002329587936401367, 0.0035300254821777344, 0.0016245841979980469], 0.026983261108398438], [0.793731689453125, 0.06992149353027344, [0.04467058181762695, 0.03799319267272949, 0.041437387466430664, 0.04338192939758301, 0.0397186279296875, 0.042174577713012695, 0.03803825378417969, 0.03985738754272461, 0.03624749183654785, 0.032937049865722656, 0.047232627868652344, 0.040868520736694336, 0.0393216609954834, 0.04832291603088379, 0.03992605209350586, 0.04408121109008789], [0.0007417201995849609, 0.0005826950073242188, 0.0006349086761474609, 0.0007998943328857422, 0.0007462501525878906, 0.0006270408630371094, 0.0007026195526123047, 0.0007164478302001953, 0.00055694580078125, 0.0006353855133056641, 0.00072479248046875, 0.0006597042083740234, 0.0007627010345458984, 0.0007429122924804688, 0.0009999275207519531, 0.0006241798400878906], [0.0032312870025634766, 0.0026051998138427734, 0.0027189254760742188, 0.0028619766235351562, 0.0019958019256591797, 0.0015344619750976562, 0.002951383590698242, 0.002269744873046875, 0.001813650131225586, 0.0021331310272216797, 0.0020284652709960938, 0.0026543140411376953, 0.002774953842163086, 0.0019254684448242188, 0.0010988712310791016, 0.0024347305297851562], 0.01920485496520996]]], "map_execution": [3.1905500888824463], "map_invoke": [[0.5834002494812012, 0.5215921401977539, 0.48601770401000977, 0.5312075614929199]], "create_reduce_data": [0.1700272560119629], "reduce_iterdata_times": [0.16913604736328125], "reduce_queries_times": [[0.06105947494506836]], "reduce_execution_times": [3.0720229148864746], "reduce_invoke": [[0.4830482006072998]], "divide_reduce_times": [0.00012159347534179688], "total_querying_times": [6.755406141281128],