{"shuffle_centroids_times": [0.121337890625], "map_iterdata_times": [0.849146842956543], "create_map_data": [1.0175418853759766], "map_queries_times": [[[12.430598258972168, 0.6921484470367432, [0.2499983310699463, 0.23096203804016113, 0.1834094524383545, 0.16522598266601562, 0.23875045776367188, 0.15106749534606934, 0.1396937370300293, 0.1346111297607422, 0.22273516654968262, 0.19184589385986328, 0.27254390716552734, 0.4035496711730957, 0.3977041244506836, 0.49841833114624023, 0.6836323738098145, 0.16320157051086426, 0.3632662296295166, 0.1291670799255371, 0.3218502998352051, 0.5529184341430664, 0.32066798210144043, 0.4309220314025879, 0.2115464210510254, 0.5381495952606201, 0.5248489379882812, 0.3115084171295166, 0.30794239044189453, 0.4136345386505127, 0.20801973342895508, 0.5275025367736816, 0.30777597427368164, 0.3051877021789551], [0.022105932235717773, 0.030358552932739258, 0.014675617218017578, 0.01367330551147461, 0.019469022750854492, 0.012386083602905273, 0.011414766311645508, 0.01166391372680664, 0.01294851303100586, 0.008929252624511719, 0.0072040557861328125, 0.015484333038330078, 0.013506412506103516, 0.0166170597076416, 0.023308992385864258, 0.009640932083129883, 0.011907339096069336, 0.005843639373779297, 0.010143518447875977, 0.017189741134643555, 0.01107335090637207, 0.015404701232910156, 0.00868535041809082, 0.01613783836364746, 0.016795873641967773, 0.012131452560424805, 0.010949850082397461, 0.014285802841186523, 0.009780406951904297, 0.017447948455810547, 0.011297225952148438, 0.011381149291992188], [0.025946855545043945, 0.029717206954956055, 0.021792173385620117, 0.032529592514038086, 0.018937349319458008, 0.025081872940063477, 0.034302473068237305, 0.022396087646484375, 0.031062602996826172, 0.026894092559814453, 0.02062535285949707, 0.049571990966796875, 0.03309774398803711, 0.04170060157775879, 0.02186298370361328, 0.023764848709106445, 0.0378420352935791, 0.01486825942993164, 0.03219437599182129, 0.04812335968017578, 0.030362844467163086, 0.04456830024719238, 0.019513845443725586, 0.03679347038269043, 0.03769636154174805, 0.03449702262878418, 0.03268146514892578, 0.04258608818054199, 0.028329133987426758, 0.0415043830871582, 0.029017925262451172, 0.029504060745239258], 0.19268083572387695], [11.541977405548096, 0.7478036880493164, [0.18688702583312988, 0.3049640655517578, 0.24097919464111328, 0.139634370803833, 0.11517000198364258, 0.21156549453735352, 0.1274256706237793, 0.2117631435394287, 0.2102499008178711, 0.12317538261413574, 0.14291882514953613, 0.14689850807189941, 0.2363605499267578, 0.40029191970825195, 0.2188711166381836, 0.21012067794799805, 0.43927645683288574, 0.41746973991394043, 0.31627821922302246, 0.40484094619750977, 0.5147233009338379, 0.21937274932861328, 0.42778658866882324, 0.40540313720703125, 0.3082456588745117, 0.2349703311920166, 0.32454371452331543, 0.20592975616455078, 0.6396763324737549, 0.4154515266418457, 0.43373870849609375, 0.11751079559326172], [0.012492179870605469, 0.0383915901184082, 0.022532939910888672, 0.009539604187011719, 0.008319854736328125, 0.016054630279541016, 0.009646415710449219, 0.016580581665039062, 0.014875650405883789, 0.008896350860595703, 0.011409282684326172, 0.011398077011108398, 0.012318849563598633, 0.013238906860351562, 0.010444402694702148, 0.009419441223144531, 0.015597105026245117, 0.0145263671875, 0.012739896774291992, 0.013393402099609375, 0.017507553100585938, 0.009083747863769531, 0.01673436164855957, 0.013506650924682617, 0.011341094970703125, 0.01022481918334961, 0.01354527473449707, 0.007837772369384766, 0.019634723663330078, 0.015248775482177734, 0.01539468765258789, 0.008130311965942383], [0.032047271728515625, 0.053896427154541016, 0.043915510177612305, 0.025552749633789062, 0.022751808166503906, 0.030107975006103516, 0.02116227149963379, 0.03437089920043945, 0.12462663650512695, 0.017667531967163086, 0.025232791900634766, 0.029883861541748047, 0.03296637535095215, 0.036641597747802734, 0.02563929557800293, 0.02382802963256836, 0.0432887077331543, 0.03464961051940918, 0.034859657287597656, 0.02553391456604004, 0.037667036056518555, 0.02337503433227539, 0.035367727279663086, 0.026966571807861328, 0.02565312385559082, 0.030425548553466797, 0.030630111694335938, 0.023581266403198242, 0.044632673263549805, 0.03625631332397461, 0.03456759452819824, 0.01968097686767578], 0.2139289379119873], [10.79247260093689, 0.5885396003723145, [0.15815401077270508, 0.11365818977355957, 0.14359688758850098, 0.15982770919799805, 0.11434340476989746, 0.1730515956878662, 0.12717843055725098, 0.14217615127563477, 0.15722346305847168, 0.15233516693115234, 0.29328298568725586, 0.20256567001342773, 0.37726473808288574, 0.19649958610534668, 0.4028458595275879, 0.39278197288513184, 0.19324970245361328, 0.3886680603027344, 0.38434886932373047, 0.30261874198913574, 0.2839336395263672, 0.6356840133666992, 0.40233349800109863, 0.3913538455963135, 0.19756484031677246, 0.3959319591522217, 0.27629899978637695, 0.38762974739074707, 0.30060744285583496, 0.39728236198425293, 0.11013484001159668, 0.5092494487762451], [0.008511066436767578, 0.012224674224853516, 0.008291006088256836, 0.013074874877929688, 0.006468296051025391, 0.010469913482666016, 0.007503986358642578, 0.0075685977935791016, 0.008913516998291016, 0.010549545288085938, 0.007921695709228516, 0.00660252571105957, 0.011713027954101562, 0.00678253173828125, 0.009711503982543945, 0.009733915328979492, 0.005975008010864258, 0.009147405624389648, 0.008749723434448242, 0.00783085823059082, 0.007046937942504883, 0.015760183334350586, 0.013694286346435547, 0.009061098098754883, 0.006762266159057617, 0.009237527847290039, 0.005936145782470703, 0.008619070053100586, 0.008939981460571289, 0.009462118148803711, 0.005335807800292969, 0.016817569732666016], [0.03526163101196289, 0.01434016227722168, 0.035569190979003906, 0.028948068618774414, 0.016819000244140625, 0.03306221961975098, 0.011824369430541992, 0.027651548385620117, 0.027023792266845703, 0.024118661880493164, 0.036415815353393555, 0.022145509719848633, 0.03804922103881836, 0.020882129669189453, 0.022524118423461914, 0.043047428131103516, 0.03549385070800781, 0.030951499938964844, 0.0242764949798584, 0.029497623443603516, 0.012234210968017578, 0.025734901428222656, 0.011977434158325195, 0.017815351486206055, 0.015812158584594727, 0.021406888961791992, 0.01271677017211914, 0.030948638916015625, 0.03132009506225586, 0.10508894920349121, 0.0126495361328125, 0.03164052963256836], 0.1583101749420166], [11.44083571434021, 0.43847203254699707, [0.1172950267791748, 0.15105843544006348, 0.15511631965637207, 0.16665339469909668, 0.16184520721435547, 0.29111599922180176, 0.16205406188964844, 0.23691558837890625, 0.16188573837280273, 0.24887323379516602, 0.2301013469696045, 0.20981431007385254, 0.29582715034484863, 0.5081193447113037, 0.3969388008117676, 0.29290294647216797, 0.16559410095214844, 0.39539337158203125, 0.5157186985015869, 0.5011575222015381, 0.5179238319396973, 0.6187524795532227, 0.21584820747375488, 0.41059184074401855, 0.29637980461120605, 0.2044527530670166, 0.3943672180175781, 0.20162463188171387, 0.38245630264282227, 0.4066493511199951, 0.3894939422607422, 0.3991541862487793], [0.005402088165283203, 0.01665210723876953, 0.01638197898864746, 0.015522003173828125, 0.01498270034790039, 0.031115055084228516, 0.013106584548950195, 0.021936893463134766, 0.012620210647583008, 0.013618946075439453, 0.0074825286865234375, 0.0070269107818603516, 0.011464834213256836, 0.0170438289642334, 0.01322627067565918, 0.009477853775024414, 0.00945425033569336, 0.01402139663696289, 0.018079519271850586, 0.015564441680908203, 0.019179821014404297, 0.023508071899414062, 0.010084390640258789, 0.014285564422607422, 0.010204076766967773, 0.00810098648071289, 0.012967824935913086, 0.00949549674987793, 0.011421918869018555, 0.013752937316894531, 0.012646913528442383, 0.013621330261230469], [0.010047197341918945, 0.021869659423828125, 0.011830806732177734, 0.020697832107543945, 