{"shuffle_centroids_times": [0.033548831939697266], "map_iterdata_times": [0.16483068466186523], "create_map_data": [0.24547719955444336], "map_queries_times": [[[14.269420146942139, 0.04065060615539551, [1.0044403076171875, 0.3994174003601074, 0.4881455898284912, 0.8625369071960449, 0.6978514194488525, 0.8157718181610107, 0.9334919452667236, 0.9025046825408936, 0.8068344593048096, 1.3656723499298096, 1.157057285308838, 0.925818681716919, 1.0326545238494873, 0.5734786987304688, 0.9909274578094482, 0.5860707759857178], [0.14027929306030273, 0.0438082218170166, 0.035344839096069336, 0.033093929290771484, 0.022629976272583008, 0.02685236930847168, 0.028611421585083008, 0.02660393714904785, 0.02650904655456543, 0.04938793182373047, 0.046541452407836914, 0.03148818016052246, 0.03295731544494629, 0.020327329635620117, 0.029182910919189453, 0.02063441276550293], [0.0164182186126709, 0.0022759437561035156, 0.0073397159576416016, 0.004263162612915039, 0.0010607242584228516, 0.0036687850952148438, 0.00318145751953125, 0.0023996829986572266, 0.0017948150634765625, 0.0054759979248046875, 0.006938457489013672, 0.0029973983764648438, 0.004354238510131836, 0.001421213150024414, 0.0030078887939453125, 0.0015895366668701172], 0.0034995079040527344], [11.846071243286133, 0.03846311569213867, [0.6961321830749512, 0.2518784999847412, 0.6474149227142334, 0.7580842971801758, 1.3898634910583496, 0.2791726589202881, 0.776831865310669, 0.8779897689819336, 0.7651829719543457, 0.6837763786315918, 0.598383903503418, 0.5770735740661621, 0.874687671661377, 0.631558895111084, 0.8707268238067627, 0.828312873840332], [0.04745316505432129, 0.01860523223876953, 0.021678924560546875, 0.015414237976074219, 0.02183818817138672, 0.008009672164916992, 0.012995481491088867, 0.014760971069335938, 0.012974977493286133, 0.010900497436523438, 0.011066436767578125, 0.010147333145141602, 0.014203548431396484, 0.011027097702026367, 0.014301061630249023, 0.012642860412597656], [0.0037720203399658203, 0.0014421939849853516, 0.006476163864135742, 0.0028154850006103516, 0.0045893192291259766, 0.0006978511810302734, 0.002187013626098633, 0.002460956573486328, 0.002109527587890625, 0.0013773441314697266, 0.0020639896392822266, 0.0010650157928466797, 0.0032401084899902344, 0.0012090206146240234, 0.002325296401977539, 0.002045154571533203], 0.0025093555450439453], [9.710848331451416, 0.03088521957397461, [0.4083526134490967, 0.22868752479553223, 0.2301161289215088, 0.2450575828552246, 0.28315091133117676, 0.45581650733947754, 0.410534143447876, 1.103067398071289, 1.0697245597839355, 0.47902369499206543, 0.6315765380859375, 1.0215380191802979, 0.6970901489257812, 0.6072709560394287, 0.6774013042449951, 0.6782288551330566], [0.0531771183013916, 0.02959132194519043, 0.016261816024780273, 0.017574310302734375, 0.02051234245300293, 0.01900315284729004, 0.012538909912109375, 0.03213620185852051, 0.05380702018737793, 0.021335363388061523, 0.016955852508544922, 0.03519010543823242, 0.02719569206237793, 0.022126436233520508, 0.021355390548706055, 0.02212834358215332], [0.0029897689819335938, 0.001264333724975586, 0.0012285709381103516, 0.0011096000671386719, 0.0014071464538574219, 0.001216888427734375, 0.0008144378662109375, 0.003554105758666992, 0.002588033676147461, 0.0015120506286621094, 0.001333475112915039, 0.003865957260131836, 0.0018203258514404297, 0.0016982555389404297, 0.0017261505126953125, 0.001911163330078125], 0.002236604690551758], [8.92254090309143, 0.026216745376586914, [0.4212808609008789, 0.28512001037597656, 0.33775997161865234, 0.5694437026977539, 0.44611644744873047, 0.4596281051635742, 0.8298254013061523, 0.8242700099945068, 0.36034512519836426, 0.599006175994873, 0.4862327575683594, 0.6161158084869385, 0.42452573776245117, 0.5729501247406006, 0.7766814231872559, 0.6249418258666992], [0.02617788314819336, 0.020265817642211914, 0.01117563247680664, 0.03224635124206543, 0.012914419174194336, 0.012050867080688477, 0.014117717742919922, 0.0204164981842041, 0.009859800338745117, 0.010040044784545898, 0.009229898452758789, 0.011511564254760742, 0.007470846176147461, 0.010605812072753906, 0.013338804244995117, 0.01390385627746582], [0.0021491050720214844, 0.0012938976287841797, 0.0016932487487792969, 0.003875255584716797, 0.0015764236450195312, 0.0009348392486572266, 0.0026559829711914062, 0.0027141571044921875, 0.0006880760192871094, 0.00112152099609375, 0.0014133453369140625, 0.001142740249633789, 0.0004677772521972656, 0.001009225845336914, 0.001125335693359375, 0.0010309219360351562], 0.001722574234008789]]], "map_execution": [18.239421367645264], "map_invoke": [[0.6727161407470703, 0.6098306179046631, 0.6664092540740967, 0.6067309379577637]], "create_reduce_data": [0.14792823791503906], "reduce_iterdata_times": [0.1470043659210205], "reduce_queries_times": [[0.05026865005493164]], "reduce_execution_times": [3.176330327987671], "reduce_invoke": [[0.6435773372650146]], "divide_reduce_times": [5.555152893066406e-05], "total_querying_times": [21.809212923049927],