{"shuffle_centroids_times": [0.04401731491088867], "map_iterdata_times": [0.3373708724975586], "create_map_data": [0.4276762008666992], "map_queries_times": [[[11.93905782699585, 0.3716588020324707, [0.2615840435028076, 0.23630023002624512, 0.1918652057647705, 0.18281817436218262, 0.2540016174316406, 0.16759228706359863, 0.15046095848083496, 0.14630675315856934, 0.31151485443115234, 0.2038404941558838, 0.2819783687591553, 0.41375088691711426, 0.4042792320251465, 0.5127909183502197, 0.6350820064544678, 0.3106670379638672, 0.301952600479126, 0.1461031436920166, 0.2979440689086914, 0.606351375579834, 0.29970264434814453, 0.4126472473144531, 0.20470786094665527, 0.5154752731323242, 0.5542657375335693, 0.3068239688873291, 0.2995169162750244, 0.4945950508117676, 0.21159076690673828, 0.5262124538421631, 0.30628538131713867, 0.2996702194213867], [0.029350757598876953, 0.03248262405395508, 0.014839649200439453, 0.014434099197387695, 0.020587921142578125, 0.01288461685180664, 0.011467933654785156, 0.011666536331176758, 0.013086795806884766, 0.009404420852661133, 0.00820016860961914, 0.015973806381225586, 0.013821840286254883, 0.016827106475830078, 0.024070024490356445, 0.010074615478515625, 0.012232065200805664, 0.005850076675415039, 0.010837078094482422, 0.017482280731201172, 0.011937141418457031, 0.015766620635986328, 0.00939321517944336, 0.01723933219909668, 0.01743483543395996, 0.012578248977661133, 0.011622190475463867, 0.014853239059448242, 0.010318517684936523, 0.018261194229125977, 0.011757135391235352, 0.011647939682006836], [0.009913444519042969, 0.011568307876586914, 0.0076084136962890625, 0.020893335342407227, 0.007925987243652344, 0.010368585586547852, 0.01922154426574707, 0.011585474014282227, 0.016564130783081055, 0.019852638244628906, 0.011772632598876953, 0.02342391014099121, 0.017029762268066406, 0.02530074119567871, 0.008974075317382812, 0.01741170883178711, 0.01781606674194336, 0.0040318965911865234, 0.020018815994262695, 0.031549930572509766, 0.025594711303710938, 0.0320734977722168, 0.010152339935302734, 0.009837627410888672, 0.019554853439331055, 0.014047622680664062, 0.01765608787536621, 0.025902986526489258, 0.017640113830566406, 0.035437822341918945, 0.022838354110717773, 0.01744818687438965], 0.08902335166931152], [11.646669864654541, 0.27019596099853516, [0.14074110984802246, 0.11709880828857422, 0.10665106773376465, 0.13233542442321777, 0.15326595306396484, 0.14790701866149902, 0.16289234161376953, 0.1671590805053711, 0.14368391036987305, 0.11596846580505371, 0.15999603271484375, 0.5651435852050781, 0.298748254776001, 0.6066887378692627, 0.38629889488220215, 0.29441189765930176, 0.38822484016418457, 0.3950486183166504, 0.2846217155456543, 0.2775108814239502, 0.29839444160461426, 0.3881564140319824, 0.3790268898010254, 0.49759888648986816, 0.5102877616882324, 0.5009751319885254, 0.38973164558410645, 0.39981627464294434, 0.5108623504638672, 0.5910158157348633, 0.39642906188964844, 0.5964300632476807], [0.011899709701538086, 0.014831066131591797, 0.005423545837402344, 0.010808944702148438, 0.016589641571044922, 0.012174129486083984, 0.014821529388427734, 0.015062808990478516, 0.01080775260925293, 0.009738683700561523, 0.013176679611206055, 0.030485868453979492, 0.01170206069946289, 0.018132925033569336, 0.012436389923095703, 0.010977983474731445, 0.01248478889465332, 0.01379847526550293, 0.009395837783813477, 0.008900165557861328, 0.011822700500488281, 0.012949943542480469, 0.011812448501586914, 0.01680731773376465, 0.01729607582092285, 0.01612710952758789, 0.012944698333740234, 0.014732122421264648, 0.016728639602661133, 0.017480134963989258, 0.014785051345825195, 0.018869638442993164], [0.00829935073852539, 0.011710166931152344, 0.0021216869354248047, 0.008139610290527344, 0.016068458557128906, 0.006605386734008789, 0.010859251022338867, 0.013246774673461914, 0.007514238357543945, 0.01380014419555664, 0.012437820434570312, 0.010730743408203125, 0.008250236511230469, 0.008946657180786133, 0.008695363998413086, 0.00932765007019043, 0.010622739791870117, 0.012416601181030273, 0.007550477981567383, 0.008626461029052734, 0.02089548110961914, 0.015448331832885742, 0.008969306945800781, 0.010562896728515625, 0.011834144592285156, 0.020613431930541992, 0.01092219352722168, 0.00872492790222168, 0.018427133560180664, 0.024721145629882812, 0.016068220138549805, 0.009381532669067383], 0.054526567459106445], [10.259801626205444, 0.2481241226196289, [0.12821102142333984, 0.1269989013671875, 0.1651749610900879, 0.13839292526245117, 0.15163016319274902, 0.22718524932861328, 0.15573692321777344, 0.11353874206542969, 0.11364960670471191, 0.6306912899017334, 0.20682716369628906, 0.4017801284790039, 0.288637638092041, 0.4048426151275635, 0.4074110984802246, 0.5072333812713623, 0.20532655715942383, 0.300412654876709, 0.3926997184753418, 0.3958549499511719, 0.402815580368042, 0.2349839210510254, 0.400249719619751, 0.3957846164703369, 0.3008546829223633, 0.2872123718261719, 0.2269885540008545, 0.38831067085266113, 0.4147212505340576, 0.2876548767089844, 0.39362645149230957, 0.20487213134765625], [0.007907867431640625, 0.012657403945922852, 0.014052152633666992, 0.009125232696533203, 0.008807659149169922, 0.018044233322143555, 0.009154558181762695, 0.0062236785888671875, 0.006611824035644531, 0.014023303985595703, 0.006640195846557617, 0.008529901504516602, 0.006882667541503906, 0.009356498718261719, 0.009755373001098633, 0.009705543518066406, 0.0054318904876708984, 0.007323741912841797, 0.007844686508178711, 0.008603334426879883, 0.010566949844360352, 0.005400896072387695, 0.00869297981262207, 0.008269548416137695, 0.008071184158325195, 0.006130218505859375, 0.006365537643432617, 0.007310628890991211, 0.01126861572265625, 0.006201744079589844, 0.007912635803222656, 0.006838798522949219], [0.005672931671142578, 0.006472349166870117, 0.01316380500793457, 0.011202096939086914, 0.00755620002746582, 0.01130819320678711, 0.011129140853881836, 0.004668474197387695, 0.006209373474121094, 0.028172969818115234, 0.006856441497802734, 0.012477397918701172, 0.011574983596801758, 0.010897397994995117, 0.010401487350463867, 0.014181852340698242, 0.006446361541748047, 0.007428884506225586, 0.011601686477661133, 0.005385637283325195, 0.005586862564086914, 0.0029649734497070312, 0.0037810802459716797, 0.004182100296020508, 0.01358342170715332, 0.008912324905395508, 0.003478527069091797, 0.0062694549560546875, 0.006447315216064453, 0.004291534423828125, 0.010237693786621094, 0.0064580440521240234], 0.05240607261657715], [10.70594596862793, 0.22034716606140137, [0.17499923706054688, 0.23181462287902832, 0.16299700736999512, 0.1109926700592041, 0.17748808860778809, 0.15984773635864258, 0.11897897720336914, 0.15545392036437988, 0.4135143756866455, 0.40984201431274414, 0.39858222007751465, 0.492642879486084, 0.617908239364624, 0.11360621452331543, 0.49368929862976074, 0.21317243576049805, 0.3964364528656006, 0.285189151763916, 0.40166354179382324, 0.20649433135986328, 0.2893373966217041, 0.2959909439086914, 0.3961153030395508, 0.4023594856262207, 0.39978575706481934, 0.39823341369628906, 0.3040199279785156, 0.2888495922088623, 0.28788280487060547, 0.19619178771972656, 0.49164772033691406, 0.30165600776672363], [0.022301912307739258, 0.033550262451171875, 0.013275146484375, 0.007262229919433594, 0.014496088027954102, 0.013396263122558594, 0.009927749633789062, 0.012181997299194336, 0.01693558692932129, 0.015153884887695312, 0.012961864471435547, 0.01427769660949707, 0.020780324935913086, 0.006987094879150391, 0.013393163681030273, 0.009819269180297852, 0.012110710144042969, 0.008574962615966797, 0.01362919807434082, 0.007895946502685547, 0.00932002067565918, 0.011283159255981445, 0.012719869613647461, 0.013366937637329102, 0.012660503387451172, 0.013527393341064453, 0.011396646499633789, 0.009292125701904297, 0.00931096076965332, 0.00882720947265625, 0.013737916946411133, 0.010910987854003906], [0.014145851135253906, 0.02077484130859375, 0.017620325088500977, 