{"shuffle_centroids_times": [0.03480720520019531], "map_iterdata_times": [0.14194488525390625], "create_map_data": [0.223588228225708], "map_queries_times": [[[12.594935178756714, 0.04011988639831543, [0.28755712509155273, 0.1848437786102295, 0.23398160934448242, 0.3145101070404053, 0.23570680618286133, 0.31818509101867676, 0.3376030921936035, 0.27712440490722656, 0.2500312328338623, 0.29793667793273926, 0.37604618072509766, 0.5879733562469482, 0.5704202651977539, 0.4411482810974121, 0.6797530651092529, 0.3851604461669922, 0.4463536739349365, 0.3344862461090088, 0.35565996170043945, 0.5733077526092529, 0.3613600730895996, 0.35205793380737305, 0.4570755958557129, 0.2590820789337158, 0.3428378105163574, 0.45597290992736816, 0.4552309513092041, 0.44535231590270996, 0.26816654205322266, 0.3563404083251953, 0.3610701560974121, 0.5643212795257568], [0.024027585983276367, 0.01103520393371582, 0.011651754379272461, 0.0181887149810791, 0.010387420654296875, 0.007932186126708984, 0.009371519088745117, 0.006813764572143555, 0.009814023971557617, 0.013378381729125977, 0.011008024215698242, 0.016674041748046875, 0.015665769577026367, 0.01026463508605957, 0.017589092254638672, 0.010932445526123047, 0.009826898574829102, 0.007790803909301758, 0.008178949356079102, 0.0161590576171875, 0.007899999618530273, 0.009362459182739258, 0.009307861328125, 0.006400108337402344, 0.007823944091796875, 0.010210037231445312, 0.012375354766845703, 0.009311199188232422, 0.005710601806640625, 0.009467124938964844, 0.008062362670898438, 0.012999534606933594], [0.001554250717163086, 0.000518798828125, 0.001323699951171875, 0.0014486312866210938, 0.0011451244354248047, 0.0004622936248779297, 0.0008885860443115234, 0.0006401538848876953, 0.0012545585632324219, 0.0010173320770263672, 0.0007262229919433594, 0.001489877700805664, 0.001501321792602539, 0.0009639263153076172, 0.001462697982788086, 0.0009555816650390625, 0.0009987354278564453, 0.0005669593811035156, 0.0006284713745117188, 0.0009217262268066406, 0.0007061958312988281, 0.0009660720825195312, 0.0006787776947021484, 0.00038909912109375, 0.0007243156433105469, 0.0014104843139648438, 0.0007607936859130859, 0.0009050369262695312, 0.0004000663757324219, 0.0007443428039550781, 0.000640869140625, 0.001219034194946289], 0.002263784408569336], [11.846657514572144, 0.03505659103393555, [0.3577880859375, 0.21931815147399902, 0.3000156879425049, 0.3244009017944336, 0.17576003074645996, 0.1708688735961914, 0.3107898235321045, 0.2380843162536621, 0.2077319622039795, 0.16398119926452637, 0.3069424629211426, 0.23299288749694824, 0.24582743644714355, 0.5566551685333252, 0.30727219581604004, 0.4436492919921875, 0.43096232414245605, 0.4535062313079834, 0.5486364364624023, 0.3350257873535156, 0.2547461986541748, 0.4269144535064697, 0.33118128776550293, 0.25565314292907715, 0.3169229030609131, 0.3442952632904053, 0.6568257808685303, 0.5810141563415527, 0.4374275207519531, 0.4350159168243408, 0.6734058856964111, 0.24422073364257812], [0.0233151912689209, 0.02109384536743164, 0.00716400146484375, 0.016042232513427734, 0.015266895294189453, 0.007158756256103516, 0.017180204391479492, 0.01641368865966797, 0.013016462326049805, 0.010413169860839844, 0.01516270637512207, 0.021094083786010742, 0.010352611541748047, 0.01863241195678711, 0.00944375991821289, 0.013502359390258789, 0.01866626739501953, 0.013981103897094727, 0.021220922470092773, 0.011796712875366211, 0.009363174438476562, 0.01368570327758789, 0.011999130249023438, 0.00846719741821289, 0.009744882583618164, 0.011296749114990234, 0.023747920989990234, 0.029345273971557617, 0.015487194061279297, 0.014088869094848633, 0.030474185943603516, 0.01070547103881836], [0.0014309883117675781, 0.0010089874267578125, 0.0004527568817138672, 0.0013799667358398438, 0.0011980533599853516, 0.0004820823669433594, 0.0018565654754638672, 0.0007450580596923828, 0.0009539127349853516, 0.0005879402160644531, 0.0007586479187011719, 0.0018527507781982422, 0.0004680156707763672, 0.0011043548583984375, 0.0006468296051025391, 0.0010263919830322266, 0.0010662078857421875, 0.000782012939453125, 0.0010082721710205078, 0.0008845329284667969, 0.0005750656127929688, 0.0007770061492919922, 0.0006041526794433594, 0.00043702125549316406, 0.0005650520324707031, 0.0006756782531738281, 0.0016853809356689453, 0.0013883113861083984, 0.0014040470123291016, 0.0006835460662841797, 0.002476930618286133, 0.0008449554443359375], 0.002368450164794922], [10.592099905014038, 0.03171420097351074, [0.3098716735839844, 0.1955723762512207, 0.2717151641845703, 0.2410435676574707, 0.22021245956420898, 0.23876190185546875, 0.20181059837341309, 0.2944648265838623, 0.27376627922058105, 0.2134096622467041, 0.20157957077026367, 0.21130895614624023, 0.2420637607574463, 0.1929793357849121, 0.2279810905456543, 0.19220590591430664, 0.40276241302490234, 0.5516343116760254, 0.3668382167816162, 0.4367537498474121, 0.56009840965271, 0.2538332939147949, 0.3323369026184082, 0.45381975173950195, 0.3553144931793213, 0.5526754856109619, 0.3435242176055908, 0.46622133255004883, 0.3496227264404297, 0.3489105701446533, 0.27222251892089844, 0.32689332962036133], [0.019317626953125, 0.022109031677246094, 0.018581867218017578, 0.010128974914550781, 0.005372524261474609, 0.012098312377929688, 0.005858421325683594, 0.01416325569152832, 0.009418249130249023, 0.01435232162475586, 0.007189512252807617, 0.008905887603759766, 0.015241622924804688, 0.010009527206420898, 0.011133909225463867, 0.011160612106323242, 0.024509668350219727, 0.022961139678955078, 0.015165328979492188, 0.015107393264770508, 0.01990342140197754, 0.010160446166992188, 0.011073589324951172, 0.016760587692260742, 0.013047218322753906, 0.016327857971191406, 0.014787912368774414, 0.01340627670288086, 0.011819839477539062, 0.011781692504882812, 0.010701656341552734, 0.008481740951538086], [0.0009469985961914062, 0.0008361339569091797, 0.0012373924255371094, 0.00046372413635253906, 0.0003223419189453125, 0.0006854534149169922, 0.00035500526428222656, 0.001132965087890625, 0.0005509853363037109, 0.0010094642639160156, 0.0005753040313720703, 0.0005791187286376953, 0.0012505054473876953, 0.0004856586456298828, 0.0007236003875732422, 0.0005977153778076172, 0.001237630844116211, 0.0019681453704833984, 0.0006563663482666016, 0.0008983612060546875, 0.0010020732879638672, 0.0004525184631347656, 0.0004966259002685547, 0.0010504722595214844, 0.0007958412170410156, 0.0008335113525390625, 0.0009632110595703125, 0.0006279945373535156, 0.0004532337188720703, 0.0006439685821533203, 0.0005984306335449219, 0.0006728172302246094], 0.0017807483673095703], [9.30777359008789, 0.03864240646362305, [0.23902273178100586, 0.24056529998779297, 0.23576045036315918, 0.37041687965393066, 0.25966882705688477, 0.22607779502868652, 0.19513583183288574, 0.22142291069030762, 0.18021559715270996, 0.23792505264282227, 0.23849058151245117, 0.315936803817749, 0.22270584106445312, 0.24212169647216797, 0.1947779655456543, 0.24798178672790527, 0.4705500602722168, 0.27343273162841797, 0.3689999580383301, 0.5316352844238281, 0.24039173126220703, 0.2942068576812744, 0.4393424987792969, 0.3732130527496338, 0.28908634185791016, 0.5757319927215576, 0.26181912422180176, 0.2872297763824463, 0.26035642623901367, 0.28266072273254395], [0.02461385726928711, 0.017747163772583008, 0.012441158294677734, 0.03594350814819336, 0.014173746109008789, 0.015109539031982422, 0.010822772979736328, 0.013985157012939453, 0.010190010070800781, 0.009282588958740234, 0.00994873046875, 0.014302730560302734, 0.01636958122253418, 0.013059139251708984, 0.009036540985107422, 0.011610269546508789, 0.014095067977905273, 0.013218879699707031, 0.015186071395874023, 0.0205838680267334, 0.01071023941040039, 0.010874032974243164, 0.015695810317993164, 0.015871524810791016, 0.011983394622802734, 0.022394657135009766, 0.008538246154785156, 0.011946439743041992, 0.008474588394165039, 0.00866842269897461], [0.0014426708221435547, 0.0005342960357666016, 0.001178741455078125, 0.0017440319061279297,