{"shuffle_centroids_times": [0.020937204360961914], "map_iterdata_times": [0.25046348571777344], "create_map_data": [0.3186800479888916], "map_queries_times": [[[8.329681158065796, 0.04421043395996094, [0.9553415775299072, 0.5258059501647949, 0.7439534664154053, 0.660071611404419, 0.67262864112854, 1.673431396484375, 1.2979769706726074, 1.070857048034668], [0.24483847618103027, 0.0710134506225586, 0.05925726890563965, 0.06038308143615723, 0.02541041374206543, 0.06648969650268555, 0.060074806213378906, 0.03606557846069336], [0.01822209358215332, 0.004494190216064453, 0.00984501838684082, 0.004273653030395508, 0.0017249584197998047, 0.009226083755493164, 0.006991147994995117, 0.004742145538330078], 0.0020134449005126953], [11.659092903137207, 0.03748941421508789, [0.6541333198547363, 0.8739578723907471, 0.6119372844696045, 1.5726332664489746, 1.7599573135375977, 2.2446625232696533, 1.9982855319976807, 1.153975486755371], [0.14926409721374512, 0.1527242660522461, 0.04468369483947754, 0.05518317222595215, 0.0625, 0.0819082260131836, 0.06701254844665527, 0.04106640815734863], [0.006712675094604492, 0.020561933517456055, 0.006939411163330078, 0.012713432312011719, 0.012645483016967773, 0.015818357467651367, 0.012305259704589844, 0.006575345993041992], 0.0029838085174560547], [10.250494480133057, 0.03436422348022461, [0.9069423675537109, 0.7074146270751953, 0.525414228439331, 1.0965044498443604, 1.1593658924102783, 1.8090949058532715, 1.2745561599731445, 1.974489450454712], [0.24117398262023926, 0.09323549270629883, 0.04523348808288574, 0.09580278396606445, 0.0400996208190918, 0.05909109115600586, 0.04485964775085449, 0.064971923828125], [0.014767169952392578, 0.011275768280029297, 0.006419658660888672, 0.005360126495361328, 0.0045130252838134766, 0.01226353645324707, 0.0059359073638916016, 0.01478123664855957], 0.002216339111328125], [9.409344673156738, 0.03405165672302246, [0.6280012130737305, 0.5574116706848145, 0.5260183811187744, 1.7123122215270996, 1.4926271438598633, 1.709101915359497, 1.0565664768218994, 1.060640573501587], [0.15302586555480957, 0.07753825187683105, 0.04651379585266113, 0.10299491882324219, 0.05186271667480469, 0.05181479454040527, 0.038370370864868164, 0.05761981010437012], [0.007955551147460938, 0.00683283805847168, 0.006987571716308594, 0.00871896743774414, 0.007002115249633789, 0.00795292854309082, 0.002900838851928711, 0.0022275447845458984], 0.0018835067749023438]]], "map_execution": [16.242743492126465], "map_invoke": [[1.6419894695281982, 1.6351892948150635, 1.6804792881011963, 1.5214805603027344]], "create_reduce_data": [0.14958715438842773], "reduce_iterdata_times": [0.14864301681518555], "reduce_queries_times": [[0.14176034927368164]], "reduce_execution_times": [3.1823697090148926], "reduce_invoke": [[1.5554354190826416]], "divide_reduce_times": [5.054473876953125e-05], "total_querying_times": [19.893431186676025], "recalls": [[100.0, 70.0, 70.0, 20.0, 30.0, 40.0, 100.0, 40.0, 80.0, 30.0, 100.0, 100.0, 100.0, 100.0, 60.0, 100.0, 60.0, 100.0, 50.0, 100.0, 100.0, 100.0, 100.0, 70.0, 50.0, 100.0, 100.0, 80.0, 90.0, 20.0, 50.0, 70.0, 0.0, 100.0, 100.0, 80.0, 40.0, 100.0, 100.0, 100.0, 50.0, 100.0, 70.0, 100.0, 100.0, 30.0, 80.0, 80.0, 60.0, 50.0, 90.0, 100.0, 90.0, 100.0, 30.0, 0.0, 100.0, 50.0, 100.0, 70.0, 10.0, 80.0, 90.0, 40.0, 100.0, 90.0, 30.0, 50.0, 100.0, 10.0, 50.0, 100.0, 100.0, 100.0, 20.0, 40.0, 50.0, 60.0, 50.0, 100.0, 90.0, 100.0, 100.0, 60.0, 50.0, 90.0, 80.0, 100.0, 100.0, 80.0, 90.0, 40.0, 60.0, 0.0, 100.0, 20.0, 100.0, 100.0, 70.0, 100.0, 90.0, 100.0, 40.0, 40.0, 60.0, 70.0, 90.0, 100.0, 20.0, 100.0, 70.0, 30.0, 70.0, 90.0, 100.0, 100.0, 100.0, 100.0, 10.0, 100.0, 100.0, 90.0, 100.0, 100.0, 60.0, 70.0, 40.0, 60.0, 70.0, 50.0, 40.0, 80.0, 50.0, 100.0, 20.0, 60.0, 70.0, 50.0, 90.0, 70.0, 20.0, 70.0, 100.0, 40.0, 40.0, 40.0, 80.0, 100.0, 20.0, 100.0, 100.0, 100.0, 100.0, 80.0, 90.0, 100.0, 70.0, 100.0, 100.0, 40.0, 100.0, 100.0, 100.0, 100.0, 60.0, 50.0, 20.0, 40.0, 70.0, 70.0, 100.0, 10.0, 100.0, 90.0, 40.0, 100.0, 20.0, 10.0, 100.0, 80.0, 100.0, 80.0, 80.0, 80.0, 70.0, 80.0, 100.0, 80.0, 90.0, 40.0, 80.0, 100.0, 80.0, 90.0, 50.0, 50.0, 40.0, 100.0, 100.0, 60.0, 90.0, 20.0, 90.0, 70.0, 80.0, 70.0, 90.0, 60.0, 90.0, 70.0, 100.0, 90.0, 60.0, 100.0, 100.0, 40.0, 90.0, 90.0, 80.0, 60.0, 50.0, 100.0, 60.0, 50.0, 30.0, 100.0, 10.0, 100.0, 40.0, 100.0, 20.0, 0.0, 100.0, 80.0, 100.0, 30.0, 10.0, 0.0, 90.0, 90.0, 100.0, 100.0, 0.0, 100.0, 40.0, 70.0, 50.0, 100.0, 100.0, 60.0, 100.0, 100.0, 60.0, 100.0, 90.0, 100.0, 80.0, 100.0, 100.0, 60.0, 100.0, 30.0, 80.0, 100.0, 60.0, 40.0, 100.0, 100.0, 80.0, 40.0, 20.0, 60.0, 100.0, 100.0, 90.0, 10.0, 100.0, 60.0, 100.0, 100.0, 90.0, 80.0, 50.0, 40.0, 90.0, 90.0, 20.0, 100.0, 90.0, 100.0, 100.0, 70.0, 100.0, 50.0, 100.0, 100.0, 50.0, 100.0, 100.0, 20.0, 100.0, 30.0, 60.0, 50.0, 70.0, 100.0, 60.0, 100.0, 100.0, 50.0, 60.0, 80.0, 100.0, 50.0, 40.0, 40.0, 60.0, 100.0, 60.0, 20.0, 100.0, 80.0, 100.0, 100.0, 90.0, 100.0, 100.0, 40.0, 100.0, 30.0, 60.0, 80.0, 100.0, 90.0, 100.0, 100.0, 40.0, 80.0, 70.0, 100.0, 100.0, 100.0, 70.0, 0.0, 100.0, 100.0, 100.0, 10.0, 30.0, 100.0, 50.0, 100.0, 0.0, 60.0, 100.0, 50.0, 100.0, 20.0, 100.0, 50.0, 70.0, 70.0, 80.0, 80.0, 90.0, 100.0, 80.0, 70.0, 40.0, 40.0, 40.0, 60.0, 30.0, 90.0, 50.0, 100.0, 100.0, 100.0, 100.0, 80.0, 50.0, 10.0, 100.0, 100.0, 50.0, 90.0, 50.0, 90.0, 40.0, 50.0, 100.0, 70.0, 100.0, 70.0, 50.0, 90.0, 100.0, 90.0, 100.0, 60.0, 90.0, 100.0, 100.0, 100.0, 80.0, 40.0, 90.0, 70.0, 100.0, 80.0, 100.0, 70.0, 50.0, 50.0, 100.0, 30.0, 100.0, 40.0, 100.0, 100.0, 80.0, 90.0, 100.0, 50.0, 100.0, 80.0, 40.0, 90.0, 90.0, 100.0, 100.0, 100.0, 90.0, 100.0, 100.0, 100.0, 100.0, 40.0, 80.0, 90.0, 30.0, 100.0, 70.0, 100.0, 100.0, 90.0, 30.0, 40.0, 100.0, 80.0, 20.0, 100.0, 100.0, 30.0, 70.0, 10.0, 70.0, 60.0, 0.0, 100.0, 100.0, 100.0, 100.0, 100.0, 100.0, 60.0, 100.0, 100.0, 70.0, 60.0, 80.0, 100.0, 100.0, 50.0, 100.0, 100.0, 80.0, 100.0, 100.0, 100.0, 100.0, 10.0, 100.0, 60.0, 60.0, 50.0, 100.0, 90.0, 100.0, 100.0, 40.0, 100.0, 100.0, 100.0, 100.0, 50.0, 80.0, 100.0, 100.0, 100.0, 50.0, 20.0, 100.0, 100.0, 50.0, 90.0, 100.0, 80.0, 80.0, 10.0, 40.0, 100.0, 60.0, 30.0, 0.0, 70.0, 100.0, 100.0, 40.0, 100.0, 90.0, 80.0, 10.0, 100.0, 20.0, 90.0, 40.0, 100.0, 100.0, 60.0, 80.0, 60.0, 50.0, 60.0, 0.0, 90.0, 70.0, 70.0, 100.0, 100.0, 100.0, 80.0, 90.0, 50.0, 50.0, 70.0, 70.0, 100.0, 100.0, 10.0, 10.0, 80.0, 10.0, 100.0, 70.0, 100.0, 100.0, 10.0, 100.0, 100.0, 100.0, 10.0, 100.0, 30.0, 30.0, 20.0, 90.0, 100.0, 100.0, 100.0, 0.0, 80.0, 90.0, 50.0, 90.0, 60.0, 10.0, 100.0, 40.0, 50.0, 40.0, 60.0, 90.0, 50.0, 100.0, 40.0, 70.0, 40.0, 90.0, 50.0, 60.0, 30.0, 10.0, 100.0, 100.0, 100.0, 100.0, 100.0, 100.0, 40.0, 100.0, 80.0, 50.0, 100.0, 100.0, 100.0, 60.0, 100.0, 60.0, 100.0, 100.0, 100.0, 70.0, 100.0, 60.0, 90.0, 10.0, 80.0, 90.0, 60.0, 80.0, 90.0, 50.0, 60.0, 60.0, 60.0, 100.0, 50.0, 30.0, 100.0, 0.0, 100.0, 100.0, 20.0, 20.0, 40.0, 100.0, 90.0, 50.0, 80.0, 100.0, 60.0, 80.0, 90.0, 90.0, 100.0, 90.0, 70.0, 100.0, 30.0, 50.0, 100.0, 100.0, 100.0, 80.0, 100.0, 90.0, 20.0, 100.0, 90.0, 60.0, 60.0, 100.0, 60.0, 30.0, 70.0, 80.0, 20.0, 100.0, 100.0, 100.0, 60.0, 90.0, 40.0, 100.0, 80.0, 80.0, 90.0, 100.0, 100.0, 60.0, 30.0, 90.0, 100.0, 0.0, 70.0, 20.0, 60.0, 90.0, 30.0, 70.0, 70.0, 100.0, 90.0, 100.0, 100.0, 100.0, 100.0, 50.0, 60.0, 50.0, 50.0, 100.0, 60.0, 100.0, 70.0, 100.0, 90.0, 100.0, 100.0, 90.0, 70.0, 100.0, 70.0, 40.0, 50.0, 90.0, 100.0, 100.0, 90.0, 100.0, 10.0, 100.0, 90.0, 20.0, 60.0, 100.0, 10.0, 100.0, 100.0, 70.0, 100.0, 100.0, 100.0, 70.0, 10.0, 50.0, 90.0, 60.0, 90.0, 20.0, 70.0, 80.0, 100.0, 100.0, 100.0, 100.0, 80.0, 100.0, 50.0, 50.0, 90.0, 100.0, 100.0, 0.0, 100.0, 100.0, 100.0, 100.0, 100.0, 70.0, 60.0, 70.0, 40.0, 30.0, 100.0, 80.0, 100.0, 100.0, 60.0, 40.0, 100.0, 20.0, 100.0, 100.0, 70.0, 20.0, 100.0, 90.0, 100.0, 100.0, 100.0, 60.0, 60.0, 90.0, 60.0, 90.0, 40.0, 90.0, 80.0, 90.0, 80.0, 60.0, 90.0, 80.0, 90.0, 30.0, 70.0, 80.0, 100.0, 