{"shuffle_centroids_times": [0.03875279426574707], "map_iterdata_times": [0.47614169120788574], "create_map_data": [0.5613408088684082], "map_queries_times": [[[12.96272587776184, 0.3365306854248047, [0.875575065612793, 0.37181878089904785, 0.268388032913208, 0.32672858238220215, 0.3107297420501709, 0.6773972511291504, 0.8167390823364258, 0.566981315612793, 0.8057518005371094, 1.3873980045318604, 0.49349117279052734, 1.2641098499298096, 0.41835451126098633, 0.8183188438415527, 0.8224396705627441, 0.4645955562591553], [0.1040811538696289, 0.04253745079040527, 0.01742410659790039, 0.0193331241607666, 0.0210721492767334, 0.02361464500427246, 0.029062747955322266, 0.02092599868774414, 0.028589963912963867, 0.04076385498046875, 0.022165536880493164, 0.03874516487121582, 0.02209019660949707, 0.027274131774902344, 0.02734208106994629, 0.018952131271362305], [0.08621573448181152, 0.14828872680664062, 0.044321298599243164, 0.04524064064025879, 0.04339146614074707, 0.07725262641906738, 0.09887409210205078, 0.064056396484375, 0.03140068054199219, 0.1588878631591797, 0.05830216407775879, 0.19757795333862305, 0.05728578567504883, 0.08000946044921875, 0.08454632759094238, 0.05130934715270996], 0.10623621940612793], [12.047723293304443, 0.2775914669036865, [0.3733515739440918, 0.31200313568115234, 0.2877767086029053, 0.4023447036743164, 0.4200003147125244, 0.4998898506164551, 0.37186765670776367, 0.6760878562927246, 0.33036160469055176, 0.8531849384307861, 0.6814079284667969, 0.9538271427154541, 0.36066222190856934, 1.0335710048675537, 1.201711893081665, 0.8681995868682861], [0.018065929412841797, 0.022403240203857422, 0.012547731399536133, 0.015167713165283203, 0.019534587860107422, 0.02210211753845215, 0.010100126266479492, 0.013025999069213867, 0.008027076721191406, 0.013973712921142578, 0.01464533805847168, 0.01688075065612793, 0.009743690490722656, 0.01636958122253418, 0.02848362922668457, 0.020885467529296875], [0.0681757926940918, 0.10934782028198242, 0.07440996170043945, 0.08962106704711914, 0.13547348976135254, 0.2124028205871582, 0.05698370933532715, 0.07836794853210449, 0.03861403465270996, 0.09170913696289062, 0.10915803909301758, 0.13199687004089355, 0.04731893539428711, 0.18549728393554688, 0.18207168579101562, 0.1785287857055664], 0.09207749366760254], [9.852306842803955, 0.31885433197021484, [0.3366827964782715, 0.23846673965454102, 0.28464221954345703, 0.2089226245880127, 0.17466163635253906, 0.2364048957824707, 0.3767991065979004, 0.1658470630645752, 0.6523787975311279, 0.8019349575042725, 0.36894917488098145, 0.6680960655212402, 0.6779088973999023, 0.6607813835144043, 1.451399326324463, 0.8787946701049805], [0.03304433822631836, 0.029906034469604492, 0.019969940185546875, 0.015727519989013672, 0.012712717056274414, 0.017480850219726562, 0.03334474563598633, 0.012976884841918945, 0.020392894744873047, 0.03624153137207031, 0.017874479293823242, 0.02118682861328125, 0.030250072479248047, 0.022378921508789062, 0.062441110610961914, 0.0434415340423584], [0.04657483100891113, 0.03249335289001465, 0.039730072021484375, 0.10658907890319824, 0.0364530086517334, 0.04350876808166504, 0.06732940673828125, 0.026735544204711914, 0.03374886512756348, 0.07392191886901855, 0.04154229164123535, 0.0633399486541748, 0.03513908386230469, 0.045256853103637695, 0.08151769638061523, 0.048964500427246094], 0.09838676452636719], [11.085801839828491, 0.16915607452392578, [0.2865278720855713, 0.42250561714172363, 0.3002626895904541, 0.2842075824737549, 0.3243110179901123, 0.810178279876709, 0.3863074779510498, 0.751396656036377, 0.47727155685424805, 0.6865341663360596, 0.3643825054168701, 1.0431358814239502, 0.8988902568817139, 0.645498514175415, 0.5009961128234863, 1.443830966949463], [0.016279220581054688, 0.028467416763305664, 0.015624761581420898, 0.01176905632019043, 0.013658523559570312, 0.026503801345825195, 0.009641170501708984, 0.013878107070922852, 0.012293577194213867, 0.013296127319335938, 0.010329723358154297, 0.019266843795776367, 0.025014638900756836, 0.01560211181640625, 0.010142326354980469, 0.03126645088195801], [0.02031254768371582, 0.10554218292236328, 0.03141474723815918, 0.06293535232543945, 0.0614323616027832, 0.061995744705200195, 0.02494215965270996, 0.07653450965881348, 0.06556868553161621, 0.06612205505371094, 0.04142189025878906, 0.07798600196838379, 0.09153223037719727, 0.0427699089050293, 0.03434014320373535, 0.03734922409057617], 0.1150062084197998]]], "map_execution": [15.130789756774902], "map_invoke": [[0.593374490737915, 0.49140357971191406, 0.5771586894989014, 0.5169532299041748]], "create_reduce_data": [0.1595454216003418], "reduce_iterdata_times": [0.15864038467407227], "reduce_queries_times": [[0.07051467895507812]], "reduce_execution_times": [3.084268093109131], "reduce_invoke": [[0.5824015140533447]], "divide_reduce_times": [5.221366882324219e-05], "total_querying_times": [18.935996294021606],