{"shuffle_centroids_times": [0.04937887191772461], "map_iterdata_times": [0.7435424327850342], "create_map_data": [0.904571533203125], "map_queries_times": [[[12.783494710922241, 0.3754401206970215, [0.826087236404419, 0.350109338760376, 0.25548458099365234, 0.2709157466888428, 0.29660773277282715, 0.670457124710083, 0.7935209274291992, 0.5593709945678711, 0.8760449886322021, 1.2399439811706543, 0.46947574615478516, 1.2416245937347412, 0.47907495498657227, 0.8744382858276367, 0.7778127193450928, 0.3566899299621582], [0.10236787796020508, 0.04205584526062012, 0.02022242546081543, 0.01899862289428711, 0.020125150680541992, 0.023419618606567383, 0.02937030792236328, 0.02085280418395996, 0.027970075607299805, 0.04979372024536133, 0.022261857986450195, 0.0383150577545166, 0.021712303161621094, 0.02664804458618164, 0.02710747718811035, 0.019093990325927734], [0.1475663185119629, 0.06935691833496094, 0.0451662540435791, 0.04866623878479004, 0.0575871467590332, 0.14618277549743652, 0.10487008094787598, 0.059059858322143555, 0.06977319717407227, 0.1465601921081543, 0.06055283546447754, 0.1292715072631836, 0.0621647834777832, 0.08353447914123535, 0.16049981117248535, 0.049025774002075195], 0.12005782127380371], [12.235713720321655, 0.3169670104980469, [0.34358811378479004, 0.3230161666870117, 0.28949666023254395, 0.3362133502960205, 0.3784511089324951, 0.6529250144958496, 0.35131192207336426, 0.6876218318939209, 0.33312225341796875, 0.8035762310028076, 0.7134573459625244, 0.8626830577850342, 0.36516451835632324, 0.9370486736297607, 1.1980433464050293, 0.8436949253082275], [0.018123149871826172, 0.022687673568725586, 0.012235403060913086, 0.014561891555786133, 0.019654273986816406, 0.021794557571411133, 0.009977102279663086, 0.01565694808959961, 0.00818181037902832, 0.014299392700195312, 0.018265247344970703, 0.0193326473236084, 0.009652376174926758, 0.01685500144958496, 0.03090357780456543, 0.020179271697998047], [0.07170796394348145, 0.11815023422241211, 0.07933974266052246, 0.08561325073242188, 0.14445805549621582, 0.20301294326782227, 0.05865883827209473, 0.11008477210998535, 0.047054290771484375, 0.14180946350097656, 0.13454413414001465, 0.19178104400634766, 0.058004140853881836, 0.21079444885253906, 0.2465040683746338, 0.21821236610412598], 0.1070852279663086], [9.907350301742554, 0.37744688987731934, [0.3083665370941162, 0.23604154586791992, 0.26984405517578125, 0.22595739364624023, 0.1981813907623291, 0.2587320804595947, 0.3610198497772217, 0.18508338928222656, 0.5294818878173828, 0.7503602504730225, 0.41432619094848633, 0.616769552230835, 0.6446120738983154, 0.6268186569213867, 1.347487449645996, 0.8990747928619385], [0.031659841537475586, 0.029979705810546875, 0.020060062408447266, 0.015590190887451172, 0.013122797012329102, 0.017522573471069336, 0.033820152282714844, 0.013532638549804688, 0.020627260208129883, 0.03583264350891113, 0.017735004425048828, 0.02069854736328125, 0.030543088912963867, 0.02235269546508789, 0.06276917457580566, 0.04348301887512207], [0.05429577827453613, 0.04330778121948242, 0.05401873588562012, 0.03769731521606445, 0.03535056114196777, 0.043744802474975586, 0.07405519485473633, 0.10102486610412598, 0.052724599838256836, 0.0831754207611084, 0.04234886169433594, 0.05932021141052246, 0.0662546157836914, 0.058664560317993164, 0.1197364330291748, 0.10401177406311035], 0.19849061965942383], [11.320132732391357, 0.3662111759185791, [0.4100949764251709, 0.30393457412719727, 0.26723647117614746, 0.2519545555114746, 0.2148303985595703, 0.498765230178833, 1.0758683681488037, 0.9549589157104492, 0.8242661952972412, 0.7042555809020996, 0.3453240394592285, 0.6686646938323975, 0.44731664657592773, 0.45901966094970703, 1.4028820991516113, 0.6036443710327148], [0.048819780349731445, 0.03783845901489258, 0.0198209285736084, 0.0192868709564209, 0.016081809997558594, 0.023389101028442383, 0.042368412017822266, 0.03713655471801758, 0.025894641876220703, 0.025594711303710938, 0.012386798858642578, 0.021218299865722656, 0.016390085220336914, 0.01735973358154297, 0.04532265663146973, 0.025928020477294922], [0.07953858375549316, 0.12411928176879883, 0.05683541297912598, 0.04923701286315918, 0.03217148780822754, 0.06522417068481445, 0.07919192314147949, 0.08862876892089844, 0.0699453353881836, 0.05634641647338867, 0.03123927116394043, 0.053890228271484375, 0.03316330909729004, 0.0369410514831543, 0.0859992504119873, 0.04013371467590332], 0.10328841209411621]]], "map_execution": [16.182642221450806], "map_invoke": [[0.5810189247131348, 0.5043768882751465, 0.5968551635742188, 0.5482180118560791]], "create_reduce_data": [0.18638110160827637], "reduce_iterdata_times": [0.1853320598602295], "reduce_queries_times": [[0.06908750534057617]], "reduce_execution_times": [3.121171236038208], "reduce_invoke": [[0.6312904357910156]], "divide_reduce_times": [0.00010466575622558594], "total_querying_times": [20.39487099647522],