{"shuffle_centroids_times": [0.03058004379272461], "map_iterdata_times": [0.30947351455688477], "create_map_data": [0.38614606857299805], "map_queries_times": [[[12.685306310653687, 0.12183046340942383, [0.9479293823242188, 0.3493208885192871, 0.2535378932952881, 0.25220823287963867, 0.67281174659729, 0.6960537433624268, 0.8570132255554199, 0.5788366794586182, 0.928696870803833, 1.3685574531555176, 0.42034435272216797, 1.2508416175842285, 0.5124318599700928, 0.8544876575469971, 0.8752751350402832, 0.5020468235015869], [0.05995011329650879, 0.02353048324584961, 0.011921882629394531, 0.010731935501098633, 0.010958194732666016, 0.012117624282836914, 0.015338420867919922, 0.011042356491088867, 0.014908313751220703, 0.026066303253173828, 0.01161956787109375, 0.019974946975708008, 0.011374711990356445, 0.013952970504760742, 0.013979911804199219, 0.010169029235839844], [0.03502321243286133, 0.04421591758728027, 0.0162966251373291, 0.01501011848449707, 0.018087148666381836, 0.07320904731750488, 0.0892632007598877, 0.045137882232666016, 0.01382589340209961, 0.18812346458435059, 0.06767034530639648, 0.14072394371032715, 0.025258779525756836, 0.05369734764099121, 0.06835579872131348, 0.031546831130981445], 0.03985953330993652], [10.711580753326416, 0.08600783348083496, [0.40997958183288574, 0.25682520866394043, 0.3041098117828369, 0.27179384231567383, 0.4213547706604004, 0.8092925548553467, 0.267352819442749, 0.7821979522705078, 0.5820510387420654, 0.6652565002441406, 1.2208099365234375, 0.27788233757019043, 0.5614626407623291, 0.6197171211242676, 1.0244393348693848, 1.4331245422363281], [0.023111343383789062, 0.017669200897216797, 0.01282954216003418, 0.00987100601196289, 0.021571874618530273, 0.0196073055267334, 0.007911443710327148, 0.012408971786499023, 0.011063575744628906, 0.013921737670898438, 0.028825998306274414, 0.009157896041870117, 0.00933527946472168, 0.011364221572875977, 0.023277997970581055, 0.035294532775878906], [0.012895584106445312, 0.00603485107421875, 0.04582810401916504, 0.011085748672485352, 0.05502605438232422, 0.031418561935424805, 0.02356433868408203, 0.008651256561279297, 0.024428367614746094, 0.025133371353149414, 0.03226208686828613, 0.008832931518554688, 0.011631488800048828, 0.027140378952026367, 0.035536766052246094, 0.06452536582946777], 0.026546239852905273], [11.109835624694824, 0.13669967651367188, [0.47449445724487305, 0.6598267555236816, 0.48949480056762695, 0.5275804996490479, 0.4440627098083496, 0.6730012893676758, 1.0140571594238281, 1.0204825401306152, 0.916954517364502, 0.5607736110687256, 0.6896257400512695, 0.9022588729858398, 0.5704503059387207, 0.45033884048461914, 0.35326170921325684, 0.33014774322509766], [0.05115962028503418, 0.08225417137145996, 0.034508705139160156, 0.02922511100769043, 0.019908428192138672, 0.02855992317199707, 0.04678034782409668, 0.04160189628601074, 0.031215190887451172, 0.02234482765197754, 0.02996087074279785, 0.032526254653930664, 0.02061939239501953, 0.01731586456298828, 0.014003992080688477, 0.012302398681640625], [0.031191110610961914, 0.02849721908569336, 0.027307987213134766, 0.03680300712585449, 0.00705409049987793, 0.021867990493774414, 0.03818106651306152, 0.0338132381439209, 0.026343345642089844, 0.02548360824584961, 0.01825428009033203, 0.019514799118041992, 0.014760732650756836, 0.010296106338500977, 0.00673222541809082, 0.006482601165771484], 0.029264211654663086], [10.60418701171875, 0.08063721656799316, [0.2654845714569092, 0.2977299690246582, 0.3255953788757324, 0.2460496425628662, 0.5923206806182861, 0.5462117195129395, 0.8872535228729248, 0.677849292755127, 0.8894932270050049, 0.6290748119354248, 0.4489264488220215, 0.7803707122802734, 0.6647384166717529, 0.5714921951293945, 0.5422530174255371, 1.4139318466186523], [0.030028104782104492, 0.03903317451477051, 0.029341459274291992, 0.01746511459350586, 0.039635658264160156, 0.022905349731445312, 0.02563619613647461, 0.02416086196899414, 0.026270627975463867, 0.021442890167236328, 0.019185781478881836, 0.02998661994934082, 0.026274681091308594, 0.019876718521118164, 0.018883228302001953, 0.06404352188110352], [0.014809131622314453, 0.020929813385009766, 0.013180732727050781, 0.017503023147583008, 0.03322792053222656, 0.015560388565063477, 0.0226290225982666, 0.011062383651733398, 0.024428844451904297, 0.015618085861206055, 0.010576009750366211, 0.01475214958190918, 0.018993854522705078, 0.016808032989501953, 0.00624847412109375, 0.010506391525268555], 0.023598670959472656]]], "map_execution": [16.254239320755005], "map_invoke": [[0.5706939697265625, 0.5603251457214355, 0.6277315616607666, 0.5952072143554688]], "create_reduce_data": [0.13229846954345703], "reduce_iterdata_times": [0.13120675086975098], "reduce_queries_times": [[0.07105517387390137]], "reduce_execution_times": [3.0842881202697754], "reduce_invoke": [[0.5826816558837891]], "divide_reduce_times": [5.245208740234375e-05], "total_querying_times": [19.857024669647217],