{"shuffle_centroids_times": [0.02601933479309082], "map_iterdata_times": [0.2096540927886963], "create_map_data": [0.2824132442474365], "map_queries_times": [[[12.206966161727905, 0.07155632972717285, [1.0920884609222412, 0.602931022644043, 1.1855950355529785, 1.311079502105713, 2.0144898891448975, 1.2337675094604492, 2.0048716068267822, 1.5429823398590088], [0.12724876403808594, 0.07724928855895996, 0.04405951499938965, 0.05272173881530762, 0.08055353164672852, 0.04454779624938965, 0.05926513671875, 0.05617022514343262], [0.031426429748535156, 0.07011604309082031, 0.046159982681274414, 0.0693960189819336, 0.1166377067565918, 0.024345874786376953, 0.07948851585388184, 0.10022783279418945], 0.06789207458496094], [11.855475187301636, 0.059673309326171875, [0.5136921405792236, 0.47333312034606934, 1.093271255493164, 2.049619674682617, 1.3384253978729248, 1.6686251163482666, 1.6925692558288574, 2.128933906555176], [0.06197071075439453, 0.05531597137451172, 0.06660079956054688, 0.08748316764831543, 0.045712947845458984, 0.05461621284484863, 0.06079554557800293, 0.07401084899902344], [0.049160003662109375, 0.034128665924072266, 0.031216859817504883, 0.04730343818664551, 0.039751529693603516, 0.046996116638183594, 0.03253793716430664, 0.03708481788635254], 0.012552499771118164], [10.686984300613403, 0.05362296104431152, [0.8840148448944092, 0.6103487014770508, 1.3016698360443115, 1.3416376113891602, 1.7742445468902588, 2.317525625228882, 0.8723030090332031, 0.6030423641204834], [0.09885811805725098, 0.07905912399291992, 0.05332827568054199, 0.07939434051513672, 0.06094980239868164, 0.09229493141174316, 0.03706717491149902, 0.027959823608398438], [0.06556248664855957, 0.02956080436706543, 0.06835317611694336, 0.04973030090332031, 0.04309201240539551, 0.09164595603942871, 0.026276111602783203, 0.010191679000854492], 0.015139341354370117], [10.400875568389893, 0.057657718658447266, [0.8997540473937988, 1.0516843795776367, 0.8623077869415283, 1.4034709930419922, 1.0757486820220947, 1.6951923370361328, 0.9628784656524658, 1.5556666851043701], [0.09993577003479004, 0.11171627044677734, 0.040793657302856445, 0.06351566314697266, 0.03998994827270508, 0.05735516548156738, 0.0343165397644043, 0.049089908599853516], [0.03527331352233887, 0.06059432029724121, 0.02855372428894043, 0.0353398323059082, 0.028990745544433594, 0.05960273742675781, 0.017115116119384766, 0.015067100524902344], 0.0591585636138916]]], "map_execution": [15.175681352615356], "map_invoke": [[0.6146175861358643, 0.5337259769439697, 0.6129119396209717, 0.6283435821533203]], "create_reduce_data": [0.24882721900939941], "reduce_iterdata_times": [0.24798798561096191], "reduce_queries_times": [[0.1723785400390625]], "reduce_execution_times": [3.075439453125], "reduce_invoke": [[0.5704381465911865]], "divide_reduce_times": [7.033348083496094e-05], "total_querying_times": [18.782431840896606], "recalls": [[100.0, 100.0, 100.0, 100.0, 100.0, 100.0, 100.0, 100.0, 90.0, 90.0, 100.0, 100.0, 100.0, 100.0, 100.0, 100.0, 70.0, 100.0, 100.0, 100.0, 100.0, 100.0, 100.0, 70.0, 90.0, 100.0, 100.0, 80.0, 90.0, 100.0, 90.0, 100.0, 100.0, 100.0, 100.0, 90.0, 100.0, 100.0, 100.0, 100.0, 100.0, 100.0, 100.0, 100.0, 100.0, 90.0, 100.0, 100.0, 100.0, 80.0, 90.0, 100.0, 100.0, 100.0, 90.0, 30.0, 100.0, 70.0, 100.0, 100.0, 100.0, 100.0, 100.0, 100.0, 100.0, 100.0, 100.0, 100.0, 100.0, 90.0, 90.0, 100.0, 100.0, 100.0, 90.0, 100.0, 100.0, 100.0, 100.0, 100.0, 90.0, 100.0, 100.0, 100.0, 90.0, 100.0, 100.0, 100.0, 100.0, 80.0, 100.0, 60.0, 100.0, 80.0, 100.0, 80.0, 100.0, 100.0, 100.0, 100.0, 100.0, 100.0, 100.0, 100.0, 100.0, 70.0, 100.0, 100.0, 50.0, 100.0, 90.0, 90.0, 90.0, 100.0, 100.0, 100.0, 100.0, 100.0, 100.0, 100.0, 100.0, 100.0, 100.0, 100.0, 90.0, 100.0, 90.0, 100.0, 70.0, 100.0, 90.0, 80.0, 100.0, 100.0, 60.0, 90.0, 100.0, 100.0, 100.0, 100.0, 100.0, 70.0, 100.0, 100.0, 100.0, 100.0, 100.0, 100.0, 70.0, 100.0, 100.0, 100.0, 100.0, 90.0, 90.0, 100.0, 100.0, 100.0, 100.0, 100.0, 100.0, 100.0, 100.0, 100.0, 100.0, 100.0, 100.0, 90.0, 90.0, 100.0, 100.0, 100.0, 100.0, 100.0, 100.0, 100.0, 100.0, 100.0, 100.0, 80.0, 100.0, 90.0, 90.0, 100.0, 100.0, 90.0, 100.0, 100.0, 90.0, 100.0, 100.0, 100.0, 100.0, 90.0, 100.0, 90.0, 100.0, 100.0, 100.0, 90.0, 100.0, 80.0, 90.0, 90.0, 100.0, 100.0, 100.0, 100.0, 90.0, 100.0, 100.0, 100.0, 80.0, 100.0, 100.0, 100.0, 100.0, 90.0, 100.0, 100.0, 90.0, 100.0, 100.0, 100.0, 100.0, 100.0, 100.0, 100.0, 100.0, 100.0, 100.0, 100.0, 100.0, 100.0, 100.0, 60.0, 90.0, 100.0, 90.0, 100.0, 100.0, 100.0, 100.0, 100.0, 100.0, 70.0, 100.0, 100.0, 100.0, 60.0, 100.0, 100.0, 90.0, 100.0, 100.0, 100.0, 100.0, 100.0, 100.0, 100.0, 100.0, 100.0, 100.0, 100.0, 100.0, 100.0, 100.0, 100.0, 90.0, 80.0, 100.0, 100.0, 100.0, 100.0, 100.0, 90.0, 100.0, 100.0, 100.0, 100.0, 100.0, 90.0, 90.0, 100.0, 90.0, 100.0, 90.0, 100.0, 100.0, 100.0, 100.0, 70.0, 100.0, 90.0, 100.0, 100.0, 100.0, 100.0, 100.0, 100.0, 100.0, 90.0, 100.0, 100.0, 100.0, 100.0, 100.0, 100.0, 100.0, 100.0, 60.0, 90.0, 100.0, 100.0, 100.0, 90.0, 90.0, 100.0, 100.0, 60.0, 100.0, 90.0, 100.0, 100.0, 100.0, 100.0, 100.0, 90.0, 100.0, 100.0, 100.0, 90.0, 100.0, 90.0, 100.0, 100.0, 90.0, 100.0, 100.0, 100.0, 100.0, 100.0, 100.0, 90.0, 100.0, 100.0, 100.0, 100.0, 90.0, 100.0, 90.0, 100.0, 100.0, 100.0, 100.0, 100.0, 100.0, 90.0, 100.0, 90.0, 100.0, 100.0, 100.0, 100.0, 100.0, 100.0, 100.0, 100.0, 100.0, 100.0, 90.0, 100.0, 100.0, 100.0, 100.0, 100.0, 100.0, 100.0, 100.0, 100.0, 90.0, 100.0, 100.0, 100.0, 100.0, 90.0, 90.0, 90.0, 100.0, 100.0, 100.0, 100.0, 100.0, 100.0, 100.0, 90.0, 100.0, 100.0, 100.0, 100.0, 90.0, 100.0, 100.0, 100.0, 100.0, 100.0, 90.0, 100.0, 100.0, 80.0, 100.0, 100.0, 90.0, 100.0, 100.0, 100.0, 100.0, 100.0, 100.0, 100.0, 100.0, 90.0, 100.0, 100.0, 100.0, 100.0, 90.0, 90.0, 100.0, 100.0, 100.0, 100.0, 90.0, 100.0, 100.0, 100.0, 100.0, 100.0, 80.0, 90.0, 100.0, 100.0, 70.0, 100.0, 100.0, 90.0, 100.0, 100.0, 100.0, 80.0, 100.0, 100.0, 100.0, 100.0, 100.0, 100.0, 100.0, 100.0, 100.0, 100.0, 100.0, 100.0, 100.0, 100.0, 100.0, 100.0, 100.0, 100.0, 100.0, 100.0, 100.0, 100.0, 100.0, 100.0, 100.0, 100.0, 100.0, 100.0, 100.0, 100.0, 100.0, 70.0, 100.0, 90.0, 100.0, 90.0, 100.0, 100.0, 100.0, 100.0, 100.0, 100.0, 100.0, 100.0, 100.0, 90.0, 100.0, 100.0, 100.0, 100.0, 100.0, 90.0, 100.0, 100.0, 100.0, 100.0, 100.0, 100.0, 100.0, 70.0, 100.0, 100.0, 100.0, 100.0, 100.0, 80.0, 100.0, 100.0, 100.0, 100.0, 90.0, 100.0, 100.0, 100.0, 100.0, 100.0, 100.0, 100.0, 100.0, 100.0, 100.0, 100.0, 90.0, 100.0, 70.0, 90.0, 100.0, 100.0, 100.0, 100.0, 100.0, 90.0, 100.0, 100.0, 100.0, 100.0, 100.0, 100.0, 100.0, 100.0, 100.0, 100.0, 80.0, 100.0, 70.0, 100.0, 100.0, 100.0, 100.0, 100.0, 100.0, 100.0, 100.0, 100.0, 90.0, 100.0, 90.0, 100.0, 100.0, 100.0, 100.0, 100.0, 100.0, 100.0, 100.0, 100.0, 70.0, 100.0, 80.0, 80.0, 100.0, 100.0, 90.0, 100.0, 100.0, 100.0, 90.0, 100.0, 90.0, 100.0, 100.0, 80.0, 100.0, 100.0, 100.0, 100.0, 100.0, 100.0, 100.0, 100.0, 100.0, 100.0, 100.0, 100.0, 100.0, 100.0, 100.0, 100.0, 100.0, 100.0, 100.0, 100.0, 100.0, 100.0, 80.0, 100.0, 100.0, 100.0, 90.0, 90.0, 100.0, 100.0, 100.0, 100.0, 100.0, 100.0, 100.0, 100.0, 100.0, 100.0, 80.0, 100.0, 100.0, 100.0, 100.0, 90.0, 100.0, 100.0, 100.0, 100.0, 100.0, 100.0, 80.0, 100.0, 100.0, 100.0, 100.0, 100.0, 100.0, 60.0, 80.0, 100.0, 100.0, 100.0, 100.0, 100.0, 100.0, 90.0, 100.0, 90.0, 100.0, 100.0, 100.0, 100.0, 100.0, 100.0, 100.0, 80.0, 100.0, 100.0, 100.0, 100.0, 90.0, 80.0, 100.0, 100.0, 100.0, 90.0, 100.0, 100.0, 90.0, 90.0, 100.0, 100.0, 80.0, 90.0, 90.0, 80.0, 100.0, 100.0, 90.0, 100.0, 100.0, 100.0, 100.0, 100.0, 100.0, 100.0, 70.0, 100.0, 90.0, 90.0, 100.0, 100.0, 100.0, 100.0, 100.0, 100.0, 100.0, 100.0, 90.0, 100.0, 100.0, 100.0, 90.0, 90.0, 90.0, 100.0, 100.0, 100.0, 100.0, 90.0, 100.0, 100.0, 100.0, 100.0, 100.0, 100.0, 100.0, 100.0, 100.0, 100.0, 100.0, 100.0, 100.0, 100.0, 100.0, 100.0, 100.0, 100.0, 100.0, 100.0, 80.0, 100.0, 100.0, 100.0, 100.0, 90.0, 100.0, 100.0, 100.0, 