{"shuffle_centroids_times": [0.04319167137145996], "map_iterdata_times": [0.6534552574157715], "create_map_data": [0.8069536685943604], "map_queries_times": [[[12.899106979370117, 0.3283803462982178, [0.8984172344207764, 0.3324551582336426, 0.32918858528137207, 0.2692878246307373, 0.29711341857910156, 0.41808605194091797, 0.8543684482574463, 0.517411470413208, 0.7581074237823486, 1.3263354301452637, 0.3600790500640869, 1.226381540298462, 0.33092212677001953, 0.756511926651001, 0.736748456954956, 0.4060673713684082], [0.060097694396972656, 0.023815631866455078, 0.009646177291870117, 0.010755062103271484, 0.010656595230102539, 0.012613058090209961, 0.01530909538269043, 0.011385202407836914, 0.014886856079101562, 0.022756099700927734, 0.011664867401123047, 0.020241737365722656, 0.011969804763793945, 0.01483297348022461, 0.014862537384033203, 0.010756731033325195], [0.32988667488098145, 0.13126230239868164, 0.06615161895751953, 0.06370425224304199, 0.06871986389160156, 0.13021230697631836, 0.17276453971862793, 0.10065507888793945, 0.11177802085876465, 0.31746625900268555, 0.08582854270935059, 0.3296680450439453, 0.09174752235412598, 0.15547728538513184, 0.14516830444335938, 0.0672452449798584], 0.1090998649597168], [12.105385541915894, 0.4410059452056885, [0.2917020320892334, 0.27684879302978516, 0.2669975757598877, 0.2942380905151367, 0.33911919593811035, 0.9128561019897461, 0.34877586364746094, 0.7487466335296631, 0.31557679176330566, 0.8442904949188232, 0.757575511932373, 0.9003732204437256, 0.3580813407897949, 0.9979891777038574, 1.258727788925171, 1.0059916973114014], [0.029585599899291992, 0.036490440368652344, 0.02128291130065918, 0.02505636215209961, 0.03368711471557617, 0.03776717185974121, 0.016991376876831055, 0.024451732635498047, 0.013335704803466797, 0.025275468826293945, 0.03103351593017578, 0.034557342529296875, 0.017381906509399414, 0.028977394104003906, 0.05166125297546387, 0.03618764877319336], [0.045998334884643555, 0.06464099884033203, 0.05539345741271973, 0.05363178253173828, 0.0860903263092041, 0.11493706703186035, 0.04147911071777344, 0.05929875373840332, 0.03363633155822754, 0.07929468154907227, 0.08363533020019531, 0.10081028938293457, 0.034630775451660156, 0.0954427719116211, 0.11892819404602051, 0.11039972305297852], 0.10434937477111816], [9.851677894592285, 0.3949620723724365, [0.30824708938598633, 0.2294445037841797, 0.2691168785095215, 0.2183990478515625, 0.19094514846801758, 0.24606609344482422, 0.3650329113006592, 0.1779782772064209, 0.5885534286499023, 0.7830126285552979, 0.4339473247528076, 0.5498208999633789, 0.6685397624969482, 0.6473250389099121, 1.3979299068450928, 0.8300254344940186], [0.031635284423828125, 0.030005455017089844, 0.019744396209716797, 0.015418767929077148, 0.013207674026489258, 0.017688274383544922, 0.0341341495513916, 0.013729333877563477, 0.020985126495361328, 0.036536216735839844, 0.017577409744262695, 0.02129817008972168, 0.02953934669494629, 0.022165298461914062, 0.062445640563964844, 0.042658329010009766], [0.05012249946594238, 0.04114079475402832, 0.04637622833251953, 0.1119530200958252, 0.03641533851623535, 0.044455766677856445, 0.06895732879638672, 0.03020501136779785, 0.04969978332519531, 0.0862128734588623, 0.047061920166015625, 0.06587719917297363, 0.05806899070739746, 0.0580141544342041, 0.11668896675109863, 0.09361124038696289], 0.11851882934570312], [11.230583429336548, 0.40299415588378906, [0.4681124687194824, 0.3356752395629883, 0.2858278751373291, 0.3766181468963623, 0.2532672882080078, 0.34657764434814453, 0.9313364028930664, 0.9979872703552246, 0.6958134174346924, 0.7122397422790527, 0.33937811851501465, 0.6705524921417236, 0.4552907943725586, 0.5374486446380615, 1.2480320930480957, 0.5730085372924805], [0.05010080337524414, 0.04081845283508301, 0.020878076553344727, 0.02037644386291504, 0.0166471004486084, 0.024328947067260742, 0.044878482818603516, 0.03946328163146973, 0.02679729461669922, 0.02637195587158203, 0.012842178344726562, 0.021942138671875, 0.016999483108520508, 0.017484188079833984, 0.04792451858520508, 0.026942014694213867], [0.08657240867614746, 0.055316925048828125, 0.05583620071411133, 0.056948184967041016, 0.04250383377075195, 0.0687711238861084, 0.0765988826751709, 0.0932016372680664, 0.07297706604003906, 0.06038665771484375, 0.032158851623535156, 0.05536532402038574, 0.03128337860107422, 0.11085271835327148, 0.08629035949707031, 0.04175591468811035], 0.11861371994018555]]], "map_execution": [16.214516401290894], "map_invoke": [[0.5431869029998779, 0.5753192901611328, 0.6059119701385498, 0.6689972877502441]], "create_reduce_data": [0.18570590019226074], "reduce_iterdata_times": [0.18471479415893555], "reduce_queries_times": [[0.08222603797912598]], "reduce_execution_times": [3.066606044769287], "reduce_invoke": [[0.553337812423706]], "divide_reduce_times": [8.559226989746094e-05], "total_querying_times": [20.273868083953857],