{"shuffle_centroids_times": [0.1118316650390625], "map_iterdata_times": [0.9260284900665283], "create_map_data": [1.0845248699188232], "map_queries_times": [[[12.705306768417358, 0.6707468032836914, [0.28110814094543457, 0.2507154941558838, 0.2020869255065918, 0.19457364082336426, 0.2598094940185547, 0.16755223274230957, 0.15149950981140137, 0.1601877212524414, 0.16047239303588867, 0.11875414848327637, 0.2155749797821045, 0.423633337020874, 0.33780884742736816, 0.5388286113739014, 0.663698673248291, 0.22072482109069824, 0.3170027732849121, 0.11253952980041504, 0.32143521308898926, 0.4440343379974365, 0.3185114860534668, 0.429365873336792, 0.20802974700927734, 0.5357155799865723, 0.5598764419555664, 0.23757147789001465, 0.313765287399292, 0.4330177307128906, 0.22178959846496582, 0.5521748065948486, 0.32297635078430176, 0.3144950866699219], [0.02309584617614746, 0.032634735107421875, 0.01546478271484375, 0.014261722564697266, 0.02039194107055664, 0.012807369232177734, 0.011872291564941406, 0.011977910995483398, 0.01333928108215332, 0.00960683822631836, 0.008162736892700195, 0.015571355819702148, 0.013988971710205078, 0.016856908798217773, 0.023955583572387695, 0.009816646575927734, 0.012410163879394531, 0.006720066070556641, 0.011724472045898438, 0.017942190170288086, 0.011498212814331055, 0.016024351119995117, 0.00914764404296875, 0.01700448989868164, 0.017577409744262695, 0.012428045272827148, 0.011722326278686523, 0.014977216720581055, 0.01025700569152832, 0.018256664276123047, 0.011627197265625, 0.011785745620727539], [0.027172565460205078, 0.03394150733947754, 0.11872124671936035, 0.03721213340759277, 0.017922639846801758, 0.027927160263061523, 0.03630185127258301, 0.02475714683532715, 0.03450775146484375, 0.028044700622558594, 0.023381471633911133, 0.04832577705383301, 0.04417061805725098, 0.04776453971862793, 0.025115966796875, 0.03152823448181152, 0.031363487243652344, 0.016156911849975586, 0.12653875350952148, 0.05104351043701172, 0.031848907470703125, 0.05072474479675293, 0.027715206146240234, 0.03374791145324707, 0.04134368896484375, 0.02969193458557129, 0.03220033645629883, 0.04230332374572754, 0.032681941986083984, 0.04485940933227539, 0.03286600112915039, 0.030977249145507812], 0.31712818145751953], [11.602457523345947, 0.5693740844726562, [0.16111254692077637, 0.2646362781524658, 0.22288823127746582, 0.12813949584960938, 0.10762166976928711, 0.1850590705871582, 0.1142573356628418, 0.20768117904663086, 0.19471335411071777, 0.11464786529541016, 0.30263638496398926, 0.39185333251953125, 0.303102970123291, 0.3994925022125244, 0.20917773246765137, 0.28600239753723145, 0.41654372215270996, 0.4138913154602051, 0.3128530979156494, 0.4058234691619873, 0.5177509784698486, 0.20232272148132324, 0.5305955410003662, 0.40349245071411133, 0.22018098831176758, 0.29801464080810547, 0.3994903564453125, 0.21191191673278809, 0.6178629398345947, 0.331775426864624, 0.4170975685119629, 0.19669270515441895], [0.008262157440185547, 0.02750372886657715, 0.015697002410888672, 0.0069925785064697266, 0.005898475646972656, 0.011411666870117188, 0.0068700313568115234, 0.011494159698486328, 0.010268688201904297, 0.005990505218505859, 0.007778644561767578, 0.007990837097167969, 0.00854802131652832, 0.009532451629638672, 0.007500886917114258, 0.0069925785064697266, 0.011320114135742188, 0.009908914566040039, 0.008719921112060547, 0.009356975555419922, 0.01226043701171875, 0.006715536117553711, 0.011621475219726562, 0.009940862655639648, 0.008270263671875, 0.007080793380737305, 0.009291410446166992, 0.005554676055908203, 0.01457357406616211, 0.010835409164428711, 0.010806560516357422, 0.006494283676147461], [0.04476189613342285, 0.054364919662475586, 0.04255962371826172, 0.09515666961669922, 0.022593975067138672, 0.019576311111450195, 0.01751542091369629, 0.032303810119628906, 0.033373117446899414, 0.015686511993408203, 0.017204761505126953, 0.03262615203857422, 0.03428959846496582, 0.038789987564086914, 0.02571725845336914, 0.01696157455444336, 0.04907679557800293, 0.032212018966674805, 0.04143929481506348, 0.0184323787689209, 0.03719663619995117, 0.020040512084960938, 0.0367131233215332, 0.03134632110595703, 0.01959085464477539, 0.028153657913208008, 0.02595376968383789, 0.018416404724121094, 0.05955934524536133, 0.03820157051086426, 0.0343012809753418, 0.019692182540893555], 0.17813467979431152], [10.69124698638916, 0.5638408660888672, [0.15679097175598145, 0.11882638931274414, 0.1385362148284912, 0.14945101737976074, 0.11409592628479004, 0.18514442443847656, 0.1270606517791748, 0.12563562393188477, 0.15844106674194336, 0.15358591079711914, 0.13173675537109375, 0.2882707118988037, 0.2937910556793213, 0.2800331115722656, 0.3948631286621094, 0.3928186893463135, 0.21935343742370605, 0.3047215938568115, 0.3890187740325928, 0.2982470989227295, 0.285628080368042, 0.6048719882965088, 0.39618539810180664, 0.38565874099731445, 0.19881010055541992, 0.39025092124938965, 0.2002263069152832, 0.386096715927124, 0.3852043151855469, 0.3125007152557373, 0.2062358856201172, 0.5073456764221191], [0.01088714599609375, 0.015089988708496094, 0.011789798736572266, 0.016775131225585938, 0.009288549423217773, 0.014929056167602539, 0.010744571685791016, 0.011013507843017578, 0.013245820999145508, 0.014475584030151367, 0.011765718460083008, 0.009603023529052734, 0.011828899383544922, 0.008765697479248047, 0.01331019401550293, 0.013445615768432617, 0.008352994918823242, 0.012510061264038086, 0.012345552444458008, 0.011394262313842773, 0.009156942367553711, 0.0215609073638916, 0.01822352409362793, 0.01250600814819336, 0.00924229621887207, 0.012722253799438477, 0.008512020111083984, 0.012663841247558594, 0.012414693832397461, 0.013406515121459961, 0.00684356689453125, 0.016813278198242188], [0.02910447120666504, 0.015228748321533203, 0.028607845306396484, 0.11059236526489258, 0.021624088287353516, 0.027887582778930664, 0.014464855194091797, 0.028468608856201172, 0.023597240447998047, 0.030664443969726562, 0.02981853485107422, 0.023904085159301758, 0.032021284103393555, 0.019158601760864258, 0.03040456771850586, 0.034094810485839844, 0.026122570037841797, 0.03285837173461914, 0.024794578552246094, 0.03283071517944336, 0.015440702438354492, 0.030345916748046875, 0.015536069869995117, 0.021416187286376953, 0.015692710876464844, 0.027558326721191406, 0.014539718627929688, 0.02747035026550293, 0.02758479118347168, 0.0322871208190918, 0.011732339859008789, 0.028256654739379883], 0.16794347763061523], [11.448585510253906, 0.37497997283935547, [0.11887598037719727, 0.14317011833190918, 0.15165042877197266, 0.178757905960083, 0.16981983184814453, 0.28780293464660645, 0.15465784072875977, 0.22951674461364746, 0.21210408210754395, 0.40166568756103516, 0.11332488059997559, 0.19173574447631836, 0.3802180290222168, 0.5101823806762695, 0.41115617752075195, 0.2082042694091797, 0.2971782684326172, 0.4061882495880127, 0.5159611701965332, 0.40300512313842773, 0.6305556297302246, 0.6244175434112549, 0.21512460708618164, 0.4112982749938965, 0.21599650382995605, 0.20368242263793945, 0.39412403106689453, 0.2993636131286621, 0.32052087783813477, 0.3277268409729004, 0.3973991870880127, 0.4079759120941162], [0.0052797794342041016, 0.016695737838745117, 0.016172170639038086, 0.016083955764770508, 0.015085220336914062, 0.03081989288330078, 0.013251066207885742, 0.022289037704467773, 0.012401819229125977, 0.013738155364990234, 0.007956504821777344, 0.006659030914306641, 0.012076377868652344, 0.016945600509643555, 0.013296842575073242, 0.009509801864624023, 0.009711027145385742, 0.01365804672241211, 0.018039941787719727, 0.015462875366210938, 0.019177675247192383, 0.023779869079589844, 0.010637044906616211, 0.015017509460449219, 0.010744333267211914, 0.007850408554077148, 0.012587547302246094, 0.009501934051513672, 0.012319326400756836, 0.015009403228759766, 0.01364755630493164, 0.013532400131225586], [0.005539655685424805, 0.02153301239013672, 0.011279821395874023, 0.01977705955505371, 0.03258538246154785, 