{"shuffle_centroids_times": [0.04136323928833008], "map_iterdata_times": [0.4474022388458252], "create_map_data": [0.5352215766906738], "map_queries_times": [[[12.816794633865356, 0.2768974304199219, [0.9376041889190674, 0.37842440605163574, 0.28963398933410645, 0.2950296401977539, 0.2552528381347656, 0.48288750648498535, 0.8237695693969727, 0.4819190502166748, 0.807964563369751, 1.344468116760254, 0.36187052726745605, 1.1058037281036377, 0.4226505756378174, 0.7778127193450928, 0.7322506904602051, 0.4157583713531494], [0.0596926212310791, 0.025534868240356445, 0.012982606887817383, 0.010674476623535156, 0.011424779891967773, 0.013577938079833984, 0.016566991806030273, 0.012672185897827148, 0.01663494110107422, 0.03132295608520508, 0.012802362442016602, 0.020747661590576172, 0.012987852096557617, 0.01570749282836914, 0.016083717346191406, 0.012322664260864258], [0.24850916862487793, 0.11571884155273438, 0.06236457824707031, 0.07139420509338379, 0.05910539627075195, 0.14459919929504395, 0.1957564353942871, 0.09914302825927734, 0.043199777603149414, 0.3681039810180664, 0.09354758262634277, 0.24549150466918945, 0.0825502872467041, 0.14216136932373047, 0.17944645881652832, 0.0782780647277832], 0.09551405906677246], [11.670209169387817, 0.4423091411590576, [0.2591426372528076, 0.3148181438446045, 0.29311394691467285, 0.3089613914489746, 0.33415651321411133, 0.38982701301574707, 0.3556544780731201, 0.6990389823913574, 0.24729323387145996, 0.9007549285888672, 0.8072638511657715, 0.9259166717529297, 0.4639554023742676, 1.0342533588409424, 1.2807095050811768, 0.9568943977355957], [0.052480220794677734, 0.038855791091918945, 0.021230697631835938, 0.025613069534301758, 0.033255577087402344, 0.03836703300476074, 0.01719355583190918, 0.022550106048583984, 0.013222694396972656, 0.02565908432006836, 0.02517986297607422, 0.030198335647583008, 0.016852140426635742, 0.029362916946411133, 0.04935789108276367, 0.03625369071960449], [0.049283742904663086, 0.06966829299926758, 0.05008292198181152, 0.05060100555419922, 0.07614564895629883, 0.10872983932495117, 0.03971457481384277, 0.11078047752380371, 0.0285947322845459, 0.04760146141052246, 0.06483936309814453, 0.06925344467163086, 0.031996965408325195, 0.09721064567565918, 0.09843111038208008, 0.09727215766906738], 0.08986783027648926], [9.844202041625977, 0.3119845390319824, [0.3244173526763916, 0.23949766159057617, 0.3858191967010498, 0.2171638011932373, 0.17777085304260254, 0.22899508476257324, 0.3806154727935791, 0.17947769165039062, 0.5582249164581299, 0.8640255928039551, 0.35698461532592773, 0.647650957107544, 0.6679520606994629, 0.6508891582489014, 1.3978404998779297, 0.9568724632263184], [0.03297066688537598, 0.03012394905090332, 0.020554304122924805, 0.015586614608764648, 0.013118505477905273, 0.017541170120239258, 0.03351855278015137, 0.013331413269042969, 0.021074771881103516, 0.036122798919677734, 0.01764965057373047, 0.021008014678955078, 0.030889034271240234, 0.022330522537231445, 0.06252717971801758, 0.043135881423950195], [0.04361081123352051, 0.03291511535644531, 0.042031288146972656, 0.034256696701049805, 0.03660106658935547, 0.045443058013916016, 0.06876206398010254, 0.022341012954711914, 0.03490400314331055, 0.07846903800964355, 0.03863096237182617, 0.06139993667602539, 0.03761005401611328, 0.05767345428466797, 0.08042645454406738, 0.051363229751586914], 0.09990978240966797], [11.07222056388855, 0.2037503719329834, [0.2606089115142822, 0.3911724090576172, 0.329866886138916, 0.377727746963501, 0.31084179878234863, 0.8760714530944824, 0.25832557678222656, 0.7860219478607178, 0.5690722465515137, 0.6594889163970947, 0.4410088062286377, 1.0229096412658691, 0.9353065490722656, 0.7095704078674316, 0.47086024284362793, 1.4015634059906006], [0.0278623104095459, 0.04980778694152832, 0.027521133422851562, 0.02026057243347168, 0.022401094436645508, 0.045761823654174805, 0.01539158821105957, 0.025725364685058594, 0.02764105796813965, 0.02230238914489746, 0.01672530174255371, 0.03510117530822754, 0.04211878776550293, 0.026682376861572266, 0.01782846450805664, 0.056876420974731445], [0.016765594482421875, 0.05011343955993652, 0.02073526382446289, 0.03967475891113281, 0.03554058074951172, 0.035362958908081055, 0.02453470230102539, 0.04322171211242676, 0.03494071960449219, 0.03970026969909668, 0.024857759475708008, 0.037833213806152344, 0.04828977584838867, 0.026952266693115234, 0.023377656936645508, 0.021096229553222656], 0.06487345695495605]]], "map_execution": [16.18521475791931], "map_invoke": [[0.5541949272155762, 0.7104461193084717, 0.5991086959838867, 0.5798842906951904]], "create_reduce_data": [0.17647004127502441], "reduce_iterdata_times": [0.17532873153686523], "reduce_queries_times": [[0.08051300048828125]], "reduce_execution_times": [3.0649607181549072], "reduce_invoke": [[0.5484144687652588]], "divide_reduce_times": [9.72747802734375e-05], "total_querying_times": [19.96196460723877],