{"shuffle_centroids_times": [0.04167604446411133], "map_iterdata_times": [0.6066360473632812], "create_map_data": [0.7581913471221924], "map_queries_times": [[[12.427892446517944, 0.5542922019958496, [0.23670244216918945, 0.22568535804748535, 0.18119144439697266, 0.17296600341796875, 0.24128437042236328, 0.1543896198272705, 0.15239644050598145, 0.14211010932922363, 0.39969849586486816, 0.20665502548217773, 0.20522069931030273, 0.4963805675506592, 0.31549525260925293, 0.5247204303741455, 0.6693458557128906, 0.26593995094299316, 0.33611392974853516, 0.12028193473815918, 0.32201385498046875, 0.5453372001647949, 0.315859317779541, 0.43407225608825684, 0.2125861644744873, 0.5419259071350098, 0.5392475128173828, 0.31589508056640625, 0.4000701904296875, 0.4147830009460449, 0.21205544471740723, 0.5449998378753662, 0.3109159469604492, 0.3167898654937744], [0.024680137634277344, 0.030750751495361328, 0.014316320419311523, 0.013947725296020508, 0.0193941593170166, 0.01242375373840332, 0.01145029067993164, 0.011626958847045898, 0.012914657592773438, 0.008915185928344727, 0.008086442947387695, 0.015395164489746094, 0.013501882553100586, 0.016457080841064453, 0.02343273162841797, 0.009794473648071289, 0.011907339096069336, 0.006031036376953125, 0.010598182678222656, 0.01730179786682129, 0.011340856552124023, 0.015561342239379883, 0.009106159210205078, 0.016189098358154297, 0.016695261001586914, 0.012221813201904297, 0.01109457015991211, 0.014312505722045898, 0.009623289108276367, 0.017660856246948242, 0.01123952865600586, 0.011133193969726562], [0.017632484436035156, 0.020120620727539062, 0.012988805770874023, 0.0308840274810791, 0.011854171752929688, 0.017871618270874023, 0.028039216995239258, 0.01857733726501465, 0.02755117416381836, 0.026548385620117188, 0.01627039909362793, 0.043164730072021484, 0.02686333656311035, 0.032828569412231445, 0.013221025466918945, 0.021409273147583008, 0.023950576782226562, 0.008780241012573242, 0.02626180648803711, 0.041826725006103516, 0.025409698486328125, 0.04096674919128418, 0.01349020004272461, 0.0227053165435791, 0.029948949813842773, 0.023927927017211914, 0.02953362464904785, 0.035065412521362305, 0.026390552520751953, 0.04021620750427246, 0.0278170108795166, 0.021486282348632812], 0.1474614143371582], [11.35110092163086, 0.5121119022369385, [0.16900849342346191, 0.27491283416748047, 0.21105432510375977, 0.12860441207885742, 0.11354923248291016, 0.19590330123901367, 0.12221956253051758, 0.1914505958557129, 0.1802070140838623, 0.11357855796813965, 0.2947080135345459, 0.3838834762573242, 0.2954261302947998, 0.3945791721343994, 0.21338319778442383, 0.2800407409667969, 0.4929337501525879, 0.32038426399230957, 0.3889782428741455, 0.3932466506958008, 0.49942564964294434, 0.2103443145751953, 0.5043168067932129, 0.31215381622314453, 0.2961277961730957, 0.2889230251312256, 0.3942883014678955, 0.20907020568847656, 0.5898096561431885, 0.4621598720550537, 0.4382038116455078, 0.1188039779663086], [0.013749361038208008, 0.03659701347351074, 0.021114826202392578, 0.009427785873413086, 0.008011102676391602, 0.015553951263427734, 0.009191036224365234, 0.015548944473266602, 0.01429438591003418, 0.008800029754638672, 0.010626792907714844, 0.010837554931640625, 0.011890649795532227, 0.012858390808105469, 0.009778738021850586, 0.008761882781982422, 0.01480412483215332, 0.014115333557128906, 0.012061834335327148, 0.013079404830932617, 0.017177343368530273, 0.008629083633422852, 0.016177654266357422, 0.012983322143554688, 0.010994672775268555, 0.00978708267211914, 0.012750864028930664, 0.007305622100830078, 0.01905369758605957, 0.014561891555786133, 0.014528512954711914, 0.007756948471069336], [0.031108856201171875, 0.03796696662902832, 0.03576993942260742, 0.02413320541381836, 0.015548467636108398, 0.0216522216796875, 0.012071371078491211, 0.017439842224121094, 0.030484914779663086, 0.011832952499389648, 0.01259160041809082, 0.020694494247436523, 0.02931833267211914, 0.02810072898864746, 0.018464326858520508, 0.014599800109863281, 0.03354692459106445, 0.0246889591217041, 0.0297849178314209, 0.013374090194702148, 0.02874279022216797, 0.025440216064453125, 0.0254666805267334, 0.017453908920288086, 0.01355743408203125, 0.028531789779663086, 0.016736984252929688, 0.013727188110351562, 0.028594493865966797, 0.02615952491760254, 0.020786523818969727, 0.013850212097167969], 0.21197843551635742], [10.974795818328857, 0.2892765998840332, [0.13072681427001953, 0.15277457237243652, 0.1292877197265625, 0.13391995429992676, 0.143052339553833, 0.15861725807189941, 0.13861680030822754, 0.1669905185699463, 0.27881503105163574, 0.30479979515075684, 0.6191918849945068, 0.3914918899536133, 0.3019595146179199, 0.3920607566833496, 0.2934129238128662, 0.310091495513916, 0.28960633277893066, 0.4105854034423828, 0.39978909492492676, 0.20360803604125977, 0.20017218589782715, 0.2841379642486572, 0.38565611839294434, 0.3642714023590088, 0.39225268363952637, 0.39705944061279297, 0.19733476638793945, 0.49490857124328613, 0.29512667655944824, 0.5210504531860352, 0.42294979095458984, 0.5179409980773926], [0.007298707962036133, 0.0069427490234375, 0.009093761444091797, 0.012707233428955078, 0.011644840240478516, 0.011085987091064453, 0.0078084468841552734, 0.010499715805053711, 0.02378225326538086, 0.009584665298461914, 0.017901182174682617, 0.009268045425415039, 0.00855708122253418, 0.010139226913452148, 0.007840871810913086, 0.010129213333129883, 0.007567882537841797, 0.010012626647949219, 0.011007547378540039, 0.0055315494537353516, 0.0065343379974365234, 0.009195327758789062, 0.01125025749206543, 0.01278066635131836, 0.009502887725830078, 0.009638071060180664, 0.007138490676879883, 0.012563228607177734, 0.009429931640625, 0.014852285385131836, 0.010904788970947266, 0.011815071105957031], [0.01513671875, 0.002991199493408203, 0.011925935745239258, 0.0072765350341796875, 0.010924816131591797, 0.021526575088500977, 0.008868932723999023, 0.01716160774230957, 0.01368570327758789, 0.010981082916259766, 0.009153366088867188, 0.0103759765625, 0.01817178726196289, 0.015234947204589844, 0.007674455642700195, 0.017772912979125977, 0.012674570083618164, 0.016220808029174805, 0.031707763671875, 0.011096954345703125, 0.004920482635498047, 0.008799076080322266, 0.017583847045898438, 0.02086949348449707, 0.016768455505371094, 0.013424873352050781, 0.012238502502441406, 0.01899576187133789, 0.009297847747802734, 0.013291597366333008, 0.014667749404907227, 0.016544580459594727], 0.090972900390625], [11.120054483413696, 0.26257896423339844, [0.35250091552734375, 0.22318196296691895, 0.24967646598815918, 0.13780784606933594, 0.16240596771240234, 0.1767561435699463, 0.25748443603515625, 0.12256240844726562, 0.2036447525024414, 0.40686964988708496, 0.40351104736328125, 0.21467351913452148, 0.40904712677001953, 0.2985556125640869, 0.6293468475341797, 0.20666050910949707, 0.3978869915008545, 0.11814546585083008, 0.512056827545166, 0.306138277053833, 0.2952299118041992, 0.20909714698791504, 0.39725327491760254, 0.11677742004394531, 0.5067794322967529, 0.3095061779022217, 0.3873443603515625, 0.4001328945159912, 0.40430665016174316, 0.2090458869934082, 0.4012625217437744, 0.4085531234741211], [0.029116153717041016, 0.026970624923706055, 0.019672632217407227, 0.010074853897094727, 0.012100696563720703, 0.012864828109741211, 0.020587921142578125, 0.0093994140625, 0.014804840087890625, 0.013646364212036133, 0.013698101043701172, 0.009755134582519531, 0.013738632202148438, 0.010200738906860352, 0.02016925811767578, 0.008839607238769531, 0.011691808700561523, 0.007589578628540039, 0.015389204025268555, 0.011779308319091797, 0.010993480682373047, 0.00950312614440918, 0.013143539428710938, 0.007445573806762695, 0.015270471572875977, 0.012877941131591797, 0.011730194091796875, 0.013890504837036133, 0.014069318771362305, 0.009522676467895508, 0.012238502502441406, 0.013305902481079102], [0.01881122589111328, 0.01554560661315918, 0.01354360580444336, 0.018253564834594727, 0.024873018264770508, 