{"shuffle_centroids_times": [0.04040813446044922], "map_iterdata_times": [0.6017115116119385], "create_map_data": [0.7518000602722168], "map_queries_times": [[[12.962681531906128, 0.38747096061706543, [0.9470207691192627, 0.36827659606933594, 0.24926495552062988, 0.2592296600341797, 0.2820780277252197, 0.6805253028869629, 0.8256244659423828, 0.5650606155395508, 0.8208873271942139, 1.3164594173431396, 0.5106091499328613, 1.1912486553192139, 0.5138745307922363, 0.818335771560669, 0.8068523406982422, 0.46584653854370117], [0.10213923454284668, 0.04184746742248535, 0.020095109939575195, 0.01910710334777832, 0.019766807556152344, 0.023892879486083984, 0.02978348731994629, 0.02104949951171875, 0.028821945190429688, 0.05047416687011719, 0.022563457489013672, 0.03841352462768555, 0.021968841552734375, 0.027199268341064453, 0.027339935302734375, 0.019329071044921875], [0.1527235507965088, 0.07368946075439453, 0.049692630767822266, 0.04722738265991211, 0.05834031105041504, 0.07986140251159668, 0.10279417037963867, 0.06363916397094727, 0.0663144588470459, 0.15297222137451172, 0.05721020698547363, 0.13818573951721191, 0.05601048469543457, 0.08613014221191406, 0.08760356903076172, 0.04717230796813965], 0.12047219276428223], [12.250819206237793, 0.32512784004211426, [0.45475006103515625, 0.3212251663208008, 0.32024407386779785, 0.36531662940979004, 0.43403124809265137, 0.4426462650299072, 0.27516651153564453, 0.6961929798126221, 0.25534534454345703, 0.9007987976074219, 0.6110131740570068, 0.941417932510376, 0.28069162368774414, 0.9656915664672852, 1.2148687839508057, 0.8566389083862305], [0.018886089324951172, 0.022637605667114258, 0.013227224349975586, 0.015228986740112305, 0.020020246505737305, 0.023279666900634766, 0.010826349258422852, 0.015166521072387695, 0.009120702743530273, 0.01508021354675293, 0.01845073699951172, 0.02002573013305664, 0.010862112045288086, 0.01717209815979004, 0.030768871307373047, 0.02122330665588379], [0.08193325996398926, 0.12689661979675293, 0.08555483818054199, 0.10154414176940918, 0.16184329986572266, 0.24078869819641113, 0.06607651710510254, 0.10248541831970215, 0.04083251953125, 0.16042494773864746, 0.1543729305267334, 0.18684601783752441, 0.05712556838989258, 0.17621612548828125, 0.23411965370178223, 0.22295022010803223], 0.10749030113220215], [10.062652826309204, 0.35258984565734863, [0.2711365222930908, 0.2021641731262207, 0.23859596252441406, 0.19295907020568848, 0.15976667404174805, 0.21326899528503418, 0.5317175388336182, 0.31852173805236816, 0.6571547985076904, 0.7841382026672363, 0.34091663360595703, 0.6650731563568115, 0.6717009544372559, 0.6476960182189941, 1.3580033779144287, 1.0026812553405762], [0.028960466384887695, 0.027127981185913086, 0.01916050910949707, 0.014888286590576172, 0.012454986572265625, 0.01676321029663086, 0.03150534629821777, 0.012689828872680664, 0.01986527442932129, 0.03405952453613281, 0.01674032211303711, 0.020081758499145508, 0.028522491455078125, 0.02091670036315918, 0.057981252670288086, 0.04102516174316406], [0.05294632911682129, 0.034432172775268555, 0.04305887222290039, 0.03419780731201172, 0.03717303276062012, 0.03978466987609863, 0.06415152549743652, 0.026253938674926758, 0.05009126663208008, 0.08353161811828613, 0.039388418197631836, 0.05457663536071777, 0.05616879463195801, 0.05144357681274414, 0.11913371086120605, 0.08927273750305176], 0.17603731155395508], [11.096128463745117, 0.388761043548584, [0.5727810859680176, 0.3603508472442627, 0.31316304206848145, 0.3089590072631836, 0.2600882053375244, 0.35759592056274414, 0.866722822189331, 0.8406107425689697, 0.7958970069885254, 0.6704704761505127, 0.2298717498779297, 0.6632266044616699, 0.4350574016571045, 0.4397737979888916, 1.41485595703125, 0.508631706237793], [0.050122737884521484, 0.04122614860534668, 0.0240936279296875, 0.02848529815673828, 0.01733541488647461, 0.024451494216918945, 0.05744791030883789, 0.03907036781311035, 0.029360294342041016, 0.02553534507751465, 0.015729665756225586, 0.025192737579345703, 0.02097034454345703, 0.01747584342956543, 0.06040358543395996, 0.028031110763549805], [0.0813283920288086, 0.05597400665283203, 0.059792518615722656, 0.052408695220947266, 0.03621363639831543, 0.06441211700439453, 0.07951664924621582, 0.0901026725769043, 0.07961821556091309, 0.13748478889465332, 0.0318751335144043, 0.06403422355651855, 0.03608417510986328, 0.03561758995056152, 0.08631491661071777, 0.052431583404541016], 0.12095928192138672]]], "map_execution": [15.149989604949951], "map_invoke": [[0.5905346870422363, 0.511221170425415, 0.5116760730743408, 0.6173095703125]], "create_reduce_data": [0.20766997337341309], "reduce_iterdata_times": [0.20616674423217773], "reduce_queries_times": [[0.15092754364013672]], "reduce_execution_times": [3.0739223957061768], "reduce_invoke": [[0.5543251037597656]], "divide_reduce_times": [8.7738037109375e-05], "total_querying_times": [19.183470010757446],