{"load_dataset_centroids": 0, "global_index_centroids": 0, "distribute_vectors_centroids": [110.54477047920227, 104.2258083820343, 153.33746647834778, 108.87982845306396, 157.66388630867004, 111.56536722183228, 150.85418963432312, 153.45249724388123, 100.7495448589325, 103.17223262786865, 103.54157185554504, 102.13293147087097, 109.63391208648682, 109.94106531143188, 110.8395586013794, 153.18358659744263], "distribute_vectors_invocation_centroids": [2.043459177017212, 0.975372314453125, 2.345562696456909, 2.0181429386138916, 2.384829521179199, 2.0038065910339355, 2.429008722305298, 2.3616340160369873, 0.970571756362915, 0.9866383075714111, 1.0923659801483154, 0.9604260921478271, 2.428880453109741, 2.125040292739868, 2.0412371158599854, 2.37166166305542], "total_generated_vectors": 11981116, "generated_vectors": [868992, 1006211, 702535, 660154, 786555, 522169, 634143, 711121, 810000, 914610, 648674, 268804, 781287, 724069, 878271, 1063521], "avg_generated_vectors": 748819.75, "std_dev_generated_vectors": 190996.8462505773, "generate_index_centroids": [47.45060205459595, 49.774742126464844, 95.6399998664856, 56.33505344390869, 77.02832865715027, 79.75199389457703, 53.731438875198364, 55.36565065383911, 36.67537832260132, 63.01184415817261, 45.01671361923218, 50.211328744888306, 71.41086506843567, 58.049593687057495, 20.238239288330078, 76.27497601509094], "generate_index_invocation_centroids": [0.9645416736602783, 0.9373800754547119, 1.0378122329711914, 1.1042227745056152, 0.9849190711975098, 1.0630640983581543, 0.9581296443939209, 0.9653744697570801, 0.9415450096130371, 1.0971698760986328, 0.9480020999908447, 0.963871955871582, 0.9531574249267578, 0.9791011810302734, 0.9765739440917969, 1.050675630569458], "total_indexing_centroids": 263.54927277565, "shuffle_centroids_times": [], "map_iterdata_times": [], "create_map_data": [], "map_queries_times": [], "map_execution": [], "map_invoke": [], "create_reduce_data": [], "reduce_iterdata_times": [], "reduce_queries_times": [], "reduce_execution_times": [], "reduce_invoke": [], "divide_reduce_times": [], "total_querying_times": [], "recalls": [], "distribute_vectors_centroids_mean": 121.48238860070705, "generate_index_centroids_mean": 58.49792177975178, "params": {"dataset": "deep", "features": 96, "k_search": 10, "num_index": 16, "replication_threshold": 1.02, "num_centroids_search": 1, "k": 512, "kmeans_version": "unbalanced", "n_probe": 32, "query_batch_size": 4, "implementation": "centroids", "indexing_memory": 10240, "search_map_memory": 8192, "search_reduce_memory": 2048}}