{"load_dataset_centroids": 0, "global_index_centroids": 0, "distribute_vectors_centroids": [151.59719824790955, 151.12411618232727, 154.83522486686707, 151.82649970054626, 109.28274011611938, 107.38554048538208, 148.07351446151733, 106.99477005004883, 142.27574968338013, 106.53153538703918, 115.87420773506165, 154.88402652740479, 149.68078780174255, 154.66739201545715, 106.11170053482056, 151.00927591323853], "distribute_vectors_invocation_centroids": [1.2192344665527344, 1.135812520980835, 1.1655383110046387, 1.1851651668548584, 1.00685453414917, 1.06596040725708, 1.1919364929199219, 1.0448174476623535, 1.1187705993652344, 1.0267693996429443, 1.1583621501922607, 1.202275276184082, 1.1384549140930176, 1.1668334007263184, 1.028576135635376, 1.1942930221557617], "total_generated_vectors": 12291949, "generated_vectors": [204367, 160302, 148181, 112869, 239716, 261085, 161355, 144503, 242507, 159684, 184062, 245603, 261359, 168716, 97670, 205799, 319278, 152981, 201492, 176842, 408608, 116558, 171698, 305612, 196885, 121368, 223895, 277532, 203376, 198161, 194217, 277519, 260742, 153728, 329716, 225001, 162561, 98792, 279864, 183345, 165187, 226973, 139965, 150581, 134675, 116807, 132107, 172582, 118540, 365867, 169586, 151901, 175874, 200192, 209255, 180451, 156396, 90505, 222946, 198147, 137174, 119887, 147238, 171564], "avg_generated_vectors": 192061.703125, "std_dev_generated_vectors": 65454.60370380052, "generate_index_centroids": [49.98308610916138, 75.6528525352478, 72.26365685462952, 96.1732976436615, 63.94121861457825, 65.28683114051819, 105.51306009292603, 67.06070160865784, 70.43007040023804, 59.75278115272522, 59.451839447021484, 73.80837631225586, 86.36644291877747, 49.252103090286255, 60.954428911209106, 118.63586783409119], "generate_index_invocation_centroids": [0.9576473236083984, 1.0947620868682861, 1.3485565185546875, 1.0471365451812744, 1.0228996276855469, 1.0139307975769043, 1.0473997592926025, 1.0926988124847412, 1.0698206424713135, 1.053893804550171, 0.9301648139953613, 1.1101303100585938, 0.9827091693878174, 0.921454668045044, 0.9199655055999756, 0.9879300594329834], "total_indexing_centroids": 280.5478971004486, "shuffle_centroids_times": [], "map_iterdata_times": [], "create_map_data": [], "map_queries_times": [], "map_execution": [], "map_invoke": [], "create_reduce_data": [], "reduce_iterdata_times": [], "reduce_queries_times": [], "reduce_execution_times": [], "reduce_invoke": [], "divide_reduce_times": [], "total_querying_times": [], "recalls": [], "distribute_vectors_centroids_mean": 135.1346424818039, "generate_index_centroids_mean": 73.40791341662407, "params": {"dataset": "deep", "features": 96, "k_search": 10, "num_index": 64, "replication_threshold": 1.02, "num_centroids_search": 1, "k": 512, "kmeans_version": "unbalanced", "n_probe": 32, "query_batch_size": 16, "implementation": "centroids", "indexing_memory": 10240, "search_map_memory": 8192, "search_reduce_memory": 2048}}