{"load_dataset_centroids": 0, "global_index_centroids": 0, "distribute_vectors_centroids": [110.64435243606567, 103.62046551704407, 113.58077192306519, 149.50133657455444, 154.84670495986938, 148.2338569164276, 112.66670489311218, 114.4321551322937, 110.11282134056091, 149.97650980949402, 149.48015809059143, 148.28507232666016, 109.63975548744202, 108.82022428512573, 104.13319849967957, 152.97407865524292], "distribute_vectors_invocation_centroids": [1.1313936710357666, 1.0858867168426514, 1.0256972312927246, 1.1894397735595703, 1.2119925022125244, 1.1306047439575195, 1.0429401397705078, 0.9951558113098145, 1.1007778644561768, 1.1447257995605469, 1.282170057296753, 1.2112460136413574, 1.0593128204345703, 1.0747027397155762, 1.1378567218780518, 1.2648522853851318], "total_generated_vectors": 1792369, "generated_vectors": [62424, 155527, 14167, 118343, 84705, 43680, 135765, 83362, 67744, 47635, 66846, 89045, 44686, 89135, 82050, 15521, 27601, 48324, 6840, 52792, 20161, 153146, 15112, 29629, 70232, 31019, 93239, 16412, 11041, 15820, 149, 217], "avg_generated_vectors": 56011.53125, "std_dev_generated_vectors": 43500.03805336443, "generate_index_centroids": [190.20384407043457, 57.10289692878723, 12.874017000198364, 134.76597499847412, 23.29385232925415, 83.07458782196045, 26.483757972717285, 186.64888072013855, 107.5527708530426, 105.65523076057434, 88.40294742584229, 58.15705466270447, 149.37458896636963, 121.24506735801697, 114.24697375297546, 157.5031578540802], "generate_index_invocation_centroids": [1.1536056995391846, 1.5139667987823486, 1.0554909706115723, 0.9218358993530273, 1.056525468826294, 0.9995791912078857, 0.9029808044433594, 1.063058853149414, 1.0917298793792725, 1.1353228092193604, 0.9783351421356201, 1.0797762870788574, 0.9827232360839844, 0.9792494773864746, 0.9846386909484863, 0.982304573059082], "total_indexing_centroids": 352.67681527137756, "shuffle_centroids_times": [], "map_iterdata_times": [], "create_map_data": [], "map_queries_times": [], "map_execution": [], "map_invoke": [], "create_reduce_data": [], "reduce_iterdata_times": [], "reduce_queries_times": [], "reduce_execution_times": [], "reduce_invoke": [], "divide_reduce_times": [], "total_querying_times": [], "recalls": [], "distribute_vectors_centroids_mean": 127.55926042795181, "generate_index_centroids_mean": 101.03660021722317, "params": {"dataset": "gist", "features": 960, "k_search": 10, "num_index": 32, "replication_threshold": 1.05, "num_centroids_search": 1, "k": 512, "kmeans_version": "unbalanced", "n_probe": 32, "query_batch_size": 8, "implementation": "centroids", "indexing_memory": 10240, "search_map_memory": 8192, "search_reduce_memory": 2048}}