{"load_dataset_centroids": 0, "global_index_centroids": 0, "distribute_vectors_centroids": [126.51555562019348, 165.5355167388916, 173.6589756011963, 115.95202326774597, 113.82184100151062, 165.32092308998108, 121.94211292266846, 113.29728841781616, 117.71570563316345, 162.68850946426392, 127.52682685852051, 170.99077439308167, 123.21459150314331, 121.7983295917511, 169.4405496120453, 128.10755586624146], "distribute_vectors_invocation_centroids": [1.0682706832885742, 1.2158260345458984, 1.2912178039550781, 1.1078896522521973, 1.0915181636810303, 1.243159294128418, 1.1002750396728516, 1.1958208084106445, 1.1307868957519531, 1.1096720695495605, 1.115691900253296, 1.1991257667541504, 1.1090185642242432, 1.0672531127929688, 1.2270450592041016, 1.1306004524230957], "total_generated_vectors": 2146910, "generated_vectors": [38074, 38431, 60358, 16873, 55717, 59499, 45689, 57724, 21151, 73969, 24127, 40201, 45950, 87513, 25938, 66087, 59134, 49045, 82478, 24051, 21784, 62803, 56617, 84040, 22703, 26561, 18071, 48617, 17265, 22173, 7834, 41918, 38558, 53871, 25521, 29939, 18121, 44394, 57343, 23277, 25636, 14075, 21044, 38817, 35008, 44381, 20608, 23842, 19537, 14711, 35839, 40337, 17153, 7779, 29346, 4553, 2772, 36853, 3480, 6869, 6115, 4513, 216, 7], "avg_generated_vectors": 33545.46875, "std_dev_generated_vectors": 21677.39321290603, "generate_index_centroids": [152.5875961780548, 110.6340811252594, 67.1034426689148, 128.46352815628052, 234.29741406440735, 208.28301572799683, 82.99769425392151, 104.63939189910889, 87.16085457801819, 179.15526914596558, 121.5768370628357, 77.65464091300964, 97.56761431694031, 111.60350489616394, 122.76316261291504, 122.1045389175415], "generate_index_invocation_centroids": [1.138744831085205, 1.1090164184570312, 0.9550673961639404, 0.9492557048797607, 1.0680263042449951, 1.1187522411346436, 0.959902286529541, 0.8922746181488037, 0.9073140621185303, 1.1260716915130615, 1.0544230937957764, 0.9820296764373779, 1.058439016342163, 0.9544143676757812, 1.1154053211212158, 1.0288057327270508], "total_indexing_centroids": 416.7878797054291, "shuffle_centroids_times": [], "map_iterdata_times": [], "create_map_data": [], "map_queries_times": [], "map_execution": [], "map_invoke": [], "create_reduce_data": [], "reduce_iterdata_times": [], "reduce_queries_times": [], "reduce_execution_times": [], "reduce_invoke": [], "divide_reduce_times": [], "total_querying_times": [], "recalls": [], "distribute_vectors_centroids_mean": 138.5954424738884, "generate_index_centroids_mean": 125.53703665733337, "params": {"dataset": "gist", "features": 960, "k_search": 10, "num_index": 64, "replication_threshold": 1.05, "num_centroids_search": 1, "k": 512, "kmeans_version": "unbalanced", "n_probe": 32, "query_batch_size": 16, "implementation": "centroids", "indexing_memory": 10240, "search_map_memory": 8192, "search_reduce_memory": 2048}}