{"load_dataset_centroids": 0, "global_index_centroids": 0, "distribute_vectors_centroids": [121.65515208244324, 120.68916988372803, 128.9465615749359, 129.43525576591492, 169.10073590278625, 167.22733783721924, 129.23800134658813, 116.66065764427185, 170.6392421722412, 121.38707637786865, 174.39820623397827, 123.392404794693, 168.23605513572693, 114.04976081848145, 164.1563684940338, 119.91552877426147], "distribute_vectors_invocation_centroids": [1.0261204242706299, 1.1142592430114746, 1.1195387840270996, 1.0263721942901611, 1.251258373260498, 1.2434983253479004, 1.0495173931121826, 1.1182162761688232, 1.2580835819244385, 1.0645756721496582, 1.3004035949707031, 1.1533992290496826, 1.175898790359497, 1.1935350894927979, 1.1311111450195312, 1.207477331161499], "total_generated_vectors": 2146910, "generated_vectors": [38074, 38431, 60358, 16873, 55717, 59499, 45689, 57724, 21151, 73969, 24127, 40201, 45950, 87513, 25938, 66087, 59134, 49045, 82478, 24051, 21784, 62803, 56617, 84040, 22703, 26561, 18071, 48617, 17265, 22173, 7834, 41918, 38558, 53871, 25521, 29939, 18121, 44394, 57343, 23277, 25636, 14075, 21044, 38817, 35008, 44381, 20608, 23842, 19537, 14711, 35839, 40337, 17153, 7779, 29346, 4553, 2772, 36853, 3480, 6869, 6115, 4513, 216, 7], "avg_generated_vectors": 33545.46875, "std_dev_generated_vectors": 21677.39321290603, "generate_index_centroids": [117.4448254108429, 130.7833092212677, 76.7083911895752, 128.01607823371887, 182.30444145202637, 207.5472753047943, 109.96201992034912, 114.05124115943909, 109.4278814792633, 176.16565680503845, 78.0992579460144, 78.01256084442139, 96.9541425704956, 177.0622043609619, 82.63542103767395, 126.34420680999756], "generate_index_invocation_centroids": [0.8584177494049072, 1.1037824153900146, 1.0454511642456055, 1.0377368927001953, 1.0264534950256348, 1.1094050407409668, 1.1749796867370605, 1.0018482208251953, 1.129913091659546, 1.033721685409546, 0.9846112728118896, 0.9492151737213135, 0.9988963603973389, 1.2033133506774902, 1.0293991565704346, 1.0896170139312744], "total_indexing_centroids": 390.7129888534546, "shuffle_centroids_times": [], "map_iterdata_times": [], "create_map_data": [], "map_queries_times": [], "map_execution": [], "map_invoke": [], "create_reduce_data": [], "reduce_iterdata_times": [], "reduce_queries_times": [], "reduce_execution_times": [], "reduce_invoke": [], "divide_reduce_times": [], "total_querying_times": [], "recalls": [], "distribute_vectors_centroids_mean": 139.94546967744827, "generate_index_centroids_mean": 124.46993210911751, "params": {"dataset": "gist", "features": 960, "k_search": 10, "num_index": 64, "replication_threshold": 1.05, "num_centroids_search": 1, "k": 512, "kmeans_version": "unbalanced", "n_probe": 32, "query_batch_size": 16, "implementation": "centroids", "indexing_memory": 10240, "search_map_memory": 8192, "search_reduce_memory": 2048}}