{"shuffle_centroids_times": [0.028855085372924805], "map_iterdata_times": [0.15140342712402344], "create_map_data": [0.38158631324768066], "map_queries_times": [[[11.939724922180176, 0.05460619926452637, [0.23702406883239746, 0.21650266647338867, 0.2576718330383301, 0.17591309547424316, 0.22684550285339355, 0.1461648941040039, 0.30675697326660156, 0.2959866523742676, 0.39716243743896484, 0.28763556480407715, 0.27988362312316895, 0.49155092239379883, 0.3975229263305664, 0.5104663372039795, 0.7834734916687012, 0.21425604820251465, 0.39019227027893066, 0.10727524757385254, 0.4002039432525635, 0.5147066116333008, 0.29924631118774414, 0.5084130764007568, 0.2926442623138428, 0.5102698802947998, 0.5224530696868896, 0.3933069705963135, 0.2975943088531494, 0.49336862564086914, 0.28778696060180664, 0.5206661224365234, 0.3991718292236328, 0.30298733711242676], [0.024277925491333008, 0.02472686767578125, 0.010222434997558594, 0.010291099548339844, 0.01392054557800293, 0.008598804473876953, 0.008278131484985352, 0.00804281234741211, 0.009300470352172852, 0.006914377212524414, 0.006053924560546875, 0.011222600936889648, 0.009920120239257812, 0.011379718780517578, 0.0166778564453125, 0.0071964263916015625, 0.008838891983032227, 0.004799842834472656, 0.007956504821777344, 0.012277841567993164, 0.00826120376586914, 0.010976076126098633, 0.006497859954833984, 0.011329412460327148, 0.011951684951782227, 0.008695602416992188, 0.008059978485107422, 0.009820222854614258, 0.007001399993896484, 0.012833118438720703, 0.01737380027770996, 0.008206367492675781], [0.0015888214111328125, 0.0016558170318603516, 0.0009922981262207031, 0.00247955322265625, 0.0013823509216308594, 0.0014560222625732422, 0.002692699432373047, 0.0012559890747070312, 0.00188446044921875, 0.002378225326538086, 0.0015034675598144531, 0.0026755332946777344, 0.0018699169158935547, 0.0023407936096191406, 0.00125885009765625, 0.0019354820251464844, 0.0020263195037841797, 0.0005142688751220703, 0.002206087112426758, 0.0035028457641601562, 0.0024971961975097656, 0.003457307815551758, 0.0010986328125, 0.0011959075927734375, 0.001971006393432617, 0.0020236968994140625, 0.001893758773803711, 0.0030829906463623047, 0.0018384456634521484, 0.0036077499389648438, 0.007398366928100586, 0.002258777618408203], 0.007910013198852539], [11.708923816680908, 0.04195761680603027, [0.15004539489746094, 0.12012052536010742, 0.11261343955993652, 0.13058853149414062, 0.23014187812805176, 0.1377720832824707, 0.16495490074157715, 0.1571199893951416, 0.13823485374450684, 0.11677026748657227, 0.22833728790283203, 0.754859447479248, 0.3223378658294678, 0.6409533023834229, 0.31884193420410156, 0.31726527214050293, 0.41245317459106445, 0.4246063232421875, 0.3040449619293213, 0.2080087661743164, 0.41967201232910156, 0.41046738624572754, 0.31023216247558594, 0.5352013111114502, 0.6230630874633789, 0.433701753616333, 0.4196438789367676, 0.42474961280822754, 0.5396089553833008, 0.5334069728851318, 0.5130679607391357, 0.5399742126464844], [0.014009952545166016, 0.014809131622314453, 0.004862070083618164, 0.01085209846496582, 0.01738572120666504, 0.012863636016845703, 0.015163183212280273, 0.015882492065429688, 0.011531591415405273, 0.010950088500976562, 0.019109725952148438, 0.033948659896850586, 0.014117002487182617, 0.025830984115600586, 0.013118982315063477, 0.01192474365234375, 0.013166427612304688, 0.016640901565551758, 0.009916305541992188, 0.009780168533325195, 0.015328645706176758, 0.01665663719177246, 0.012408256530761719, 0.024869680404663086, 0.022454023361206055, 0.01746368408203125, 0.013883829116821289, 0.015540122985839844, 0.02138233184814453, 0.019226551055908203, 0.015723705291748047, 0.022140026092529297], [0.0015528202056884766, 0.0014591217041015625, 0.00058746337890625, 0.0013980865478515625, 0.0021631717681884766, 0.0012869834899902344, 0.0016815662384033203, 0.0017588138580322266, 0.0012488365173339844, 0.002444028854370117, 0.002263784408569336, 0.0012896060943603516, 0.0013213157653808594, 0.00189971923828125, 0.0016431808471679688, 0.00128936767578125, 0.001890420913696289, 0.0019614696502685547, 0.0012314319610595703, 0.0012471675872802734, 0.002668619155883789, 0.0018253326416015625, 0.0013427734375, 0.0017118453979492188, 0.0016064643859863281, 0.003031492233276367, 0.0013577938079833984, 0.0011608600616455078, 0.002351522445678711, 0.002536296844482422, 0.0025751590728759766, 0.0014934539794921875], 0.005606651306152344], [10.349491596221924, 0.04306793212890625, [0.14368963241577148, 0.1370086669921875, 0.2013695240020752, 0.23358893394470215, 0.1723940372467041, 0.2608375549316406, 0.18921899795532227, 0.1267542839050293, 0.136702299118042, 0.5549631118774414, 0.2905771732330322, 0.350771427154541, 0.3139774799346924, 0.42865514755249023, 0.429856538772583, 0.4353921413421631, 0.2090587615966797, 0.32174158096313477, 0.41637420654296875, 0.43149852752685547, 0.4252510070800781, 0.21138620376586914, 0.4141085147857666, 0.3213949203491211, 0.32964396476745605, 0.3050229549407959, 0.30497241020202637, 0.3228123188018799, 0.5267434120178223, 0.20894813537597656, 0.32318973541259766, 0.30522704124450684], [0.01344442367553711, 0.017882823944091797, 0.020332813262939453, 0.013469457626342773, 0.013993263244628906, 0.02972102165222168, 0.013380765914916992, 0.011430740356445312, 0.009828567504882812, 0.03297257423400879, 0.011118173599243164, 0.016506433486938477, 0.009783029556274414, 0.01852869987487793, 0.018549203872680664, 0.01604747772216797, 0.008936643600463867, 0.011212587356567383, 0.015688419342041016, 0.01412820816040039, 0.017264842987060547, 0.009007453918457031, 0.014755964279174805, 0.014068126678466797, 0.013054132461547852, 0.009595870971679688, 0.009210586547851562, 0.010483741760253906, 0.021746158599853516, 0.009717941284179688, 0.012126445770263672, 0.009541988372802734], [0.001373291015625, 0.0009198188781738281, 0.0025064945220947266, 0.0018372535705566406, 0.001379251480102539, 0.0019664764404296875, 0.0019505023956298828, 0.00095367431640625, 0.0010495185852050781, 0.004554271697998047, 0.001293182373046875, 0.0016241073608398438, 0.0020890235900878906, 0.0018687248229980469, 0.001829385757446289, 0.0030722618103027344, 0.0014095306396484375, 0.0016567707061767578, 0.0015354156494140625, 0.0010597705841064453, 0.0011913776397705078, 0.0007760524749755859, 0.001033782958984375, 0.0007507801055908203, 0.0024907588958740234, 0.0015375614166259766, 0.0006020069122314453, 0.0010623931884765625, 0.0016398429870605469, 0.0007379055023193359, 0.0012395381927490234, 0.0008258819580078125], 0.0057065486907958984], [10.798693656921387, 0.039795637130737305, [0.21717309951782227, 0.27988553047180176, 0.29998087882995605, 0.11660027503967285, 0.20238018035888672, 0.19179940223693848, 0.13778281211853027, 0.1833958625793457, 0.36829662322998047, 0.4322531223297119, 0.42125487327575684, 0.43495774269104004, 0.6556448936462402, 0.20943379402160645, 0.4153163433074951, 0.31819629669189453, 0.4124033451080322, 0.20684170722961426, 0.42006397247314453, 0.20142459869384766, 0.30580568313598633, 0.4069206714630127, 0.34969162940979004, 0.41640782356262207, 0.40488672256469727, 0.4203927516937256, 0.3065345287322998, 0.2973756790161133, 0.29689574241638184, 0.21597504615783691, 0.4161100387573242, 0.30506348609924316], [0.026611804962158203, 0.03683662414550781, 0.014009237289428711, 0.007510185241699219, 0.015423774719238281, 0.01399683952331543, 0.010454893112182617, 0.013067483901977539, 0.018035411834716797, 0.01842784881591797, 0.014043331146240234, 0.01564502716064453, 0.023990869522094727, 0.007890462875366211, 0.014265298843383789, 0.010478496551513672, 0.012495040893554688, 0.00929713249206543, 0.013984918594360352, 0.008495092391967773, 0.009737730026245117, 0.01178884506225586, 0.013227224349975586, 0.013929367065429688, 0.01359248161315918, 0.013976097106933594, 0.011958599090576172, 0.009889602661132812, 0.010024785995483398, 0.009074687957763672, 0.014638900756835938, 0.01097726821899414], 