{"shuffle_centroids_times": [0.025191545486450195], "map_iterdata_times": [0.13704276084899902], "create_map_data": [0.35663628578186035], "map_queries_times": [[[12.231005191802979, 0.04680347442626953, [0.8565616607666016, 0.9657688140869141, 1.22149658203125, 1.448723316192627, 1.955132246017456, 1.4678821563720703, 1.9469010829925537, 1.7182960510253906], [0.11965823173522949, 0.07070422172546387, 0.04538226127624512, 0.07412934303283691, 0.07578611373901367, 0.04294300079345703, 0.05686450004577637, 0.05299115180969238], [0.003383159637451172, 0.009056806564331055, 0.005780458450317383, 0.008638858795166016, 0.014981985092163086, 0.0024721622467041016, 0.007304191589355469, 0.011205673217773438], 0.0020706653594970703], [11.892950773239136, 0.02823615074157715, [0.46701765060424805, 0.37529492378234863, 1.4101860523223877, 2.1177518367767334, 1.3609368801116943, 1.6623163223266602, 1.7930004596710205, 2.2421844005584717], [0.050934791564941406, 0.04469442367553711, 0.05549931526184082, 0.06724095344543457, 0.03252840042114258, 0.04011988639831543, 0.046668291091918945, 0.05447959899902344], [0.0055463314056396484, 0.005110979080200195, 0.0044629573822021484, 0.007472515106201172, 0.0035178661346435547, 0.006089448928833008, 0.005671262741088867, 0.00448155403137207], 0.001397848129272461], [10.593992948532104, 0.03914785385131836, [0.7512569427490234, 0.5562865734100342, 1.5948245525360107, 1.400031566619873, 1.7283928394317627, 2.301654577255249, 0.9440207481384277, 0.6947474479675293], [0.10201382637023926, 0.0787203311920166, 0.05345511436462402, 0.08332109451293945, 0.059621572494506836, 0.09163427352905273, 0.0373382568359375, 0.02859354019165039], [0.009110450744628906, 0.0037622451782226562, 0.007309913635253906, 0.0073909759521484375, 0.005391597747802734, 0.009665966033935547, 0.0031478404998779297, 0.0014605522155761719], 0.0016014575958251953], [10.56758451461792, 0.0307919979095459, [0.7765614986419678, 1.1820528507232666, 0.9732038974761963, 1.5355584621429443, 1.0815458297729492, 1.6855413913726807, 1.0693542957305908, 1.6762938499450684], [0.10151171684265137, 0.11153030395507812, 0.04373908042907715, 0.08155202865600586, 0.04125022888183594, 0.05752396583557129, 0.034822940826416016, 0.05135655403137207], [0.005510568618774414, 0.0065517425537109375, 0.003968000411987305, 0.004517078399658203, 0.0026586055755615234, 0.005026817321777344, 0.00168609619140625, 0.0019106864929199219], 0.0014760494232177734]]], "map_execution": [16.142677545547485], "map_invoke": [[0.5398080348968506, 0.5079903602600098, 0.5867550373077393, 0.5709381103515625]], "create_reduce_data": [0.11321616172790527], "reduce_iterdata_times": [0.11191010475158691], "reduce_queries_times": [[0.030749082565307617]], "reduce_execution_times": [3.050224781036377], "reduce_invoke": [[0.5532612800598145]], "divide_reduce_times": [1.8596649169921875e-05], "total_querying_times": [19.662774324417114], "recalls": [[100.0, 100.0, 100.0, 100.0, 100.0, 100.0, 100.0, 100.0, 90.0, 90.0, 100.0, 100.0, 100.0, 100.0, 100.0, 100.0, 70.0, 100.0, 100.0, 100.0, 100.0, 100.0, 100.0, 70.0, 90.0, 100.0, 100.0, 80.0, 90.0, 100.0, 90.0, 100.0, 100.0, 100.0, 100.0, 90.0, 100.0, 100.0, 100.0, 100.0, 100.0, 100.0, 100.0, 100.0, 100.0, 90.0, 100.0, 100.0, 100.0, 80.0, 90.0, 100.0, 100.0, 100.0, 90.0, 30.0, 100.0, 70.0, 100.0, 100.0, 100.0, 100.0, 100.0, 100.0, 100.0, 100.0, 100.0, 100.0, 100.0, 90.0, 90.0, 100.0, 100.0, 100.0, 90.0, 100.0, 100.0, 100.0, 100.0, 100.0, 90.0, 100.0, 100.0, 100.0, 90.0, 100.0, 100.0, 100.0, 100.0, 80.0, 100.0, 60.0, 100.0, 80.0, 100.0, 80.0, 100.0, 100.0, 100.0, 100.0]], "reduce_queries_times_mean": 0.030749082565307617, "total_querying_times_mean": 19.662774324417114, "recalls_mean": 95.6, "number_queries": 100, "params": {"dataset": "deep", "features": 96, "k_search": 10, "num_index": 32, "replication_threshold": 1.0, "num_centroids_search": 8, "k": 512, "kmeans_version": "unbalanced", "n_probe": 32, "query_batch_size": 8, "implementation": "centroids", "indexing_memory": 10240, "search_map_memory": 8192, "search_reduce_memory": 2048}}