{"shuffle_centroids_times": [0.02232646942138672], "map_iterdata_times": [0.10350537300109863], "create_map_data": [0.3258688449859619], "map_queries_times": [[[13.261732816696167, 0.036432504653930664, [2.3112094402313232, 3.9272849559783936, 3.005387306213379, 3.1515207290649414], [0.2238750457763672, 0.2367856502532959, 0.11301183700561523, 0.17882657051086426], [0.00933384895324707, 0.026292800903320312, 0.009159564971923828, 0.031362295150756836], 0.0011963844299316406], [10.928333759307861, 0.03480219841003418, [1.2059097290039062, 2.77290678024292, 3.5950982570648193, 2.8812382221221924], [0.12160730361938477, 0.1222836971282959, 0.09131407737731934, 0.062012434005737305], [0.007685661315917969, 0.011451482772827148, 0.010674238204956055, 0.010396718978881836], 0.0008957386016845703], [10.874083042144775, 0.03928232192993164, [1.0213398933410645, 2.3788490295410156, 3.240246534347534, 3.6068179607391357], [0.1365644931793213, 0.1565241813659668, 0.12377548217773438, 0.12926054000854492], [0.005419015884399414, 0.010322093963623047, 0.014399051666259766, 0.010532617568969727], 0.0006952285766601562], [10.306121349334717, 0.029657363891601562, [2.104886293411255, 2.669104814529419, 3.9010093212127686, 1.0580658912658691], [0.1945326328277588, 0.14863920211791992, 0.12135624885559082, 0.04177689552307129], [0.013476133346557617, 0.009071588516235352, 0.012673616409301758, 0.0011756420135498047], 0.0006465911865234375]]], "map_execution": [15.132496118545532], "map_invoke": [[0.5413339138031006, 0.5005521774291992, 0.5492827892303467, 0.5159835815429688]], "create_reduce_data": [0.12070751190185547], "reduce_iterdata_times": [0.1190338134765625], "reduce_queries_times": [[0.029827356338500977]], "reduce_execution_times": [3.0616488456726074], "reduce_invoke": [[0.5859835147857666]], "divide_reduce_times": [1.2159347534179688e-05], "total_querying_times": [18.640734434127808], "recalls": [[100.0, 100.0, 100.0, 100.0, 100.0, 100.0, 100.0, 90.0, 90.0, 100.0, 100.0, 100.0, 100.0, 100.0, 90.0, 100.0, 80.0, 100.0, 100.0, 100.0, 100.0, 100.0, 100.0, 90.0, 80.0, 100.0, 80.0, 90.0, 100.0, 100.0, 90.0, 100.0, 100.0, 100.0, 100.0, 100.0, 100.0, 100.0, 100.0, 100.0, 80.0, 100.0, 100.0, 100.0, 90.0, 90.0, 100.0, 100.0, 100.0, 80.0, 80.0, 100.0, 100.0, 100.0, 90.0, 100.0, 100.0, 80.0, 100.0, 100.0, 100.0, 100.0, 100.0, 100.0, 100.0, 80.0, 100.0, 100.0, 90.0, 70.0, 90.0, 100.0, 100.0, 100.0, 90.0, 100.0, 100.0, 100.0, 100.0, 100.0, 100.0, 100.0, 100.0, 100.0, 90.0, 100.0, 100.0, 100.0, 100.0, 100.0, 100.0, 70.0, 100.0, 50.0, 100.0, 70.0, 100.0, 100.0, 90.0, 100.0]], "reduce_queries_times_mean": 0.029827356338500977, "total_querying_times_mean": 18.640734434127808, "recalls_mean": 95.6, "number_queries": 100, "params": {"dataset": "deep", "features": 96, "k_search": 10, "num_index": 16, "replication_threshold": 1.0, "num_centroids_search": 4, "k": 512, "kmeans_version": "unbalanced", "n_probe": 32, "query_batch_size": 4, "implementation": "centroids", "indexing_memory": 10240, "search_map_memory": 8192, "search_reduce_memory": 2048}}