{"shuffle_centroids_times": [0.041491031646728516], "map_iterdata_times": [1.58909273147583], "create_map_data": [1.6770298480987549], "map_queries_times": [[[1.264721155166626, 0.3016936779022217, [0.046187400817871094, 0.039225101470947266, 0.04323387145996094, 0.038359880447387695, 0.042345523834228516, 0.03972673416137695, 0.037073373794555664, 0.043999433517456055, 0.03434300422668457, 0.04082846641540527, 0.03920602798461914, 0.040257930755615234, 0.038450002670288086, 0.03752470016479492, 0.04490327835083008, 0.03459024429321289], [0.0006513595581054688, 0.0009746551513671875, 0.000698089599609375, 0.0006487369537353516, 0.0007967948913574219, 0.0008165836334228516, 0.0006182193756103516, 0.0007128715515136719, 0.0007255077362060547, 0.0007331371307373047, 0.0009634494781494141, 0.0007171630859375, 0.0006585121154785156, 0.0006682872772216797, 0.0006339550018310547, 0.0007381439208984375], [0.09231305122375488, 0.0038156509399414062, 0.008351564407348633, 0.011791467666625977, 0.008529901504516602, 0.00974130630493164, 0.008943796157836914, 0.0036559104919433594, 0.009355783462524414, 0.008177518844604492, 0.010672330856323242, 0.009024858474731445, 0.007849693298339844, 0.009311437606811523, 0.008253097534179688, 0.01049661636352539], 0.09062647819519043], [1.4070289134979248, 0.34575867652893066, [0.04820895195007324, 0.04442572593688965, 0.046070098876953125, 0.05096125602722168, 0.04033541679382324, 0.03569316864013672, 0.055388689041137695, 0.04136919975280762, 0.04233860969543457, 0.037776947021484375, 0.03457283973693848, 0.042551279067993164, 0.042662858963012695, 0.0399479866027832, 0.035706520080566406, 0.03997516632080078], [0.0005781650543212891, 0.0008256435394287109, 0.0005593299865722656, 0.0007381439208984375, 0.0006041526794433594, 0.0005695819854736328, 0.0007109642028808594, 0.0010991096496582031, 0.0006792545318603516, 0.0006439685821533203, 0.0007641315460205078, 0.0006768703460693359, 0.0006482601165771484, 0.0007550716400146484, 0.0007228851318359375, 0.0008518695831298828], [0.011804580688476562, 0.011480569839477539, 0.012831926345825195, 0.009404182434082031, 0.007995843887329102, 0.11342620849609375, 0.009227752685546875, 0.00846099853515625, 0.012500762939453125, 0.008973121643066406, 0.010649681091308594, 0.011879682540893555, 0.010081052780151367, 0.007147073745727539, 0.011263370513916016, 0.007022857666015625], 0.10759353637695312], [1.2028071880340576, 0.2672748565673828, [0.039171695709228516, 0.04058575630187988, 0.04222822189331055, 0.04589557647705078, 0.043889760971069336, 0.04922628402709961, 0.035979270935058594, 0.12882232666015625, 0.03896617889404297, 0.0387418270111084, 0.035762786865234375, 0.03361868858337402, 0.041484832763671875, 0.045625925064086914, 0.034887075424194336, 0.03373003005981445], [0.0005254745483398438, 0.0005655288696289062, 0.0004680156707763672, 0.0005755424499511719, 0.0006208419799804688, 0.0006852149963378906, 0.00047850608825683594, 0.0007567405700683594, 0.0006837844848632812, 0.0006146430969238281, 0.0007083415985107422, 0.0006306171417236328, 0.0007331371307373047, 0.0006515979766845703, 0.0006451606750488281, 0.0005657672882080078], [0.01218557357788086, 0.009015560150146484, 0.0069599151611328125, 0.007679462432861328, 0.008597373962402344, 0.008538246154785156, 0.008851766586303711, 0.008790731430053711, 0.007192373275756836, 0.004868030548095703, 0.006615638732910156, 0.0074291229248046875, 0.0077266693115234375, 0.006915092468261719, 0.004132986068725586, 0.0035402774810791016], 0.07783913612365723], [1.0301144123077393, 0.19572091102600098, [0.04176831245422363, 0.03993415832519531, 0.034229278564453125, 0.03471851348876953, 0.03203845024108887, 0.04090285301208496, 0.039872169494628906, 0.04207420349121094, 0.04244685173034668, 0.035651445388793945, 0.03562331199645996, 0.04063296318054199, 0.03554201126098633, 0.02950286865234375, 0.03307461738586426, 0.032300710678100586], [0.000553131103515625, 0.0006792545318603516, 0.0007734298706054688, 0.0005822181701660156, 0.0005717277526855469, 0.0007903575897216797, 0.0006575584411621094, 0.0006666183471679688, 0.0005881786346435547, 0.0006043910980224609, 0.0006859302520751953, 0.0006992816925048828, 0.0007467269897460938, 0.00045752525329589844, 0.0006165504455566406, 0.0007886886596679688], [0.005201101303100586, 0.010400533676147461, 0.004167079925537109, 0.005825519561767578, 0.006604194641113281, 0.004071950912475586, 0.007593870162963867, 0.007678508758544922, 0.0068454742431640625, 0.00609588623046875, 0.003905773162841797, 0.006296634674072266, 0.004207134246826172, 0.00558161735534668, 0.0032918453216552734, 0.0017316341400146484], 0.1440134048461914]]], "map_execution": [5.187220096588135], "map_invoke": [[0.5294713973999023, 0.5468428134918213, 0.5128836631774902, 0.508913516998291]], "create_reduce_data": [0.17949914932250977], "reduce_iterdata_times": [0.17857646942138672], "reduce_queries_times": [[0.06741833686828613]], "reduce_execution_times": [3.077620029449463], "reduce_invoke": [[0.4939699172973633]], "divide_reduce_times": [9.369850158691406e-05], "total_querying_times": [10.121463060379028],