{"shuffle_centroids_times": [0.03976917266845703], "map_iterdata_times": [0.7804598808288574], "create_map_data": [0.9307699203491211], "map_queries_times": [[[1.4907598495483398, 0.4892251491546631, [0.04203438758850098, 0.0424199104309082, 0.043248653411865234, 0.04148674011230469, 0.043744564056396484, 0.03356575965881348, 0.06165933609008789, 0.03868365287780762, 0.04643082618713379, 0.03551125526428223, 0.06039237976074219, 0.04006028175354004, 0.03427433967590332, 0.044959306716918945, 0.03614163398742676, 0.040318965911865234], [0.0007207393646240234, 0.0008749961853027344, 0.0006330013275146484, 0.0006477832794189453, 0.00084686279296875, 0.0008170604705810547, 0.0006420612335205078, 0.0006778240203857422, 0.0007274150848388672, 0.0007228851318359375, 0.0009477138519287109, 0.0008127689361572266, 0.0006575584411621094, 0.0006399154663085938, 0.0006437301635742188, 0.0006964206695556641], [0.01573467254638672, 0.010667085647583008, 0.010843992233276367, 0.01198124885559082, 0.011853218078613281, 0.012203454971313477, 0.010538339614868164, 0.010773897171020508, 0.011920452117919922, 0.010557889938354492, 0.010914802551269531, 0.011779308319091797, 0.01061248779296875, 0.012458086013793945, 0.012251853942871094, 0.010831594467163086], 0.11883687973022461], [1.4253382682800293, 0.4642455577850342, [0.03886270523071289, 0.0382997989654541, 0.04341840744018555, 0.04158473014831543, 0.03817248344421387, 0.04236030578613281, 0.03824639320373535, 0.03659653663635254, 0.03812384605407715, 0.03838086128234863, 0.03758072853088379, 0.03886818885803223, 0.04036855697631836, 0.04123330116271973, 0.03282356262207031, 0.03235936164855957], [0.0005681514739990234, 0.0016102790832519531, 0.0005612373352050781, 0.00078582763671875, 0.0006136894226074219, 0.0005662441253662109, 0.0006468296051025391, 0.0008671283721923828, 0.0005774497985839844, 0.0005841255187988281, 0.0006628036499023438, 0.0005998611450195312, 0.0005838871002197266, 0.0006744861602783203, 0.0006387233734130859, 0.0007326602935791016], [0.010395288467407227, 0.010944604873657227, 0.010740041732788086, 0.010162353515625, 0.010005950927734375, 0.009568929672241211, 0.009741783142089844, 0.0109100341796875, 0.00951075553894043, 0.009290695190429688, 0.010468244552612305, 0.009430646896362305, 0.01042032241821289, 0.010452508926391602, 0.009590387344360352, 0.01040792465209961], 0.17038869857788086], [1.3575408458709717, 0.4481065273284912, [0.043889760971069336, 0.03863024711608887, 0.03870511054992676, 0.03941679000854492, 0.034718990325927734, 0.043860435485839844, 0.043326377868652344, 0.04417276382446289, 0.03431200981140137, 0.03334236145019531, 0.040817975997924805, 0.03656268119812012, 0.03656744956970215, 0.03974103927612305, 0.040490150451660156, 0.04200911521911621], [0.0006628036499023438, 0.0006320476531982422, 0.0005335807800292969, 0.0007469654083251953, 0.0006740093231201172, 0.0007929801940917969, 0.0005762577056884766, 0.0007104873657226562, 0.0005631446838378906, 0.0006334781646728516, 0.0006253719329833984, 0.0006451606750488281, 0.0006928443908691406, 0.0005991458892822266, 0.0007233619689941406, 0.0005397796630859375], [0.014761209487915039, 0.009340763092041016, 0.009688377380371094, 0.010569095611572266, 0.009762763977050781, 0.010530948638916016, 0.009404182434082031, 0.009546756744384766, 0.01011204719543457, 0.009457111358642578, 0.00932168960571289, 0.010375499725341797, 0.010354995727539062, 0.011662960052490234, 0.009672403335571289, 0.009365081787109375], 0.10447573661804199], [1.350940227508545, 0.42930126190185547, [0.04492545127868652, 0.03321051597595215, 0.04046630859375, 0.0395054817199707, 0.044321537017822266, 0.04229164123535156, 0.04593324661254883, 0.040755271911621094, 0.041127681732177734, 0.038585662841796875, 0.041060686111450195, 0.033724069595336914, 0.04015088081359863, 0.03473949432373047, 0.04333829879760742, 0.04031062126159668], [0.0006818771362304688, 0.0005877017974853516, 0.0007367134094238281, 0.0008170604705810547, 0.0005974769592285156, 0.0006780624389648438, 0.0007672309875488281, 0.0007390975952148438, 0.0006024837493896484, 0.0006186962127685547, 0.0007503032684326172, 0.0006737709045410156, 0.0007355213165283203, 0.0012807846069335938, 0.0006725788116455078, 0.0008018016815185547], [0.012877464294433594, 0.009953022003173828, 0.010406255722045898, 0.011441469192504883, 0.00857686996459961, 0.009740114212036133, 0.009122848510742188, 0.00943303108215332, 0.014754533767700195, 0.010002851486206055, 0.008981943130493164, 0.010045766830444336, 0.011447906494140625, 0.01040029525756836, 0.008760929107666016, 0.009938478469848633], 0.0994267463684082]]], "map_execution": [5.144829511642456], "map_invoke": [[0.6055982112884521, 0.46671533584594727, 0.5764737129211426, 0.5581321716308594]], "create_reduce_data": [0.1647799015045166], "reduce_iterdata_times": [0.16397881507873535], "reduce_queries_times": [[0.13920235633850098]], "reduce_execution_times": [3.1913444995880127], "reduce_invoke": [[0.6001334190368652]], "divide_reduce_times": [0.00014209747314453125], "total_querying_times": [9.43186616897583],