{"shuffle_centroids_times": [0.02491021156311035], "map_iterdata_times": [0.2461404800415039], "create_map_data": [0.31716179847717285], "map_queries_times": [[[0.5330989360809326, 0.08841633796691895, [0.05099940299987793, 0.04682445526123047, 0.03976297378540039, 0.046656131744384766, 0.04315805435180664, 0.05034208297729492, 0.048838138580322266, 0.04193854331970215], [0.0013682842254638672, 0.0010387897491455078, 0.0009810924530029297, 0.0013816356658935547, 0.0011348724365234375, 0.001417398452758789, 0.0014884471893310547, 0.0011954307556152344], [0.0024929046630859375, 0.010312557220458984, 0.0021064281463623047, 0.0065081119537353516, 0.005532503128051758, 0.007439374923706055, 0.0053691864013671875, 0.003754138946533203], 0.022571325302124023], [0.4062323570251465, 0.04823875427246094, [0.04046177864074707, 0.041543006896972656, 0.03861355781555176, 0.03785443305969238, 0.039196014404296875, 0.042650699615478516, 0.037515878677368164, 0.03768014907836914], [0.0010905265808105469, 0.0008764266967773438, 0.0009865760803222656, 0.0009553432464599609, 0.0008046627044677734, 0.0007092952728271484, 0.0009274482727050781, 0.0007650852203369141], [0.0027565956115722656, 0.0034825801849365234, 0.0035791397094726562, 0.004773616790771484, 0.002893209457397461, 0.0019068717956542969, 0.00231170654296875, 0.0018529891967773438], 0.01174616813659668], [0.5015597343444824, 0.09211897850036621, [0.05423235893249512, 0.04253339767456055, 0.04438328742980957, 0.044495344161987305, 0.040525197982788086, 0.04412484169006348, 0.038017988204956055, 0.04661989212036133], [0.0013959407806396484, 0.001085042953491211, 0.0006487369537353516, 0.0012350082397460938, 0.0005662441253662109, 0.0007333755493164062, 0.0008947849273681641, 0.0012402534484863281], [0.0076410770416259766, 0.0029172897338867188, 0.0018603801727294922, 0.004469394683837891, 0.0010793209075927734, 0.005328178405761719, 0.0035734176635742188, 0.004191160202026367], 0.015583515167236328], [0.4105515480041504, 0.04383349418640137, [0.04499387741088867, 0.046926021575927734, 0.04050183296203613, 0.035828590393066406, 0.036556243896484375, 0.04143261909484863, 0.04121994972229004, 0.04351186752319336], [0.0013759136199951172, 0.001302957534790039, 0.0007750988006591797, 0.001089334487915039, 0.0006968975067138672, 0.0008068084716796875, 0.0010213851928710938, 0.0009961128234863281], [0.0032231807708740234, 0.003360748291015625, 0.0019123554229736328, 0.002709627151489258, 0.0017445087432861328, 0.0018465518951416016, 0.002158641815185547, 0.0010836124420166016], 0.009581327438354492]]], "map_execution": [3.2159793376922607], "map_invoke": [[0.5764453411102295, 0.4953498840332031, 0.5411300659179688, 0.5479400157928467]], "create_reduce_data": [0.19913959503173828], "reduce_iterdata_times": [0.1983928680419922], "reduce_queries_times": [[0.05192685127258301]], "reduce_execution_times": [3.1429734230041504], "reduce_invoke": [[0.5547823905944824]], "divide_reduce_times": [0.00015091896057128906], "total_querying_times": [6.8754050731658936], "recalls": [[90.0, 100.0, 100.0, 90.0, 90.0, 90.0, 80.0, 100.0, 90.0, 100.0, 100.0, 100.0, 100.0, 100.0, 100.0, 100.0, 60.0, 100.0, 90.0, 100.0, 100.0, 100.0, 100.0, 100.0, 80.0, 100.0, 100.0, 80.0, 100.0, 100.0, 90.0, 100.0, 100.0, 100.0, 90.0, 90.0, 90.0, 100.0, 100.0, 80.0, 90.0, 90.0, 100.0, 100.0, 90.0, 90.0, 100.0, 100.0, 100.0, 90.0, 70.0, 100.0, 100.0, 100.0, 60.0, 100.0, 100.0, 70.0, 100.0, 100.0, 90.0, 100.0, 100.0, 100.0, 90.0, 100.0, 90.0, 100.0, 90.0, 90.0, 90.0, 100.0, 100.0, 100.0, 90.0, 90.0, 100.0, 100.0, 100.0, 100.0, 80.0, 100.0, 90.0, 100.0, 90.0, 100.0, 90.0, 100.0, 100.0, 100.0, 100.0, 40.0, 90.0, 70.0, 100.0, 100.0, 100.0, 100.0, 90.0, 100.0, 90.0, 90.0, 100.0, 80.0, 100.0, 90.0, 100.0, 100.0, 80.0, 100.0, 90.0, 100.0, 90.0, 100.0, 100.0, 100.0, 100.0, 100.0, 100.0, 100.0, 100.0, 100.0, 100.0, 100.0, 90.0, 80.0, 100.0, 100.0, 90.0, 100.0, 90.0, 100.0, 100.0, 100.0, 90.0, 80.0, 100.0, 100.0, 100.0, 100.0, 100.0, 100.0, 100.0, 100.0, 90.0, 90.0, 90.0, 100.0, 70.0, 100.0, 100.0, 100.0, 100.0, 90.0, 80.0, 100.0, 100.0, 100.0, 100.0, 90.0, 100.0, 100.0, 100.0, 100.0, 100.0, 100.0, 80.0, 90.0, 90.0, 70.0, 100.0, 100.0, 100.0, 90.0, 100.0, 100.0, 100.0, 100.0, 100.0, 90.0, 90.0, 90.0, 100.0, 100.0, 90.0, 100.0, 100.0, 100.0, 100.0, 100.0, 100.0, 100.0, 80.0, 100.0, 100.0, 80.0, 80.0, 100.0, 100.0, 90.0, 80.0, 60.0, 90.0, 90.0, 100.0, 100.0, 100.0, 100.0, 100.0, 100.0, 100.0, 80.0, 50.0, 90.0, 100.0, 100.0, 100.0, 100.0, 90.0, 80.0, 100.0, 100.0, 100.0, 100.0, 90.0, 100.0, 100.0, 100.0, 100.0, 100.0, 100.0, 100.0, 90.0, 100.0, 100.0, 80.0, 90.0, 90.0, 80.0, 100.0, 100.0, 90.0, 90.0, 100.0, 100.0, 80.0, 90.0, 100.0, 80.0, 90.0, 100.0, 90.0, 80.0, 100.0, 100.0, 100.0, 100.0, 100.0, 100.0, 100.0, 90.0, 100.0, 100.0, 100.0, 100.0, 70.0, 100.0, 100.0, 100.0, 90.0, 100.0, 100.0, 100.0, 100.0, 90.0, 100.0, 100.0, 90.0, 100.0, 100.0, 100.0, 100.0, 100.0, 100.0, 70.0, 70.0, 90.0, 100.0, 100.0, 100.0, 100.0, 50.0, 100.0, 80.0, 100.0, 80.0, 80.0, 90.0, 100.0, 100.0, 100.0, 80.0, 100.0, 100.0, 100.0, 100.0, 100.0, 90.0, 100.0, 70.0, 90.0, 100.0, 100.0, 100.0, 90.0, 100.0, 100.0, 100.0, 100.0, 80.0, 90.0, 80.0, 100.0, 90.0, 100.0, 100.0, 100.0, 90.0, 90.0, 100.0, 90.0, 90.0, 100.0, 100.0, 100.0, 100.0, 100.0, 90.0, 100.0, 100.0, 100.0, 100.0, 100.0, 100.0, 100.0, 100.0, 100.0, 90.0, 100.0, 100.0, 100.0, 90.0, 100.0, 100.0, 90.0, 100.0, 100.0, 90.0, 100.0, 50.0, 100.0, 100.0, 100.0, 100.0, 100.0, 100.0, 100.0, 100.0, 100.0, 100.0, 90.0, 100.0, 100.0, 90.0, 90.0, 100.0, 100.0, 100.0, 100.0, 100.0, 90.0, 100.0, 80.0, 100.0, 90.0, 80.0, 100.0, 90.0, 90.0, 100.0, 100.0, 100.0, 100.0, 100.0, 100.0, 90.0, 100.0, 90.0, 80.0, 100.0, 90.0, 100.0, 100.0, 90.0, 100.0, 100.0, 90.0, 100.0, 100.0, 100.0, 100.0, 90.0, 100.0, 100.0, 100.0, 100.0, 80.0, 90.0, 100.0, 100.0, 100.0, 90.0, 90.0, 100.0, 100.0, 90.0, 100.0, 90.0, 100.0, 100.0, 100.0, 100.0, 90.0, 100.0, 100.0, 100.0, 100.0, 100.0, 100.0, 100.0, 90.0, 90.0, 90.0, 100.0, 100.0, 100.0, 100.0, 90.0, 100.0, 100.0, 90.0, 100.0, 100.0, 100.0, 100.0, 100.0, 100.0, 100.0, 90.0, 100.0, 100.0, 90.0, 100.0, 100.0, 90.0, 80.0, 100.0, 100.0, 100.0, 80.0, 100.0, 100.0, 100.0, 100.0, 100.0, 100.0, 100.0, 100.0, 90.0, 100.0, 100.0, 70.0, 90.0, 90.0, 100.0, 90.0, 90.0, 100.0, 100.0, 100.0, 100.0, 100.0, 100.0, 100.0, 90.0, 80.0, 70.0, 100.0, 100.0, 100.0, 90.0, 100.0, 100.0, 100.0, 90.0, 90.0, 100.0, 100.0, 70.0, 80.0, 100.0, 100.0, 100.0, 100.0, 100.0, 80.0, 100.0, 100.0, 100.0, 100.0, 70.0, 100.0, 90.0, 100.0, 100.0, 100.0, 100.0, 100.0, 100.0, 100.0, 100.0, 90.0, 70.0, 100.0, 90.0, 90.0, 100.0, 100.0, 100.0, 100.0, 100.0, 100.0, 90.0, 100.0, 90.0, 90.0, 90.0, 100.0, 90.0, 100.0, 100.0, 100.0, 60.0, 100.0, 70.0, 100.0, 100.0, 100.0, 100.0, 100.0, 100.0, 70.0, 100.0, 100.0, 90.0, 100.0, 90.0, 100.0, 100.0, 90.0, 80.0, 80.0, 100.0, 70.0, 100.0, 60.0, 90.0, 90.0, 100.0, 90.0, 100.0, 100.0, 90.0, 100.0, 100.0, 90.0, 80.0, 100.0, 100.0, 90.0, 100.0, 90.0, 70.0, 100.0, 90.0, 90.0, 100.0, 100.0, 100.0, 100.0, 100.0, 100.0, 100.0, 100.0, 100.0, 100.0, 100.0, 100.0, 100.0, 100.0, 100.0, 100.0, 100.0, 100.0, 90.0, 100.0, 100.0, 90.0, 100.0, 100.0, 100.0, 100.0, 80.0, 90.0, 100.0, 100.0, 100.0, 90.0, 90.0, 90.0, 100.0, 100.0, 100.0, 100.0, 100.0, 80.0, 100.0, 100.0, 100.0, 100.0, 90.0, 100.0, 100.0, 100.0, 100.0, 100.0, 100.0, 100.0, 100.0, 90.0, 90.0, 70.0, 90.0, 100.0, 100.0, 100.0, 90.0, 100.0, 100.0, 100.0, 100.0, 100.0, 100.0, 100.0, 100.0, 70.0, 80.0, 100.0, 100.0, 100.0, 100.0, 100.0, 100.0, 90.0, 100.0, 100.0, 100.0, 100.0, 100.0, 100.0, 100.0, 90.0, 100.0, 90.0, 70.0, 100.0, 90.0, 70.0, 90.0, 90.0, 100.0, 100.0, 100.0, 90.0, 100.0, 70.0, 100.0, 90.0, 90.0, 100.0, 90.0, 90.0, 100.0, 100.0, 100.0, 100.0, 100.0, 100.0, 100.0, 100.0, 100.0, 90.0, 100.0, 100.0, 70.0, 60.0, 100.0, 100.0, 100.0, 100.0, 100.0, 100.0, 90.0, 100.0, 100.0, 100.0, 100.0, 100.0, 90.0, 100.0, 90.0, 100.0, 100.0, 100.0, 80.0, 100.0, 100.0, 100.0, 100.0, 100.0, 90.0, 