{"shuffle_centroids_times": [0.031066417694091797], "map_iterdata_times": [0.2491590976715088], "create_map_data": [0.32622623443603516], "map_queries_times": [[[0.8944792747497559, 0.12799811363220215, [0.04707956314086914, 0.04695940017700195, 0.04961371421813965, 0.04164600372314453, 0.0431208610534668, 0.03579831123352051, 0.037335872650146484, 0.03672385215759277, 0.03690218925476074, 0.03873491287231445, 0.03962087631225586, 0.04312419891357422, 0.03679776191711426, 0.03815102577209473, 0.03690838813781738, 0.04499173164367676], [0.0006325244903564453, 0.0007691383361816406, 0.0005733966827392578, 0.0005955696105957031, 0.0007140636444091797, 0.0007526874542236328, 0.0005414485931396484, 0.0005931854248046875, 0.0006566047668457031, 0.0006420612335205078, 0.0009012222290039062, 0.0006895065307617188, 0.0005950927734375, 0.0005831718444824219, 0.0005974769592285156, 0.0006115436553955078], [0.0025620460510253906, 0.001486063003540039, 0.0026268959045410156, 0.005690336227416992, 0.0046765804290771484, 0.005423784255981445, 0.0035822391510009766, 0.0017359256744384766, 0.004189968109130859, 0.005034208297729492, 0.005796194076538086, 0.005523204803466797, 0.0037355422973632812, 0.006262063980102539, 0.0022804737091064453, 0.0064504146575927734], 0.03536653518676758], [0.8454642295837402, 0.11817288398742676, [0.04867291450500488, 0.04176068305969238, 0.04208016395568848, 0.03933262825012207, 0.03697323799133301, 0.04393267631530762, 0.03500771522521973, 0.04427766799926758, 0.03483295440673828, 0.03658771514892578, 0.03530287742614746, 0.0419461727142334, 0.04068946838378906, 0.037038564682006836, 0.04242300987243652, 0.038733482360839844], [0.0005934238433837891, 0.0006237030029296875, 0.0007228851318359375, 0.0008115768432617188, 0.0006465911865234375, 0.0005972385406494141, 0.0006198883056640625, 0.0005853176116943359, 0.0005717277526855469, 0.0006232261657714844, 0.0006775856018066406, 0.0008122920989990234, 0.000713348388671875, 0.0007319450378417969, 0.0007481575012207031, 0.0007193088531494141], [0.00301361083984375, 0.004383563995361328, 0.002634763717651367, 0.0018389225006103516, 0.0028901100158691406, 0.0025823116302490234, 0.002473592758178711, 0.005601167678833008, 0.0047397613525390625, 0.002765178680419922, 0.0028328895568847656, 0.0019540786743164062, 0.0019257068634033203, 0.0038847923278808594, 0.0023186206817626953, 0.0041353702545166016], 0.02681899070739746], [0.855902910232544, 0.09596443176269531, [0.04173564910888672, 0.04604601860046387, 0.04259753227233887, 0.04149818420410156, 0.048148155212402344, 0.04053807258605957, 0.04764294624328613, 0.03223013877868652, 0.04346728324890137, 0.04128766059875488, 0.040007829666137695, 0.039299964904785156, 0.03544497489929199, 0.03898763656616211, 0.04545021057128906, 0.036249399185180664], [0.0006988048553466797, 0.0008423328399658203, 0.0007009506225585938, 0.0006742477416992188, 0.00095367431640625, 0.0007240772247314453, 0.0007894039154052734, 0.0008625984191894531, 0.0006465911865234375, 0.0007200241088867188, 0.0005652904510498047, 0.0007336139678955078, 0.0006413459777832031, 0.0006787776947021484, 0.0007505416870117188, 0.0005991458892822266], [0.0048160552978515625, 0.003030061721801758, 0.0018529891967773438, 0.004137277603149414, 0.004170417785644531, 0.003324270248413086, 0.00641942024230957, 0.004225015640258789, 0.0031015872955322266, 0.0025103092193603516, 0.0012738704681396484, 0.004877567291259766, 0.0027306079864501953, 0.0030660629272460938, 0.004143714904785156, 0.0021812915802001953], 0.0317530632019043], [0.769676685333252, 0.06018877029418945, [0.0394287109375, 0.046816110610961914, 0.036004066467285156, 0.04015946388244629, 0.0476374626159668, 0.04066157341003418, 0.04300975799560547, 0.034155845642089844, 0.039746999740600586, 0.03579831123352051, 0.044968366622924805, 0.04700279235839844, 0.04268240928649902, 0.036878108978271484, 0.04233956336975098, 0.03528165817260742], [0.0006313323974609375, 0.0005109310150146484, 0.0005719661712646484, 0.0006105899810791016, 0.0005810260772705078, 0.0005853176116943359, 0.00054168701171875, 0.0005645751953125, 0.0005209445953369141, 0.0005228519439697266, 0.0005974769592285156, 0.0005435943603515625, 0.0006172657012939453, 0.0006952285766601562, 0.0008180141448974609, 0.0005328655242919922], [0.003477334976196289, 0.002062082290649414, 0.0021271705627441406, 0.0023262500762939453, 0.0014886856079101562, 0.001260995864868164, 0.0022187232971191406, 0.0018768310546875, 0.0014009475708007812, 0.0017523765563964844, 0.0015690326690673828, 0.001995563507080078, 0.0020372867584228516, 0.001556396484375, 0.0007998943328857422, 0.0019609928131103516], 0.017455577850341797]]], "map_execution": [3.225360870361328], "map_invoke": [[0.5713365077972412, 0.543541669845581, 0.5761792659759521, 0.5165297985076904]], "create_reduce_data": [0.18157386779785156], "reduce_iterdata_times": [0.18055033683776855], "reduce_queries_times": [[0.08857560157775879]], "reduce_execution_times": [3.1184258460998535], "reduce_invoke": [[0.5402891635894775]], "divide_reduce_times": [0.00011968612670898438], "total_querying_times": [6.8517069816589355],