{"shuffle_centroids_times": [0.025438308715820312], "map_iterdata_times": [0.15955591201782227], "create_map_data": [0.23187685012817383], "map_queries_times": [[[0.28305578231811523, 0.03471541404724121, [0.07608437538146973, 0.0550074577331543, 0.04395866394042969, 0.05346798896789551], [0.005366802215576172, 0.003533601760864258, 0.0013782978057861328, 0.0015382766723632812], [0.002626657485961914, 0.0012576580047607422, 0.0009505748748779297, 0.0011391639709472656], 0.001779317855834961], [0.34805750846862793, 0.03734755516052246, [0.11220383644104004, 0.0642232894897461, 0.05699491500854492, 0.05818009376525879], [0.0037484169006347656, 0.0032651424407958984, 0.0016188621520996094, 0.0018000602722167969], [0.0022139549255371094, 0.0016696453094482422, 0.0011494159698486328, 0.0014128684997558594], 0.002191781997680664], [0.2946319580078125, 0.04140305519104004, [0.058678388595581055, 0.05254769325256348, 0.05434608459472656, 0.06226301193237305], [0.004919528961181641, 0.004142284393310547, 0.002522706985473633, 0.002959728240966797], [0.0024275779724121094, 0.0017228126525878906, 0.001493692398071289, 0.0015685558319091797], 0.0033795833587646484], [0.2657592296600342, 0.02874469757080078, [0.05432939529418945, 0.05863308906555176, 0.04896950721740723, 0.05759429931640625], [0.004548549652099609, 0.0023806095123291016, 0.001539468765258789, 0.0024607181549072266], [0.001951456069946289, 0.0006952285766601562, 0.0010251998901367188, 0.001085519790649414], 0.0015399456024169922]]], "map_execution": [3.1192262172698975], "map_invoke": [[1.3600070476531982, 0.5895311832427979, 1.5451853275299072, 1.3310110569000244]], "create_reduce_data": [0.16077351570129395], "reduce_iterdata_times": [0.15990853309631348], "reduce_queries_times": [[0.11821246147155762]], "reduce_execution_times": [3.211073160171509], "reduce_invoke": [[1.4842004776000977]], "divide_reduce_times": [0.00011706352233886719], "total_querying_times": [6.723067045211792], "recalls": [[80.0, 90.0, 100.0, 80.0, 90.0, 60.0, 90.0, 80.0, 50.0, 90.0, 90.0, 100.0, 90.0, 100.0, 100.0, 100.0, 40.0, 100.0, 40.0, 70.0, 100.0, 100.0, 100.0, 70.0, 70.0, 70.0, 100.0, 60.0, 100.0, 90.0, 30.0, 100.0, 80.0, 80.0, 90.0, 70.0, 30.0, 100.0, 100.0, 80.0, 80.0, 90.0, 20.0, 100.0, 100.0, 50.0, 100.0, 20.0, 40.0, 80.0, 70.0, 60.0, 50.0, 90.0, 20.0, 100.0, 100.0, 30.0, 100.0, 90.0, 100.0, 80.0, 50.0, 80.0, 80.0, 100.0, 40.0, 60.0, 50.0, 50.0, 90.0, 100.0, 100.0, 40.0, 70.0, 90.0, 90.0, 100.0, 100.0, 100.0, 60.0, 100.0, 100.0, 80.0, 60.0, 50.0, 90.0, 100.0, 90.0, 90.0, 60.0, 0.0, 100.0, 10.0, 80.0, 10.0, 100.0, 60.0, 40.0, 100.0, 20.0, 40.0, 20.0, 70.0, 80.0, 30.0, 100.0, 40.0, 20.0, 80.0, 50.0, 60.0, 40.0, 100.0, 40.0, 90.0, 100.0, 100.0, 80.0, 70.0, 100.0, 40.0, 100.0, 100.0, 20.0, 80.0, 100.0, 80.0, 60.0, 30.0, 50.0, 30.0, 60.0, 60.0, 100.0, 40.0, 90.0, 100.0, 50.0, 100.0, 70.0, 100.0, 100.0, 100.0, 80.0, 10.0, 100.0, 80.0, 50.0, 90.0, 30.0, 100.0, 80.0, 90.0, 100.0, 90.0, 70.0, 90.0, 100.0, 80.0, 100.0, 100.0, 80.0, 100.0, 50.0, 40.0, 80.0, 80.0, 50.0, 50.0, 70.0, 50.0, 100.0, 60.0, 20.0, 100.0, 90.0, 80.0, 100.0, 90.0, 60.0, 70.0, 50.0, 90.0, 100.0, 90.0, 100.0, 70.0, 80.0, 50.0, 60.0, 100.0, 10.0, 100.0, 100.0, 80.0, 40.0, 100.0, 100.0, 90.0, 90.0, 60.0, 50.0, 70.0, 90.0, 70.0, 50.0, 50.0, 50.0, 70.0, 90.0, 100.0, 0.0, 100.0, 70.0, 10.0, 100.0, 100.0, 50.0, 90.0, 100.0, 100.0, 100.0, 60.0, 20.0, 50.0, 70.0, 100.0, 80.0, 100.0, 80.0, 20.0, 80.0, 10.0, 60.0, 60.0, 30.0, 70.0, 90.0, 50.0, 90.0, 100.0, 10.0, 100.0, 60.0, 90.0, 90.0, 100.0, 90.0, 70.0, 80.0, 60.0, 90.0, 100.0, 90.0, 100.0, 70.0, 100.0, 100.0, 80.0, 30.0, 90.0, 50.0, 80.0, 50.0, 0.0, 100.0, 100.0, 90.0, 60.0, 20.0, 50.0, 20.0, 90.0, 80.0, 20.0, 100.0, 10.0, 90.0, 100.0, 80.0, 80.0, 40.0, 40.0, 80.0, 70.0, 30.0, 100.0, 90.0, 100.0, 90.0, 80.0, 40.0, 70.0, 80.0, 90.0, 70.0, 80.0, 100.0, 100.0, 100.0, 50.0, 100.0, 60.0, 100.0, 100.0, 80.0, 30.0, 100.0, 80.0, 80.0, 100.0, 90.0, 70.0, 90.0, 100.0, 40.0, 90.0, 90.0, 30.0, 100.0, 80.0, 90.0, 90.0, 80.0, 100.0, 100.0, 30.0, 10.0, 60.0, 60.0, 60.0, 90.0, 100.0, 80.0, 100.0, 60.0, 80.0, 90.0, 30.0, 100.0, 100.0, 70.0, 70.0, 90.0, 100.0, 100.0, 70.0, 10.0, 50.0, 100.0, 100.0, 100.0, 50.0, 90.0, 50.0, 100.0, 80.0, 80.0, 70.0, 80.0, 100.0, 70.0, 60.0, 70.0, 80.0, 90.0, 80.0, 100.0, 70.0, 50.0, 50.0, 70.0, 40.0, 40.0, 100.0, 90.0, 50.0, 100.0, 90.0, 90.0, 80.0, 100.0, 90.0, 20.0, 70.0, 40.0, 90.0, 60.0, 40.0, 40.0, 60.0, 100.0, 70.0, 100.0, 70.0, 90.0, 80.0, 80.0, 40.0, 50.0, 100.0, 30.0, 80.0, 100.0, 90.0, 40.0, 60.0, 100.0, 100.0, 80.0, 90.0, 50.0, 80.0, 100.0, 90.0, 10.0, 20.0, 100.0, 90.0, 70.0, 60.0, 60.0, 40.0, 100.0, 70.0, 40.0, 100.0, 100.0, 100.0, 50.0, 100.0, 80.0, 100.0, 100.0, 90.0, 30.0, 90.0, 100.0, 100.0, 80.0, 90.0, 40.0, 90.0, 100.0, 100.0, 40.0, 30.0, 90.0, 80.0, 70.0, 100.0, 50.0, 80.0, 90.0, 30.0, 80.0, 100.0, 90.0, 50.0, 90.0, 80.0, 100.0, 30.0, 70.0, 20.0, 100.0, 100.0, 60.0, 80.0, 100.0, 100.0, 80.0, 20.0, 100.0, 100.0, 60.0, 100.0, 100.0, 70.0, 100.0, 50.0, 30.0, 50.0, 60.0, 80.0, 100.0, 50.0, 100.0, 50.0, 90.0, 60.0, 100.0, 100.0, 40.0, 70.0, 90.0, 100.0, 100.0, 100.0, 80.0, 10.0, 100.0, 100.0, 10.0, 70.0, 100.0, 100.0, 60.0, 0.0, 50.0, 70.0, 50.0, 30.0, 30.0, 40.0, 100.0, 100.0, 50.0, 60.0, 70.0, 100.0, 30.0, 100.0, 80.0, 80.0, 70.0, 100.0, 10.0, 70.0, 80.0, 70.0, 30.0, 90.0, 20.0, 90.0, 70.0, 60.0, 100.0, 90.0, 100.0, 80.0, 70.0, 90.0, 100.0, 100.0, 80.0, 100.0, 100.0, 40.0, 60.0, 100.0, 0.0, 90.0, 50.0, 90.0, 10.0, 70.0, 80.0, 40.0, 100.0, 40.0, 100.0, 60.0, 80.0, 10.0, 90.0, 100.0, 70.0, 0.0, 20.0, 70.0, 90.0, 60.0, 80.0, 40.0, 30.0, 90.0, 10.0, 30.0, 50.0, 90.0, 50.0, 20.0, 100.0, 40.0, 50.0, 80.0, 100.0, 90.0, 10.0, 40.0, 40.0, 100.0, 100.0, 20.0, 60.0, 100.0, 90.0, 50.0, 100.0, 90.0, 30.0, 90.0, 100.0, 100.0, 100.0, 100.0, 30.0, 100.0, 100.0, 90.0, 20.0, 60.0, 40.0, 100.0, 50.0, 80.0, 50.0, 50.0, 80.0, 90.0, 60.0, 80.0, 70.0, 100.0, 100.0, 40.0, 30.0, 70.0, 40.0, 50.0, 80.0, 100.0, 60.0, 90.0, 40.0, 40.0, 60.0, 80.0, 90.0, 10.0, 30.0, 90.0, 90.0, 100.0, 100.0, 100.0, 100.0, 50.0, 40.0, 90.0, 100.0, 100.0, 70.0, 100.0, 80.0, 80.0, 100.0, 100.0, 100.0, 100.0, 100.0, 60.0, 40.0, 20.0, 50.0, 80.0, 100.0, 100.0, 100.0, 30.0, 100.0, 40.0, 90.0, 40.0, 90.0, 70.0, 90.0, 100.0, 50.0, 30.0, 90.0, 30.0, 50.0, 40.0, 50.0, 30.0, 70.0, 60.0, 20.0, 60.0, 100.0, 60.0, 90.0, 60.0, 100.0, 70.0, 100.0, 100.0, 80.0, 70.0, 100.0, 100.0, 90.0, 90.0, 90.0, 80.0, 70.0, 40.0, 90.0, 50.0, 60.0, 90.0, 50.0, 10.0, 90.0, 100.0, 80.0, 30.0, 80.0, 40.0, 90.0, 100.0, 100.0, 90.0, 30.0, 90.0, 70.0, 80.0, 90.0, 100.0, 90.0, 100.0, 80.0, 20.0, 90.0, 80.0, 90.0, 80.0, 70.0, 100.0, 100.0, 100.0, 100.0, 100.0, 100.0, 60.0, 100.0, 90.0, 80.0, 90.0, 100.0, 30.0, 60.0, 40.0, 100.0, 100.0, 90.0, 70.0, 80.0, 70.0, 70.0, 40.0, 90.0, 100.0, 100.0, 100.0, 100.0, 70.0, 80.0, 100.0, 40.0, 90.0, 100.0, 90.0, 20.0, 100.0, 80.0, 100.0, 100.0, 100.0, 30.0, 30.0, 90.0, 50.0, 40.0, 80.0, 30.0, 100.0, 60.0, 0.0, 40.0, 60.0, 100.0, 80.0, 60.0, 90.0, 90.0, 50.0, 100.0, 70.0, 90.0, 50.0, 80.0, 100.0, 60.0, 100.0, 100.0, 100.0, 60.0, 90.0, 80.0, 90.0, 10.0, 100.0, 100.0, 0.0, 100.0, 100.0, 60.0, 60.0, 50.0, 100.0, 80.0, 100.0, 30.0, 80.0, 10.0, 80.0, 50.0, 30.0, 100.0, 10.0, 30.0, 90.0, 100.0, 100.0, 80.0, 100.0, 100.0, 100.0, 70.0, 100.0, 90.0, 90.0, 70.0, 20.0, 100.0, 60.0, 70.0, 20.0, 10.0, 90.0, 40.0, 100.0, 70.0, 40.0, 100.0, 30.0, 20.0, 60.0, 10.0, 100.0, 100.0, 100.0, 80.0, 100.0, 80.0, 50.0, 100.0, 90.0, 100.0, 100.0, 50.0, 100.0, 90.0, 50.0, 40.0, 90.0, 50.0, 90.0, 100.0, 30.0, 80.0, 90.0, 90.0, 80.0, 70.0, 80.0, 30.0, 100.0, 40.0, 100.0, 100.0, 30.0, 80.0, 60.0, 30.0, 60.0, 100.0, 60.0, 70.0, 100.0, 90.0, 80.0, 100.0, 90.0, 50.0, 100.0, 30.0, 70.0, 90.0, 60.0, 70.0, 10.0, 60.0, 90.0, 100.0, 80.0, 80.0, 60.0, 20.0, 100.0, 50.0, 40.0, 100.0, 60.0, 40.0, 50.0, 100.0, 50.0, 100.0, 90.0, 100.0, 80.0, 60.0, 40.0, 80.0, 40.0, 100.0, 70.0, 40.0, 30.0, 100.0, 60.0, 100.0, 30.0, 90.0, 80.0, 100.0, 100.0, 80.0, 40.0, 60.0, 90.0, 