{"shuffle_centroids_times": [0.034948110580444336], "map_iterdata_times": [0.2826817035675049], "create_map_data": [0.3638498783111572], "map_queries_times": [[[0.9120678901672363, 0.1297318935394287, [0.04063582420349121, 0.04428243637084961, 0.0382692813873291, 0.037380218505859375, 0.046343088150024414, 0.038419485092163086, 0.04103446006774902, 0.05570816993713379, 0.047904253005981445, 0.04023122787475586, 0.043686628341674805, 0.04181861877441406, 0.036665916442871094, 0.036428213119506836, 0.042958736419677734, 0.03596091270446777], [0.0006663799285888672, 0.0007774829864501953, 0.0005567073822021484, 0.0006415843963623047, 0.000732421875, 0.0007777214050292969, 0.0005552768707275391, 0.0007030963897705078, 0.0007219314575195312, 0.0006525516510009766, 0.0008265972137451172, 0.0006685256958007812, 0.0005667209625244141, 0.0006122589111328125, 0.0006499290466308594, 0.0006322860717773438], [0.007677316665649414, 0.001470327377319336, 0.002470254898071289, 0.005295991897583008, 0.004205226898193359, 0.004277467727661133, 0.0035219192504882812, 0.0016684532165527344, 0.005253314971923828, 0.003904104232788086, 0.005591392517089844, 0.005536317825317383, 0.003423452377319336, 0.006436586380004883, 0.0021288394927978516, 0.006209135055541992], 0.03468489646911621], [0.8364531993865967, 0.10537028312683105, [0.039838552474975586, 0.039966583251953125, 0.0412907600402832, 0.03950357437133789, 0.039954185485839844, 0.03455758094787598, 0.032935142517089844, 0.04303908348083496, 0.038079261779785156, 0.04070878028869629, 0.04763031005859375, 0.03619122505187988, 0.0453341007232666, 0.03743791580200195, 0.037576913833618164, 0.04221081733703613], [0.0005581378936767578, 0.0006005764007568359, 0.0006663799285888672, 0.0007994174957275391, 0.0006349086761474609, 0.0005891323089599609, 0.0005750656127929688, 0.0005617141723632812, 0.000537872314453125, 0.0005900859832763672, 0.0006585121154785156, 0.0008203983306884766, 0.0006871223449707031, 0.0007426738739013672, 0.0007505416870117188, 0.0006926059722900391], [0.003396749496459961, 0.005090475082397461, 0.002947092056274414, 0.0021300315856933594, 0.005864858627319336, 0.002727031707763672, 0.002710103988647461, 0.006193637847900391, 0.0051953792572021484, 0.0028390884399414062, 0.00295257568359375, 0.0019178390502929688, 0.002137899398803711, 0.004267692565917969, 0.002152681350708008, 0.0030846595764160156], 0.028650999069213867], [0.78489089012146, 0.09727644920349121, [0.034204721450805664, 0.039766550064086914, 0.042231082916259766, 0.036348819732666016, 0.043109893798828125, 0.04050111770629883, 0.03301072120666504, 0.035006046295166016, 0.033811330795288086, 0.040284156799316406, 0.038535356521606445, 0.0353696346282959, 0.037969350814819336, 0.03592038154602051, 0.03824782371520996, 0.037854909896850586], [0.0005843639373779297, 0.0006089210510253906, 0.0005431175231933594, 0.0005304813385009766, 0.0007066726684570312, 0.0005574226379394531, 0.0006020069122314453, 0.0006229877471923828, 0.0005192756652832031, 0.0005736351013183594, 0.00047707557678222656, 0.0006036758422851562, 0.0005068778991699219, 0.0005509853363037109, 0.0005996227264404297, 0.0005090236663818359], [0.003755331039428711, 0.002364635467529297, 0.0014445781707763672, 0.0032529830932617188, 0.0059392452239990234, 0.0028641223907470703, 0.0036058425903320312, 0.0032835006713867188, 0.0025069713592529297, 0.002048015594482422, 0.0010535717010498047, 0.005406856536865234, 0.0023584365844726562, 0.0034499168395996094, 0.004152059555053711, 0.0018188953399658203], 0.026941537857055664], [0.7945027351379395, 0.08817696571350098, [0.04333329200744629, 0.04335451126098633, 0.04226398468017578, 0.036446332931518555, 0.03828883171081543, 0.034857988357543945, 0.04058718681335449, 0.04043936729431152, 0.03819441795349121, 0.042768239974975586, 0.040683746337890625, 0.03801441192626953, 0.035537004470825195, 0.040886640548706055, 0.0420384407043457, 0.03450274467468262], [0.0007176399230957031, 0.0005919933319091797, 0.0006096363067626953, 0.0007526874542236328, 0.000675201416015625, 0.0006511211395263672, 0.00070953369140625, 0.0006968975067138672, 0.000579833984375, 0.0005583763122558594, 0.0007317066192626953, 0.0006229877471923828, 0.000675201416015625, 0.0007405281066894531, 0.0009050369262695312, 0.0006055831909179688], [0.003548860549926758, 0.002803325653076172, 0.0031909942626953125, 0.0036764144897460938, 0.0021059513092041016, 0.0017480850219726562, 0.0032453536987304688, 0.0024611949920654297, 0.002002239227294922, 0.002439260482788086, 0.002223491668701172, 0.0029218196868896484, 0.003087282180786133, 0.0022246837615966797, 0.0011136531829833984, 0.002743244171142578], 0.021662235260009766]]], "map_execution": [3.226381301879883], "map_invoke": [[0.543816089630127, 0.5593011379241943, 0.5205938816070557, 0.6044187545776367]], "create_reduce_data": [0.1713428497314453], "reduce_iterdata_times": [0.17023015022277832], "reduce_queries_times": [[0.07371354103088379]], "reduce_execution_times": [3.0998849868774414], "reduce_invoke": [[0.5403509140014648]], "divide_reduce_times": [0.00011014938354492188], "total_querying_times": [6.861569404602051],