{"shuffle_centroids_times": [0.027062654495239258], "map_iterdata_times": [0.16092896461486816], "create_map_data": [0.23500847816467285], "map_queries_times": [[[0.6606173515319824, 0.03236556053161621, [0.03766655921936035, 0.03623461723327637, 0.03878474235534668, 0.03483152389526367, 0.035483360290527344, 0.033453941345214844, 0.03469204902648926, 0.04248189926147461, 0.03355216979980469, 0.04308891296386719, 0.03608560562133789, 0.03487205505371094, 0.036514997482299805, 0.03507351875305176, 0.03777718544006348, 0.05841660499572754], [0.0010175704956054688, 0.0006883144378662109, 0.0006010532379150391, 0.0005247592926025391, 0.0005402565002441406, 0.0005548000335693359, 0.0007169246673583984, 0.0005125999450683594, 0.0005371570587158203, 0.0005965232849121094, 0.0007455348968505859, 0.0004968643188476562, 0.0006017684936523438, 0.0006933212280273438, 0.0005753040313720703, 0.0006074905395507812], [0.0008182525634765625, 0.0003790855407714844, 0.00042748451232910156, 0.00029158592224121094, 0.00032067298889160156, 0.0004794597625732422, 0.0004169940948486328, 0.0004076957702636719, 0.00038623809814453125, 0.00036907196044921875, 0.0005998611450195312, 0.0003502368927001953, 0.00038242340087890625, 0.0004353523254394531, 0.0004184246063232422, 0.0003371238708496094], 0.002315521240234375], [0.7290389537811279, 0.03668689727783203, [0.04508829116821289, 0.03711271286010742, 0.03702402114868164, 0.04390454292297363, 0.03688764572143555, 0.04091620445251465, 0.04482436180114746, 0.04792141914367676, 0.04396963119506836, 0.037957191467285156, 0.035405874252319336, 0.05163264274597168, 0.039642333984375, 0.0330510139465332, 0.037364959716796875, 0.05618119239807129], [0.001085042953491211, 0.0009846687316894531, 0.0006718635559082031, 0.0011429786682128906, 0.0005736351013183594, 0.0008747577667236328, 0.0006740093231201172, 0.000782012939453125, 0.0008132457733154297, 0.0007476806640625, 0.0006866455078125, 0.0005936622619628906, 0.0006630420684814453, 0.0005784034729003906, 0.0006754398345947266, 0.0005819797515869141], [0.0006914138793945312, 0.0003993511199951172, 0.0004723072052001953, 0.0006833076477050781, 0.00044417381286621094, 0.0006780624389648438, 0.00030112266540527344, 0.0006392002105712891, 0.0005869865417480469, 0.0004305839538574219, 0.0005464553833007812, 0.0005528926849365234, 0.0005736351013183594, 0.0005035400390625, 0.0005664825439453125, 0.00043582916259765625], 0.002736806869506836], [0.7179207801818848, 0.032518625259399414, [0.04610085487365723, 0.035680294036865234, 0.038327932357788086, 0.037065982818603516, 0.0449521541595459, 0.03742384910583496, 0.03602194786071777, 0.039446115493774414, 0.038208723068237305, 0.04381370544433594, 0.04764366149902344, 0.04517173767089844, 0.04549694061279297, 0.04825401306152344, 0.04012298583984375, 0.039777278900146484], [0.0012385845184326172, 0.0007147789001464844, 0.0005350112915039062, 0.0007624626159667969, 0.0006177425384521484, 0.0006327629089355469, 0.0007879734039306641, 0.00045871734619140625, 0.0006864070892333984, 0.0006852149963378906, 0.0008325576782226562, 0.0007848739624023438, 0.0005948543548583984, 0.0007719993591308594, 0.0008554458618164062, 0.0006232261657714844], [0.0007774829864501953, 0.0005030632019042969, 0.00043511390686035156, 0.0004730224609375, 0.000507354736328125, 0.00048470497131347656, 0.0006818771362304688, 0.0004298686981201172, 0.00039458274841308594, 0.000423431396484375, 0.0004363059997558594, 0.0004096031188964844, 0.00034236907958984375, 0.0005903244018554688, 0.0005986690521240234, 0.0003457069396972656], 0.002383708953857422], [0.7145895957946777, 0.033992767333984375, [0.04456782341003418, 0.042511940002441406, 0.04279279708862305, 0.03673386573791504, 0.04547452926635742, 0.033495187759399414, 0.0416569709777832, 0.039315223693847656, 0.03852200508117676, 0.040439605712890625, 0.04204058647155762, 0.04530525207519531, 0.04546809196472168, 0.03824114799499512, 0.04474925994873047, 0.04124617576599121], [0.0008611679077148438, 0.0009591579437255859, 0.0007312297821044922, 0.0005698204040527344, 0.0005691051483154297, 0.0006058216094970703, 0.0007114410400390625, 0.0005116462707519531, 0.00057220458984375, 0.0005147457122802734, 0.0005848407745361328, 0.0006177425384521484, 0.0005254745483398438, 0.0005626678466796875, 0.0006303787231445312, 0.0006067752838134766], [0.0006945133209228516, 0.00039124488830566406, 0.0003750324249267578, 0.0003685951232910156, 0.000492095947265625, 0.00038504600524902344, 0.0006105899810791016, 0.0003514289855957031, 0.0003254413604736328, 0.00036025047302246094, 0.0004184246063232422, 0.0003676414489746094, 0.000255584716796875, 0.00028443336486816406, 0.00036716461181640625, 0.0002467632293701172], 0.0015170574188232422]]], "map_execution": [3.128573179244995], "map_invoke": [[0.5206873416900635, 0.5935914516448975, 0.530825138092041, 0.562577486038208]], "create_reduce_data": [0.1563701629638672], "reduce_iterdata_times": [0.15546011924743652], "reduce_queries_times": [[0.04190635681152344]], "reduce_execution_times": [3.2195005416870117], "reduce_invoke": [[0.6246018409729004]], "divide_reduce_times": [7.295608520507812e-05], "total_querying_times": [6.739525556564331],