{"shuffle_centroids_times": [0.027586936950683594], "map_iterdata_times": [0.20823884010314941], "create_map_data": [0.2821803092956543], "map_queries_times": [[[0.4936180114746094, 0.07168006896972656, [0.04913496971130371, 0.046440839767456055, 0.03467512130737305, 0.044033050537109375, 0.05002450942993164, 0.048584699630737305, 0.04168820381164551, 0.04543590545654297], [0.0009686946868896484, 0.0007607936859130859, 0.0007536411285400391, 0.001003265380859375, 0.0008540153503417969, 0.0009899139404296875, 0.0010738372802734375, 0.0009164810180664062], [0.0019207000732421875, 0.005101919174194336, 0.0018055438995361328, 0.005343914031982422, 0.0053730010986328125, 0.006136178970336914, 0.004828214645385742, 0.003564119338989258], 0.020458221435546875], [0.43431997299194336, 0.06006455421447754, [0.04680204391479492, 0.04069805145263672, 0.03999733924865723, 0.03834939002990723, 0.043550729751586914, 0.03685116767883301, 0.04462742805480957, 0.037891387939453125], [0.0015892982482910156, 0.0010204315185546875, 0.0010573863983154297, 0.0010771751403808594, 0.0009343624114990234, 0.0007581710815429688, 0.0008938312530517578, 0.0008165836334228516], [0.0033042430877685547, 0.0044460296630859375, 0.0030508041381835938, 0.0023572444915771484, 0.003564119338989258, 0.002355813980102539, 0.0027043819427490234, 0.0022592544555664062], 0.013237476348876953], [0.4858841896057129, 0.07036375999450684, [0.04452037811279297, 0.04738640785217285, 0.049530744552612305, 0.04216790199279785, 0.043827056884765625, 0.04760932922363281, 0.042705535888671875, 0.046300411224365234], [0.0009906291961669922, 0.0010495185852050781, 0.0007212162017822266, 0.0012674331665039062, 0.0005371570587158203, 0.0007970333099365234, 0.0008914470672607422, 0.0011835098266601562], [0.004654645919799805, 0.0030612945556640625, 0.0017178058624267578, 0.004369258880615234, 0.0010595321655273438, 0.00532078742980957, 0.0050983428955078125, 0.003673553466796875], 0.01501607894897461], [0.5260820388793945, 0.07990074157714844, [0.06629252433776855, 0.059240102767944336, 0.05304265022277832, 0.04774117469787598, 0.040401458740234375, 0.04939389228820801, 0.04806923866271973, 0.03987717628479004], [0.0020253658294677734, 0.0013284683227539062, 0.0007700920104980469, 0.0011644363403320312, 0.0007188320159912109, 0.0008208751678466797, 0.0010876655578613281, 0.0010180473327636719], [0.004065752029418945, 0.00399017333984375, 0.002216339111328125, 0.0029761791229248047, 0.002331972122192383, 0.0021600723266601562, 0.0026845932006835938, 0.0011589527130126953], 0.011542558670043945]]], "map_execution": [3.305300235748291], "map_invoke": [[0.5824477672576904, 0.6356439590454102, 0.6070079803466797, 0.6963253021240234]], "create_reduce_data": [0.16744208335876465], "reduce_iterdata_times": [0.16668915748596191], "reduce_queries_times": [[0.0668332576751709]], "reduce_execution_times": [3.0657708644866943], "reduce_invoke": [[0.4652540683746338]], "divide_reduce_times": [0.00012063980102539062], "total_querying_times": [6.820814371109009], "recalls": [[90.0, 100.0, 100.0, 90.0, 90.0, 90.0, 80.0, 100.0, 90.0, 100.0, 100.0, 100.0, 100.0, 100.0, 100.0, 100.0, 60.0, 100.0, 90.0, 100.0, 100.0, 100.0, 100.0, 100.0, 80.0, 100.0, 100.0, 80.0, 100.0, 100.0, 90.0, 100.0, 100.0, 100.0, 90.0, 90.0, 90.0, 100.0, 100.0, 80.0, 90.0, 90.0, 100.0, 100.0, 90.0, 90.0, 100.0, 100.0, 100.0, 90.0, 70.0, 100.0, 100.0, 100.0, 60.0, 100.0, 100.0, 70.0, 100.0, 100.0, 90.0, 100.0, 100.0, 100.0, 90.0, 100.0, 90.0, 100.0, 90.0, 90.0, 90.0, 100.0, 100.0, 100.0, 90.0, 90.0, 100.0, 100.0, 100.0, 100.0, 80.0, 100.0, 90.0, 100.0, 90.0, 100.0, 90.0, 100.0, 100.0, 100.0, 100.0, 40.0, 90.0, 70.0, 100.0, 100.0, 100.0, 100.0, 90.0, 100.0, 90.0, 90.0, 100.0, 80.0, 100.0, 90.0, 100.0, 100.0, 80.0, 100.0, 90.0, 100.0, 90.0, 100.0, 100.0, 100.0, 100.0, 100.0, 100.0, 100.0, 100.0, 100.0, 100.0, 100.0, 90.0, 80.0, 100.0, 100.0, 90.0, 100.0, 90.0, 100.0, 100.0, 100.0, 90.0, 80.0, 100.0, 100.0, 100.0, 100.0, 100.0, 100.0, 100.0, 100.0, 90.0, 90.0, 90.0, 100.0, 70.0, 100.0, 100.0, 100.0, 100.0, 90.0, 80.0, 100.0, 100.0, 100.0, 100.0, 90.0, 100.0, 100.0, 100.0, 100.0, 100.0, 100.0, 80.0, 90.0, 90.0, 70.0, 100.0, 100.0, 100.0, 90.0, 100.0, 100.0, 100.0, 100.0, 100.0, 90.0, 90.0, 90.0, 100.0, 100.0, 90.0, 100.0, 100.0, 100.0, 100.0, 100.0, 100.0, 100.0, 80.0, 100.0, 100.0, 80.0, 80.0, 100.0, 100.0, 90.0, 80.0, 60.0, 90.0, 90.0, 100.0, 100.0, 100.0, 100.0, 100.0, 100.0, 100.0, 80.0, 50.0, 90.0, 100.0, 100.0, 100.0, 100.0, 90.0, 80.0, 100.0, 100.0, 100.0, 100.0, 90.0, 100.0, 100.0, 100.0, 100.0, 100.0, 100.0, 100.0, 90.0, 100.0, 100.0, 80.0, 90.0, 90.0, 80.0, 100.0, 100.0, 90.0, 90.0, 100.0, 100.0, 80.0, 90.0, 100.0, 80.0, 90.0, 100.0, 90.0, 80.0, 100.0, 100.0, 100.0, 100.0, 100.0, 100.0, 100.0, 90.0, 100.0, 100.0, 100.0, 100.0, 70.0, 100.0, 100.0, 100.0, 90.0, 100.0, 100.0, 100.0, 100.0, 90.0, 100.0, 100.0, 90.0, 100.0, 100.0, 100.0, 100.0, 100.0, 100.0, 70.0, 70.0, 90.0, 100.0, 100.0, 100.0, 100.0, 50.0, 100.0, 80.0, 100.0, 80.0, 80.0, 90.0, 100.0, 100.0, 100.0, 80.0, 100.0, 100.0, 100.0, 100.0, 100.0, 90.0, 100.0, 70.0, 90.0, 100.0, 100.0, 100.0, 90.0, 100.0, 100.0, 100.0, 100.0, 80.0, 90.0, 80.0, 100.0, 90.0, 100.0, 100.0, 100.0, 90.0, 90.0, 100.0, 90.0, 90.0, 100.0, 100.0, 100.0, 100.0, 100.0, 90.0, 100.0, 100.0, 100.0, 100.0, 100.0, 100.0, 100.0, 100.0, 100.0, 90.0, 100.0, 100.0, 100.0, 90.0, 100.0, 100.0, 90.0, 100.0, 100.0, 90.0, 100.0, 50.0, 100.0, 100.0, 100.0, 100.0, 100.0, 100.0, 100.0, 100.0, 100.0, 100.0, 90.0, 100.0, 100.0, 90.0, 90.0, 100.0, 100.0, 100.0, 100.0, 100.0, 90.0, 100.0, 80.0, 100.0, 90.0, 80.0, 100.0, 90.0, 90.0, 100.0, 100.0, 100.0, 100.0, 100.0, 100.0, 90.0, 100.0, 90.0, 80.0, 100.0, 90.0, 100.0, 100.0, 90.0, 100.0, 100.0, 90.0, 100.0, 100.0, 100.0, 100.0, 90.0, 100.0, 100.0, 100.0, 100.0, 80.0, 90.0, 100.0, 100.0, 100.0, 90.0, 90.0, 100.0, 100.0, 90.0, 100.0, 90.0, 100.0, 100.0, 100.0, 100.0, 90.0, 100.0, 100.0, 100.0, 100.0, 100.0, 100.0, 100.0, 90.0, 90.0, 90.0, 100.0, 100.0, 100.0, 100.0, 90.0, 100.0, 100.0, 90.0, 100.0, 100.0, 100.0, 100.0, 100.0, 100.0, 100.0, 90.0, 100.0, 100.0, 90.0, 100.0, 100.0, 90.0, 80.0, 100.0, 100.0, 100.0, 80.0, 100.0, 100.0, 100.0, 100.0, 100.0, 100.0, 100.0, 100.0, 90.0, 100.0, 100.0, 70.0, 90.0, 90.0, 100.0, 90.0, 90.0, 100.0, 100.0, 100.0, 100.0, 100.0, 100.0, 100.0, 90.0, 80.0, 70.0, 100.0, 100.0, 100.0, 90.0, 100.0, 100.0, 100.0, 90.0, 90.0, 100.0, 100.0, 70.0, 80.0, 100.0, 100.0, 100.0, 100.0, 100.0, 80.0, 100.0, 100.0, 100.0, 100.0, 70.0, 100.0, 90.0, 100.0, 100.0, 100.0, 100.0, 100.0, 100.0, 100.0, 100.0, 90.0, 70.0, 100.0, 90.0, 90.0, 100.0, 100.0, 100.0, 100.0, 100.0, 100.0, 90.0, 100.0, 90.0, 90.0, 90.0, 100.0, 90.0, 100.0, 100.0, 100.0, 60.0, 100.0, 70.0, 100.0, 100.0, 100.0, 100.0, 100.0, 100.0, 70.0, 100.0, 100.0, 90.0, 100.0, 90.0, 100.0, 100.0, 90.0, 80.0, 80.0, 100.0, 70.0, 100.0, 60.0, 90.0, 90.0, 100.0, 90.0, 100.0, 100.0, 90.0, 100.0, 100.0, 90.0, 80.0, 100.0, 100.0, 90.0, 100.0, 90.0, 70.0, 100.0, 90.0, 90.0, 100.0, 100.0, 100.0, 100.0, 100.0, 100.0, 100.0, 100.0, 100.0, 100.0, 100.0, 100.0, 100.0, 100.0, 100.0, 100.0, 100.0, 100.0, 90.0, 100.0, 100.0, 90.0, 100.0, 100.0, 100.0, 100.0, 80.0, 90.0, 100.0, 100.0, 100.0, 90.0, 90.0, 90.0, 100.0, 100.0, 100.0, 100.0, 100.0, 80.0, 100.0, 100.0, 100.0, 100.0, 90.0, 100.0, 100.0, 100.0, 100.0, 100.0, 100.0, 100.0, 100.0, 90.0, 90.0, 70.0, 90.0, 100.0, 100.0, 100.0, 90.0, 100.0, 100.0, 100.0, 100.0, 100.0, 100.0, 100.0, 100.0, 70.0, 80.0, 100.0, 100.0, 100.0, 100.0, 100.0, 100.0, 90.0, 100.0, 100.0, 100.0, 100.0, 100.0, 100.0, 100.0, 90.0, 100.0, 90.0, 70.0, 100.0, 90.0, 70.0, 90.0, 90.0, 100.0, 100.0, 100.0, 90.0, 100.0, 70.0, 100.0, 90.0, 90.0, 100.0, 90.0, 90.0, 100.0, 100.0, 100.0, 100.0, 100.0, 100.0, 100.0, 100.0, 100.0, 90.0, 100.0, 100.0, 70.0, 60.0, 100.0, 100.0, 100.0, 100.0, 100.0, 100.0, 90.0, 100.0, 100.0, 100.0, 100.0, 100.0, 90.0, 100.0, 90.0, 100.0, 100.0, 100.0, 80.0, 100.0, 100.0, 100.0, 100.0, 100.0, 90.0, 