{"shuffle_centroids_times": [0.04341530799865723], "map_iterdata_times": [0.29583144187927246], "create_map_data": [0.3850219249725342], "map_queries_times": [[[0.8669149875640869, 0.11670684814453125, [0.044693946838378906, 0.038690805435180664, 0.04099011421203613, 0.03931403160095215, 0.03930211067199707, 0.04213380813598633, 0.035466670989990234, 0.044400691986083984, 0.04352378845214844, 0.04135417938232422, 0.04106283187866211, 0.03800845146179199, 0.036498308181762695, 0.03824806213378906, 0.0364375114440918, 0.03568887710571289], [0.0005285739898681641, 0.0006115436553955078, 0.00048279762268066406, 0.0005507469177246094, 0.0005881786346435547, 0.0006215572357177734, 0.00047135353088378906, 0.0005140304565429688, 0.0005633831024169922, 0.00054931640625, 0.000782012939453125, 0.0005674362182617188, 0.0005052089691162109, 0.0005290508270263672, 0.0004870891571044922, 0.0005617141723632812], [0.005743265151977539, 0.0012507438659667969, 0.0019240379333496094, 0.004184246063232422, 0.003591775894165039, 0.003989458084106445, 0.0027039051055908203, 0.0013308525085449219, 0.004239320755004883, 0.003163576126098633, 0.004875659942626953, 0.0045757293701171875, 0.002729654312133789, 0.005370140075683594, 0.0017070770263671875, 0.005293369293212891], 0.04871177673339844], [0.9169838428497314, 0.10247945785522461, [0.047625064849853516, 0.043592214584350586, 0.03475379943847656, 0.03950953483581543, 0.041333913803100586, 0.036232948303222656, 0.03844428062438965, 0.038942575454711914, 0.03644967079162598, 0.047922611236572266, 0.04117083549499512, 0.03316092491149902, 0.0392453670501709, 0.047313690185546875, 0.035501718521118164, 0.03972506523132324], [0.0005629062652587891, 0.0005962848663330078, 0.0007259845733642578, 0.0007874965667724609, 0.0006284713745117188, 0.0005700588226318359, 0.000591278076171875, 0.0005109310150146484, 0.0005331039428710938, 0.0005919933319091797, 0.0006265640258789062, 0.0008397102355957031, 0.0006895065307617188, 0.0007283687591552734, 0.0007319450378417969, 0.0007135868072509766], [0.007753610610961914, 0.00489497184753418, 0.002685070037841797, 0.0020554065704345703, 0.0029675960540771484, 0.0026450157165527344, 0.0026023387908935547, 0.00530242919921875, 0.005408525466918945, 0.002721548080444336, 0.0025436878204345703, 0.002002239227294922, 0.0020246505737304688, 0.0035605430603027344, 0.0019669532775878906, 0.0027985572814941406], 0.10912299156188965], [0.848207950592041, 0.10648798942565918, [0.04310417175292969, 0.046787261962890625, 0.04322361946105957, 0.04125547409057617, 0.03976869583129883, 0.045809268951416016, 0.03759646415710449, 0.037589073181152344, 0.03609418869018555, 0.0384674072265625, 0.03938770294189453, 0.03703784942626953, 0.041388511657714844, 0.037328481674194336, 0.03702497482299805, 0.04346799850463867], [0.0007236003875732422, 0.0007436275482177734, 0.0006959438323974609, 0.0006625652313232422, 0.0008802413940429688, 0.0006830692291259766, 0.0007112026214599609, 0.0008409023284912109, 0.0005748271942138672, 0.0006809234619140625, 0.0004911422729492188, 0.0007092952728271484, 0.0005795955657958984, 0.0006127357482910156, 0.0006842613220214844, 0.0005662441253662109], [0.004655599594116211, 0.0026962757110595703, 0.001857757568359375, 0.0038788318634033203, 0.004237174987792969, 0.0034406185150146484, 0.00404047966003418, 0.00399017333984375, 0.0032243728637695312, 0.0025196075439453125, 0.0013015270233154297, 0.006373882293701172, 0.0027353763580322266, 0.0030434131622314453, 0.004670143127441406, 0.0022492408752441406], 0.030491113662719727], [0.7895574569702148, 0.07751893997192383, [0.04082632064819336, 0.0329282283782959, 0.043546199798583984, 0.04125189781188965, 0.04204678535461426, 0.038835763931274414, 0.03758120536804199, 0.034982919692993164, 0.04058051109313965, 0.04472541809082031, 0.04670977592468262, 0.04109597206115723, 0.04364514350891113, 0.04636216163635254, 0.03399205207824707, 0.037125587463378906], [0.0005600452423095703, 0.0005171298980712891, 0.0005571842193603516, 0.0007143020629882812, 0.0006053447723388672, 0.0006172657012939453, 0.0006062984466552734, 0.0006368160247802734, 0.0005359649658203125, 0.0004897117614746094, 0.0006518363952636719, 0.0005664825439453125, 0.0006475448608398438, 0.0007188320159912109, 0.0008573532104492188, 0.0005285739898681641], [0.002976655960083008, 0.0026063919067382812, 0.002844095230102539, 0.0032258033752441406, 0.0017523765563964844, 0.0014290809631347656, 0.0052568912506103516, 0.0022377967834472656, 0.0015816688537597656, 0.0019805431365966797, 0.0018079280853271484, 0.0023937225341796875, 0.002360105514526367, 0.001619577407836914, 0.0009348392486572266, 0.0020990371704101562], 0.018784761428833008]]], "map_execution": [3.234071969985962], "map_invoke": [[0.5267760753631592, 0.5571961402893066, 0.6044790744781494, 0.5361466407775879]], "create_reduce_data": [0.14291691780090332], "reduce_iterdata_times": [0.14186716079711914], "reduce_queries_times": [[0.06432795524597168]], "reduce_execution_times": [3.1275739669799805], "reduce_invoke": [[0.5319952964782715]], "divide_reduce_times": [0.00014281272888183594], "total_querying_times": [6.889727830886841],