{"shuffle_centroids_times": [0.032091617584228516], "map_iterdata_times": [0.12932658195495605], "create_map_data": [0.20826029777526855], "map_queries_times": [[[0.7482783794403076, 0.03717374801635742, [0.042821645736694336, 0.04721355438232422, 0.03692507743835449, 0.04377102851867676, 0.03465890884399414, 0.04262256622314453, 0.04306983947753906, 0.039566755294799805, 0.03969407081604004, 0.03919863700866699, 0.03852725028991699, 0.03916573524475098, 0.0760493278503418, 0.041287899017333984, 0.04219174385070801, 0.04240870475769043], [0.0012378692626953125, 0.0007734298706054688, 0.0006742477416992188, 0.0005469322204589844, 0.0005583763122558594, 0.0006597042083740234, 0.0008254051208496094, 0.0006034374237060547, 0.0006570816040039062, 0.0007212162017822266, 0.0009124279022216797, 0.0005588531494140625, 0.0006353855133056641, 0.0008113384246826172, 0.0006606578826904297, 0.0006632804870605469], [0.0008332729339599609, 0.000461578369140625, 0.0005009174346923828, 0.0003936290740966797, 0.000354766845703125, 0.0005860328674316406, 0.0004763603210449219, 0.0004978179931640625, 0.0004494190216064453, 0.0004382133483886719, 0.0006732940673828125, 0.00043654441833496094, 0.00042438507080078125, 0.0005047321319580078, 0.0004520416259765625, 0.0004467964172363281], 0.002415180206298828], [0.7125539779663086, 0.03371834754943848, [0.04344582557678223, 0.03534293174743652, 0.04048633575439453, 0.04346418380737305, 0.03436422348022461, 0.035858154296875, 0.04175758361816406, 0.03645896911621094, 0.04198718070983887, 0.03931164741516113, 0.039517879486083984, 0.05315399169921875, 0.04944467544555664, 0.04831647872924805, 0.0406646728515625, 0.035578012466430664], [0.00083160400390625, 0.00102996826171875, 0.0006010532379150391, 0.0009682178497314453, 0.00047516822814941406, 0.0007221698760986328, 0.0005986690521240234, 0.0006732940673828125, 0.0006427764892578125, 0.0005958080291748047, 0.0005710124969482422, 0.0005574226379394531, 0.0006222724914550781, 0.00048732757568359375, 0.0006127357482910156, 0.0005223751068115234], [0.0005996227264404297, 0.0003192424774169922, 0.00038170814514160156, 0.0005860328674316406, 0.0003628730773925781, 0.0005712509155273438, 0.00025463104248046875, 0.0004975795745849609, 0.0004477500915527344, 0.0004000663757324219, 0.00043082237243652344, 0.00038123130798339844, 0.0004429817199707031, 0.0003635883331298828, 0.0004839897155761719, 0.0003457069396972656], 0.0021855831146240234], [0.6361546516418457, 0.0314183235168457, [0.03435158729553223, 0.03616499900817871, 0.03257632255554199, 0.042928457260131836, 0.030291080474853516, 0.039377689361572266, 0.032745361328125, 0.03779792785644531, 0.03635096549987793, 0.036666154861450195, 0.03634762763977051, 0.0377049446105957, 0.03316903114318848, 0.041620731353759766, 0.03574419021606445, 0.03910422325134277], [0.0011887550354003906, 0.000926971435546875, 0.0005331039428710938, 0.0007071495056152344, 0.0006272792816162109, 0.0006549358367919922, 0.0007126331329345703, 0.0004792213439941406, 0.0006797313690185547, 0.0007114410400390625, 0.0008161067962646484, 0.0008394718170166016, 0.0006237030029296875, 0.0007257461547851562, 0.0009114742279052734, 0.0006244182586669922], [0.0008003711700439453, 0.0003750324249267578, 0.0004277229309082031, 0.0005438327789306641, 0.0005197525024414062, 0.00048542022705078125, 0.00052642822265625, 0.0003883838653564453, 0.00047898292541503906, 0.00039505958557128906, 0.0004506111145019531, 0.00043654441833496094, 0.0003719329833984375, 0.0005657672882080078, 0.0005636215209960938, 0.00035190582275390625], 0.002252340316772461], [0.7213571071624756, 0.029579639434814453, [0.04612278938293457, 0.03658461570739746, 0.044951677322387695, 0.03897237777709961, 0.04847359657287598, 0.042372941970825195, 0.04381680488586426, 0.04006505012512207, 0.03565859794616699, 0.043109893798828125, 0.04589676856994629, 0.04004073143005371, 0.038583993911743164, 0.04084634780883789, 0.04432845115661621, 0.04066801071166992], [0.00086212158203125, 0.0011911392211914062, 0.0008068084716796875, 0.0006327629089355469, 0.0006241798400878906, 0.0007114410400390625, 0.0007803440093994141, 0.0005819797515869141, 0.0006504058837890625, 0.0005633831024169922, 0.0006041526794433594, 0.0006558895111083984, 0.0006334781646728516, 0.0006139278411865234, 0.0007662773132324219, 0.0006659030914306641], [0.0007836818695068359, 0.0004525184631347656, 0.00040793418884277344, 0.0004153251647949219, 0.0004355907440185547, 0.0004429817199707031, 0.0005390644073486328, 0.0004665851593017578, 0.00039505958557128906, 0.0003516674041748047, 0.00045013427734375, 0.0003829002380371094, 0.00033545494079589844, 0.0003151893615722656, 0.0003724098205566406, 0.0002713203430175781], 0.0030088424682617188]]], "map_execution": [3.1284561157226562], "map_invoke": [[0.5489335060119629, 0.5610852241516113, 0.5806589126586914, 0.6536712646484375]], "create_reduce_data": [0.2519214153289795], "reduce_iterdata_times": [0.25099873542785645], "reduce_queries_times": [[0.041884422302246094]], "reduce_execution_times": [3.1845364570617676], "reduce_invoke": [[0.6100583076477051]], "divide_reduce_times": [7.939338684082031e-05], "total_querying_times": [6.773253917694092],