{"shuffle_centroids_times": [0.028904199600219727], "map_iterdata_times": [0.30277323722839355], "create_map_data": [0.37764930725097656], "map_queries_times": [[[0.6120955944061279, 0.13258814811706543, [0.04515385627746582, 0.05573463439941406, 0.041948795318603516, 0.07193207740783691, 0.04038739204406738, 0.042322397232055664, 0.04593706130981445, 0.037630319595336914], [0.001064300537109375, 0.0008525848388671875, 0.0007474422454833984, 0.0010323524475097656, 0.0008339881896972656, 0.0010247230529785156, 0.0010957717895507812, 0.0009062290191650391], [0.003399372100830078, 0.007943391799926758, 0.0030183792114257812, 0.009752035140991211, 0.011697530746459961, 0.010145425796508789, 0.006270885467529297, 0.005735158920288086], 0.032874107360839844], [0.5620911121368408, 0.11511993408203125, [0.04404783248901367, 0.04731941223144531, 0.04046440124511719, 0.0450441837310791, 0.04797482490539551, 0.041538238525390625, 0.04093050956726074, 0.035683631896972656], [0.0008513927459716797, 0.0010268688201904297, 0.0007433891296386719, 0.0010142326354980469, 0.0011899471282958984, 0.0011055469512939453, 0.001112222671508789, 0.0011303424835205078], [0.008481502532958984, 0.009334325790405273, 0.010024547576904297, 0.004409074783325195, 0.007687807083129883, 0.008321523666381836, 0.006811857223510742, 0.006532907485961914], 0.03412628173828125], [0.49985432624816895, 0.08187031745910645, [0.04974508285522461, 0.04044485092163086, 0.0371401309967041, 0.044211387634277344, 0.04252886772155762, 0.040024518966674805, 0.04244518280029297, 0.04786539077758789], [0.001056671142578125, 0.0011243820190429688, 0.0009653568267822266, 0.0013298988342285156, 0.0007443428039550781, 0.0007581710815429688, 0.0007424354553222656, 0.0009913444519042969], [0.005227804183959961, 0.0037772655487060547, 0.00661158561706543, 0.00817108154296875, 0.00542902946472168, 0.0052373409271240234, 0.0037338733673095703, 0.004807710647583008], 0.022803783416748047], [0.47189974784851074, 0.06801486015319824, [0.047124385833740234, 0.049814462661743164, 0.035799264907836914, 0.03486776351928711, 0.04930877685546875, 0.04258918762207031, 0.03618812561035156, 0.047234296798706055], [0.0010242462158203125, 0.0010704994201660156, 0.0007185935974121094, 0.0006015300750732422, 0.0010297298431396484, 0.0013108253479003906, 0.0007405281066894531, 0.0010631084442138672], [0.005563974380493164, 0.00776362419128418, 0.0032629966735839844, 0.0030465126037597656, 0.0035028457641601562, 0.007375955581665039, 0.0029420852661132812, 0.001779794692993164], 0.018096923828125]]], "map_execution": [3.219426155090332], "map_invoke": [[0.4966573715209961, 0.5664904117584229, 0.608088493347168, 0.5892229080200195]], "create_reduce_data": [0.20308709144592285], "reduce_iterdata_times": [0.20226764678955078], "reduce_queries_times": [[0.06602740287780762]], "reduce_execution_times": [3.0842151641845703], "reduce_invoke": [[0.49631524085998535]], "divide_reduce_times": [0.0001125335693359375], "total_querying_times": [6.884490489959717], "recalls": [[90.0, 100.0, 100.0, 90.0, 90.0, 90.0, 80.0, 100.0, 90.0, 100.0, 100.0, 100.0, 100.0, 100.0, 100.0, 100.0, 60.0, 100.0, 90.0, 100.0, 100.0, 100.0, 100.0, 100.0, 80.0, 100.0, 100.0, 80.0, 100.0, 100.0, 90.0, 100.0, 100.0, 100.0, 90.0, 90.0, 90.0, 100.0, 100.0, 80.0, 90.0, 90.0, 100.0, 100.0, 90.0, 100.0, 100.0, 100.0, 100.0, 90.0, 70.0, 100.0, 100.0, 100.0, 70.0, 100.0, 100.0, 80.0, 100.0, 100.0, 90.0, 100.0, 100.0, 100.0, 90.0, 100.0, 100.0, 100.0, 90.0, 90.0, 90.0, 100.0, 100.0, 100.0, 90.0, 90.0, 100.0, 100.0, 100.0, 100.0, 80.0, 100.0, 90.0, 100.0, 90.0, 100.0, 90.0, 100.0, 100.0, 100.0, 100.0, 90.0, 90.0, 70.0, 100.0, 100.0, 100.0, 100.0, 90.0, 100.0, 90.0, 100.0, 100.0, 90.0, 100.0, 90.0, 100.0, 100.0, 90.0, 100.0, 100.0, 100.0, 90.0, 100.0, 100.0, 100.0, 100.0, 100.0, 100.0, 100.0, 100.0, 100.0, 100.0, 100.0, 90.0, 80.0, 100.0, 100.0, 90.0, 100.0, 100.0, 100.0, 100.0, 100.0, 90.0, 80.0, 100.0, 100.0, 100.0, 100.0, 100.0, 100.0, 100.0, 100.0, 90.0, 90.0, 100.0, 100.0, 70.0, 100.0, 100.0, 100.0, 100.0, 90.0, 80.0, 100.0, 100.0, 100.0, 100.0, 90.0, 100.0, 100.0, 100.0, 100.0, 100.0, 100.0, 90.0, 90.0, 100.0, 70.0, 100.0, 100.0, 100.0, 90.0, 100.0, 100.0, 100.0, 100.0, 100.0, 90.0, 90.0, 90.0, 100.0, 100.0, 90.0, 100.0, 100.0, 100.0, 100.0, 100.0, 100.0, 100.0, 90.0, 100.0, 100.0, 90.0, 80.0, 100.0, 100.0, 90.0, 80.0, 60.0, 90.0, 90.0, 100.0, 100.0, 100.0, 100.0, 100.0, 100.0, 100.0, 80.0, 50.0, 90.0, 100.0, 100.0, 100.0, 100.0, 90.0, 80.0, 100.0, 100.0, 100.0, 100.0, 100.0, 100.0, 100.0, 100.0, 100.0, 100.0, 100.0, 100.0, 90.0, 100.0, 100.0, 80.0, 100.0, 90.0, 80.0, 100.0, 100.0, 90.0, 100.0, 100.0, 100.0, 80.0, 90.0, 100.0, 80.0, 90.0, 100.0, 90.0, 80.0, 100.0, 100.0, 100.0, 100.0, 100.0, 100.0, 100.0, 100.0, 100.0, 100.0, 100.0, 100.0, 90.0, 100.0, 100.0, 100.0, 90.0, 100.0, 100.0, 100.0, 100.0, 90.0, 100.0, 100.0, 100.0, 100.0, 100.0, 100.0, 100.0, 100.0, 100.0, 70.0, 80.0, 90.0, 100.0, 100.0, 100.0, 100.0, 50.0, 100.0, 80.0, 100.0, 80.0, 80.0, 90.0, 100.0, 100.0, 100.0, 90.0, 100.0, 100.0, 100.0, 100.0, 100.0, 90.0, 100.0, 70.0, 90.0, 100.0, 100.0, 100.0, 90.0, 100.0, 100.0, 100.0, 100.0, 90.0, 90.0, 100.0, 100.0, 90.0, 100.0, 100.0, 100.0, 90.0, 90.0, 100.0, 90.0, 90.0, 100.0, 100.0, 100.0, 100.0, 100.0, 90.0, 100.0, 100.0, 100.0, 100.0, 100.0, 100.0, 100.0, 100.0, 100.0, 90.0, 100.0, 100.0, 100.0, 90.0, 100.0, 100.0, 90.0, 100.0, 100.0, 90.0, 100.0, 60.0, 100.0, 100.0, 100.0, 100.0, 100.0, 100.0, 100.0, 100.0, 100.0, 100.0, 90.0, 100.0, 100.0, 90.0, 90.0, 100.0, 100.0, 100.0, 100.0, 100.0, 90.0, 100.0, 80.0, 100.0, 90.0, 80.0, 100.0, 90.0, 90.0, 100.0, 100.0, 100.0, 100.0, 100.0, 100.0, 90.0, 100.0, 90.0, 80.0, 100.0, 100.0, 100.0, 100.0, 90.0, 100.0, 100.0, 90.0, 100.0, 100.0, 100.0, 100.0, 90.0, 100.0, 100.0, 100.0, 100.0, 80.0, 90.0, 100.0, 100.0, 100.0, 90.0, 100.0, 100.0, 100.0, 90.0, 100.0, 90.0, 100.0, 100.0, 100.0, 100.0, 90.0, 100.0, 100.0, 100.0, 100.0, 100.0, 100.0, 100.0, 90.0, 90.0, 90.0, 100.0, 100.0, 100.0, 100.0, 100.0, 100.0, 100.0, 90.0, 100.0, 100.0, 100.0, 100.0, 100.0, 100.0, 100.0, 100.0, 100.0, 100.0, 90.0, 100.0, 100.0, 90.0, 90.0, 100.0, 100.0, 100.0, 80.0, 100.0, 100.0, 100.0, 100.0, 100.0, 100.0, 100.0, 100.0, 90.0, 100.0, 100.0, 80.0, 90.0, 90.0, 100.0, 90.0, 90.0, 100.0, 100.0, 100.0, 100.0, 100.0, 100.0, 100.0, 100.0, 80.0, 70.0, 100.0, 100.0, 100.0, 100.0, 100.0, 100.0, 100.0, 90.0, 90.0, 100.0, 100.0, 70.0, 100.0, 100.0, 100.0, 100.0, 100.0, 100.0, 90.0, 100.0, 100.0, 100.0, 100.0, 70.0, 100.0, 100.0, 100.0, 100.0, 100.0, 100.0, 100.0, 100.0, 100.0, 100.0, 100.0, 70.0, 100.0, 90.0, 90.0, 100.0, 100.0, 100.0, 100.0, 100.0, 100.0, 100.0, 100.0, 90.0, 90.0, 90.0, 100.0, 90.0, 100.0, 100.0, 100.0, 60.0, 100.0, 70.0, 100.0, 100.0, 100.0, 100.0, 100.0, 100.0, 80.0, 100.0, 100.0, 90.0, 100.0, 90.0, 100.0, 100.0, 90.0, 80.0, 80.0, 100.0, 80.0, 100.0, 60.0, 90.0, 90.0, 100.0, 100.0, 100.0, 100.0, 90.0, 100.0, 100.0, 100.0, 80.0, 100.0, 100.0, 90.0, 100.0, 90.0, 90.0, 100.0, 90.0, 90.0, 100.0, 100.0, 100.0, 100.0, 100.0, 100.0, 100.0, 100.0, 100.0, 100.0, 100.0, 100.0, 100.0, 100.0, 100.0, 100.0, 100.0, 100.0, 100.0, 100.0, 100.0, 90.0, 100.0, 100.0, 100.0, 100.0, 90.0, 90.0, 100.0, 100.0, 100.0, 100.0, 90.0, 90.0, 100.0, 100.0, 100.0, 100.0, 100.0, 80.0, 100.0, 100.0, 100.0, 100.0, 90.0, 100.0, 100.0, 100.0, 100.0, 100.0, 100.0, 100.0, 100.0, 90.0, 90.0, 70.0, 90.0, 100.0, 100.0, 100.0, 100.0, 100.0, 100.0, 100.0, 100.0, 100.0, 100.0, 100.0, 100.0, 80.0, 80.0, 100.0, 100.0, 100.0, 100.0, 100.0, 100.0, 100.0, 100.0, 100.0, 100.0, 100.0, 100.0, 100.0, 100.0, 90.0, 100.0, 90.0, 70.0, 100.0, 90.0, 70.0, 90.0, 90.0, 100.0, 100.0, 100.0, 100.0, 100.0, 100.0, 100.0, 90.0, 90.0, 100.0, 90.0, 90.0, 100.0, 100.0, 100.0, 100.0, 100.0, 100.0, 100.0, 100.0, 100.0, 90.0, 100.0, 100.0, 70.0, 80.0, 100.0, 100.0, 100.0, 100.0, 100.0, 100.0, 90.0, 100.0, 100.0, 100.0, 100.0, 100.0, 90.0, 100.0, 90.0, 100.0, 100.0, 100.0, 80.0, 100.0, 100.0, 100.0, 100.0,