{"shuffle_centroids_times": [0.02526259422302246], "map_iterdata_times": [0.16710162162780762], "create_map_data": [0.23752689361572266], "map_queries_times": [[[0.31606411933898926, 0.05251336097717285, [0.05515599250793457, 0.06093406677246094, 0.05599665641784668, 0.04986882209777832], [0.0024271011352539062, 0.0029609203338623047, 0.0018286705017089844, 0.0017364025115966797], [0.0024881362915039062, 0.012424230575561523, 0.0030350685119628906, 0.004807949066162109], 0.009842157363891602], [0.28205180168151855, 0.05142664909362793, [0.06690216064453125, 0.04994344711303711, 0.045699119567871094, 0.04122424125671387], [0.001992940902709961, 0.001573801040649414, 0.0016338825225830078, 0.0011866092681884766], [0.0032804012298583984, 0.0022797584533691406, 0.004913330078125, 0.0028667449951171875], 0.0070879459381103516], [0.29797816276550293, 0.04628491401672363, [0.0436396598815918, 0.043164730072021484, 0.06938719749450684, 0.060466766357421875], [0.001990079879760742, 0.001178741455078125, 0.0034780502319335938, 0.002644062042236328], [0.002433300018310547, 0.002031087875366211, 0.008231639862060547, 0.004500389099121094], 0.008503198623657227], [0.27506589889526367, 0.04099440574645996, [0.06079268455505371, 0.05148887634277344, 0.047574758529663086, 0.04299163818359375], [0.002872943878173828, 0.0021865367889404297, 0.0016598701477050781, 0.0010752677917480469], [0.00590205192565918, 0.006115436553955078, 0.002706289291381836, 0.0011105537414550781], 0.00755620002746582]]], "map_execution": [3.0947020053863525], "map_invoke": [[0.555762767791748, 0.49805641174316406, 0.5429728031158447, 0.5292148590087891]], "create_reduce_data": [0.29755353927612305], "reduce_iterdata_times": [0.29683399200439453], "reduce_queries_times": [[0.0769188404083252]], "reduce_execution_times": [3.125298500061035], "reduce_invoke": [[0.5370147228240967]], "divide_reduce_times": [0.000110626220703125], "total_querying_times": [6.755191802978516], "recalls": [[80.0, 100.0, 100.0, 80.0, 90.0, 90.0, 100.0, 100.0, 100.0, 100.0, 100.0, 100.0, 90.0, 100.0, 100.0, 100.0, 60.0, 100.0, 90.0, 100.0, 100.0, 100.0, 100.0, 100.0, 80.0, 100.0, 100.0, 60.0, 100.0, 90.0, 80.0, 100.0, 100.0, 100.0, 100.0, 70.0, 80.0, 100.0, 100.0, 80.0, 90.0, 100.0, 100.0, 100.0, 100.0, 80.0, 100.0, 100.0, 90.0, 100.0, 70.0, 100.0, 100.0, 100.0, 70.0, 100.0, 100.0, 90.0, 100.0, 100.0, 100.0, 80.0, 100.0, 90.0, 100.0, 100.0, 60.0, 100.0, 80.0, 90.0, 90.0, 100.0, 100.0, 100.0, 90.0, 100.0, 90.0, 100.0, 100.0, 100.0, 100.0, 100.0, 100.0, 90.0, 100.0, 100.0, 90.0, 100.0, 90.0, 90.0, 100.0, 20.0, 100.0, 60.0, 100.0, 70.0, 100.0, 100.0, 80.0, 100.0, 100.0, 80.0, 90.0, 80.0, 80.0, 90.0, 100.0, 100.0, 70.0, 100.0, 100.0, 100.0, 60.0, 100.0, 90.0, 100.0, 100.0, 100.0, 100.0, 80.0, 100.0, 100.0, 100.0, 100.0, 90.0, 100.0, 100.0, 90.0, 100.0, 100.0, 80.0, 90.0, 70.0, 100.0, 100.0, 50.0, 100.0, 100.0, 80.0, 100.0, 100.0, 100.0, 100.0, 100.0, 80.0, 100.0, 100.0, 100.0, 50.0, 90.0, 90.0, 100.0, 100.0, 90.0, 100.0, 90.0, 100.0, 90.0, 100.0, 90.0, 100.0, 100.0, 100.0, 100.0, 80.0, 70.0, 90.0, 90.0, 70.0, 90.0, 100.0, 100.0, 100.0, 100.0, 100.0, 100.0, 90.0, 100.0, 100.0, 90.0, 80.0, 70.0, 70.0, 90.0, 100.0, 100.0, 100.0, 100.0, 100.0, 100.0, 90.0, 100.0, 90.0, 100.0, 100.0, 90.0, 90.0, 100.0, 100.0, 90.0, 90.0, 80.0, 100.0, 90.0, 100.0, 80.0, 100.0, 90.0, 100.0, 100.0, 100.0, 100.0, 40.0, 100.0, 100.0, 100.0, 100.0, 100.0, 100.0, 100.0, 100.0, 100.0, 100.0, 100.0, 90.0, 100.0, 100.0, 100.0, 90.0, 100.0, 80.0, 90.0, 90.0, 100.0, 100.0, 70.0, 70.0, 100.0, 100.0, 100.0, 100.0, 100.0, 80.0, 100.0, 90.0, 90.0, 100.0, 100.0, 100.0, 70.0, 100.0, 100.0, 90.0, 100.0, 90.0, 100.0, 100.0, 100.0, 100.0, 100.0, 90.0, 90.0, 90.0, 100.0, 70.0, 70.0, 100.0, 100.0, 90.0, 70.0, 100.0, 100.0, 100.0, 100.0, 90.0, 40.0, 100.0, 100.0, 90.0, 100.0, 80.0, 90.0, 90.0, 100.0, 80.0, 80.0, 90.0, 100.0, 100.0, 100.0, 90.0, 80.0, 100.0, 100.0, 90.0, 90.0, 90.0, 100.0, 100.0, 100.0, 100.0, 100.0, 100.0, 100.0, 100.0, 100.0, 100.0, 100.0, 100.0, 90.0, 80.0, 100.0, 100.0, 90.0, 100.0, 100.0, 90.0, 100.0, 90.0, 70.0, 100.0, 80.0, 90.0, 100.0, 90.0, 100.0, 100.0, 60.0, 100.0, 100.0, 80.0, 100.0, 90.0, 100.0, 80.0, 100.0, 80.0, 100.0, 100.0, 100.0, 100.0, 100.0, 100.0, 90.0, 100.0, 100.0, 100.0, 80.0, 80.0, 90.0, 100.0, 100.0, 100.0, 90.0, 90.0, 100.0, 100.0, 90.0, 90.0, 80.0, 90.0, 100.0, 90.0, 100.0, 90.0, 100.0, 100.0, 100.0, 100.0, 100.0, 70.0, 100.0, 90.0, 100.0, 50.0, 100.0, 90.0, 100.0, 100.0, 100.0, 90.0, 90.0, 100.0, 100.0, 100.0, 90.0, 100.0, 90.0, 90.0, 100.0, 90.0, 100.0, 100.0, 100.0, 100.0, 90.0, 90.0, 80.0, 80.0, 100.0, 60.0, 100.0, 90.0, 100.0, 100.0, 90.0, 90.0, 100.0, 100.0, 100.0, 100.0, 90.0, 90.0, 100.0, 100.0, 90.0, 90.0, 100.0, 100.0, 90.0, 100.0, 70.0, 100.0, 100.0, 100.0, 100.0, 70.0, 100.0, 100.0, 100.0, 100.0, 100.0, 90.0, 100.0, 100.0, 100.0, 90.0, 100.0, 100.0, 100.0, 100.0, 100.0, 80.0, 100.0, 100.0, 100.0, 100.0, 100.0, 100.0, 80.0, 70.0, 100.0, 80.0, 90.0, 90.0, 50.0, 90.0, 100.0, 90.0, 100.0, 90.0, 90.0, 100.0, 100.0, 100.0, 90.0, 100.0, 100.0, 90.0, 100.0, 100.0, 100.0, 90.0, 100.0, 100.0, 100.0, 100.0, 100.0, 100.0, 100.0, 100.0, 100.0, 90.0, 90.0, 100.0, 80.0, 100.0, 100.0, 100.0, 100.0, 100.0, 100.0, 100.0, 100.0, 80.0, 80.0, 100.0, 100.0, 100.0, 100.0, 90.0, 90.0, 100.0, 100.0, 80.0, 90.0, 100.0, 100.0, 80.0, 90.0, 90.0, 100.0, 100.0, 80.0, 100.0, 100.0, 100.0, 100.0, 100.0, 100.0, 80.0, 100.0, 100.0, 100.0, 100.0, 100.0, 100.0, 100.0, 100.0, 100.0, 100.0, 80.0, 60.0, 100.0, 60.0, 90.0, 100.0, 100.0, 100.0, 100.0, 100.0, 100.0, 100.0, 100.0, 100.0, 100.0, 100.0, 100.0, 100.0, 100.0, 90.0, 100.0, 40.0, 90.0, 80.0, 100.0, 90.0, 90.0, 100.0, 100.0, 100.0, 80.0, 100.0, 100.0, 90.0, 100.0, 100.0, 100.0, 100.0, 100.0, 80.0, 100.0, 90.0, 90.0, 80.0, 90.0, 100.0, 100.0, 60.0, 90.0, 90.0, 100.0, 100.0, 100.0, 100.0, 80.0, 90.0, 90.0, 100.0, 90.0, 90.0, 70.0, 90.0, 100.0, 100.0, 80.0, 100.0, 100.0, 90.0, 70.0, 100.0, 100.0, 100.0, 100.0, 100.0, 100.0, 100.0, 100.0, 100.0, 100.0, 100.0, 100.0, 90.0, 100.0, 60.0, 100.0, 90.0, 100.0, 100.0, 80.0, 80.0, 100.0, 70.0, 100.0, 90.0, 100.0, 100.0, 80.0, 100.0, 100.0, 60.0, 100.0, 100.0, 100.0, 100.0, 90.0, 100.0, 90.0, 100.0, 100.0, 100.0, 100.0, 90.0, 100.0, 100.0, 100.0, 100.0, 100.0, 100.0, 70.0, 90.0, 100.0, 100.0, 100.0, 100.0, 100.0, 100.0, 90.0, 100.0, 100.0, 100.0, 100.0, 100.0, 100.0, 100.0, 90.0, 90.0, 100.0, 100.0, 100.0, 100.0, 90.0, 100.0, 70.0, 100.0, 100.0, 100.0, 90.0, 100.0, 100.0, 100.0, 70.0, 90.0, 90.0, 90.0, 100.0, 80.0, 40.0, 70.0, 60.0, 90.0, 90.0, 100.0, 90.0, 90.0, 70.0, 100.0, 90.0, 100.0, 100.0, 90.0, 70.0, 100.0, 100.0, 90.0, 100.0, 90.0, 80.0, 100.0, 100.0, 100.0, 100.0, 100.0, 90.0, 100.0, 80.0, 100.0, 100.0, 90.0, 90.0, 100.0, 70.0, 100.0, 100.0, 100.0, 90.0, 100.0, 100.0, 90.0, 100.0, 100.0, 100.0, 100.0, 100.0, 80.0, 100.0, 90.0, 100.0, 100.0, 100.0, 80.0, 100.0, 100.0, 100.0, 100.0, 100.0, 100.0, 90.0, 100.0, 100.0, 80.0, 100.0, 100.0, 100.0, 80.0, 80.0, 100.0, 100.0, 100.0, 100.0, 90.0, 100.0, 80.0, 80.0, 100.0, 100.0, 100.0, 100.0, 100.0, 70.0, 90.0, 100.0, 80.0, 100.0, 100.0, 100.0, 100.0, 100.0, 90.0, 100.0, 100.0, 100.0, 90.0, 80.0, 100.0, 100.0, 100.0, 100.0, 100.0, 100.0, 100.0, 90.0, 70.0, 100.0, 100.0, 100.0, 100.0, 100.0, 90.0, 100.0, 100.0, 90.0, 90.0, 100.0, 80.0, 100.0, 70.0, 100.0, 100.0, 100.0, 90.0, 90.0, 90.0, 100.0, 100.0, 100.0, 100.0, 100.0, 100.0, 100.0, 80.0, 70.0, 100.0, 100.0, 80.0, 100.0, 80.0, 100.0, 70.0, 90.0, 70.0, 100.0, 100.0, 90.0, 90.0, 100.0, 100.0, 100.0, 100.0, 100.0, 100.0, 100.0, 90.0, 100.0, 100.0, 90.0, 90.0, 90.0, 100.0, 70.0, 90.0, 80.0, 100.0, 100.0, 90.0, 100.0, 100.0, 100.0, 100.0, 100.0, 100.0, 100.0, 100.0, 100.0, 100.0, 100.0, 100.0, 100.0, 80.0, 70.0, 100.0, 90.0, 100.0, 100.0, 90.0, 100.0, 100.0, 100.0, 100.0, 100.0, 80.0, 90.0, 100.0, 100.0, 80.0, 100.0, 100.0, 100.0, 90.0, 80.0, 100.0, 100.0, 60.0, 100.0, 100.0, 100.0, 100.0, 100.0, 90.0, 100.0, 100.0, 100.0, 90.0, 100.0, 90.0, 80.0, 100.0, 90.0,