{"shuffle_centroids_times": [0.03710317611694336], "map_iterdata_times": [0.13247895240783691], "create_map_data": [0.21625089645385742], "map_queries_times": [[[0.6464893817901611, 0.025240659713745117, [0.039635419845581055, 0.0344085693359375, 0.03844451904296875, 0.04147481918334961, 0.03882765769958496, 0.03591275215148926, 0.0350184440612793, 0.04129910469055176, 0.039431095123291016, 0.034085988998413086, 0.03206372261047363, 0.039403676986694336, 0.03972578048706055, 0.0405275821685791, 0.03787732124328613, 0.03142595291137695], [0.0006890296936035156, 0.0006635189056396484, 0.0007920265197753906, 0.0005970001220703125, 0.0006608963012695312, 0.0006928443908691406, 0.0008432865142822266, 0.0006196498870849609, 0.0007035732269287109, 0.0006902217864990234, 0.0009915828704833984, 0.0006706714630126953, 0.0007152557373046875, 0.0008082389831542969, 0.0007064342498779297, 0.0007061958312988281], [0.0007300376892089844, 0.00042939186096191406, 0.00043654441833496094, 0.00033545494079589844, 0.00033855438232421875, 0.0005023479461669922, 0.0004482269287109375, 0.0004730224609375, 0.0003733634948730469, 0.0003933906555175781, 0.0006129741668701172, 0.0003743171691894531, 0.00038313865661621094, 0.00046443939208984375, 0.0004413127899169922, 0.0003571510314941406], 0.002942323684692383], [0.7273867130279541, 0.03463578224182129, [0.04515337944030762, 0.03693032264709473, 0.03829336166381836, 0.04919624328613281, 0.033846139907836914, 0.0722205638885498, 0.042340993881225586, 0.03183579444885254, 0.03312826156616211, 0.037490129470825195, 0.03806018829345703, 0.04247713088989258, 0.04537534713745117, 0.04079413414001465, 0.045125722885131836, 0.03659868240356445], [0.0008015632629394531, 0.0010442733764648438, 0.0006880760192871094, 0.0011553764343261719, 0.0005500316619873047, 0.0008928775787353516, 0.0006742477416992188, 0.0007436275482177734, 0.0008034706115722656, 0.0007240772247314453, 0.0006425380706787109, 0.0006566047668457031, 0.0006303787231445312, 0.0005750656127929688, 0.0006592273712158203, 0.0005328655242919922], [0.0006322860717773438, 0.000385284423828125, 0.00044918060302734375, 0.0007739067077636719, 0.00039505958557128906, 0.0007965564727783203, 0.0002903938293457031, 0.0005753040313720703, 0.0007274150848388672, 0.00043892860412597656, 0.0004982948303222656, 0.0004343986511230469, 0.00048065185546875, 0.0004544258117675781, 0.0005388259887695312, 0.00038909912109375], 0.003759145736694336], [0.6167516708374023, 0.03551769256591797, [0.04829978942871094, 0.028688907623291016, 0.03523755073547363, 0.035324811935424805, 0.03399300575256348, 0.030664682388305664, 0.03900766372680664, 0.027153491973876953, 0.036693572998046875, 0.033402204513549805, 0.03234124183654785, 0.036477088928222656, 0.03852510452270508, 0.03433823585510254, 0.03402137756347656, 0.03557586669921875], [0.0007071495056152344, 0.0006115436553955078, 0.0005815029144287109, 0.0007445812225341797, 0.00064849853515625, 0.0007545948028564453, 0.000766754150390625, 0.0005197525024414062, 0.0007567405700683594, 0.0007560253143310547, 0.0008628368377685547, 0.0008451938629150391, 0.0006520748138427734, 0.0007889270782470703, 0.0009067058563232422, 0.0006780624389648438], [0.0006573200225830078, 0.00042128562927246094, 0.0005106925964355469, 0.0004832744598388672, 0.0006070137023925781, 0.0004913806915283203, 0.00048542022705078125, 0.0004138946533203125, 0.00047707557678222656, 0.00043892860412597656, 0.0004451274871826172, 0.00043582916259765625, 0.0003654956817626953, 0.0005340576171875, 0.0006406307220458984, 0.0003674030303955078], 0.002034425735473633], [0.7084245681762695, 0.036847829818725586, [0.04575920104980469, 0.03583216667175293, 0.04344987869262695, 0.04164528846740723, 0.038674116134643555, 0.035692691802978516, 0.04199385643005371, 0.037197113037109375, 0.04211282730102539, 0.045172691345214844, 0.03911614418029785, 0.04553556442260742, 0.04332256317138672, 0.041062355041503906, 0.036383867263793945, 0.03882265090942383], [0.0005471706390380859, 0.0007894039154052734, 0.0007331371307373047, 0.0007123947143554688, 0.0007240772247314453, 0.0007126331329345703, 0.000766754150390625, 0.0006449222564697266, 0.00072479248046875, 0.0006382465362548828, 0.0007159709930419922, 0.0007214546203613281, 0.0006618499755859375, 0.0007023811340332031, 0.0008218288421630859, 0.0006706714630126953], [0.0007381439208984375, 0.0005114078521728516, 0.0004165172576904297, 0.0004668235778808594, 0.0004565715789794922, 0.0004646778106689453, 0.0005767345428466797, 0.00038623809814453125, 0.00037407875061035156, 0.00032830238342285156, 0.000431060791015625, 0.0003762245178222656, 0.00032067298889160156, 0.00033664703369140625, 0.0004000663757324219, 0.0002639293670654297], 0.001550912857055664]]], "map_execution": [3.1306655406951904], "map_invoke": [[0.533470869064331, 0.6013946533203125, 0.5654792785644531, 0.611304521560669]], "create_reduce_data": [0.1689610481262207], "reduce_iterdata_times": [0.16814851760864258], "reduce_queries_times": [[0.0326838493347168]], "reduce_execution_times": [3.1950337886810303], "reduce_invoke": [[0.6297712326049805]], "divide_reduce_times": [6.413459777832031e-05], "total_querying_times": [6.710975885391235],