{"shuffle_centroids_times": [0.023482561111450195], "map_iterdata_times": [0.1736295223236084], "create_map_data": [0.24397826194763184], "map_queries_times": [[[0.4293949604034424, 0.03577709197998047, [0.06251811981201172, 0.04431486129760742, 0.04500007629394531, 0.046227216720581055, 0.0433347225189209, 0.051233530044555664, 0.040125370025634766, 0.04206418991088867], [0.0020112991333007812, 0.0014700889587402344, 0.0007283687591552734, 0.0011069774627685547, 0.0007603168487548828, 0.00118255615234375, 0.001010894775390625, 0.0014138221740722656], [0.0014383792877197266, 0.0008630752563476562, 0.0006017684936523438, 0.0007925033569335938, 0.000392913818359375, 0.0009005069732666016, 0.0006108283996582031, 0.0010018348693847656], 0.0024483203887939453], [0.4074585437774658, 0.0461421012878418, [0.04897308349609375, 0.04132199287414551, 0.03992176055908203, 0.05142951011657715, 0.044216156005859375, 0.043949127197265625, 0.03437376022338867, 0.03676772117614746], [0.0017845630645751953, 0.0017375946044921875, 0.0011134147644042969, 0.0011742115020751953, 0.0015683174133300781, 0.0010712146759033203, 0.0006949901580810547, 0.0009887218475341797], [0.0008983612060546875, 0.0012454986572265625, 0.0007138252258300781, 0.0018463134765625, 0.0010309219360351562, 0.0007522106170654297, 0.00041675567626953125, 0.0007526874542236328], 0.002510547637939453], [0.3719370365142822, 0.03052067756652832, [0.037337541580200195, 0.04399418830871582, 0.04324054718017578, 0.03912663459777832, 0.0354914665222168, 0.041960954666137695, 0.04545450210571289, 0.040970563888549805], [0.0009579658508300781, 0.001676321029663086, 0.0008795261383056641, 0.0007503032684326172, 0.0008213520050048828, 0.000598907470703125, 0.0008435249328613281, 0.0007734298706054688], [0.0008599758148193359, 0.0006506443023681641, 0.0004525184631347656, 0.0006039142608642578, 0.0006504058837890625, 0.00047969818115234375, 0.0005946159362792969, 0.00042176246643066406], 0.0017681121826171875], [0.39172840118408203, 0.026894807815551758, [0.05020642280578613, 0.04681849479675293, 0.03304123878479004, 0.04049849510192871, 0.045719146728515625, 0.040027618408203125, 0.047271728515625, 0.04439735412597656], [0.0015478134155273438, 0.0017027854919433594, 0.0005981922149658203, 0.001155853271484375, 0.001016855239868164, 0.0011854171752929688, 0.0013661384582519531, 0.0008349418640136719], [0.0011844635009765625, 0.0006961822509765625, 0.0004489421844482422, 0.0007092952728271484, 0.0005877017974853516, 0.0007605552673339844, 0.0008008480072021484, 0.0004203319549560547], 0.0017242431640625]]], "map_execution": [3.1193675994873047], "map_invoke": [[0.5352756977081299, 0.5822460651397705, 0.5103299617767334, 0.5615925788879395]], "create_reduce_data": [0.17602133750915527], "reduce_iterdata_times": [0.17510533332824707], "reduce_queries_times": [[0.04094982147216797]], "reduce_execution_times": [3.2115626335144043], "reduce_invoke": [[0.6172146797180176]], "divide_reduce_times": [7.915496826171875e-05], "total_querying_times": [6.751009225845337], "recalls": [[90.0, 80.0, 100.0, 90.0, 90.0, 70.0, 80.0, 40.0, 50.0, 70.0, 80.0, 90.0, 100.0, 100.0, 100.0, 100.0, 30.0, 60.0, 40.0, 80.0, 100.0, 100.0, 100.0, 90.0, 20.0, 60.0, 100.0, 80.0, 30.0, 90.0, 20.0, 70.0, 60.0, 70.0, 80.0, 70.0, 20.0, 90.0, 90.0, 80.0, 30.0, 90.0, 60.0, 100.0, 80.0, 30.0, 40.0, 40.0, 30.0, 50.0, 70.0, 80.0, 60.0, 70.0, 10.0, 90.0, 90.0, 50.0, 100.0, 80.0, 90.0, 70.0, 40.0, 30.0, 70.0, 100.0, 20.0, 70.0, 60.0, 30.0, 50.0, 80.0, 100.0, 70.0, 20.0, 50.0, 10.0, 90.0, 50.0, 80.0, 40.0, 100.0, 90.0, 60.0, 50.0, 60.0, 80.0, 100.0, 40.0, 100.0, 40.0, 0.0, 80.0, 10.0, 90.0, 30.0, 100.0, 60.0, 30.0, 100.0, 60.0, 60.0, 90.0, 70.0, 50.0, 60.0, 100.0, 100.0, 30.0, 100.0, 40.0, 60.0, 60.0, 20.0, 30.0, 100.0, 100.0, 100.0, 60.0, 90.0, 100.0, 100.0, 100.0, 100.0, 50.0, 60.0, 70.0, 100.0, 80.0, 40.0, 20.0, 70.0, 30.0, 70.0, 70.0, 60.0, 100.0, 80.0, 80.0, 80.0, 50.0, 100.0, 100.0, 80.0, 70.0, 60.0, 80.0, 80.0, 40.0, 100.0, 20.0, 30.0, 90.0, 10.0, 80.0, 100.0, 60.0, 90.0, 100.0, 70.0, 100.0, 100.0, 80.0, 90.0, 50.0, 60.0, 20.0, 70.0, 50.0, 30.0, 70.0, 70.0, 90.0, 90.0, 100.0, 100.0, 90.0, 10.0, 100.0, 80.0, 70.0, 80.0, 70.0, 90.0, 80.0, 90.0, 40.0, 90.0, 50.0, 60.0, 70.0, 100.0, 30.0, 90.0, 100.0, 70.0, 50.0, 100.0, 90.0, 10.0, 70.0, 40.0, 50.0, 50.0, 40.0, 70.0, 20.0, 10.0, 50.0, 70.0, 100.0, 70.0, 20.0, 90.0, 40.0, 50.0, 70.0, 100.0, 50.0, 70.0, 100.0, 100.0, 50.0, 10.0, 80.0, 60.0, 20.0, 50.0, 80.0, 100.0, 100.0, 90.0, 20.0, 10.0, 40.0, 40.0, 20.0, 70.0, 80.0, 80.0, 90.0, 90.0, 30.0, 80.0, 30.0, 50.0, 0.0, 50.0, 70.0, 80.0, 30.0, 50.0, 80.0, 100.0, 60.0, 100.0, 80.0, 100.0, 100.0, 60.0, 0.0, 20.0, 90.0, 80.0, 20.0, 0.0, 80.0, 90.0, 80.0, 60.0, 20.0, 50.0, 100.0, 100.0, 50.0, 90.0, 100.0, 10.0, 90.0, 100.0, 80.0, 90.0, 60.0, 50.0, 70.0, 60.0, 50.0, 70.0, 70.0, 100.0, 100.0, 50.0, 90.0, 50.0, 80.0, 80.0, 10.0, 70.0, 100.0, 20.0, 100.0, 20.0, 100.0, 50.0, 30.0, 100.0, 70.0, 70.0, 80.0, 30.0, 60.0, 80.0, 100.0, 30.0, 90.0, 50.0, 30.0, 60.0, 100.0, 50.0, 90.0, 50.0, 100.0, 80.0, 30.0, 100.0, 100.0, 10.0, 60.0, 60.0, 60.0, 70.0, 100.0, 90.0, 100.0, 20.0, 50.0, 80.0, 100.0, 100.0, 100.0, 100.0, 40.0, 40.0, 90.0, 100.0, 80.0, 50.0, 70.0, 70.0, 90.0, 90.0, 50.0, 30.0, 90.0, 20.0, 100.0, 40.0, 70.0, 50.0, 70.0, 10.0, 70.0, 50.0, 80.0, 80.0, 70.0, 50.0, 60.0, 50.0, 10.0, 10.0, 50.0, 60.0, 30.0, 100.0, 100.0, 100.0, 100.0, 80.0, 50.0, 90.0, 80.0, 100.0, 0.0, 80.0, 40.0, 90.0, 40.0, 50.0, 30.0, 50.0, 100.0, 60.0, 30.0, 70.0, 100.0, 80.0, 80.0, 60.0, 40.0, 100.0, 100.0, 60.0, 60.0, 10.0, 70.0, 60.0, 100.0, 100.0, 80.0, 60.0, 80.0, 20.0, 100.0, 50.0, 80.0, 50.0, 80.0, 100.0, 70.0, 60.0, 90.0, 40.0, 90.0, 30.0, 60.0, 80.0, 100.0, 100.0, 80.0, 100.0, 50.0, 100.0, 100.0, 70.0, 30.0, 60.0, 100.0, 50.0, 70.0, 90.0, 60.0, 90.0, 100.0, 100.0, 60.0, 30.0, 100.0, 100.0, 10.0, 100.0, 60.0, 10.0, 100.0, 60.0, 60.0, 60.0, 20.0, 100.0, 100.0, 60.0, 100.0, 50.0, 90.0, 60.0, 90.0, 100.0, 0.0, 10.0, 100.0, 100.0, 90.0, 10.0, 100.0, 100.0, 60.0, 100.0, 90.0, 100.0, 100.0, 50.0, 60.0, 70.0, 50.0, 80.0, 90.0, 100.0, 100.0, 80.0, 50.0, 70.0, 100.0, 100.0, 30.0, 50.0, 40.0, 100.0, 100.0, 30.0, 50.0, 50.0, 100.0, 100.0, 50.0, 60.0, 100.0, 90.0, 30.0, 0.0, 60.0, 100.0, 30.0, 40.0, 20.0, 40.0, 90.0, 100.0, 60.0, 100.0, 60.0, 70.0, 10.0, 90.0, 50.0, 60.0, 50.0, 100.0, 90.0, 20.0, 100.0, 50.0, 10.0, 70.0, 20.0, 90.0, 60.0, 30.0, 100.0, 90.0, 100.0, 50.0, 80.0, 90.0, 80.0, 20.0, 60.0, 100.0, 90.0, 40.0, 60.0, 100.0, 20.0, 100.0, 40.0, 100.0, 90.0, 40.0, 60.0, 30.0, 100.0, 20.0, 100.0, 10.0, 70.0, 90.0, 70.0, 100.0, 70.0, 90.0, 30.0, 50.0, 50.0, 20.0, 0.0, 50.0, 60.0, 90.0, 10.0, 50.0, 100.0, 70.0, 90.0, 10.0, 20.0, 10.0, 60.0, 80.0, 60.0, 40.0, 40.0, 20.0, 0.0, 100.0, 90.0, 30.0, 20.0, 100.0, 100.0, 60.0, 70.0, 100.0, 40.0, 20.0, 60.0, 90.0, 80.0, 100.0, 60.0, 100.0, 100.0, 100.0, 70.0, 70.0, 90.0, 60.0, 60.0, 90.0, 40.0, 10.0, 50.0, 60.0, 10.0, 70.0, 60.0, 100.0, 100.0, 50.0, 90.0, 70.0, 0.0, 90.0, 90.0, 40.0, 70.0, 70.0, 80.0, 40.0, 100.0, 10.0, 90.0, 70.0, 70.0, 90.0, 70.0, 100.0, 100.0, 70.0, 90.0, 40.0, 60.0, 70.0, 90.0, 90.0, 60.0, 100.0, 50.0, 30.0, 100.0, 100.0, 80.0, 100.0, 90.0, 60.0, 30.0, 60.0, 60.0, 20.0, 100.0, 100.0, 100.0, 60.0, 100.0, 50.0, 70.0, 30.0, 10.0, 80.0, 100.0, 80.0, 20.0, 40.0, 90.0, 90.0, 10.0, 60.0, 10.0, 30.0, 90.0, 80.0, 80.0, 60.0, 100.0, 80.0, 100.0, 70.0, 100.0, 70.0, 60.0, 50.0, 80.0, 60.0, 80.0, 80.0, 100.0, 70.0, 100.0, 100.0, 100.0, 50.0, 100.0, 20.0, 90.0, 90.0, 70.0, 40.0, 100.0, 100.0, 90.0, 40.0, 60.0, 30.0, 70.0, 80.0, 80.0, 80.0, 100.0, 30.0, 30.0, 100.0, 80.0, 100.0, 100.0, 100.0, 70.0, 20.0, 90.0, 90.0, 80.0, 100.0, 80.0, 90.0, 50.0, 90.0, 100.0, 100.0, 90.0, 50.0, 100.0, 80.0, 70.0, 90.0, 100.0, 50.0, 30.0, 70.0, 70.0, 100.0, 70.0, 90.0, 30.0, 70.0, 60.0, 60.0, 10.0, 100.0, 80.0, 100.0, 100.0, 70.0, 50.0, 100.0, 0.0, 80.0, 100.0, 80.0, 20.0, 80.0, 90.0, 90.0, 100.0, 100.0, 10.0, 60.0, 80.0, 60.0, 40.0, 50.0, 90.0, 100.0, 50.0, 0.0, 0.0, 