{"load_dataset_centroids": 0, "global_index_centroids": 0, "distribute_vectors_centroids": [5.249459266662598, 5.095913648605347, 4.688217639923096, 4.9836649894714355, 4.656664133071899, 4.807939767837524, 4.488533973693848, 5.2314369678497314, 5.210015535354614, 4.912024736404419, 5.35746955871582, 5.166434288024902, 5.103047132492065, 5.3110671043396, 5.607795476913452, 5.371823072433472], "distribute_vectors_invocation_centroids": [1.0828030109405518, 1.0065762996673584, 1.115171194076538, 0.9979438781738281, 1.0600314140319824, 1.1165223121643066, 1.0365240573883057, 1.1454005241394043, 1.139068841934204, 1.0881643295288086, 1.0743179321289062, 1.005610466003418, 1.0295677185058594, 1.1384379863739014, 1.1676700115203857, 1.1619515419006348], "total_generated_vectors": 111100, "generated_vectors": [1885, 1772, 1615, 1927, 1794, 1804, 1687, 1615, 1603, 1732, 1841, 1849, 1689, 1619, 1723, 1757, 1784, 1747, 1604, 1799, 1762, 1807, 1579, 1539, 1963, 1630, 1839, 1448, 1765, 1946, 1868, 1598, 1998, 1816, 1558, 1584, 1625, 1657, 1723, 1878, 1831, 1737, 1592, 1749, 1867, 1534, 1564, 1670, 1621, 2112, 1947, 1588, 1472, 1925, 1569, 1757, 1979, 2018, 1813, 1541, 1842, 1738, 1596, 1609], "avg_generated_vectors": 1735.9375, "std_dev_generated_vectors": 147.09934824453933, "generate_index_centroids": [3.0696487426757812, 2.8811960220336914, 3.213134527206421, 3.025617837905884, 2.9868831634521484, 3.090803861618042, 3.107548952102661, 3.1027064323425293, 3.7461650371551514, 2.9059717655181885, 3.768332004547119, 3.696075916290283, 3.677199363708496, 2.753370523452759, 2.845994710922241, 2.9096174240112305], "generate_index_invocation_centroids": [0.8822283744812012, 0.8800876140594482, 0.9241671562194824, 0.8860552310943604, 1.041260004043579, 1.034409761428833, 1.0510344505310059, 1.0386443138122559, 1.0011096000671387, 1.0149579048156738, 0.9490270614624023, 0.9608776569366455, 0.9289395809173584, 0.9247899055480957, 1.01002836227417, 0.9909181594848633], "total_indexing_centroids": 15.220537424087524, "shuffle_centroids_times": [], "map_iterdata_times": [], "create_map_data": [], "map_queries_times": [], "map_execution": [], "map_invoke": [], "create_reduce_data": [], "reduce_iterdata_times": [], "reduce_queries_times": [], "reduce_execution_times": [], "reduce_invoke": [], "divide_reduce_times": [], "total_querying_times": [], "recalls": [], "distribute_vectors_centroids_mean": 5.077594205737114, "generate_index_centroids_mean": 3.173766642808914, "params": {"dataset": "deep_100k", "features": 96, "k_search": 10, "num_index": 64, "replication_threshold": 1.01, "num_centroids_search": 1, "k": 512, "kmeans_version": "balanced", "n_probe": 32, "query_batch_size": 16, "implementation": "centroids", "indexing_memory": 10240, "search_map_memory": 8192, "search_reduce_memory": 2048}}