{"load_dataset_centroids": 0, "global_index_centroids": 0, "distribute_vectors_centroids": [4.138477087020874, 3.964744806289673, 4.130455255508423, 3.9463541507720947, 4.402491092681885, 4.239651441574097, 4.267235994338989, 3.8818411827087402, 3.76054048538208, 3.915754795074463, 3.6044845581054688, 3.8819010257720947, 4.344973564147949, 4.527411222457886, 3.929569959640503, 4.324904203414917], "distribute_vectors_invocation_centroids": [1.0720832347869873, 0.9966239929199219, 1.005483627319336, 1.098572015762329, 1.056978464126587, 1.1170668601989746, 1.0771284103393555, 0.936939001083374, 0.939669132232666, 0.9552242755889893, 0.9628479480743408, 0.9402356147766113, 1.1393287181854248, 1.1032252311706543, 1.0060231685638428, 1.0294668674468994], "total_generated_vectors": 111298, "generated_vectors": [4014, 3341, 3297, 3678, 3711, 3063, 3470, 3672, 3815, 3426, 3237, 3437, 3756, 3737, 3367, 3370, 3030, 3188, 3473, 3811, 3012, 3151, 3541, 3435, 3760, 3513, 3674, 3217, 3499, 3660, 3713, 3230], "avg_generated_vectors": 3478.0625, "std_dev_generated_vectors": 257.19491008609316, "generate_index_centroids": [1.8871331214904785, 1.8891232013702393, 2.297950029373169, 2.0255649089813232, 1.743861436843872, 1.810316801071167, 1.684091567993164, 1.8286938667297363, 2.1302099227905273, 2.285141944885254, 1.7562885284423828, 1.786853551864624, 1.6867458820343018, 1.762507677078247, 1.6792504787445068, 1.660837173461914], "generate_index_invocation_centroids": [0.999305009841919, 1.0428049564361572, 0.8890664577484131, 0.965878963470459, 0.8985946178436279, 0.8662774562835693, 1.0782723426818848, 0.9227557182312012, 0.931887149810791, 0.9164705276489258, 1.0117180347442627, 1.013819694519043, 1.0080139636993408, 0.9017124176025391, 0.9921512603759766, 0.8827409744262695], "total_indexing_centroids": 14.184197902679443, "shuffle_centroids_times": [], "map_iterdata_times": [], "create_map_data": [], "map_queries_times": [], "map_execution": [], "map_invoke": [], "create_reduce_data": [], "reduce_iterdata_times": [], "reduce_queries_times": [], "reduce_execution_times": [], "reduce_invoke": [], "divide_reduce_times": [], "total_querying_times": [], "recalls": [], "distribute_vectors_centroids_mean": 4.0787994265556335, "generate_index_centroids_mean": 1.8696606308221817, "params": {"dataset": "deep_100k", "features": 96, "k_search": 10, "num_index": 32, "replication_threshold": 1.01, "num_centroids_search": 1, "k": 512, "kmeans_version": "balanced", "n_probe": 32, "query_batch_size": 8, "implementation": "centroids", "indexing_memory": 10240, "search_map_memory": 8192, "search_reduce_memory": 2048}}