{"load_dataset_centroids": 0, "global_index_centroids": 0, "distribute_vectors_centroids": [5.2818520069122314, 5.2822089195251465, 4.730445623397827, 5.001519680023193, 5.942368507385254, 5.7083563804626465, 5.380141019821167, 5.67317533493042, 5.125083923339844, 4.944705963134766, 5.803674221038818, 5.41905403137207, 5.245736837387085, 5.389479398727417, 5.20209527015686, 4.6979079246521], "distribute_vectors_invocation_centroids": [0.9888405799865723, 1.0456268787384033, 1.0439705848693848, 1.0047621726989746, 1.1313161849975586, 1.1054420471191406, 1.126462697982788, 1.0962061882019043, 1.124974250793457, 0.9858508110046387, 1.1118299961090088, 1.0602283477783203, 0.9759635925292969, 1.1167290210723877, 1.0613608360290527, 0.9742875099182129], "total_generated_vectors": 111100, "generated_vectors": [1885, 1772, 1615, 1927, 1794, 1804, 1687, 1615, 1603, 1732, 1841, 1849, 1689, 1619, 1723, 1757, 1784, 1747, 1604, 1799, 1762, 1807, 1579, 1539, 1963, 1630, 1839, 1448, 1765, 1946, 1868, 1598, 1998, 1816, 1558, 1584, 1625, 1657, 1723, 1878, 1831, 1737, 1592, 1749, 1867, 1534, 1564, 1670, 1621, 2112, 1947, 1588, 1472, 1925, 1569, 1757, 1979, 2018, 1813, 1541, 1842, 1738, 1596, 1609], "avg_generated_vectors": 1735.9375, "std_dev_generated_vectors": 147.09934824453933, "generate_index_centroids": [3.1177902221679688, 2.8635575771331787, 3.095696449279785, 2.8546087741851807, 2.8298351764678955, 3.5796544551849365, 2.955474615097046, 3.038076877593994, 2.8338561058044434, 2.780259132385254, 2.742515802383423, 3.4862754344940186, 3.6140401363372803, 3.6282756328582764, 2.6724743843078613, 2.696876287460327], "generate_index_invocation_centroids": [1.017202615737915, 1.0584189891815186, 1.1283259391784668, 0.9503576755523682, 0.9211790561676025, 1.0182404518127441, 1.0988166332244873, 1.1070618629455566, 0.9243307113647461, 1.0273847579956055, 0.962775707244873, 1.0003798007965088, 1.0092716217041016, 1.0065722465515137, 0.9150381088256836, 1.090796947479248], "total_indexing_centroids": 14.231135606765747, "shuffle_centroids_times": [], "map_iterdata_times": [], "create_map_data": [], "map_queries_times": [], "map_execution": [], "map_invoke": [], "create_reduce_data": [], "reduce_iterdata_times": [], "reduce_queries_times": [], "reduce_execution_times": [], "reduce_invoke": [], "divide_reduce_times": [], "total_querying_times": [], "recalls": [], "distribute_vectors_centroids_mean": 5.301737815141678, "generate_index_centroids_mean": 3.0493291914463043, "params": {"dataset": "deep_100k", "features": 96, "k_search": 10, "num_index": 64, "replication_threshold": 1.01, "num_centroids_search": 1, "k": 512, "kmeans_version": "balanced", "n_probe": 32, "query_batch_size": 16, "implementation": "centroids", "indexing_memory": 10240, "search_map_memory": 8192, "search_reduce_memory": 2048}}