{"load_dataset_centroids": 0, "global_index_centroids": 0, "distribute_vectors_centroids": [4.9113383293151855, 5.263805627822876, 5.525976657867432, 5.492165565490723, 4.932297468185425, 5.64242959022522, 4.707929611206055, 5.611737012863159, 4.81898832321167, 5.396379709243774, 5.220562934875488, 5.337090253829956, 5.656221389770508, 4.942666530609131, 4.850664138793945, 5.502744674682617], "distribute_vectors_invocation_centroids": [1.0356688499450684, 0.9935879707336426, 1.1516129970550537, 1.0683493614196777, 1.035466194152832, 1.1151793003082275, 0.9897191524505615, 1.0898947715759277, 0.9811675548553467, 1.1591331958770752, 1.0580401420593262, 1.1311383247375488, 1.165379285812378, 0.9866654872894287, 0.9982514381408691, 1.1311047077178955], "total_generated_vectors": 111100, "generated_vectors": [1885, 1772, 1615, 1927, 1794, 1804, 1687, 1615, 1603, 1732, 1841, 1849, 1689, 1619, 1723, 1757, 1784, 1747, 1604, 1799, 1762, 1807, 1579, 1539, 1963, 1630, 1839, 1448, 1765, 1946, 1868, 1598, 1998, 1816, 1558, 1584, 1625, 1657, 1723, 1878, 1831, 1737, 1592, 1749, 1867, 1534, 1564, 1670, 1621, 2112, 1947, 1588, 1472, 1925, 1569, 1757, 1979, 2018, 1813, 1541, 1842, 1738, 1596, 1609], "avg_generated_vectors": 1735.9375, "std_dev_generated_vectors": 147.09934824453933, "generate_index_centroids": [3.3239219188690186, 3.202810049057007, 3.0695688724517822, 2.7994513511657715, 4.061532974243164, 3.120595932006836, 3.0386204719543457, 2.9754226207733154, 2.672837495803833, 3.864999532699585, 2.8195102214813232, 3.571544885635376, 3.688206195831299, 2.830132484436035, 3.0343573093414307, 2.7614006996154785], "generate_index_invocation_centroids": [0.972477912902832, 0.9643445014953613, 0.9491970539093018, 0.818213939666748, 0.9020233154296875, 0.9578275680541992, 0.8414435386657715, 0.8473613262176514, 0.8330156803131104, 0.9119918346405029, 0.9841060638427734, 0.9365859031677246, 0.9081099033355713, 0.9346089363098145, 0.966505765914917, 0.8566567897796631], "total_indexing_centroids": 15.203517198562622, "shuffle_centroids_times": [], "map_iterdata_times": [], "create_map_data": [], "map_queries_times": [], "map_execution": [], "map_invoke": [], "create_reduce_data": [], "reduce_iterdata_times": [], "reduce_queries_times": [], "reduce_execution_times": [], "reduce_invoke": [], "divide_reduce_times": [], "total_querying_times": [], "recalls": [], "distribute_vectors_centroids_mean": 5.238312363624573, "generate_index_centroids_mean": 3.17718206346035, "params": {"dataset": "deep_100k", "features": 96, "k_search": 10, "num_index": 64, "replication_threshold": 1.01, "num_centroids_search": 1, "k": 512, "kmeans_version": "balanced", "n_probe": 32, "query_batch_size": 16, "implementation": "centroids", "indexing_memory": 10240, "search_map_memory": 8192, "search_reduce_memory": 2048}}