{"load_dataset_centroids": 0, "global_index_centroids": 0, "distribute_vectors_centroids": [2.325788974761963, 2.835468292236328, 2.7777299880981445, 2.3602840900421143, 2.2872889041900635, 2.8109586238861084, 2.938258647918701, 2.690349817276001, 2.352677345275879, 2.641150712966919, 2.508997678756714, 2.2907989025115967, 2.4554221630096436, 2.412013292312622, 2.7347412109375, 2.8322765827178955], "distribute_vectors_invocation_centroids": [0.9730286598205566, 1.115535020828247, 1.1284606456756592, 1.0502264499664307, 1.0046789646148682, 1.1287329196929932, 1.123816967010498, 1.1090078353881836, 1.002063274383545, 1.0595371723175049, 0.9895048141479492, 1.0086822509765625, 1.0500030517578125, 0.9732708930969238, 1.1469128131866455, 1.18607759475708], "total_generated_vectors": 111469, "generated_vectors": [7275, 7229, 7851, 7414, 6949, 7140, 6271, 6901, 6517, 6328, 6606, 7180, 7172, 6104, 6692, 7840], "avg_generated_vectors": 6966.8125, "std_dev_generated_vectors": 521.2073443777757, "generate_index_centroids": [1.075718641281128, 1.4299089908599854, 1.0333425998687744, 1.5603466033935547, 1.2005634307861328, 1.0317175388336182, 1.2004077434539795, 1.1630430221557617, 1.1701068878173828, 1.0523691177368164, 1.530069351196289, 1.4018502235412598, 1.087444543838501, 1.3714525699615479, 1.245190143585205, 1.1117560863494873], "generate_index_invocation_centroids": [1.0202322006225586, 0.9550235271453857, 0.9137520790100098, 0.9745409488677979, 1.057539463043213, 1.076582670211792, 1.1192026138305664, 1.1020126342773438, 0.9479155540466309, 0.9501981735229492, 1.0081353187561035, 0.9993717670440674, 0.9728846549987793, 1.0849952697753906, 0.9415130615234375, 1.0611581802368164], "total_indexing_centroids": 10.226224899291992, "shuffle_centroids_times": [], "map_iterdata_times": [], "create_map_data": [], "map_queries_times": [], "map_execution": [], "map_invoke": [], "create_reduce_data": [], "reduce_iterdata_times": [], "reduce_queries_times": [], "reduce_execution_times": [], "reduce_invoke": [], "divide_reduce_times": [], "total_querying_times": [], "recalls": [], "distribute_vectors_centroids_mean": 2.578387826681137, "generate_index_centroids_mean": 1.229080468416214, "params": {"dataset": "deep_100k", "features": 96, "k_search": 10, "num_index": 16, "replication_threshold": 1.01, "num_centroids_search": 1, "k": 512, "kmeans_version": "balanced", "n_probe": 32, "query_batch_size": 4, "implementation": "centroids", "indexing_memory": 10240, "search_map_memory": 8192, "search_reduce_memory": 2048}}