{"load_dataset_centroids": 0, "global_index_centroids": 0, "distribute_vectors_centroids": [5.759100437164307, 5.6032795906066895, 4.773968935012817, 5.817685604095459, 4.84233021736145, 4.682070016860962, 5.1443212032318115, 5.266055107116699, 5.6487956047058105, 5.156274318695068, 5.083700180053711, 5.607682228088379, 5.331524610519409, 5.217948913574219, 5.716307878494263, 5.556917428970337], "distribute_vectors_invocation_centroids": [1.1266682147979736, 1.1688575744628906, 1.0070960521697998, 1.1949763298034668, 1.041274070739746, 1.0865919589996338, 1.0811145305633545, 1.0796635150909424, 1.184624195098877, 1.097778081893921, 1.0613408088684082, 1.0369296073913574, 1.231227159500122, 1.1983215808868408, 1.1769418716430664, 1.0265917778015137], "total_generated_vectors": 111100, "generated_vectors": [1885, 1772, 1615, 1927, 1794, 1804, 1687, 1615, 1603, 1732, 1841, 1849, 1689, 1619, 1723, 1757, 1784, 1747, 1604, 1799, 1762, 1807, 1579, 1539, 1963, 1630, 1839, 1448, 1765, 1946, 1868, 1598, 1998, 1816, 1558, 1584, 1625, 1657, 1723, 1878, 1831, 1737, 1592, 1749, 1867, 1534, 1564, 1670, 1621, 2112, 1947, 1588, 1472, 1925, 1569, 1757, 1979, 2018, 1813, 1541, 1842, 1738, 1596, 1609], "avg_generated_vectors": 1735.9375, "std_dev_generated_vectors": 147.09934824453933, "generate_index_centroids": [3.271228551864624, 2.8779258728027344, 3.015923261642456, 2.8844666481018066, 3.1836323738098145, 3.553455352783203, 2.9352846145629883, 2.8701679706573486, 2.616608142852783, 2.7810893058776855, 3.524256706237793, 2.5195248126983643, 3.4739506244659424, 3.4035019874572754, 2.6089048385620117, 2.603027105331421], "generate_index_invocation_centroids": [1.0336976051330566, 0.9187042713165283, 1.0567665100097656, 0.9098560810089111, 1.0523343086242676, 0.964299201965332, 1.022993803024292, 1.0722382068634033, 1.0796270370483398, 0.9160830974578857, 0.9905135631561279, 1.0972940921783447, 0.9923884868621826, 1.0099940299987793, 0.9216763973236084, 0.924811601638794], "total_indexing_centroids": 14.289942502975464, "shuffle_centroids_times": [], "map_iterdata_times": [], "create_map_data": [], "map_queries_times": [], "map_execution": [], "map_invoke": [], "create_reduce_data": [], "reduce_iterdata_times": [], "reduce_queries_times": [], "reduce_execution_times": [], "reduce_invoke": [], "divide_reduce_times": [], "total_querying_times": [], "recalls": [], "distribute_vectors_centroids_mean": 5.325497642159462, "generate_index_centroids_mean": 3.0076842606067657, "params": {"dataset": "deep_100k", "features": 96, "k_search": 10, "num_index": 64, "replication_threshold": 1.01, "num_centroids_search": 1, "k": 512, "kmeans_version": "balanced", "n_probe": 32, "query_batch_size": 16, "implementation": "centroids", "indexing_memory": 10240, "search_map_memory": 8192, "search_reduce_memory": 2048}}