{"load_dataset_centroids": 0, "global_index_centroids": 0, "distribute_vectors_centroids": [97.6449716091156, 103.17785692214966, 135.25611996650696, 136.59016752243042, 135.3743860721588, 101.54162645339966, 136.73404216766357, 137.01378345489502, 98.95837950706482, 136.10216546058655, 102.58801007270813, 136.43486833572388, 134.75017023086548, 106.49928832054138, 96.78822946548462, 100.63366532325745], "distribute_vectors_invocation_centroids": [1.1344242095947266, 1.014406442642212, 1.1579813957214355, 1.1786458492279053, 1.2004625797271729, 1.0805914402008057, 1.1749746799468994, 1.1411197185516357, 1.122528076171875, 1.157912254333496, 1.175405502319336, 1.1715588569641113, 1.1989061832427979, 1.0335588455200195, 1.0981624126434326, 0.9878003597259521], "total_generated_vectors": 1204961, "generated_vectors": [134169, 55236, 168228, 123362, 124365, 58525, 30220, 97736, 71650, 85220, 144385, 53817, 13689, 23087, 21225, 47], "avg_generated_vectors": 75310.0625, "std_dev_generated_vectors": 51957.20274029226, "generate_index_centroids": [140.5353012084961, 65.03292441368103, 0.46480774879455566, 49.31207990646362, 126.92717909812927, 22.043553590774536, 48.52724552154541, 121.4817271232605, 27.921069860458374, 134.32184290885925, 22.716132164001465, 10.043726921081543, 90.7908763885498, 90.62293076515198, 39.00210976600647, 96.02770137786865], "generate_index_invocation_centroids": [1.076932668685913, 1.065755844116211, 1.088353157043457, 0.9495844841003418, 1.0615694522857666, 1.0615732669830322, 1.107064962387085, 0.9690518379211426, 1.0626654624938965, 1.0772535800933838, 1.0965983867645264, 0.9865155220031738, 1.0744812488555908, 0.9625134468078613, 0.9395551681518555, 1.0041272640228271], "total_indexing_centroids": 285.5704126358032, "shuffle_centroids_times": [], "map_iterdata_times": [], "create_map_data": [], "map_queries_times": [], "map_execution": [], "map_invoke": [], "create_reduce_data": [], "reduce_iterdata_times": [], "reduce_queries_times": [], "reduce_execution_times": [], "reduce_invoke": [], "divide_reduce_times": [], "total_querying_times": [], "recalls": [], "distribute_vectors_centroids_mean": 118.5054831802845, "generate_index_centroids_mean": 67.86070054769516, "params": {"dataset": "gist", "features": 960, "k_search": 10, "num_index": 16, "replication_threshold": 1.02, "num_centroids_search": 1, "k": 512, "kmeans_version": "unbalanced", "n_probe": 32, "query_batch_size": 4, "implementation": "centroids", "indexing_memory": 10240, "search_map_memory": 8192, "search_reduce_memory": 2048}}