{"load_dataset_centroids": 0, "global_index_centroids": 0, "distribute_vectors_centroids": [129.47189044952393, 128.1205759048462, 95.5326521396637, 128.81628942489624, 94.60099816322327, 127.20175099372864, 93.33992528915405, 95.44677925109863, 129.23978090286255, 95.98850560188293, 129.73034572601318, 132.8001410961151, 92.61211657524109, 128.63265800476074, 128.92425751686096, 98.65798330307007], "distribute_vectors_invocation_centroids": [1.2450509071350098, 1.2276601791381836, 1.066838264465332, 1.2417480945587158, 1.1622042655944824, 1.325528621673584, 1.218010425567627, 1.1650588512420654, 1.2388086318969727, 1.1033494472503662, 1.221639633178711, 1.2726480960845947, 1.1498186588287354, 1.3423664569854736, 1.2275116443634033, 1.1267151832580566], "total_generated_vectors": 1204961, "generated_vectors": [134169, 55236, 168228, 123362, 124365, 58525, 30220, 97736, 71650, 85220, 144385, 53817, 13689, 23087, 21225, 47], "avg_generated_vectors": 75310.0625, "std_dev_generated_vectors": 51957.20274029226, "generate_index_centroids": [116.15083169937134, 54.161067724227905, 0.5899577140808105, 67.52295970916748, 126.06508421897888, 23.78013277053833, 49.312307834625244, 120.27829003334045, 27.459480047225952, 137.02290225028992, 16.44459104537964, 15.77824354171753, 71.13740849494934, 139.43263745307922, 41.709771156311035, 96.68309092521667], "generate_index_invocation_centroids": [1.0736315250396729, 1.058398723602295, 1.0849244594573975, 1.0547010898590088, 1.0710458755493164, 1.0874600410461426, 1.0845260620117188, 0.9415738582611084, 1.0714781284332275, 1.058969497680664, 0.9728937149047852, 1.0483286380767822, 0.9730541706085205, 1.0077619552612305, 0.9454071521759033, 1.0138099193572998], "total_indexing_centroids": 280.6494777202606, "shuffle_centroids_times": [], "map_iterdata_times": [], "create_map_data": [], "map_queries_times": [], "map_execution": [], "map_invoke": [], "create_reduce_data": [], "reduce_iterdata_times": [], "reduce_queries_times": [], "reduce_execution_times": [], "reduce_invoke": [], "divide_reduce_times": [], "total_querying_times": [], "recalls": [], "distribute_vectors_centroids_mean": 114.31979064643383, "generate_index_centroids_mean": 68.97054728865623, "params": {"dataset": "gist", "features": 960, "k_search": 10, "num_index": 16, "replication_threshold": 1.02, "num_centroids_search": 1, "k": 512, "kmeans_version": "unbalanced", "n_probe": 32, "query_batch_size": 4, "implementation": "centroids", "indexing_memory": 10240, "search_map_memory": 8192, "search_reduce_memory": 2048}}