{"load_dataset_centroids": 0, "global_index_centroids": 0, "distribute_vectors_centroids": [110.33731436729431, 154.5420274734497, 117.68897151947021, 114.40852046012878, 153.16649079322815, 153.7414104938507, 158.0730345249176, 162.57689476013184, 155.67796683311462, 152.66949939727783, 109.53322052955627, 117.79902219772339, 116.14776253700256, 157.4380407333374, 155.78272581100464, 113.26652550697327], "distribute_vectors_invocation_centroids": [1.1718759536743164, 1.1265292167663574, 1.0436451435089111, 1.0732181072235107, 1.2117187976837158, 1.169426441192627, 1.2225136756896973, 1.1716439723968506, 1.240140676498413, 1.193101167678833, 1.166771411895752, 1.0858736038208008, 1.1010265350341797, 1.301722526550293, 1.2519359588623047, 1.0798125267028809], "total_generated_vectors": 1446294, "generated_vectors": [9935, 17970, 16747, 3985, 13009, 16406, 16571, 5146, 11334, 21106, 11640, 5471, 11783, 13528, 15203, 11155, 15385, 27963, 11718, 16183, 36532, 14851, 8524, 9794, 21261, 28166, 7557, 5936, 4874, 11900, 8646, 17166, 8604, 10908, 5731, 15090, 16288, 4814, 16613, 10562, 9141, 5877, 6932, 26696, 9796, 10589, 8677, 17106, 8011, 4904, 7190, 16652, 13696, 5042, 13005, 20765, 11585, 17596, 5654, 16130, 20375, 12103, 5056, 7014, 16805, 7717, 11326, 11125, 18061, 10728, 12260, 22524, 12841, 7311, 4920, 8180, 28054, 11345, 8123, 9218, 16856, 6750, 11398, 5518, 27250, 7193, 11403, 12325, 10128, 11462, 3508, 12633, 13289, 24501, 9062, 14398, 5019, 10996, 28152, 10967, 28358, 3280, 5164, 17682, 18542, 3739, 13293, 5111, 3922, 3596, 18772, 6660, 10476, 9303, 4225, 1888, 1263, 4980, 1578, 2294, 5034, 2245, 2177, 1471, 2041, 69, 64, 74], "avg_generated_vectors": 11299.171875, "std_dev_generated_vectors": 7061.761412968505, "generate_index_centroids": [63.25774836540222, 79.84837412834167, 68.96068930625916, 99.23239183425903, 116.15518617630005, 90.4475269317627, 110.93200445175171, 91.25194644927979, 63.294639110565186, 78.02810573577881, 77.54752802848816, 92.06248354911804, 151.948805809021, 87.92718648910522, 117.13445830345154, 77.81885766983032], "generate_index_invocation_centroids": [1.1562175750732422, 1.1025118827819824, 1.1271393299102783, 1.1240496635437012, 1.1267499923706055, 1.1324222087860107, 1.139561414718628, 1.0987906455993652, 0.9314959049224854, 0.9938023090362549, 0.9677767753601074, 0.9894492626190186, 1.0774815082550049, 1.0008907318115234, 1.0210719108581543, 1.0878593921661377], "total_indexing_centroids": 321.65457224845886, "shuffle_centroids_times": [], "map_iterdata_times": [], "create_map_data": [], "map_queries_times": [], "map_execution": [], "map_invoke": [], "create_reduce_data": [], "reduce_iterdata_times": [], "reduce_queries_times": [], "reduce_execution_times": [], "reduce_invoke": [], "divide_reduce_times": [], "total_querying_times": [], "recalls": [], "distribute_vectors_centroids_mean": 137.67808924615383, "generate_index_centroids_mean": 91.61549577116966, "params": {"dataset": "gist", "features": 960, "k_search": 10, "num_index": 128, "replication_threshold": 1.02, "num_centroids_search": 1, "k": 512, "kmeans_version": "unbalanced", "n_probe": 32, "query_batch_size": 32, "implementation": "centroids", "indexing_memory": 10240, "search_map_memory": 8192, "search_reduce_memory": 2048}}