{"load_dataset_centroids": 218.2874789237976, "global_index_centroids": 3.0176236629486084, "distribute_vectors_centroids": [88.31650590896606, 87.68411207199097, 86.26727247238159, 87.00392842292786, 87.06185746192932, 87.5997359752655, 91.8322184085846, 104.40286564826965, 103.71897673606873, 102.8710069656372, 91.81239366531372, 103.43119788169861, 69.38401746749878, 91.17297267913818, 105.34013295173645, 105.49105215072632, 90.82728004455566, 88.23191237449646, 91.6768491268158, 105.38280487060547, 87.3977882862091, 50.89564657211304], "generate_index_centroids": [74.37760758399963, 80.8211932182312, 59.42719221115112, 57.058398485183716, 47.36539316177368, 61.26392674446106, 65.76924681663513, 54.81697130203247, 51.27855825424194, 72.7333414554596, 62.89713191986084, 66.67185759544373, 47.72711777687073, 56.37768030166626, 45.182647943496704, 67.48138999938965], "total_indexing_centroids": 437.474680185318, "shuffle_centroids_times": [], "map_iterdata_times": [], "map_queries_times": [], "reduce_iterdata_times": [], "reduce_queries_times": [], "total_querying_times": [], "recalls": [], "distribute_vectors_centroids_mean": 91.26375127922405, "generate_index_centroids_mean": 60.70310342311859, "params": {"dataset": "deep", "features": 96, "k_search": 10, "num_index": 128, "num_centroids_search": 4, "k": 512, "n_probe": 32, "query_batch_size": 4, "indexing_memory": 10240, "search_map_memory": 9216, "search_reduce_memory": 2048}}