{"load_dataset_centroids": [13.840431213378906, 2.162360906600952, 3.1948089599609375e-05, 11.638144731521606, 0.039893388748168945], "global_index_centroids": 1.177114725112915, "distribute_vectors_centroids": [13.210896015167236, 16.391472816467285, 16.44870901107788, 13.341190576553345, 16.49375867843628, 15.955333948135376, 13.39306902885437, 13.494137048721313, 16.140784740447998, 16.28775429725647, 13.534143686294556, 13.474576234817505, 16.309272527694702, 15.755868673324585, 12.85214352607727, 16.127583265304565], "distribute_vectors_invocation_centroids": [1.1104342937469482, 1.1875793933868408, 1.2037842273712158, 0.9695219993591309, 1.1297476291656494, 1.1594676971435547, 1.1001489162445068, 1.029273271560669, 1.1917710304260254, 1.1855583190917969, 1.053727149963379, 1.0996360778808594, 1.1409320831298828, 1.1386208534240723, 1.0874106884002686, 1.145805835723877], "total_generated_vectors": 1000000, "generated_vectors": [15182, 13049, 14062, 14769, 8450, 25698, 13682, 10973, 14886, 27132, 18778, 28189, 25686, 38874, 19034, 17743, 17756, 14769, 22417, 11376, 15665, 17901, 13369, 14710, 11290, 23516, 16261, 25587, 7869, 12697, 18080, 11406, 12056, 15472, 14428, 14511, 12682, 22213, 19892, 12725, 24426, 14233, 18015, 9572, 8534, 12671, 16858, 15121, 22249, 14096, 15702, 4474, 17174, 11615, 10376, 9967, 19538, 7746, 12862, 9742, 9872, 10572, 7503, 12247], "avg_generated_vectors": 15625, "std_dev_generated_vectors": 6018.088197721561, "generate_index_centroids": [9.923700332641602, 8.22508192062378, 6.293614149093628, 9.39400839805603, 7.16022801399231, 7.834533929824829, 8.297203302383423, 7.622912645339966, 6.89562726020813, 10.90438961982727, 12.922988891601562, 6.3245556354522705, 11.420341730117798, 8.753171920776367, 12.543504238128662, 6.748993396759033], "generate_index_invocation_centroids": [1.0277059078216553, 1.0410139560699463, 0.9037036895751953, 0.9949684143066406, 1.0452327728271484, 1.021329641342163, 1.001188039779663, 1.0521156787872314, 1.0752837657928467, 0.977454662322998, 0.9874463081359863, 0.9180080890655518, 1.021371841430664, 0.9067857265472412, 1.0488402843475342, 1.0168452262878418], "total_indexing_centroids": 52.541613817214966, "shuffle_centroids_times": [], "map_iterdata_times": [], "create_map_data": [], "map_queries_times": [], "map_execution": [], "map_invoke": [], "create_reduce_data": [], "reduce_iterdata_times": [], "reduce_queries_times": [], "reduce_execution_times": [], "reduce_invoke": [], "divide_reduce_times": [], "total_querying_times": [], "recalls": [], "distribute_vectors_centroids_mean": 14.950668379664421, "generate_index_centroids_mean": 8.829053461551666, "params": {"dataset": "deep_1M", "features": 96, "k_search": 10, "num_index": 64, "replication_threshold": 1.0, "num_centroids_search": 1, "k": 512, "kmeans_version": "unbalanced", "n_probe": 32, "query_batch_size": 16, "implementation": "centroids", "indexing_memory": 10240, "search_map_memory": 8192, "search_reduce_memory": 2048}}