{"load_dataset_centroids": [12.91886019706726, 2.2489469051361084, 3.600120544433594e-05, 10.63597559928894, 0.03390097618103027], "global_index_centroids": 0.8619263172149658, "distribute_vectors_centroids": [12.289270162582397, 11.847144365310669, 11.71624493598938, 11.847615003585815, 11.867123126983643, 9.074294567108154, 12.03041672706604, 12.000566720962524, 11.794437170028687, 12.262772560119629, 12.081278800964355, 8.810250282287598, 12.041882038116455, 12.057098865509033, 9.200582027435303, 12.072253227233887], "distribute_vectors_invocation_centroids": [1.2092528343200684, 1.1624302864074707, 1.1631343364715576, 1.1806015968322754, 1.1610867977142334, 1.04014253616333, 1.1952791213989258, 1.1799283027648926, 1.1792333126068115, 1.2043907642364502, 1.1801419258117676, 1.0957043170928955, 1.1797950267791748, 1.241023063659668, 1.080324649810791, 1.1605896949768066], "total_generated_vectors": 1000000, "generated_vectors": [89522, 53365, 77471, 84204, 69992, 66014, 51192, 66804, 61843, 52122, 67907, 39976, 53979, 80850, 50341, 34418], "avg_generated_vectors": 62500, "std_dev_generated_vectors": 15735.68219048669, "generate_index_centroids": [6.941312313079834, 5.518131732940674, 5.895323991775513, 7.6312220096588135, 8.725287437438965, 7.052168130874634, 5.999310731887817, 10.451103687286377, 4.332857847213745, 6.619014501571655, 8.899903774261475, 5.150030612945557, 9.940444707870483, 5.9542601108551025, 3.6309139728546143, 5.2991509437561035], "generate_index_invocation_centroids": [0.9300096035003662, 0.9313516616821289, 0.9782199859619141, 0.9243247509002686, 0.9659831523895264, 0.9598464965820312, 0.990241527557373, 0.9024991989135742, 0.9959533214569092, 0.9735219478607178, 0.9959840774536133, 0.9392871856689453, 0.9743516445159912, 0.8381638526916504, 0.9513466358184814, 0.9598164558410645], "total_indexing_centroids": 44.29097509384155, "shuffle_centroids_times": [], "map_iterdata_times": [], "create_map_data": [], "map_queries_times": [], "map_execution": [], "map_invoke": [], "create_reduce_data": [], "reduce_iterdata_times": [], "reduce_queries_times": [], "reduce_execution_times": [], "reduce_invoke": [], "divide_reduce_times": [], "total_querying_times": [], "recalls": [], "distribute_vectors_centroids_mean": 11.437076911330223, "generate_index_centroids_mean": 6.75252728164196, "params": {"dataset": "deep_1M", "features": 96, "k_search": 10, "num_index": 16, "replication_threshold": 1.0, "num_centroids_search": 1, "k": 512, "kmeans_version": "unbalanced", "n_probe": 32, "query_batch_size": 4, "implementation": "centroids", "indexing_memory": 10240, "search_map_memory": 8192, "search_reduce_memory": 2048}}