{"load_dataset_centroids": [13.81952953338623, 2.2818174362182617, 3.3855438232421875e-05, 11.503637552261353, 0.034040212631225586], "global_index_centroids": 0.8926341533660889, "distribute_vectors_centroids": [11.509946346282959, 12.983832836151123, 9.888967990875244, 12.87783169746399, 12.806262969970703, 13.020391702651978, 12.952534198760986, 12.810610294342041, 12.659144163131714, 13.509506940841675, 11.806396484375, 12.950112581253052, 12.97774624824524, 12.812293767929077, 12.683221578598022, 12.781354427337646], "distribute_vectors_invocation_centroids": [1.1358888149261475, 1.228990077972412, 1.1430621147155762, 1.2548980712890625, 1.2047336101531982, 1.2673790454864502, 1.2766361236572266, 1.2318150997161865, 1.2885501384735107, 1.2535016536712646, 1.1635324954986572, 1.2591264247894287, 1.2803046703338623, 1.2435812950134277, 1.242382526397705, 1.2553529739379883], "total_generated_vectors": 1000000, "generated_vectors": [25127, 32133, 29561, 36757, 47968, 28967, 28474, 37533, 28855, 34228, 39545, 20881, 38577, 43680, 27241, 27973, 51480, 22950, 30746, 31029, 17832, 24291, 19557, 32216, 33754, 28617, 36155, 28388, 46789, 22744, 31024, 14928], "avg_generated_vectors": 31250, "std_dev_generated_vectors": 8612.75209472334, "generate_index_centroids": [8.20647668838501, 5.688567638397217, 8.243212938308716, 8.628039598464966, 7.439377307891846, 6.8616132736206055, 5.869211912155151, 6.871384859085083, 8.307335376739502, 6.644549131393433, 4.8088507652282715, 7.051774978637695, 5.749531984329224, 7.798322677612305, 8.953403234481812, 5.8253233432769775], "generate_index_invocation_centroids": [0.994694709777832, 1.0058813095092773, 0.965583324432373, 1.008579969406128, 0.8607215881347656, 1.0245115756988525, 1.002272367477417, 0.9830291271209717, 0.9821224212646484, 0.9984352588653564, 0.9111626148223877, 1.0152091979980469, 0.9096240997314453, 1.0142037868499756, 0.9923148155212402, 0.9781272411346436], "total_indexing_centroids": 45.322927713394165, "shuffle_centroids_times": [], "map_iterdata_times": [], "create_map_data": [], "map_queries_times": [], "map_execution": [], "map_invoke": [], "create_reduce_data": [], "reduce_iterdata_times": [], "reduce_queries_times": [], "reduce_execution_times": [], "reduce_invoke": [], "divide_reduce_times": [], "total_querying_times": [], "recalls": [], "distribute_vectors_centroids_mean": 12.564384639263153, "generate_index_centroids_mean": 7.059185981750488, "params": {"dataset": "deep_1M", "features": 96, "k_search": 10, "num_index": 32, "replication_threshold": 1.0, "num_centroids_search": 1, "k": 512, "kmeans_version": "unbalanced", "n_probe": 32, "query_batch_size": 8, "implementation": "centroids", "indexing_memory": 10240, "search_map_memory": 8192, "search_reduce_memory": 2048}}