{"load_dataset_centroids": [13.664539098739624, 2.1281425952911377, 3.409385681152344e-05, 11.502480745315552, 0.033881425857543945], "global_index_centroids": 0.8029723167419434, "distribute_vectors_centroids": [12.015923976898193, 12.096070051193237, 8.75328254699707, 12.190518617630005, 11.854873180389404, 12.040096521377563, 12.256291627883911, 12.157301902770996, 9.089315414428711, 12.054046869277954, 11.969636917114258, 12.274855613708496, 12.154788732528687, 11.87636947631836, 9.180765867233276, 12.331187963485718], "distribute_vectors_invocation_centroids": [1.1767330169677734, 1.202300786972046, 1.1160967350006104, 1.167370080947876, 1.1473877429962158, 1.1128849983215332, 1.1969630718231201, 1.1488580703735352, 1.026825189590454, 1.1612043380737305, 1.1981422901153564, 1.16115140914917, 1.1460652351379395, 1.1820461750030518, 1.03273344039917, 1.1908228397369385], "total_generated_vectors": 1000000, "generated_vectors": [89522, 53365, 77471, 84204, 69992, 66014, 51192, 66804, 61843, 52122, 67907, 39976, 53979, 80850, 50341, 34418], "avg_generated_vectors": 62500, "std_dev_generated_vectors": 15735.68219048669, "generate_index_centroids": [6.703761339187622, 5.32781982421875, 5.432942867279053, 7.923069477081299, 6.4254090785980225, 8.074111700057983, 5.409110069274902, 7.41010594367981, 4.841844797134399, 6.362940311431885, 8.84813117980957, 4.857523202896118, 12.658772468566895, 9.896464586257935, 3.8250608444213867, 5.325956106185913], "generate_index_invocation_centroids": [1.0226805210113525, 1.0272753238677979, 1.0345654487609863, 1.0546367168426514, 0.9268505573272705, 1.045438528060913, 1.0225229263305664, 1.1257374286651611, 1.0673716068267822, 1.0323147773742676, 1.036649465560913, 0.9238631725311279, 1.0082619190216064, 1.1021027565002441, 1.043642282485962, 1.0650050640106201], "total_indexing_centroids": 46.97473955154419, "shuffle_centroids_times": [], "map_iterdata_times": [], "create_map_data": [], "map_queries_times": [], "map_execution": [], "map_invoke": [], "create_reduce_data": [], "reduce_iterdata_times": [], "reduce_queries_times": [], "reduce_execution_times": [], "reduce_invoke": [], "divide_reduce_times": [], "total_querying_times": [], "recalls": [], "distribute_vectors_centroids_mean": 11.51845782995224, "generate_index_centroids_mean": 6.832688987255096, "params": {"dataset": "deep_1M", "features": 96, "k_search": 10, "num_index": 16, "replication_threshold": 1.0, "num_centroids_search": 1, "k": 512, "kmeans_version": "unbalanced", "n_probe": 32, "query_batch_size": 4, "implementation": "centroids", "indexing_memory": 10240, "search_map_memory": 8192, "search_reduce_memory": 2048}}