{"shuffle_centroids_times": [0.19793462753295898], "map_iterdata_times": [0.8012745380401611], "create_map_data": [1.1838860511779785], "map_queries_times": [[[17.025819063186646, 0.7056450843811035, [0.25061583518981934, 0.20345759391784668, 0.17732572555541992, 0.1586136817932129, 0.21331310272216797, 0.13184189796447754, 0.21795344352722168, 0.39315176010131836, 0.4088573455810547, 0.2893486022949219, 0.22265386581420898, 0.5005381107330322, 0.4695291519165039, 0.5269689559936523, 0.7597508430480957, 0.31050872802734375, 0.34090089797973633, 0.1871650218963623, 0.3897249698638916, 0.5636396408081055, 0.32297801971435547, 0.5406889915466309, 0.2394120693206787, 0.6216287612915039, 0.5587382316589355, 0.405733585357666, 0.32311415672302246, 0.42345333099365234, 0.31191420555114746, 0.65138840675354, 0.3033130168914795, 0.4179537296295166], [0.028528690338134766, 0.017061710357666016, 0.014250755310058594, 0.01346445083618164, 0.020944595336914062, 0.011943340301513672, 0.011777162551879883, 0.01125645637512207, 0.012335538864135742, 0.008319377899169922, 0.0075991153717041016, 0.015027046203613281, 0.013387203216552734, 0.015898704528808594, 0.022037029266357422, 0.009120702743530273, 0.011491537094116211, 0.005865812301635742, 0.01009988784790039, 0.016742944717407227, 0.010721206665039062, 0.01468515396118164, 0.008414983749389648, 0.016019105911254883, 0.016505956649780273, 0.011423110961914062, 0.010595560073852539, 0.013844013214111328, 0.008865118026733398, 0.017075061798095703, 0.010695219039916992, 0.010650157928466797], [0.02059197425842285, 0.027060270309448242, 0.018012046813964844, 0.039557695388793945, 0.01340794563293457, 0.023494958877563477, 0.036401987075805664, 0.02365732192993164, 0.035065650939941406, 0.046285390853881836, 0.022165298461914062, 0.04915452003479004, 0.03476905822753906, 0.04844307899475098, 0.0185396671295166, 0.03368091583251953, 0.032019853591918945, 0.007776498794555664, 0.041787147521972656, 0.06522631645202637, 0.04858541488647461, 0.06807065010070801, 0.016704082489013672, 0.021842479705810547, 0.03970193862915039, 0.022623062133789062, 0.03375053405761719, 0.05056881904602051, 0.03588080406188965, 0.05661582946777344, 0.04365277290344238, 0.0325930118560791], 0.1955738067626953], [15.124791383743286, 0.4644761085510254, [0.1643376350402832, 0.10801172256469727, 0.1040961742401123, 0.12038683891296387, 0.16871356964111328, 0.1327502727508545, 0.15666675567626953, 0.15649056434631348, 0.11967587471008301, 0.11081314086914062, 0.31116771697998047, 0.8180899620056152, 0.4040255546569824, 0.614499568939209, 0.4378530979156494, 0.30476999282836914, 0.3989603519439697, 0.414797306060791, 0.30368471145629883, 0.31189608573913574, 0.31877684593200684, 0.4997749328613281, 0.30353641510009766, 0.6126925945281982, 0.5262062549591064, 0.6131772994995117, 0.5294692516326904, 0.33425474166870117, 0.517054557800293, 0.6252164840698242, 0.41348719596862793, 0.63983154296875], [0.005870342254638672, 0.006218433380126953, 0.003916740417480469, 0.008395671844482422, 0.009694814682006836, 0.007921457290649414, 0.010257482528686523, 0.009075164794921875, 0.00746607780456543, 0.0064144134521484375, 0.00928187370300293, 0.022579669952392578, 0.007866144180297852, 0.01754307746887207, 0.008377790451049805, 0.007437944412231445, 0.008696317672729492, 0.00943899154663086, 0.006475210189819336, 0.005674839019775391, 0.007891416549682617, 0.008882522583007812, 0.008038043975830078, 0.011435508728027344, 0.012128591537475586, 0.011085987091064453, 0.008887052536010742, 0.009699106216430664, 0.011476993560791016, 0.011926889419555664, 0.00962972640991211, 0.01231694221496582], [0.013535499572753906, 0.022639751434326172, 0.0037086009979248047, 0.015334844589233398, 0.03353691101074219, 0.00959324836730957, 0.01678323745727539, 0.020420074462890625, 0.012606143951416016, 0.03675961494445801, 0.02700662612915039, 0.016832828521728516, 0.017755985260009766, 0.01505732536315918, 0.01488637924194336, 0.027442216873168945, 0.019794702529907227, 0.03184103965759277, 0.013272285461425781, 0.01583266258239746, 0.04981350898742676, 0.03637194633483887, 0.016235828399658203, 0.0196688175201416, 0.02128005027770996, 0.03679013252258301, 0.020517587661743164, 0.011505842208862305, 0.03367757797241211, 0.04729485511779785, 0.023201704025268555, 0.016257286071777344], 0.12190389633178711], [14.122979164123535, 0.46382999420166016, [0.16729187965393066, 0.12069892883300781, 0.18807458877563477, 0.13840341567993164, 0.1575148105621338, 0.23662614822387695, 0.18275165557861328, 0.11079216003417969, 0.17669081687927246, 0.6789209842681885, 0.2991774082183838, 0.41051340103149414, 0.32857704162597656, 0.4334428310394287, 0.45931339263916016, 0.4781303405761719, 0.19105195999145508, 0.3075706958770752, 0.4227101802825928, 0.43372154235839844, 0.4404487609863281, 0.2084965705871582, 0.42028164863586426, 0.38405489921569824, 0.314971923828125, 0.3008601665496826, 0.302426815032959, 0.30745458602905273, 0.5485739707946777, 0.22951483726501465, 0.3965904712677002, 0.3214271068572998], [0.005195140838623047, 0.0060770511627197266, 0.010481834411621094, 0.006526947021484375, 0.007963180541992188, 0.013574838638305664, 0.007490873336791992, 0.005326747894287109, 0.00561070442199707, 0.011507749557495117, 0.0055234432220458984, 0.007223606109619141, 0.005548000335693359, 0.007714271545410156, 0.007704257965087891, 0.008114814758300781, 0.004666566848754883, 0.0062105655670166016, 0.006558418273925781, 0.007209062576293945, 0.008453369140625, 0.004651784896850586, 0.007317781448364258, 0.006453514099121094, 0.007360219955444336, 0.005037784576416016, 0.0056073665618896484, 0.0061168670654296875, 0.008736610412597656, 0.005486488342285156, 0.006456613540649414, 0.005463123321533203], [0.0195462703704834, 0.028522968292236328, 0.05453777313232422, 0.04243350028991699, 0.01775383949279785, 0.03483176231384277, 0.047501325607299805, 0.01477193832397461, 0.016554594039916992, 0.10988640785217285, 0.032036542892456055, 0.05306291580200195, 0.04632830619812012, 0.045415639877319336, 0.03794240951538086, 0.07125544548034668, 0.03025507926940918, 0.026119470596313477, 0.04616808891296387, 0.019995689392089844, 0.026319265365600586, 0.007221221923828125, 0.007889986038208008, 0.011954784393310547, 0.04971885681152344, 0.026021242141723633, 0.007454633712768555, 0.015126705169677734, 0.02211141586303711, 0.011255264282226562, 0.032502174377441406, 0.015524625778198242], 0.13790369033813477], [13.456152439117432, 0.2592959403991699, [0.23133254051208496, 0.2682662010192871, 0.16681694984436035, 0.10358071327209473, 0.1578681468963623, 0.15445804595947266, 0.11618852615356445, 0.24356389045715332, 0.5149791240692139, 0.5189189910888672, 0.4045827388763428, 0.42163634300231934, 0.6525650024414062, 0.19909262657165527, 0.49893856048583984, 0.314070463180542, 0.4072723388671875, 0.202805757522583, 0.4105722904205322, 0.3097860813140869, 0.28972387313842773, 0.30390191078186035, 0.40988779067993164, 0.4478280544281006, 0.399822473526001, 0.40958523750305176, 0.30986690521240234, 0.2962174415588379, 0.48404717445373535, 0.11176848411560059, 0.4130864143371582, 0.3047142028808594], [0.011389970779418945, 0.013013362884521484, 0.007666587829589844, 0.0043182373046875, 0.00818634033203125, 0.007431983947753906, 0.005795478820800781, 0.0069234371185302734, 0.009417295455932617, 0.00828242301940918, 0.007401466369628906, 0.008663415908813477, 0.010795831680297852, 0.00446009635925293, 0.007534503936767578, 0.005747318267822266, 0.006890058517456055, 0.005015373229980469, 0.0072879791259765625, 0.004884958267211914, 0.005346059799194336, 0.006483793258666992, 0.0075261592864990234, 0.007380008697509766, 0.006818532943725586, 0.0074367523193359375, 0.00614476203918457, 0.0052297115325927734, 0.005322694778442383, 0.004944562911987305, 0.007325887680053711, 0.006230592727661133], [0.030679702758789062, 0.0638277530670166, 0.04325151443481445, 0.006920337677001953, 0.01967144012451172, 