{"load_dataset_centroids": [4.028775453567505, 0.6444807052612305, 7.867813110351562e-05, 3.3771615028381348, 0.007054328918457031], "global_index_centroids": 1.1702110767364502, "distribute_vectors_centroids": [3.0695698261260986, 2.9665699005126953, 2.5757570266723633, 3.0081920623779297, 2.9713099002838135, 2.9621176719665527, 3.0236129760742188, 3.0250933170318604, 2.620650053024292, 3.0457916259765625, 3.0537097454071045, 2.940277338027954, 3.103236198425293, 3.066256284713745, 2.651519775390625, 2.7325572967529297], "distribute_vectors_invocation_centroids": [4.079833030700684, 3.9452531337738037, 4.117941617965698, 18.643643140792847, 18.76280117034912, 19.380652904510498, 33.50386333465576, 33.491456031799316, 34.422648191452026, 48.09030485153198, 48.685423612594604, 48.816675662994385, 63.17972278594971, 63.41572666168213, 63.71917247772217, 77.70241284370422], "total_generated_vectors": 100000, "generated_vectors": [1491, 1486, 1190, 911, 2034, 1557, 1448, 1338, 1266, 1808, 1288, 1237, 1300, 1867, 1170, 1768, 1819, 1438, 2319, 1506, 2068, 1820, 1428, 1448, 2051, 1507, 1509, 1533, 1035, 2625, 1310, 1641, 1995, 2472, 1563, 1074, 1841, 1282, 2313, 1865, 1457, 1604, 1189, 1094, 1653, 1938, 1124, 1478, 1040, 1336, 1278, 1108, 2253, 1459, 1588, 1643, 1813, 1820, 1676, 1210, 1886, 1503, 923, 1306], "avg_generated_vectors": 1562.5, "std_dev_generated_vectors": 378.3777402090592, "generate_index_centroids": [1.998192548751831, 2.348762273788452, 2.5656943321228027, 2.0376462936401367, 2.0081217288970947, 2.2854175567626953, 2.4748165607452393, 1.9997200965881348, 2.14823579788208, 1.9738554954528809, 2.049863576889038, 2.1894114017486572, 2.532623529434204, 2.0908305644989014, 2.536322593688965, 2.252108573913574], "generate_index_invocation_centroids": [5.655029535293579, 8.623285293579102, 12.964933633804321, 19.598251342773438, 23.142094612121582, 27.256183385849, 32.98414349555969, 36.894387006759644, 41.205915212631226, 46.935396909713745, 50.3169424533844, 55.199061155319214, 60.73027491569519, 64.30493545532227, 69.11374807357788, 74.75922226905823], "total_indexing_centroids": 165.95529747009277, "shuffle_centroids_times": [], "map_iterdata_times": [], "create_map_data": [], "map_queries_times": [], "map_execution": [], "map_invoke": [], "create_reduce_data": [], "reduce_iterdata_times": [], "reduce_queries_times": [], "reduce_execution_times": [], "reduce_invoke": [], "divide_reduce_times": [], "total_querying_times": [], "recalls": [], "distribute_vectors_centroids_mean": 2.9260138124227524, "generate_index_centroids_mean": 2.218226432800293, "params": {"dataset": "deep_100k", "features": 96, "k_search": 10, "num_index": 64, "replication_threshold": 1.0, "num_centroids_search": 1, "k": 512, "kmeans_version": "unbalanced", "n_probe": 32, "query_batch_size": 8, "implementation": "centroids", "indexing_memory": 10240, "search_map_memory": 8192, "search_reduce_memory": 2048}}