{"shuffle_centroids_times": [[]], "map_iterdata_times": [[]], "create_map_data": [0.07551908493041992], "map_queries_times": [[[14.260364532470703, 0.0451352596282959, [0.14546513557434082, 0.14111757278442383, 0.13719654083251953, 0.13048839569091797, 0.1378917694091797, 0.1378791332244873, 0.210693359375, 0.39798426628112793, 0.4685368537902832, 0.2913234233856201, 0.39362263679504395, 0.47826099395751953, 0.3861536979675293, 0.3938615322113037, 0.3926362991333008, 0.3902590274810791, 0.40279626846313477, 0.48763489723205566, 0.40604066848754883, 0.41637587547302246, 0.3945119380950928, 0.39122581481933594, 0.38913440704345703, 0.3976263999938965, 0.3970518112182617, 0.4847531318664551, 0.403719425201416, 0.3898589611053467, 0.3933866024017334, 0.3883323669433594, 0.41612958908081055, 0.3901636600494385], [0.01657581329345703, 0.008835077285766602, 0.008741617202758789, 0.008620500564575195, 0.008572816848754883, 0.009115934371948242, 0.008479118347167969, 0.008606433868408203, 0.00861811637878418, 0.008552312850952148, 0.008497238159179688, 0.00891256332397461, 0.009236335754394531, 0.009161710739135742, 0.008700132369995117, 0.009023666381835938, 0.008557796478271484, 0.008716106414794922, 0.008250236511230469, 0.008936166763305664, 0.008785486221313477, 0.009499311447143555, 0.008777618408203125, 0.008603096008300781, 0.008559226989746094, 0.008796215057373047, 0.00881648063659668, 0.008576631546020508, 0.008649110794067383, 0.00855565071105957, 0.008645296096801758, 0.008559226989746094], [0.04167008399963379, 0.039437294006347656, 0.03786826133728027, 0.041361093521118164, 0.04345202445983887, 0.030385732650756836, 0.03640484809875488, 0.04261636734008789, 0.03275871276855469, 0.03607821464538574, 0.03958940505981445, 0.039458513259887695, 0.036240339279174805, 0.04117751121520996, 0.042500972747802734, 0.034425973892211914, 0.031107425689697266, 0.036298513412475586, 0.032325029373168945, 0.04677224159240723, 0.04010725021362305, 0.03364849090576172, 0.04447507858276367, 0.038642168045043945, 0.03244614601135254, 0.04384255409240723, 0.052069902420043945, 0.044519662857055664, 0.0428309440612793, 0.045273780822753906, 0.04938387870788574, 0.04248619079589844], 0.20465373992919922], [14.600356101989746, 0.04687023162841797, [0.17957139015197754, 0.1615443229675293, 0.15201711654663086, 0.15202713012695312, 0.15306591987609863, 0.1519603729248047, 0.17577672004699707, 0.2057652473449707, 0.39435362815856934, 0.3907945156097412, 0.3975095748901367, 0.3914937973022461, 0.3972892761230469, 0.39954066276550293, 0.39194250106811523, 0.39571309089660645, 0.3972206115722656, 0.39228129386901855, 0.47957754135131836, 0.3783431053161621, 0.34204578399658203, 0.40061402320861816, 0.3923225402832031, 0.39570045471191406, 0.4031186103820801, 0.3860814571380615, 0.39473605155944824, 0.3952138423919678, 0.38786792755126953, 0.4879910945892334, 0.3118133544921875, 0.478208065032959], [0.02225470542907715, 0.012928247451782227, 0.012852907180786133, 0.01291036605834961, 0.012706756591796875, 0.012885808944702148, 0.012769222259521484, 0.013582706451416016, 0.012681722640991211, 0.012801885604858398, 0.012849092483520508, 0.012864112854003906, 0.01277470588684082, 0.013036727905273438, 0.012902498245239258, 0.012820720672607422, 0.012739419937133789, 0.012836456298828125, 0.012669563293457031, 0.012835025787353516, 0.012947559356689453, 0.01294255256652832, 0.012863397598266602, 0.01291799545288086, 0.012881755828857422, 0.012857675552368164, 0.012869834899902344, 0.012855052947998047, 0.012832880020141602, 0.012790918350219727, 0.012868404388427734, 0.012774467468261719], [0.04268646240234375, 0.045798301696777344, 0.04564809799194336, 0.04257369041442871, 0.03831744194030762, 0.03812837600708008, 0.047669410705566406, 0.04114270210266113, 0.040685415267944336, 0.04817843437194824, 0.03960275650024414, 0.04021167755126953, 0.04546928405761719, 0.04074668884277344, 0.04124116897583008, 0.04383659362792969, 0.04215645790100098, 0.03753399848937988, 0.04036426544189453, 0.04114246368408203, 0.04216790199279785, 0.04052472114562988, 0.046772003173828125, 0.03982830047607422, 0.04520058631896973, 0.03931093215942383, 0.044321537017822266, 0.041933536529541016, 0.040637969970703125, 0.0439000129699707, 0.04844355583190918, 0.038033246994018555], 0.2535560131072998], [14.448241472244263, 0.04905891418457031, [0.17125964164733887, 0.129608154296875, 0.14107012748718262, 0.13619089126586914, 0.14668488502502441, 0.1355586051940918, 0.13674116134643555, 0.4680666923522949, 0.4097728729248047, 0.39348411560058594, 0.4057927131652832, 0.4147474765777588, 0.4008021354675293, 0.39993739128112793, 0.40044069290161133, 0.4055962562561035, 0.4104299545288086, 0.4952573776245117, 0.3975973129272461, 0.3974134922027588, 0.42270779609680176, 0.3996119499206543, 0.3959672451019287, 0.4017517566680908, 0.4048116207122803, 0.40840721130371094, 0.4060828685760498, 0.41123175621032715, 0.40828990936279297, 0.40541601181030273, 0.4983706474304199, 0.4126291275024414], [0.016818761825561523, 0.00851297378540039, 0.008714914321899414, 0.008665084838867188, 0.008935689926147461, 0.00866079330444336, 0.008411884307861328, 0.008611917495727539, 0.008405447006225586, 0.008725643157958984, 0.009073972702026367, 0.008681535720825195, 0.008445024490356445, 0.008788824081420898, 0.008489131927490234, 0.00876927375793457, 0.008475542068481445, 0.008575677871704102, 0.008976936340332031, 0.0097808837890625, 0.008470296859741211, 0.009035587310791016, 0.009285926818847656, 0.00882101058959961, 0.008449077606201172, 0.008710861206054688, 0.008749246597290039, 0.00880742073059082, 0.008789777755737305, 0.008649110794067383, 0.008651018142700195, 0.008899688720703125], [0.03960609436035156, 0.037856101989746094, 0.04147744178771973, 0.04521489143371582, 0.03633546829223633, 0.03654885292053223, 0.04171299934387207, 0.03617262840270996, 0.043761253356933594, 0.039119720458984375, 0.044823408126831055, 0.03525233268737793, 0.03359103202819824, 0.03282761573791504, 0.04155087471008301, 0.03667473793029785, 0.04001593589782715, 0.039489030838012695, 0.04672384262084961, 0.03311324119567871, 0.04598665237426758, 0.03925585746765137, 0.0371706485748291, 0.043112754821777344, 0.04427504539489746, 0.041963815689086914, 0.033216238021850586, 0.04252266883850098, 0.03622317314147949, 0.04144692420959473, 0.03972148895263672, 0.03793168067932129], 0.20479178428649902], [14.129402875900269, 0.05004525184631348, [0.1603236198425293, 0.15415334701538086, 0.1439671516418457, 0.14737391471862793, 0.4196131229400635, 0.14819836616516113, 0.14483094215393066, 0.15323615074157715, 0.3029963970184326, 0.39356517791748047, 0.3795461654663086, 0.389005184173584, 0.39042067527770996, 0.3891031742095947, 0.47282981872558594, 0.3833472728729248, 0.3816969394683838, 0.38580775260925293, 0.475827693939209, 0.41544270515441895, 0.38236093521118164, 0.38243699073791504, 0.37908411026000977, 0.3833346366882324, 0.4086418151855469, 0.38826942443847656, 0.39016127586364746, 0.4711577892303467, 0.3827669620513916, 0.3806755542755127, 0.4184379577636719, 0.4384291172027588], [0.016289949417114258, 0.00860285758972168, 0.008479595184326172, 0.008681535720825195, 0.008617401123046875, 0.008611679077148438, 0.008603096008300781, 0.008841514587402344, 0.008642196655273438, 0.008545875549316406, 0.00846242904663086, 0.008905410766601562, 0.009234189987182617, 0.00905299186706543, 0.008861303329467773, 0.008961677551269531, 0.008519887924194336, 0.008939981460571289, 0.008591413497924805, 0.009045600891113281, 0.009529590606689453, 0.00914311408996582, 0.008912801742553711, 0.009082555770874023, 0.008904218673706055, 0.008629560470581055, 0.008794546127319336, 0.00901174545288086, 0.010308265686035156, 0.008915185928344727, 0.008808612823486328, 0.008855342864990234], [0.03561544418334961, 0.03629350662231445, 0.04245924949645996, 0.0370941162109375, 0.042263031005859375, 0.04063749313354492, 0.04224753379821777, 0.034674644470214844, 