{"shuffle_centroids_times": [0.11588835716247559], "map_iterdata_times": [0.8535599708557129], "create_map_data": [1.0160315036773682], "map_queries_times": [[[16.85473871231079, 0.6242766380310059, [0.35523009300231934, 0.2667198181152344, 0.21572327613830566, 0.21717214584350586, 0.2676882743835449, 0.19111990928649902, 0.4205021858215332, 0.3997073173522949, 0.509436845779419, 0.39900803565979004, 0.2162795066833496, 0.6226649284362793, 0.5089330673217773, 0.623945951461792, 0.7270243167877197, 0.3172304630279541, 0.5024092197418213, 0.11458706855773926, 0.508002758026123, 0.7422952651977539, 0.4161660671234131, 0.6365835666656494, 0.22020173072814941, 0.621065616607666, 0.6389186382293701, 0.41520237922668457, 0.5074694156646729, 0.6261084079742432, 0.32068800926208496, 0.7087979316711426, 0.5150940418243408, 0.41705894470214844], [0.026363611221313477, 0.03650236129760742, 0.017152070999145508, 0.018268346786499023, 0.02155137062072754, 0.01477503776550293, 0.015694856643676758, 0.014141559600830078, 0.016970396041870117, 0.013726472854614258, 0.01007080078125, 0.01945209503173828, 0.016959428787231445, 0.020298242568969727, 0.024723529815673828, 0.013607978820800781, 0.015976905822753906, 0.007012844085693359, 0.015579462051391602, 0.0236661434173584, 0.01390385627746582, 0.021086454391479492, 0.011087894439697266, 0.01895427703857422, 0.021144390106201172, 0.015009880065917969, 0.015362262725830078, 0.019917726516723633, 0.013775825500488281, 0.02293109893798828, 0.016523122787475586, 0.015032768249511719], [0.027416229248046875, 0.029239654541015625, 0.02796196937561035, 0.04380917549133301, 0.018949508666992188, 0.027688980102539062, 0.04076719284057617, 0.029217004776000977, 0.049285888671875, 0.04170346260070801, 0.02497243881225586, 0.05535626411437988, 0.046385765075683594, 0.05178380012512207, 0.024245023727416992, 0.03677821159362793, 0.047250986099243164, 0.016205787658691406, 0.040860891342163086, 0.08204984664916992, 0.02994847297668457, 0.07669544219970703, 0.02878117561340332, 0.03680300712585449, 0.05228400230407715, 0.03213644027709961, 0.041080474853515625, 0.05976152420043945, 0.0360872745513916, 0.06289815902709961, 0.04302573204040527, 0.0392453670501709], 0.19320154190063477], [15.492425203323364, 0.6685841083526611, [0.3449671268463135, 0.3783140182495117, 0.3143117427825928, 0.20069169998168945, 0.140472412109375, 0.27834582328796387, 0.15492868423461914, 0.24930405616760254, 0.4444575309753418, 0.3054955005645752, 0.30962395668029785, 0.4137895107269287, 0.5158259868621826, 0.5413148403167725, 0.22989583015441895, 0.3070981502532959, 0.6352026462554932, 0.43790650367736816, 0.46439480781555176, 0.4212319850921631, 0.6464023590087891, 0.31543731689453125, 0.6523933410644531, 0.4713451862335205, 0.33983874320983887, 0.3404521942138672, 0.42858409881591797, 0.21008777618408203, 0.7717270851135254, 0.3760495185852051, 0.658728837966919, 0.22504138946533203], [0.02033686637878418, 0.05132746696472168, 0.028493404388427734, 0.013950824737548828, 0.010613441467285156, 0.018977642059326172, 0.011704683303833008, 0.01861095428466797, 0.01849842071533203, 0.011258363723754883, 0.013025760650634766, 0.014448881149291992, 0.016782760620117188, 0.017995119094848633, 0.013821125030517578, 0.011500358581542969, 0.020366430282592773, 0.01807570457458496, 0.016132593154907227, 0.015280008316040039, 0.020627975463867188, 0.013209819793701172, 0.021962881088256836, 0.01728034019470215, 0.01280069351196289, 0.014502763748168945, 0.014657258987426758, 0.00953054428100586, 0.025317668914794922, 0.01888132095336914, 0.020468473434448242, 0.010706663131713867], [0.05283808708190918, 0.07274007797241211, 0.05838465690612793, 0.03714442253112793, 0.026241779327392578, 0.03284955024719238, 0.027975082397460938, 0.03915762901306152, 0.051976680755615234, 0.023797988891601562, 0.02554488182067871, 0.0409090518951416, 0.0531926155090332, 0.1380774974822998, 0.03363227844238281, 0.027510881423950195, 0.06462645530700684, 0.04560661315917969, 0.04879021644592285, 0.029602527618408203, 0.05110812187194824, 0.03546857833862305, 0.053833723068237305, 0.03401660919189453, 0.022945165634155273, 0.04202437400817871, 0.03564047813415527, 0.022973299026489258, 0.16970133781433105, 0.05229020118713379, 0.04677414894104004, 0.02874445915222168], 0.21256589889526367], [14.288039445877075, 0.5652627944946289, [0.18338394165039062, 0.14275288581848145, 0.2109375, 0.23112750053405762, 0.15328288078308105, 0.22115564346313477, 0.1618363857269287, 0.20232558250427246, 0.23577308654785156, 0.5117418766021729, 0.4065563678741455, 0.30457592010498047, 0.5120668411254883, 0.30188751220703125, 0.5158088207244873, 0.5170364379882812, 0.3057258129119873, 0.5111522674560547, 0.4133110046386719, 0.41628146171569824, 0.3040471076965332, 0.8070087432861328, 0.4833981990814209, 0.46192002296447754, 0.3320286273956299, 0.44855284690856934, 0.31583595275878906, 0.4350738525390625, 0.43984198570251465, 0.5312504768371582, 0.21709060668945312, 0.6563470363616943], [0.012877702713012695, 0.018391847610473633, 0.018557071685791016, 0.02452230453491211, 0.011836528778076172, 0.017045974731445312, 0.012665033340454102, 0.014123201370239258, 0.017841339111328125, 0.01691722869873047, 0.014531850814819336, 0.011400699615478516, 0.01648259162902832, 0.010993003845214844, 0.017110109329223633, 0.017068147659301758, 0.012012720108032227, 0.017034053802490234, 0.014742136001586914, 0.015353918075561523, 0.011595010757446289, 0.023937702178955078, 0.020757198333740234, 0.015880346298217773, 0.010948657989501953, 0.014819145202636719, 0.009248495101928711, 0.015304803848266602, 0.01440119743347168, 0.016397953033447266, 0.00864410400390625, 0.020012617111206055], [0.10648655891418457, 0.017581939697265625, 0.04563617706298828, 0.04649949073791504, 0.02945566177368164, 0.03294730186462402, 0.017678260803222656, 0.03313922882080078, 0.037652015686035156, 0.034903764724731445, 0.03772234916687012, 0.02933049201965332, 0.041266679763793945, 0.026114940643310547, 0.03955435752868652, 0.04261326789855957, 0.030972719192504883, 0.043569326400756836, 0.030769824981689453, 0.043935298919677734, 0.01771259307861328, 0.03539419174194336, 0.01854848861694336, 0.027067899703979492, 0.017328500747680664, 0.029787063598632812, 0.01636028289794922, 0.03461790084838867, 0.03211855888366699, 0.03654026985168457, 0.017102479934692383, 0.0296938419342041], 0.25777459144592285], [13.847538232803345, 0.3651387691497803, [0.11643719673156738, 0.16678261756896973, 0.1694498062133789, 0.21318364143371582, 0.2161273956298828, 0.3172891139984131, 0.17654132843017578, 0.34781885147094727, 0.4358065128326416, 0.5215950012207031, 0.29485201835632324, 0.20536351203918457, 0.40201735496520996, 0.6184465885162354, 0.4188413619995117, 0.3951272964477539, 0.3006448745727539, 0.4162907600402832, 0.7207517623901367, 0.5086579322814941, 0.632544755935669, 0.7306585311889648, 0.2167494297027588, 0.5247604846954346, 0.3023490905761719, 0.2934098243713379, 0.4112873077392578, 0.3032679557800293, 0.40457653999328613, 0.4195399284362793, 0.42198991775512695, 0.508167028427124], [0.005702972412109375, 0.021535396575927734, 0.018372535705566406, 0.018201589584350586, 0.021020889282226562, 0.03110051155090332, 0.014545917510986328, 0.02021622657775879, 0.015372037887573242, 0.01807570457458496, 0.009749889373779297, 0.008078813552856445, 0.013396978378295898, 0.018804073333740234, 0.015609502792358398, 0.012321233749389648, 0.011409282684326172, 0.014983892440795898, 0.021132469177246094, 0.017878293991088867, 0.022164583206176758, 0.02754378318786621, 0.012970209121704102, 0.01854681968688965, 0.011299371719360352, 0.009310722351074219, 0.014648199081420898, 0.010963678359985352, 0.013544082641601562, 0.016956329345703125, 0.014972686767578125, 0.015521049499511719], [0.005471944808959961, 0.02852487564086914, 0.012148141860961914, 0.021796464920043945, 0.10520696640014648, 0.022464275360107422, 0.02043437957763672, 0.01589822769165039, 