{"shuffle_centroids_times": [0.1180112361907959], "map_iterdata_times": [1.0370056629180908], "create_map_data": [1.201514720916748], "map_queries_times": [[[17.444068670272827, 0.8590962886810303, [0.3155977725982666, 0.298306941986084, 0.2522590160369873, 0.27721118927001953, 0.39519286155700684, 0.22214508056640625, 0.22481918334960938, 0.20830965042114258, 0.4634549617767334, 0.34471607208251953, 0.3104093074798584, 0.5748734474182129, 0.47179317474365234, 0.6803910732269287, 0.6806240081787109, 0.3479437828063965, 0.5343630313873291, 0.12108135223388672, 0.36584949493408203, 0.7907626628875732, 0.3447151184082031, 0.6782569885253906, 0.24425935745239258, 0.5764129161834717, 0.6759030818939209, 0.43833279609680176, 0.4458901882171631, 0.5773439407348633, 0.3512532711029053, 0.7798821926116943, 0.45217323303222656, 0.4502429962158203], [0.03993630409240723, 0.03962516784667969, 0.020824670791625977, 0.03238272666931152, 0.026572704315185547, 0.01570868492126465, 0.016598224639892578, 0.014813899993896484, 0.017610788345336914, 0.014368772506713867, 0.010658740997314453, 0.0205690860748291, 0.017805814743041992, 0.02194976806640625, 0.026622772216796875, 0.014171838760375977, 0.01842951774597168, 0.008272409439086914, 0.016879796981811523, 0.03067946434020996, 0.015722990036010742, 0.025038957595825195, 0.01175999641418457, 0.01986384391784668, 0.026273250579833984, 0.016509532928466797, 0.01662445068359375, 0.02344036102294922, 0.014487504959106445, 0.025287628173828125, 0.019757747650146484, 0.017115116119384766], [0.04648303985595703, 0.04503464698791504, 0.04108166694641113, 0.0570831298828125, 0.04790925979614258, 0.037732601165771484, 0.0488588809967041, 0.0357358455657959, 0.049664974212646484, 0.04194784164428711, 0.03396320343017578, 0.06462359428405762, 0.04923367500305176, 0.06962966918945312, 0.04742169380187988, 0.03979349136352539, 0.05417943000793457, 0.12249279022216797, 0.04832267761230469, 0.08413267135620117, 0.034623146057128906, 0.07582378387451172, 0.030944108963012695, 0.047652482986450195, 0.053862810134887695, 0.039527177810668945, 0.04889202117919922, 0.07116079330444336, 0.04117131233215332, 0.07079696655273438, 0.04686284065246582, 0.0450136661529541], 0.36182260513305664], [15.672618865966797, 0.8189666271209717, [0.24172306060791016, 0.3461110591888428, 0.2904927730560303, 0.17046189308166504, 0.14414167404174805, 0.23880290985107422, 0.1762838363647461, 0.22912335395812988, 0.5589780807495117, 0.22179031372070312, 0.39760303497314453, 0.4037036895751953, 0.4330101013183594, 0.5274658203125, 0.4028325080871582, 0.30469727516174316, 0.6210885047912598, 0.4291975498199463, 0.5003640651702881, 0.4117867946624756, 0.5483343601226807, 0.31861162185668945, 0.7005703449249268, 0.43322086334228516, 0.31660914421081543, 0.4252912998199463, 0.4180753231048584, 0.12041497230529785, 0.8484399318695068, 0.525794267654419, 0.5328295230865479, 0.2144932746887207], [0.02936100959777832, 0.0477910041809082, 0.027032136917114258, 0.015529870986938477, 0.010318517684936523, 0.0188446044921875, 0.011492729187011719, 0.01803112030029297, 0.023348569869995117, 0.011159181594848633, 0.012562990188598633, 0.013909339904785156, 0.016864538192749023, 0.020424842834472656, 0.012867212295532227, 0.011133193969726562, 0.019928932189941406, 0.02026987075805664, 0.016753435134887695, 0.015083074569702148, 0.023380041122436523, 0.013882637023925781, 0.025157451629638672, 0.01974320411682129, 0.013641119003295898, 0.013945817947387695, 0.014885663986206055, 0.008513927459716797, 0.028002262115478516, 0.025793075561523438, 0.021229982376098633, 0.011032342910766602], [0.04793143272399902, 0.0800786018371582, 0.06303000450134277, 0.03714132308959961, 0.11260128021240234, 0.04809379577636719, 0.024743318557739258, 0.04353189468383789, 0.047174692153930664, 0.02626514434814453, 0.027027368545532227, 0.03670167922973633, 0.052931785583496094, 0.05267596244812012, 0.0332791805267334, 0.029285907745361328, 0.0632472038269043, 0.04926753044128418, 0.05033087730407715, 0.04200029373168945, 0.05774092674255371, 0.03608298301696777, 0.06524038314819336, 0.03802227973937988, 0.024207353591918945, 0.041672468185424805, 0.030676603317260742, 0.022419214248657227, 0.06790661811828613, 0.05102229118347168, 0.05587148666381836, 0.026058197021484375], 0.32480597496032715], [14.216832160949707, 0.797645092010498, [0.17670512199401855, 0.1420295238494873, 0.2021646499633789, 0.2337050437927246, 0.14939117431640625, 0.2075350284576416, 0.15178656578063965, 0.18482017517089844, 0.20798063278198242, 0.33362364768981934, 0.4072885513305664, 0.2993924617767334, 0.5100362300872803, 0.30190372467041016, 0.5152955055236816, 0.5129876136779785, 0.305039644241333, 0.42940640449523926, 0.49816417694091797, 0.4943058490753174, 0.2206587791442871, 0.7050518989562988, 0.5196471214294434, 0.41991615295410156, 0.3067176342010498, 0.4168710708618164, 0.29898905754089355, 0.41107606887817383, 0.4098186492919922, 0.5102887153625488, 0.11885404586791992, 0.7178738117218018], [0.021544933319091797, 0.018471479415893555, 0.01849985122680664, 0.024456024169921875, 0.012688398361206055, 0.018729209899902344, 0.0131988525390625, 0.01418447494506836, 0.016400575637817383, 0.018616199493408203, 0.014266490936279297, 0.011347532272338867, 0.01625657081604004, 0.01056051254272461, 0.01715564727783203, 0.01809835433959961, 0.011620759963989258, 0.01677107810974121, 0.014706850051879883, 0.014913558959960938, 0.011558294296264648, 0.02397632598876953, 0.02012491226196289, 0.017525196075439453, 0.01092672348022461, 0.014768123626708984, 0.009337902069091797, 0.015116214752197266, 0.014937400817871094, 0.016732454299926758, 0.007864713668823242, 0.020003318786621094], [0.03332400321960449, 0.023205041885375977, 0.04516863822937012, 0.05035066604614258, 0.03111886978149414, 0.11623597145080566, 0.025630474090576172, 0.04115796089172363, 0.041018009185791016, 0.0419926643371582, 0.04242134094238281, 0.02728104591369629, 0.04361319541931152, 0.028089284896850586, 0.04658937454223633, 0.04860806465148926, 0.030040740966796875, 0.04405498504638672, 0.039542436599731445, 0.0369412899017334, 0.02847766876220703, 0.05481910705566406, 0.03173637390136719, 0.04252171516418457, 0.022613048553466797, 0.03383946418762207, 0.022013425827026367, 0.04341387748718262, 0.034548044204711914, 0.05252981185913086, 0.018598079681396484, 0.04916691780090332], 0.32354116439819336], [14.678856134414673, 0.8206062316894531, [0.2541193962097168, 0.13633251190185547, 0.23781085014343262, 0.17377901077270508, 0.1842503547668457, 0.2238941192626953, 0.21193480491638184, 0.21933245658874512, 0.18585944175720215, 0.4181220531463623, 0.42638516426086426, 0.6448550224304199, 0.5420470237731934, 0.32883167266845703, 0.3292696475982666, 0.7575161457061768, 0.6554522514343262, 0.423511266708374, 0.2289752960205078, 0.334653377532959, 0.311753511428833, 0.4354076385498047, 0.6462516784667969, 0.4387524127960205, 0.3085362911224365, 0.4030616283416748, 0.20932817459106445, 0.7819406986236572, 0.2107868194580078, 0.10944414138793945, 0.43734216690063477, 0.5373589992523193], [0.03141427040100098, 0.01742720603942871, 0.01882648468017578, 0.015559196472167969, 0.013178110122680664, 0.0169830322265625, 0.015544652938842773, 0.01651310920715332, 0.013398885726928711, 0.01607489585876465, 0.014395952224731445, 0.023217439651489258, 0.022263288497924805, 0.01315760612487793, 0.012786149978637695, 0.02743983268737793, 0.028389930725097656, 0.016542434692382812, 0.01041722297668457, 0.013947486877441406, 0.010880708694458008, 0.015155315399169922, 0.02485036849975586, 0.016530513763427734, 0.011421680450439453, 0.013043880462646484, 0.009285688400268555, 0.02768731117248535, 0.008105993270874023, 0.0054857730865478516, 0.01352834701538086, 0.015157938003540039], [0.04796934127807617, 0.0327298641204834, 0.04604697227478027, 0.027339935302734375, 0.032280921936035156, 0.12575697898864746, 0.03418231010437012, 0.04059195518493652, 