{"shuffle_centroids_times": [0.03304862976074219], "map_iterdata_times": [0.28767871856689453], "create_map_data": [0.36641597747802734], "map_queries_times": [[[16.460373640060425, 0.14016056060791016, [0.7921960353851318, 0.379624605178833, 0.4608900547027588, 0.6294434070587158, 0.7415318489074707, 0.9814760684967041, 1.3173470497131348, 0.7750980854034424, 0.9668662548065186, 1.7857224941253662, 0.9017205238342285, 1.549499750137329, 0.6780438423156738, 1.1200740337371826, 1.076686143875122, 0.6678745746612549], [0.10599994659423828, 0.05326581001281738, 0.024520158767700195, 0.023197412490844727, 0.023954391479492188, 0.029686450958251953, 0.04583287239074707, 0.027532577514648438, 0.029497385025024414, 0.06522083282470703, 0.03235816955566406, 0.04809308052062988, 0.028249502182006836, 0.03352975845336914, 0.038207292556762695, 0.024462223052978516], [0.0287322998046875, 0.043663740158081055, 0.10409307479858398, 0.020874738693237305, 0.02131056785583496, 0.04692220687866211, 0.07337355613708496, 0.03792238235473633, 0.01374363899230957, 0.13208770751953125, 0.07357001304626465, 0.08731746673583984, 0.021511316299438477, 0.0448765754699707, 0.04766678810119629, 0.02617359161376953], 0.03850221633911133], [13.401372909545898, 0.09367036819458008, [0.34632277488708496, 0.23379063606262207, 0.35501694679260254, 0.2593815326690674, 1.2581679821014404, 0.941842794418335, 0.5702164173126221, 0.7837586402893066, 0.7777025699615479, 0.809751033782959, 1.3618195056915283, 0.36520838737487793, 0.6806726455688477, 0.8739824295043945, 1.2403490543365479, 1.5175023078918457], [0.04341435432434082, 0.031786203384399414, 0.03168892860412598, 0.023397207260131836, 0.04112553596496582, 0.038747549057006836, 0.018416166305541992, 0.02518439292907715, 0.02270793914794922, 0.026498079299926758, 0.05112934112548828, 0.017228126525878906, 0.020954132080078125, 0.02409076690673828, 0.04597878456115723, 0.06169748306274414], [0.019789695739746094, 0.0076100826263427734, 0.03975701332092285, 0.0180814266204834, 0.03348517417907715, 0.022721290588378906, 0.020995378494262695, 0.01101231575012207, 0.015558719635009766, 0.021757841110229492, 0.024138927459716797, 0.00988006591796875, 0.019488811492919922, 0.020093917846679688, 0.024231672286987305, 0.036751747131347656], 0.0626535415649414], [13.818450212478638, 0.08926153182983398, [0.45952725410461426, 0.5991995334625244, 0.8446500301361084, 0.9969332218170166, 0.4621238708496094, 0.8771965503692627, 1.3483765125274658, 1.2425177097320557, 1.0280988216400146, 0.8883147239685059, 0.8850171566009521, 0.9997892379760742, 0.6679179668426514, 0.5418128967285156, 0.43082189559936523, 0.42689013481140137], [0.05684995651245117, 0.08502578735351562, 0.03811526298522949, 0.03390073776245117, 0.0210721492767334, 0.030811548233032227, 0.06047534942626953, 0.05112743377685547, 0.03693413734436035, 0.030994653701782227, 0.027591943740844727, 0.03058481216430664, 0.023175477981567383, 0.020778894424438477, 0.015413045883178711, 0.014583826065063477], [0.04005002975463867, 0.033573150634765625, 0.030466794967651367, 0.04916238784790039, 0.00778508186340332, 0.029001235961914062, 0.04865598678588867, 0.04295706748962402, 0.023479223251342773, 0.04213523864746094, 0.02156972885131836, 0.020999431610107422, 0.011733770370483398, 0.012239694595336914, 0.006719827651977539, 0.007142543792724609], 0.024721860885620117], [12.829041481018066, 0.09744405746459961, [0.2698085308074951, 0.3031468391418457, 0.3097503185272217, 0.3572402000427246, 1.436202049255371, 0.7642152309417725, 1.0153248310089111, 0.7883543968200684, 1.0158436298370361, 0.7983608245849609, 0.5672156810760498, 0.8875765800476074, 0.7801499366760254, 0.7584285736083984, 0.5495882034301758, 1.4297637939453125], [0.026547670364379883, 0.03502154350280762, 0.02389383316040039, 0.015399694442749023, 0.03742241859436035, 0.01893782615661621, 0.02281928062438965, 0.022168874740600586, 0.021930456161499023, 0.017994403839111328, 0.013117790222167969, 0.02143239974975586, 0.028026580810546875, 0.018608570098876953, 0.020916223526000977, 0.042343854904174805], [0.01144862174987793, 0.019852638244628906, 0.012260198593139648, 0.017010211944580078, 0.0565495491027832, 0.018403291702270508, 0.027714967727661133, 0.010376930236816406, 0.03217768669128418, 0.014334440231323242, 0.009104013442993164, 0.015643596649169922, 0.01628565788269043, 0.017003536224365234, 0.0062673091888427734, 0.010342597961425781], 0.019112348556518555]]], "map_execution": [19.288748264312744], "map_invoke": [[0.5534367561340332, 0.5458540916442871, 0.531355619430542, 0.4791417121887207]], "create_reduce_data": [0.19237208366394043], "reduce_iterdata_times": [0.19143438339233398], "reduce_queries_times": [[0.07897591590881348]], "reduce_execution_times": [3.0792396068573], "reduce_invoke": [[0.5370352268218994]], "divide_reduce_times": [9.369850158691406e-05], "total_querying_times": [22.926869869232178],