{"shuffle_centroids_times": [0.07343387603759766], "map_iterdata_times": [0.19681930541992188], "create_map_data": [0.31705570220947266], "map_queries_times": [[[16.273653507232666, 0.04789328575134277, [0.754507303237915, 0.35294294357299805, 0.4342677593231201, 0.4519064426422119, 1.0069665908813477, 1.0313072204589844, 1.0291190147399902, 1.0400254726409912, 0.9357092380523682, 1.5847585201263428, 1.2476048469543457, 1.043045997619629, 1.2855803966522217, 0.951871395111084, 1.252542495727539, 0.894498348236084], [0.2026655673980713, 0.046549081802368164, 0.03865218162536621, 0.06637191772460938, 0.041165828704833984, 0.05012655258178711, 0.03441119194030762, 0.030449390411376953, 0.03309345245361328, 0.07655549049377441, 0.045839548110961914, 0.03598141670227051, 0.04654979705810547, 0.029427289962768555, 0.04602932929992676, 0.028102636337280273], [0.01523280143737793, 0.003049612045288086, 0.008415460586547852, 0.003950357437133789, 0.0012214183807373047, 0.0033614635467529297, 0.003542661666870117, 0.0027532577514648438, 0.002508401870727539, 0.005986928939819336, 0.00699925422668457, 0.0036859512329101562, 0.005079507827758789, 0.002056598663330078, 0.004166841506958008, 0.001888275146484375], 0.0028438568115234375], [13.986590385437012, 0.04013872146606445, [0.6639819145202637, 0.35169124603271484, 0.6054222583770752, 0.34236812591552734, 1.6146214008331299, 0.3729822635650635, 1.06508207321167, 1.0774188041687012, 0.864527702331543, 0.8551640510559082, 0.75543212890625, 0.7592759132385254, 1.158273696899414, 0.7029917240142822, 1.022170066833496, 1.038010835647583], [0.15447664260864258, 0.03822660446166992, 0.04299521446228027, 0.04585886001586914, 0.0639350414276123, 0.017718076705932617, 0.0296475887298584, 0.039150238037109375, 0.02651047706604004, 0.023301362991333008, 0.024113178253173828, 0.022206544876098633, 0.03280830383300781, 0.02199864387512207, 0.029998779296875, 0.033777713775634766], [0.00534367561340332, 0.0018329620361328125, 0.007485151290893555, 0.002559185028076172, 0.005795478820800781, 0.0010287761688232422, 0.0024504661560058594, 0.003440380096435547, 0.0020303726196289062, 0.001659393310546875, 0.002577066421508789, 0.0012006759643554688, 0.003556489944458008, 0.0014257431030273438, 0.0025119781494140625, 0.0026564598083496094], 0.002433300018310547], [11.484641313552856, 0.03553175926208496, [0.4540901184082031, 0.3382148742675781, 0.26717472076416016, 0.2584214210510254, 0.31851935386657715, 0.3228871822357178, 0.18653059005737305, 1.3345823287963867, 1.4698824882507324, 0.7239489555358887, 0.5522377490997314, 1.2339708805084229, 0.7745378017425537, 0.9404511451721191, 0.9002547264099121, 0.882535457611084], [0.08772397041320801, 0.032053470611572266, 0.014906167984008789, 0.03026723861694336, 0.022583961486816406, 0.01715087890625, 0.009855270385742188, 0.03748512268066406, 0.05050969123840332, 0.019805192947387695, 0.013730764389038086, 0.03040480613708496, 0.020920991897583008, 0.021605730056762695, 0.019385576248168945, 0.018863916397094727], [0.004604339599609375, 0.006028652191162109, 0.0019567012786865234, 0.0009827613830566406, 0.0018584728240966797, 0.0019044876098632812, 0.0010161399841308594, 0.003682374954223633, 0.0030260086059570312, 0.0018007755279541016, 0.0015635490417480469, 0.004621267318725586, 0.002261638641357422, 0.001817941665649414, 0.001965761184692383, 0.0020914077758789062], 0.002102375030517578], [10.499579668045044, 0.035968780517578125, [0.468048095703125, 0.25759005546569824, 0.35708093643188477, 0.6006069183349609, 0.34396910667419434, 0.4506213665008545, 0.9171006679534912, 1.0537214279174805, 0.5966284275054932, 0.609236478805542, 0.5947222709655762, 0.7317502498626709, 0.572746992111206, 0.7147493362426758, 0.9139072895050049, 0.6850688457489014], [0.0908203125, 0.03307700157165527, 0.026589393615722656, 0.1265697479248047, 0.025227069854736328, 0.02171611785888672, 0.028357744216918945, 0.04168963432312012, 0.01965618133544922, 0.020180225372314453, 0.018178462982177734, 0.02281808853149414, 0.015072107315063477, 0.022893190383911133, 0.028162002563476562, 0.02338385581970215], [0.0035359859466552734, 0.0012803077697753906, 0.0021522045135498047, 0.004912614822387695, 0.0019345283508300781, 0.001032114028930664, 0.0020751953125, 0.003814220428466797, 0.0008790493011474609, 0.001390695571899414, 0.0009584426879882812, 0.0012059211730957031, 0.0005958080291748047, 0.0013337135314941406, 0.0012078285217285156, 0.0014147758483886719], 0.0016293525695800781]]], "map_execution": [20.15113615989685], "map_invoke": [[1.377723217010498, 1.4190928936004639, 1.3671438694000244, 1.3395333290100098]], "create_reduce_data": [0.29071903228759766], "reduce_iterdata_times": [0.2896406650543213], "reduce_queries_times": [[0.13660621643066406]], "reduce_execution_times": [3.0653138160705566], "reduce_invoke": [[1.310096263885498]], "divide_reduce_times": [0.00011610984802246094], "total_querying_times": [23.82434105873108],