{"shuffle_centroids_times": [0.11770081520080566], "map_iterdata_times": [0.9058194160461426], "create_map_data": [1.070479154586792], "map_queries_times": [[[16.899697065353394, 0.6057488918304443, [0.2696685791015625, 0.26570868492126465, 0.22775053977966309, 0.24415349960327148, 0.26309657096862793, 0.1862785816192627, 0.3312811851501465, 0.3993685245513916, 0.5116610527038574, 0.40165162086486816, 0.29609107971191406, 0.605717658996582, 0.5032505989074707, 0.615607500076294, 0.6349132061004639, 0.4004967212677002, 0.4999816417694092, 0.1883985996246338, 0.4107232093811035, 0.736731767654419, 0.40549373626708984, 0.6228749752044678, 0.2227182388305664, 0.6175270080566406, 0.6303064823150635, 0.41063666343688965, 0.49903178215026855, 0.6102814674377441, 0.3202784061431885, 0.7253193855285645, 0.41883158683776855, 0.4960761070251465], [0.02673935890197754, 0.0372929573059082, 0.017580270767211914, 0.01879143714904785, 0.02135181427001953, 0.014795780181884766, 0.01632094383239746, 0.01418304443359375, 0.017485857009887695, 0.013917207717895508, 0.009889364242553711, 0.01955890655517578, 0.01723957061767578, 0.021126270294189453, 0.024914979934692383, 0.013831377029418945, 0.016137361526489258, 0.007206439971923828, 0.016002893447875977, 0.023900985717773438, 0.013931989669799805, 0.0215604305267334, 0.01123952865600586, 0.018895864486694336, 0.020986557006835938, 0.014898300170898438, 0.015486717224121094, 0.02044200897216797, 0.014046192169189453, 0.02344489097595215, 0.016695737838745117, 0.015162467956542969], [0.02946758270263672, 0.029541730880737305, 0.02912735939025879, 0.1288459300994873, 0.018596172332763672, 0.028363466262817383, 0.04636263847351074, 0.03616166114807129, 0.04662489891052246, 0.03903341293334961, 0.02233743667602539, 0.059784650802612305, 0.04835152626037598, 0.05840659141540527, 0.023018598556518555, 0.04440116882324219, 0.04784512519836426, 0.01687479019165039, 0.047799110412597656, 0.07897257804870605, 0.035552024841308594, 0.07221508026123047, 0.025236845016479492, 0.04064464569091797, 0.05397176742553711, 0.03633451461791992, 0.041945695877075195, 0.06601834297180176, 0.04308676719665527, 0.06534624099731445, 0.04981088638305664, 0.04394054412841797], 0.2926294803619385], [15.63697075843811, 0.6171228885650635, [0.24005770683288574, 0.3543858528137207, 0.2929823398590088, 0.257735013961792, 0.1305861473083496, 0.23806452751159668, 0.1413133144378662, 0.3530590534210205, 0.529428243637085, 0.3106374740600586, 0.3998839855194092, 0.3359205722808838, 0.520679235458374, 0.526395320892334, 0.3160698413848877, 0.30871009826660156, 0.645282506942749, 0.5271356105804443, 0.33388805389404297, 0.41878175735473633, 0.6366727352142334, 0.31915736198425293, 0.6503992080688477, 0.46175670623779297, 0.42206549644470215, 0.42764949798583984, 0.3300442695617676, 0.20480108261108398, 0.8804628849029541, 0.4495670795440674, 0.6355850696563721, 0.21385884284973145], [0.0195310115814209, 0.047809600830078125, 0.027324438095092773, 0.01346898078918457, 0.01047658920288086, 0.018578767776489258, 0.011189937591552734, 0.01800990104675293, 0.0179593563079834, 0.010735273361206055, 0.012851715087890625, 0.014049530029296875, 0.01672649383544922, 0.017722129821777344, 0.01320505142211914, 0.011267423629760742, 0.020125865936279297, 0.017655372619628906, 0.01579117774963379, 0.015076637268066406, 0.020441293716430664, 0.012884140014648438, 0.020960330963134766, 0.016656160354614258, 0.012572526931762695, 0.013878822326660156, 0.013914346694946289, 0.00891876220703125, 0.024054288864135742, 0.01830148696899414, 0.019603490829467773, 0.009965181350708008], [0.05457901954650879, 0.07993483543395996, 0.06032872200012207, 0.035102128982543945, 0.027755260467529297, 0.03522443771362305, 0.02518320083618164, 0.038754940032958984, 0.0480198860168457, 0.022999048233032227, 0.020870685577392578, 0.03974175453186035, 0.05639028549194336, 0.053002357482910156, 0.0303041934967041, 0.028537988662719727, 0.06259322166442871, 0.13460755348205566, 0.04279971122741699, 0.02621006965637207, 0.04894518852233887, 0.03557300567626953, 0.04822850227355957, 0.032526493072509766, 0.02594447135925293, 0.039376258850097656, 0.03134512901306152, 0.02104020118713379, 0.0608363151550293, 0.04116034507751465, 0.047448158264160156, 0.023648738861083984], 0.28578877449035645], [13.93885064125061, 0.5421750545501709, [0.18436455726623535, 0.13463664054870605, 0.20000672340393066, 0.22739481925964355, 0.13902592658996582, 0.27809691429138184, 0.15608644485473633, 0.1791212558746338, 0.24496674537658691, 0.5128514766693115, 0.4022867679595947, 0.2980649471282959, 0.5086953639984131, 0.3056807518005371, 0.5172560214996338, 0.5059294700622559, 0.30948781967163086, 0.504021167755127, 0.4031789302825928, 0.4146387577056885, 0.3008737564086914, 0.7574777603149414, 0.5334579944610596, 0.5200488567352295, 0.30303144454956055, 0.4149785041809082, 0.2974278926849365, 0.4202556610107422, 0.4184560775756836, 0.5192196369171143, 0.20531749725341797, 0.6426057815551758], [0.012560367584228516, 0.01792454719543457, 0.018068790435791016, 0.024150609970092773, 0.011521100997924805, 0.016672134399414062, 0.012247800827026367, 0.013848543167114258, 0.01603984832763672, 0.016475677490234375, 0.014208555221557617, 0.011406421661376953, 0.016103267669677734, 0.010467529296875, 0.016889095306396484, 0.016957759857177734, 0.01134800910949707, 0.016895532608032227, 0.014661550521850586, 0.014876842498779297, 0.011311531066894531, 0.023459434509277344, 0.020410776138305664, 0.01577472686767578, 0.010358572006225586, 0.014743804931640625, 0.009120702743530273, 0.015133857727050781, 0.014380216598510742, 0.01622629165649414, 0.008100271224975586, 0.01975107192993164], [0.03078627586364746, 0.021806001663208008, 0.038979530334472656, 0.04600882530212402, 0.025174856185913086, 0.029390573501586914, 0.016289949417114258, 0.04101896286010742, 0.031143903732299805, 0.03864407539367676, 0.033776283264160156, 0.02997303009033203, 0.04472637176513672, 0.026114940643310547, 0.03698110580444336, 0.04754137992858887, 0.031844377517700195, 0.04942893981933594, 0.027446508407592773, 0.03632354736328125, 0.017554759979248047, 0.030263662338256836, 0.017172813415527344, 0.027408361434936523, 0.017847299575805664, 0.029809951782226562, 0.014032363891601562, 0.032706260681152344, 0.03455519676208496, 0.034801483154296875, 0.016788959503173828, 0.030660390853881836], 0.16834568977355957], [13.865351438522339, 0.37405967712402344, [0.12169885635375977, 0.17462396621704102, 0.1726834774017334, 0.21416687965393066, 0.23331880569458008, 0.3378317356109619, 0.19972562789916992, 0.27825093269348145, 0.42758798599243164, 0.5455937385559082, 0.301241397857666, 0.21419525146484375, 0.40941333770751953, 0.552642822265625, 0.5208861827850342, 0.31368017196655273, 0.31233644485473633, 0.4334080219268799, 0.6554958820343018, 0.5325882434844971, 0.6576557159423828, 0.6721384525299072, 0.3047010898590088, 0.44692301750183105, 0.305741548538208, 0.2934846878051758, 0.41587185859680176, 0.30480504035949707, 0.4084663391113281, 0.42444944381713867, 0.41234254837036133, 0.5116736888885498], [0.00606989860534668, 0.022769689559936523, 0.019741535186767578, 0.019191980361938477, 0.022196531295776367, 0.033126115798950195, 0.015941381454467773, 0.024463891983032227, 0.01655888557434082, 0.01889657974243164, 0.010643959045410156, 0.008733034133911133, 0.013755559921264648, 0.019581317901611328, 0.016603708267211914, 0.013191938400268555, 0.012286186218261719, 0.015637874603271484, 0.02178192138671875, 0.018998384475708008, 0.023180723190307617, 0.029217958450317383, 0.012897014617919922, 0.017321109771728516, 0.011127948760986328, 0.009751319885253906, 0.015065908432006836, 0.01117563247680664, 0.013616561889648438, 0.016144752502441406, 0.015259265899658203, 0.015783071517944336], [0.007147073745727539, 0.023879289627075195, 0.014585018157958984, 0.02031731605529785, 0.04145383834838867, 0.0235898494720459, 0.025066852569580078, 