{"shuffle_centroids_times": [0.1151742935180664], "map_iterdata_times": [1.1038496494293213], "create_map_data": [1.2658085823059082], "map_queries_times": [[[17.226935863494873, 0.7228090763092041, [0.28933238983154297, 0.27219414710998535, 0.22774195671081543, 0.2521688938140869, 0.2770872116088867, 0.19338631629943848, 0.42298007011413574, 0.41769838333129883, 0.5296332836151123, 0.41603636741638184, 0.21662163734436035, 0.635352611541748, 0.5056145191192627, 0.6656901836395264, 0.6669437885284424, 0.4304163455963135, 0.44550323486328125, 0.206679105758667, 0.5219597816467285, 0.7627522945404053, 0.326932430267334, 0.6659557819366455, 0.24635076522827148, 0.6375324726104736, 0.6592867374420166, 0.4324638843536377, 0.4410686492919922, 0.6462893486022949, 0.330045223236084, 0.7577774524688721, 0.43084192276000977, 0.4253365993499756], [0.027019500732421875, 0.03751111030578613, 0.017283916473388672, 0.01884770393371582, 0.02128767967224121, 0.014989852905273438, 0.01613450050354004, 0.014218807220458984, 0.016855478286743164, 0.013648033142089844, 0.01003408432006836, 0.019219636917114258, 0.01735711097717285, 0.020735740661621094, 0.024541616439819336, 0.013555288314819336, 0.016312837600708008, 0.007452964782714844, 0.015859127044677734, 0.02451467514038086, 0.014076948165893555, 0.021388769149780273, 0.011129617691040039, 0.018861770629882812, 0.021244525909423828, 0.015168905258178711, 0.016245603561401367, 0.020322084426879883, 0.01389932632446289, 0.023093700408935547, 0.0166475772857666, 0.01514124870300293], [0.029240131378173828, 0.03050708770751953, 0.028455018997192383, 0.050080060958862305, 0.02001810073852539, 0.026195287704467773, 0.0435941219329834, 0.03318524360656738, 0.048456668853759766, 0.04046201705932617, 0.025135040283203125, 0.06119585037231445, 0.043907880783081055, 0.062220096588134766, 0.022559642791748047, 0.03999733924865723, 0.04304051399230957, 0.01827263832092285, 0.04869723320007324, 0.08218193054199219, 0.0302734375, 0.07967591285705566, 0.02887129783630371, 0.03603076934814453, 0.05590677261352539, 0.03799629211425781, 0.043410301208496094, 0.07348370552062988, 0.04410219192504883, 0.0659646987915039, 0.04959845542907715, 0.04011845588684082], 0.19068479537963867], [15.716709613800049, 0.6995387077331543, [0.24505138397216797, 0.3493781089782715, 0.3208785057067871, 0.16672348976135254, 0.1361067295074463, 0.23643708229064941, 0.14473557472229004, 0.44807934761047363, 0.5470459461212158, 0.33809876441955566, 0.31799793243408203, 0.45032572746276855, 0.5276153087615967, 0.45771288871765137, 0.4250295162200928, 0.3115265369415283, 0.6392538547515869, 0.4476358890533447, 0.4412696361541748, 0.4312758445739746, 0.6606519222259521, 0.32462453842163086, 0.7445435523986816, 0.43064141273498535, 0.31792473793029785, 0.4242720603942871, 0.4315788745880127, 0.20773649215698242, 0.7865605354309082, 0.5429444313049316, 0.5529599189758301, 0.2146914005279541], [0.019469022750854492, 0.04722476005554199, 0.02678060531616211, 0.013390541076660156, 0.010307073593139648, 0.01869511604309082, 0.011374950408935547, 0.017992496490478516, 0.018038272857666016, 0.010667085647583008, 0.012547969818115234, 0.013838768005371094, 0.016260862350463867, 0.017470598220825195, 0.013004302978515625, 0.011095762252807617, 0.01953911781311035, 0.017585039138793945, 0.015910625457763672, 0.014783143997192383, 0.019980430603027344, 0.012652158737182617, 0.020870685577392578, 0.01678323745727539, 0.012370824813842773, 0.014161109924316406, 0.014335155487060547, 0.008623838424682617, 0.024046659469604492, 0.017950057983398438, 0.019652366638183594, 0.009603738784790039], [0.04940199851989746, 0.07060980796813965, 0.06375837326049805, 0.0341646671295166, 0.024588823318481445, 0.03460431098937988, 0.025992631912231445, 0.040598392486572266, 0.046233177185058594, 0.022118091583251953, 0.02562546730041504, 0.03745460510253906, 0.05138421058654785, 0.050878047943115234, 0.03216433525085449, 0.022554874420166016, 0.05801033973693848, 0.04612255096435547, 0.04614710807800293, 0.02624034881591797, 0.04387545585632324, 0.03575706481933594, 0.05114436149597168, 0.030806303024291992, 0.025545358657836914, 0.03854799270629883, 0.029043197631835938, 0.02500629425048828, 0.06673836708068848, 0.04911160469055176, 0.04855179786682129, 0.02211928367614746], 0.18364500999450684], [13.819071292877197, 0.6371195316314697, [0.1772301197052002, 0.1427006721496582, 0.20386767387390137, 0.2390003204345703, 0.14970827102661133, 0.2192702293395996, 0.15624594688415527, 0.17049002647399902, 0.2583961486816406, 0.5105624198913574, 0.40250325202941895, 0.2962627410888672, 0.5042004585266113, 0.30323338508605957, 0.5101454257965088, 0.5098958015441895, 0.2995598316192627, 0.5069894790649414, 0.40978431701660156, 0.4127802848815918, 0.30097508430480957, 0.8378212451934814, 0.4588632583618164, 0.4279031753540039, 0.30580925941467285, 0.416126012802124, 0.29549479484558105, 0.4082181453704834, 0.4086287021636963, 0.5058937072753906, 0.20729374885559082, 0.6179797649383545], [0.012980461120605469, 0.018349647521972656, 0.018416881561279297, 0.024436235427856445, 0.011804819107055664, 0.017023086547851562, 0.012595891952514648, 0.014099359512329102, 0.01609349250793457, 0.016497135162353516, 0.014256715774536133, 0.011070013046264648, 0.01648688316345215, 0.010668516159057617, 0.017055273056030273, 0.016725540161132812, 0.01143026351928711, 0.016834497451782227, 0.014558792114257812, 0.0149993896484375, 0.011474847793579102, 0.023814678192138672, 0.02023029327392578, 0.015529632568359375, 0.010716915130615234, 0.014778852462768555, 0.009124517440795898, 0.014981269836425781, 0.013909339904785156, 0.016153812408447266, 0.008399248123168945, 0.01995086669921875], [0.028380632400512695, 0.020188331604003906, 0.046584129333496094, 0.04274773597717285, 0.026271343231201172, 0.027254104614257812, 0.015713214874267578, 0.03433632850646973, 0.02693796157836914, 0.030971288681030273, 0.03852653503417969, 0.030070066452026367, 0.04475903511047363, 0.025844335556030273, 0.03387022018432617, 0.04400229454040527, 0.028119564056396484, 0.04583621025085449, 0.029623031616210938, 0.03618335723876953, 0.0175626277923584, 0.03204202651977539, 0.014314889907836914, 0.02619338035583496, 0.01918196678161621, 0.028726816177368164, 0.013758659362792969, 0.030960559844970703, 0.03069138526916504, 0.037064552307128906, 0.01526498794555664, 0.03345441818237305], 0.16693830490112305], [13.992345809936523, 0.39040613174438477, [0.12093591690063477, 0.19305062294006348, 0.18428754806518555, 0.29959654808044434, 0.23816227912902832, 0.3491694927215576, 0.20581984519958496, 0.2804594039916992, 0.28064441680908203, 0.5556743144989014, 0.31288743019104004, 0.214308500289917, 0.42819738388061523, 0.5565972328186035, 0.4497499465942383, 0.33600735664367676, 0.32211875915527344, 0.4516489505767822, 0.6774036884307861, 0.5226800441741943, 0.6947832107543945, 0.677593469619751, 0.24013304710388184, 0.5645110607147217, 0.32084226608276367, 0.21267318725585938, 0.43660545349121094, 0.32065296173095703, 0.4220302104949951, 0.4512512683868408, 0.42879199981689453, 0.4505016803741455], [0.006185770034790039, 0.022877931594848633, 0.01971602439880371, 0.01909160614013672, 0.022212505340576172, 0.033229827880859375, 0.015677213668823242, 0.021041154861450195, 0.016408920288085938, 0.018668413162231445, 0.01013493537902832, 0.010210514068603516, 0.014138221740722656, 0.02692890167236328, 0.018932342529296875, 0.013118743896484375, 0.013924360275268555, 0.018117427825927734, 0.02963542938232422, 0.019023418426513672, 0.023168325424194336, 0.029596567153930664, 0.013657569885253906, 0.019655704498291016, 0.011685848236083984, 0.00999760627746582, 0.014817476272583008, 0.011342525482177734, 0.01336359977722168, 0.017179250717163086, 0.015315532684326172, 0.01592731475830078], [0.006561279296875, 0.02851104736328125, 0.014828920364379883, 0.02557229995727539, 0.04117226600646973, 0.022905349731445312, 0.0265810489654541, 