{"shuffle_centroids_times": [0.023964881896972656], "map_iterdata_times": [0.13551092147827148], "create_map_data": [0.20636701583862305], "map_queries_times": [[[13.306801319122314, 0.03215169906616211, [2.852407217025757, 2.8576154708862305, 3.127398729324341, 3.575641393661499], [0.24734973907470703, 0.18366694450378418, 0.10779762268066406, 0.17110037803649902], [0.059725046157836914, 0.0316770076751709, 0.02729964256286621, 0.03060126304626465], 0.0023088455200195312], [16.207751989364624, 0.027646541595458984, [2.834531307220459, 3.900867462158203, 3.0732262134552, 5.3795177936553955], [0.22988557815551758, 0.21106410026550293, 0.11009454727172852, 0.28354811668395996], [0.030910491943359375, 0.05175304412841797, 0.022344112396240234, 0.05031132698059082], 0.002001047134399414], [13.922144412994385, 0.04033517837524414, [2.3961963653564453, 3.7751293182373047, 4.496203422546387, 2.4409749507904053], [0.2055366039276123, 0.20528388023376465, 0.1474924087524414, 0.0827174186706543], [0.031355857849121094, 0.04488849639892578, 0.03892922401428223, 0.014783143997192383], 0.0022640228271484375], [12.270223379135132, 0.02918720245361328, [2.0139667987823486, 3.421234369277954, 5.006504058837891, 1.0290682315826416], [0.2060718536376953, 0.20369267463684082, 0.18570184707641602, 0.05433034896850586], [0.03197002410888672, 0.020444631576538086, 0.06134605407714844, 0.0046117305755615234], 0.002034425735473633]]], "map_execution": [18.17925715446472], "map_invoke": [[0.5831542015075684, 0.560936450958252, 0.5620763301849365, 0.613757848739624]], "create_reduce_data": [0.2506098747253418], "reduce_iterdata_times": [0.24939298629760742], "reduce_queries_times": [[0.05345654487609863]], "reduce_execution_times": [3.0825135707855225], "reduce_invoke": [[0.515000581741333]], "divide_reduce_times": [5.340576171875e-05], "total_querying_times": [21.718801259994507], "recalls": [[100.0, 100.0, 100.0, 100.0, 100.0, 100.0, 100.0, 90.0, 20.0, 90.0, 100.0, 100.0, 100.0, 100.0, 100.0, 100.0, 80.0, 100.0, 40.0, 90.0, 100.0, 100.0, 100.0, 100.0, 30.0, 50.0, 100.0, 90.0, 90.0, 100.0, 50.0, 100.0, 50.0, 100.0, 100.0, 90.0, 70.0, 100.0, 50.0, 100.0, 80.0, 100.0, 80.0, 100.0, 90.0, 80.0, 100.0, 100.0, 70.0, 70.0, 100.0, 90.0, 90.0, 100.0, 70.0, 90.0, 100.0, 70.0, 100.0, 70.0, 90.0, 100.0, 80.0, 60.0, 100.0, 40.0, 80.0, 30.0, 100.0, 40.0, 90.0, 100.0, 100.0, 90.0, 40.0, 100.0, 50.0, 100.0, 100.0, 100.0, 60.0, 100.0, 20.0, 100.0, 70.0, 100.0, 100.0, 100.0, 100.0, 100.0, 100.0, 60.0, 80.0, 40.0, 90.0, 20.0, 100.0, 100.0, 90.0, 100.0, 100.0, 100.0, 100.0, 80.0, 90.0, 90.0, 100.0, 100.0, 40.0, 100.0, 80.0, 40.0, 70.0, 60.0, 60.0, 100.0, 100.0, 90.0, 100.0, 100.0, 100.0, 100.0, 100.0, 100.0, 30.0, 60.0, 100.0, 100.0, 80.0, 80.0, 90.0, 100.0, 50.0, 80.0, 90.0, 100.0, 100.0, 100.0, 20.0, 60.0, 60.0, 100.0, 100.0, 80.0, 40.0, 40.0, 80.0, 50.0, 70.0, 100.0, 90.0, 100.0, 100.0, 90.0, 100.0, 100.0, 90.0, 100.0, 100.0, 50.0, 100.0, 80.0, 100.0, 100.0, 100.0, 70.0, 30.0, 70.0, 70.0, 60.0, 100.0, 90.0, 100.0, 60.0, 80.0, 100.0, 90.0, 100.0, 100.0, 100.0, 100.0, 80.0, 70.0, 100.0, 100.0, 100.0, 100.0, 90.0, 90.0, 100.0, 100.0, 100.0, 50.0, 100.0, 100.0, 90.0, 90.0, 100.0, 100.0, 100.0, 100.0, 80.0, 80.0, 70.0, 100.0, 100.0, 90.0, 90.0, 60.0, 100.0, 90.0, 100.0, 50.0, 100.0, 100.0, 100.0, 90.0, 100.0, 90.0, 80.0, 100.0, 100.0, 100.0, 20.0, 40.0, 90.0, 40.0, 80.0, 80.0, 100.0, 90.0, 50.0, 100.0, 0.0, 100.0, 50.0, 30.0, 100.0, 90.0, 80.0, 90.0, 100.0, 80.0, 100.0, 90.0, 60.0, 70.0, 100.0, 60.0, 90.0, 100.0, 100.0, 90.0, 100.0, 100.0, 100.0, 70.0, 100.0, 100.0, 30.0, 0.0, 100.0, 100.0, 100.0, 70.0, 30.0, 100.0, 100.0, 90.0, 10.0, 80.0, 70.0, 60.0, 60.0, 50.0, 50.0, 100.0, 50.0, 100.0, 100.0, 100.0, 100.0, 40.0, 60.0, 80.0, 100.0, 90.0, 100.0, 100.0, 100.0, 100.0, 90.0, 80.0, 90.0, 70.0, 90.0, 90.0, 100.0, 100.0, 90.0, 100.0, 60.0, 90.0, 80.0, 100.0, 100.0, 80.0, 80.0, 100.0, 90.0, 90.0, 90.0, 100.0, 100.0, 90.0, 40.0, 70.0, 100.0, 100.0, 60.0, 100.0, 80.0, 100.0, 100.0, 90.0, 100.0, 100.0, 40.0, 50.0, 100.0, 70.0, 100.0, 100.0, 100.0, 100.0, 100.0, 80.0, 100.0, 90.0, 100.0, 100.0, 100.0, 80.0, 40.0, 100.0, 100.0, 90.0, 100.0, 60.0, 60.0, 10.0, 100.0, 70.0, 60.0, 100.0, 40.0, 100.0, 90.0, 100.0, 60.0, 70.0, 70.0, 100.0, 100.0, 100.0, 100.0, 100.0, 100.0, 100.0, 100.0, 10.0, 80.0, 60.0, 100.0, 60.0, 100.0, 100.0, 90.0, 100.0, 30.0, 90.0, 90.0, 100.0, 100.0, 70.0, 80.0, 20.0, 100.0, 80.0, 40.0, 100.0, 100.0, 100.0, 60.0, 100.0, 50.0, 100.0, 100.0, 100.0, 60.0, 40.0, 100.0, 90.0, 100.0, 100.0, 90.0, 90.0, 100.0, 100.0, 90.0, 100.0, 70.0, 90.0, 100.0, 100.0, 100.0, 70.0, 70.0, 100.0, 100.0, 90.0, 90.0, 90.0, 60.0, 100.0, 70.0, 90.0, 100.0, 100.0, 100.0, 90.0, 100.0, 100.0, 100.0, 100.0, 100.0, 100.0, 100.0, 100.0, 100.0, 90.0, 100.0, 70.0, 100.0, 100.0, 90.0, 70.0, 60.0, 100.0, 100.0, 100.0, 100.0, 70.0, 60.0, 100.0, 90.0, 20.0, 90.0, 40.0, 100.0, 100.0, 100.0, 100.0, 100.0, 100.0, 40.0, 100.0, 100.0, 80.0, 100.0, 100.0, 100.0, 90.0, 70.0, 100.0, 100.0, 60.0, 100.0, 100.0, 100.0, 100.0, 60.0, 80.0, 30.0, 100.0, 90.0, 100.0, 100.0, 100.0, 100.0, 100.0, 100.0, 100.0, 100.0, 100.0, 60.0, 100.0, 100.0, 100.0, 100.0, 60.0, 100.0, 100.0, 100.0, 60.0, 70.0, 100.0, 100.0, 30.0, 30.0, 50.0, 100.0, 70.0, 80.0, 40.0, 70.0, 100.0, 100.0, 50.0, 100.0, 90.0, 80.0, 50.0, 100.0, 90.0, 100.0, 40.0, 100.0, 100.0, 20.0, 70.0, 60.0, 70.0, 100.0, 20.0, 100.0, 80.0, 80.0, 100.0, 100.0, 100.0, 100.0, 100.0, 90.0, 100.0, 100.0, 100.0, 100.0, 100.0, 50.0, 50.0, 100.0, 0.0, 100.0, 100.0, 70.0, 100.0, 90.0, 100.0, 100.0, 100.0, 20.0, 100.0, 90.0, 60.0, 50.0, 100.0, 100.0, 100.0, 100.0, 80.0, 100.0, 100.0, 70.0, 100.0, 80.0, 50.0, 100.0, 30.0, 90.0, 80.0, 100.0, 90.0, 100.0, 100.0, 30.0, 80.0, 100.0, 100.0, 90.0, 60.0, 40.0, 20.0, 100.0, 100.0, 50.0, 50.0, 100.0, 100.0, 80.0, 90.0, 100.0, 30.0, 100.0, 100.0, 100.0, 100.0, 100.0, 40.0, 100.0, 100.0, 100.0, 60.0, 70.0, 70.0, 100.0, 10.0, 90.0, 60.0, 100.0, 80.0, 100.0, 90.0, 80.0, 100.0, 50.0, 100.0, 90.0, 90.0, 80.0, 50.0, 100.0, 100.0, 80.0, 100.0, 60.0, 70.0, 50.0, 40.0, 70.0, 100.0, 90.0, 90.0, 80.0, 100.0, 100.0, 100.0, 100.0, 100.0, 70.0, 40.0, 70.0, 100.0, 100.0, 70.0, 100.0, 60.0, 70.0, 100.0, 100.0, 100.0, 100.0, 100.0, 100.0, 30.0, 80.0, 80.0, 50.0, 100.0, 100.0, 100.0, 70.0, 100.0, 30.0, 90.0, 40.0, 50.0, 100.0, 100.0, 100.0, 50.0, 40.0, 100.0, 100.0, 30.0, 40.0, 80.0, 70.0, 70.0, 80.0, 100.0, 60.0, 100.0, 50.0, 100.0, 90.0, 100.0, 100.0, 70.0, 90.0, 90.0, 100.0, 100.0, 100.0, 100.0, 100.0, 100.0, 100.0, 100.0, 90.0, 80.0, 90.0, 100.0, 100.0, 80.0, 30.0, 80.0, 100.0, 100.0, 70.0, 100.0, 40.0, 100.0, 90.0, 100.0, 100.0, 100.0, 100.0, 100.0, 100.0, 100.0, 100.0, 100.0, 100.0, 80.0, 70.0, 90.0, 40.0, 80.0, 100.0, 80.0, 100.0, 90.0, 100.0, 100.0, 100.0, 100.0, 20.0, 100.0, 40.0, 80.0, 60.0, 70.0, 100.0, 40.0, 100.0, 100.0, 100.0, 100.0, 100.0, 100.0, 70.0, 90.0, 90.0, 100.0, 100.0, 70.0, 100.0, 90.0, 70.0, 80.0, 100.0, 20.0, 90.0, 100.0, 80.0, 100.0, 100.0, 90.0, 100.0, 100.0, 100.0, 90.0, 20.0, 100.0, 80.0, 100.0, 80.0, 100.0, 80.0, 30.0, 80.0, 80.0, 100.0, 80.0, 70.0, 80.0, 100.0, 80.0, 50.0, 100.0, 70.0, 100.0, 40.0, 90.0, 100.0, 90.0, 100.0, 100.0, 70.0, 70.0, 90.0, 90.0, 90.0, 100.0, 100.0, 80.0, 100.0, 100.0, 100.0, 40.0, 100.0, 80.0, 100.0, 100.0, 100.0, 50.0, 100.0, 70.0, 80.0, 30.0, 90.0, 100.0, 50.0, 90.0, 80.0, 100.0, 100.0, 90.0, 70.0, 100.0, 100.0, 60.0, 100.0, 80.0, 100.0, 100.0, 60.0, 100.0, 0.0, 60.0, 80.0, 100.0, 100.0, 70.0, 100.0, 70.0, 90.0, 100.0, 90.0, 20.0, 100.0, 70.0, 100.0, 80.0, 100.0, 100.0, 100.0, 70.0, 90.0, 100.0, 100.0, 100.0, 90.0, 30.0, 100.0, 100.0, 100.0, 90.0, 90.0, 80.0, 100.0, 90.0, 20.0, 100.0, 100.0, 90.0, 100.0, 100.0, 100.0, 100.0, 100.0, 40.0, 100.0, 10.0, 20.0, 100.0, 100.0, 70.0, 90.0, 90.0, 40.0, 100.0, 100.0, 100.0, 100.0, 100.0, 100.0, 90.0, 100.0, 100.0, 100.0, 100.0, 80.0, 80.0, 30.0, 30.0, 100.0, 100.0, 80.0, 100.0, 40.0, 50.0, 100.0, 40.0, 50.0, 100.0, 50.0, 50.0, 100.0, 20.0, 70.0, 100.0, 40.0, 100.0, 100.0, 20.0,