{"shuffle_centroids_times": [0.12582111358642578], "map_iterdata_times": [0.37332820892333984], "create_map_data": [0.5474226474761963], "map_queries_times": [[[14.69200873374939, 0.24689221382141113, [0.2184436321258545, 0.19418931007385254, 0.2500152587890625, 0.1598186492919922, 0.21556305885314941, 0.20109772682189941, 0.3784162998199463, 0.371915340423584, 0.3854081630706787, 0.27333617210388184, 0.27007627487182617, 0.49903416633605957, 0.3974735736846924, 0.5107080936431885, 0.7642738819122314, 0.2934422492980957, 0.39095377922058105, 0.11440181732177734, 0.39496898651123047, 0.5190222263336182, 0.3993661403656006, 0.5106871128082275, 0.28754115104675293, 0.5172989368438721, 0.6100142002105713, 0.3957791328430176, 0.295701265335083, 0.5039246082305908, 0.3399224281311035, 0.5202760696411133, 0.3911247253417969, 0.3893756866455078], [0.021799564361572266, 0.012150764465332031, 0.01018524169921875, 0.015374898910522461, 0.018404483795166016, 0.008459806442260742, 0.012178897857666016, 0.008061408996582031, 0.009529352188110352, 0.0062716007232666016, 0.005486488342285156, 0.01236867904663086, 0.009513616561889648, 0.01258707046508789, 0.018793821334838867, 0.0072174072265625, 0.008421897888183594, 0.004999876022338867, 0.007595062255859375, 0.012922286987304688, 0.00803375244140625, 0.010762214660644531, 0.006627321243286133, 0.01138615608215332, 0.012024641036987305, 0.008549928665161133, 0.007709503173828125, 0.009752750396728516, 0.006623983383178711, 0.012531518936157227, 0.007811784744262695, 0.007973670959472656], [0.00807046890258789, 0.008306741714477539, 0.00676727294921875, 0.015458822250366211, 0.006815671920776367, 0.007506132125854492, 0.011941671371459961, 0.008164644241333008, 0.010712146759033203, 0.014764785766601562, 0.008242130279541016, 0.01775979995727539, 0.012325048446655273, 0.022277116775512695, 0.007722377777099609, 0.01352691650390625, 0.013852834701538086, 0.003583192825317383, 0.01746654510498047, 0.02555370330810547, 0.017526626586914062, 0.0308380126953125, 0.006921291351318359, 0.008661031723022461, 0.016499042510986328, 0.01076650619506836, 0.012128829956054688, 0.01891946792602539, 0.012131452560424805, 0.031340837478637695, 0.01775074005126953, 0.012171268463134766], 0.0746755599975586], [13.993166446685791, 0.17766022682189941, [0.13864493370056152, 0.10175681114196777, 0.10063028335571289, 0.13206839561462402, 0.1345529556274414, 0.13200592994689941, 0.14995074272155762, 0.14556455612182617, 0.1284801959991455, 0.26083850860595703, 0.39444446563720703, 0.7566344738006592, 0.41995906829833984, 0.6142773628234863, 0.3993034362792969, 0.29617929458618164, 0.40392303466796875, 0.49068427085876465, 0.28708434104919434, 0.2890284061431885, 0.30014753341674805, 0.483447790145874, 0.3789188861846924, 0.5038270950317383, 0.6013138294219971, 0.5115938186645508, 0.3958628177642822, 0.4958369731903076, 0.5935807228088379, 0.5269474983215332, 0.48964619636535645, 0.5977144241333008], [0.009275197982788086, 0.006670713424682617, 0.004201650619506836, 0.009032964706420898, 0.009525299072265625, 0.008234977722167969, 0.010404348373413086, 0.009595632553100586, 0.007659912109375, 0.0067441463470458984, 0.009833097457885742, 0.023185014724731445, 0.00854039192199707, 0.02111029624938965, 0.00901031494140625, 0.00789642333984375, 0.008620262145996094, 0.009684562683105469, 0.006959199905395508, 0.006615877151489258, 0.008046865463256836, 0.00945734977722168, 0.008228540420532227, 0.011971712112426758, 0.012063980102539062, 0.011590957641601562, 0.009001970291137695, 0.010153770446777344, 0.011511802673339844, 0.011764764785766602, 0.01006174087524414, 0.012870073318481445], [0.007520437240600586, 0.008496999740600586, 0.002137422561645508, 0.0064775943756103516, 0.014197587966918945, 0.005031108856201172, 0.009144306182861328, 0.011687755584716797, 0.006264448165893555, 0.014939546585083008, 0.011429786682128906, 0.00977778434753418, 0.00687718391418457, 0.008085012435913086, 0.00754094123840332, 0.009777069091796875, 0.009391069412231445, 0.009683370590209961, 0.005214691162109375, 0.007524013519287109, 0.01553654670715332, 0.013118505477905273, 0.007996559143066406, 0.009372711181640625, 0.01108551025390625, 0.016743183135986328, 0.0091400146484375, 0.005972385406494141, 0.014566183090209961, 0.02044677734375, 0.010841608047485352, 0.007386445999145508], 0.049597740173339844], [12.908188581466675, 0.2009894847869873, [0.12638497352600098, 0.1317143440246582, 0.17110943794250488, 0.1457505226135254, 0.1550278663635254, 0.22421765327453613, 0.2530684471130371, 0.1161048412322998, 0.12583684921264648, 0.7236037254333496, 0.29138827323913574, 0.4042196273803711, 0.30120110511779785, 0.40865182876586914, 0.4980928897857666, 0.46825242042541504, 0.20006871223449707, 0.401278018951416, 0.30429935455322266, 0.40541791915893555, 0.5094449520111084, 0.2999076843261719, 0.4011707305908203, 0.299710750579834, 0.3959939479827881, 0.28513479232788086, 0.2986457347869873, 0.2987997531890869, 0.514030933380127, 0.2966601848602295, 0.4105539321899414, 0.28776121139526367], [0.011533260345458984, 0.011689424514770508, 0.018830060958862305, 0.011926651000976562, 0.013103961944580078, 0.025140762329101562, 0.013552665710449219, 0.009176254272460938, 0.009583234786987305, 0.022330522537231445, 0.009972095489501953, 0.012840032577514648, 0.009772300720214844, 0.013906240463256836, 0.014208555221557617, 0.015076398849487305, 0.0075266361236572266, 0.011196136474609375, 0.012020587921142578, 0.012973785400390625, 0.015208959579467773, 0.007730960845947266, 0.013222217559814453, 0.011516094207763672, 0.011851310729980469, 0.008723020553588867, 0.009349584579467773, 0.010581731796264648, 0.016274452209472656, 0.009126901626586914, 0.011465072631835938, 0.009859085083007812], [0.007604837417602539, 0.008339405059814453, 0.0193328857421875, 0.017065048217773438, 0.01080465316772461, 0.015935182571411133, 0.017217159271240234, 0.00593876838684082, 0.007963418960571289, 0.03271484375, 0.010024547576904297, 0.017483234405517578, 0.014563322067260742, 0.01697540283203125, 0.013801813125610352, 0.02081012725830078, 0.009063243865966797, 0.011000871658325195, 0.01693558692932129, 0.007688760757446289, 0.008985280990600586, 0.003931999206542969, 0.004892587661743164, 0.005261421203613281, 0.017370223999023438, 0.011783123016357422, 0.004332542419433594, 0.0076448917388916016, 0.007841825485229492, 0.006268739700317383, 0.01307988166809082, 0.008381843566894531], 0.06002354621887207], [12.508135557174683, 0.12085866928100586, [0.16515374183654785, 0.2115333080291748, 0.14437222480773926, 0.10040712356567383, 0.1581742763519287, 0.14502573013305664, 0.11574268341064453, 0.3910555839538574, 0.5986137390136719, 0.4990384578704834, 0.3927743434906006, 0.493699312210083, 0.7053589820861816, 0.1992321014404297, 0.39350032806396484, 0.2906625270843506, 0.3914756774902344, 0.27696919441223145, 0.480743408203125, 0.19794201850891113, 0.283419132232666, 0.3881261348724365, 0.38506317138671875, 0.39421772956848145, 0.47527551651000977, 0.3877139091491699, 0.3865678310394287, 0.27547693252563477, 0.280689001083374, 0.27396631240844727, 0.3915059566497803, 0.30794358253479004], [0.0172727108001709, 0.01772761344909668, 0.009552001953125, 0.0064220428466796875, 0.015472173690795898, 0.016669750213623047, 0.011559724807739258, 0.010481595993041992, 0.015175580978393555, 0.010352373123168945, 0.008968353271484375, 0.009981393814086914, 0.015516519546508789, 0.005283355712890625, 0.009249687194824219, 0.0067975521087646484, 0.008359193801879883, 0.0058171749114990234, 0.010491132736206055, 0.005735874176025391, 0.006254434585571289, 0.0077838897705078125, 0.008638858795166016, 0.008910894393920898, 0.010160207748413086, 0.010246515274047852, 0.00786590576171875, 0.006316184997558594, 0.0062334537506103516, 0.005843639373779297, 0.009264469146728516, 0.007399559020996094], [0.010779619216918945, 0.014904260635375977, 0.01290273666381836, 0.005221366882324219, 