{"generate_index_blocks": [6.444598197937012, 6.492887735366821, 6.490827560424805, 6.541459798812866, 6.513143062591553, 9.671624183654785, 5.747220039367676, 6.5044944286346436, 6.545800685882568, 6.462318658828735, 6.4174113273620605, 6.436689853668213, 6.5029895305633545, 6.616001844406128, 5.558947324752808, 6.5024237632751465], "total_indexing_blocks": 12.152119159698486, "shuffle_centroids_times": [], "map_iterdata_times": [], "map_queries_times": [], "reduce_iterdata_times": [], "reduce_queries_times": [], "total_querying_times": [], "recalls": [], "generate_index_blocks_mean": 6.590552374720573, "params": {"dataset": "deep_1M", "features": 96, "k_search": 10, "num_index": 32, "num_centroids_search": 4, "k": 512, "n_probe": 32, "query_batch_size": 4, "indexing_memory": 10240, "search_map_memory": 9216, "search_reduce_memory": 2048}}