{"generate_index_blocks": [6.36081337928772, 6.285579681396484, 6.230023622512817, 6.317375183105469, 6.26260781288147, 10.353410720825195, 5.6922783851623535, 6.302863121032715, 6.332766771316528, 5.459821701049805, 6.460071086883545, 6.4136643409729, 6.355205297470093, 6.232404708862305, 6.397061109542847, 6.464494466781616], "total_indexing_blocks": 14.156802415847778, "shuffle_centroids_times": [], "map_iterdata_times": [], "map_queries_times": [], "reduce_iterdata_times": [], "reduce_queries_times": [], "total_querying_times": [], "recalls": [], "generate_index_blocks_mean": 6.495027586817741, "params": {"dataset": "deep_1M", "features": 96, "k_search": 10, "num_index": 16, "num_centroids_search": 4, "k": 512, "n_probe": 32, "query_batch_size": 4, "indexing_memory": 10240, "search_map_memory": 9216, "search_reduce_memory": 2048}}