{"generate_index_blocks": [5.9327147006988525, 9.593942880630493, 6.544015884399414, 6.544491291046143, 6.6568968296051025, 6.520224094390869, 6.465433597564697, 6.5653135776519775, 6.591557025909424, 6.581923007965088, 5.618656873703003, 6.537723779678345, 6.6369194984436035, 6.47300386428833, 6.574545860290527, 6.522787570953369], "total_indexing_blocks": 12.153796195983887, "shuffle_centroids_times": [], "map_iterdata_times": [], "map_queries_times": [], "reduce_iterdata_times": [], "reduce_queries_times": [], "total_querying_times": [], "recalls": [], "generate_index_blocks_mean": 6.647509396076202, "params": {"dataset": "deep_1M", "features": 96, "k_search": 10, "num_index": 32, "num_centroids_search": 4, "k": 512, "n_probe": 32, "query_batch_size": 4, "indexing_memory": 10240, "search_map_memory": 9216, "search_reduce_memory": 2048}}