{"load_dataset_centroids": 0, "global_index_centroids": 0, "distribute_vectors_centroids": [4.412776947021484, 3.8994319438934326, 4.362224817276001, 4.293127775192261, 4.433024168014526, 4.564240455627441, 4.2084879875183105, 3.7557430267333984, 4.453951120376587, 3.7882909774780273, 3.926604986190796, 4.2009193897247314, 4.70540189743042, 4.113594055175781, 3.6062819957733154, 4.374192714691162], "distribute_vectors_invocation_centroids": [1.0632212162017822, 1.0408215522766113, 1.108698844909668, 1.0853066444396973, 1.096742868423462, 1.0998704433441162, 1.101546287536621, 0.9773211479187012, 1.1293740272521973, 0.9950728416442871, 1.0182194709777832, 1.1424250602722168, 1.1502084732055664, 1.109555721282959, 0.991560697555542, 1.0781073570251465], "total_generated_vectors": 120287, "generated_vectors": [2511, 4846, 4189, 5482, 1186, 3845, 3960, 4386, 4470, 3593, 5095, 2471, 5233, 3051, 2479, 4026, 3907, 5989, 4186, 5077, 4020, 3454, 3275, 3241, 1979, 3235, 4160, 1948, 5588, 3588, 3517, 2300], "avg_generated_vectors": 3758.96875, "std_dev_generated_vectors": 1154.76168423577, "generate_index_centroids": [2.0611493587493896, 1.8228881359100342, 1.838686466217041, 1.5293834209442139, 1.8749172687530518, 1.654036521911621, 1.4564640522003174, 1.826216459274292, 1.7876498699188232, 1.812814474105835, 1.7356810569763184, 1.674560785293579, 1.5138204097747803, 2.0658349990844727, 1.6604421138763428, 2.1371846199035645], "generate_index_invocation_centroids": [1.1061384677886963, 1.0709869861602783, 1.0006639957427979, 1.0735797882080078, 1.0528278350830078, 1.1400675773620605, 0.9792604446411133, 1.0513031482696533, 1.0707433223724365, 1.0854053497314453, 0.9933183193206787, 1.0965113639831543, 0.9713928699493408, 0.9772448539733887, 1.0909702777862549, 1.0142853260040283], "total_indexing_centroids": 12.248091220855713, "shuffle_centroids_times": [], "map_iterdata_times": [], "create_map_data": [], "map_queries_times": [], "map_execution": [], "map_invoke": [], "create_reduce_data": [], "reduce_iterdata_times": [], "reduce_queries_times": [], "reduce_execution_times": [], "reduce_invoke": [], "divide_reduce_times": [], "total_querying_times": [], "recalls": [], "distribute_vectors_centroids_mean": 4.193643391132355, "generate_index_centroids_mean": 1.7782331258058548, "params": {"dataset": "deep_100k", "features": 96, "k_search": 10, "num_index": 32, "replication_threshold": 1.02, "num_centroids_search": 1, "k": 512, "kmeans_version": "unbalanced", "n_probe": 32, "query_batch_size": 8, "implementation": "centroids", "indexing_memory": 10240, "search_map_memory": 8192, "search_reduce_memory": 2048}}