{"load_dataset_centroids": 0, "global_index_centroids": 0, "distribute_vectors_centroids": [6.051709175109863, 5.632410526275635, 5.965466737747192, 6.131454229354858, 5.730751991271973, 6.876501798629761, 5.537474870681763, 5.540290117263794, 5.406650543212891, 5.7838850021362305, 5.870689153671265, 5.955600261688232, 5.718562364578247, 6.160985469818115, 5.418144464492798, 5.954139232635498], "distribute_vectors_invocation_centroids": [1.2444519996643066, 1.1616027355194092, 1.2505090236663818, 1.2121477127075195, 1.2212727069854736, 1.3202781677246094, 1.100484848022461, 1.1029629707336426, 1.0619056224822998, 1.2357420921325684, 1.255241870880127, 1.249673843383789, 1.2514774799346924, 1.2230064868927002, 1.069476842880249, 1.236687183380127], "total_generated_vectors": 122269, "generated_vectors": [1902, 2087, 1434, 990, 2388, 2174, 1767, 1728, 1598, 2076, 1559, 1859, 1588, 2249, 1475, 1933, 2391, 1709, 2971, 1792, 2294, 2168, 1635, 1697, 2285, 1646, 1851, 1755, 1251, 2699, 1537, 1972, 2564, 2660, 2205, 1180, 2117, 1750, 3097, 2351, 1818, 1974, 1486, 1354, 1994, 2490, 1357, 1636, 1340, 1751, 1525, 1529, 2416, 1836, 1924, 2040, 2217, 2197, 1893, 1362, 2451, 1992, 1521, 1782], "avg_generated_vectors": 1910.453125, "std_dev_generated_vectors": 430.4582618886233, "generate_index_centroids": [3.0783910751342773, 3.7075700759887695, 3.673362970352173, 3.2978131771087646, 2.8527169227600098, 4.088955640792847, 3.561673879623413, 3.4000306129455566, 3.033513307571411, 3.152599573135376, 3.1679444313049316, 2.715449571609497, 2.8423047065734863, 3.0270204544067383, 3.150294542312622, 3.1560187339782715], "generate_index_invocation_centroids": [0.9810595512390137, 0.956303596496582, 0.9479804039001465, 0.9530823230743408, 0.8849692344665527, 0.9187226295471191, 1.0292768478393555, 0.9395062923431396, 1.0044419765472412, 0.9554340839385986, 1.0179176330566406, 0.9446830749511719, 0.8655910491943359, 0.9877479076385498, 1.0094563961029053, 0.8662738800048828], "total_indexing_centroids": 17.29395318031311, "shuffle_centroids_times": [], "map_iterdata_times": [], "create_map_data": [], "map_queries_times": [], "map_execution": [], "map_invoke": [], "create_reduce_data": [], "reduce_iterdata_times": [], "reduce_queries_times": [], "reduce_execution_times": [], "reduce_invoke": [], "divide_reduce_times": [], "total_querying_times": [], "recalls": [], "distribute_vectors_centroids_mean": 5.858419746160507, "generate_index_centroids_mean": 3.244103729724884, "params": {"dataset": "deep_100k", "features": 96, "k_search": 10, "num_index": 64, "replication_threshold": 1.02, "num_centroids_search": 1, "k": 512, "kmeans_version": "unbalanced", "n_probe": 32, "query_batch_size": 16, "implementation": "centroids", "indexing_memory": 10240, "search_map_memory": 8192, "search_reduce_memory": 2048}}