{"shuffle_centroids_times": [0.02180933952331543], "map_iterdata_times": [0.12717413902282715], "create_map_data": [0.19493603706359863], "map_queries_times": [[[0.7820620536804199, 0.05393862724304199, [0.06453871726989746, 0.04385185241699219, 0.04827880859375, 0.04085969924926758, 0.04067254066467285, 0.04950237274169922, 0.04527449607849121, 0.04262065887451172, 0.040987491607666016, 0.03902149200439453, 0.04604697227478027, 0.03882002830505371, 0.04331684112548828, 0.042595624923706055, 0.038643836975097656, 0.038533687591552734], [0.0012590885162353516, 0.001071929931640625, 0.0007908344268798828, 0.0005548000335693359, 0.0005972385406494141, 0.0007121562957763672, 0.0008451938629150391, 0.000652313232421875, 0.000667572021484375, 0.0007977485656738281, 0.0011301040649414062, 0.0006208419799804688, 0.0007138252258300781, 0.0008654594421386719, 0.0006639957427978516, 0.0006711483001708984], [0.0009856224060058594, 0.0005390644073486328, 0.0005724430084228516, 0.0003821849822998047, 0.0004000663757324219, 0.0006680488586425781, 0.0005936622619628906, 0.0005502700805664062, 0.0004992485046386719, 0.0004868507385253906, 0.0007517337799072266, 0.0004513263702392578, 0.0004749298095703125, 0.0006155967712402344, 0.0004911422729492188, 0.0004470348358154297], 0.0029048919677734375], [0.7205090522766113, 0.04716753959655762, [0.04828619956970215, 0.03921771049499512, 0.036293983459472656, 0.0374147891998291, 0.03452920913696289, 0.039045095443725586, 0.0440976619720459, 0.04845762252807617, 0.04086470603942871, 0.040472984313964844, 0.04227924346923828, 0.03855085372924805, 0.038016319274902344, 0.04497694969177246, 0.03643298149108887, 0.04118466377258301], [0.0009386539459228516, 0.0010349750518798828, 0.0006339550018310547, 0.0011646747589111328, 0.0005564689636230469, 0.0008311271667480469, 0.0006356239318847656, 0.0007307529449462891, 0.0007011890411376953, 0.0007026195526123047, 0.0006728172302246094, 0.0006246566772460938, 0.0006268024444580078, 0.0006039142608642578, 0.0006847381591796875, 0.0005698204040527344], [0.0008974075317382812, 0.0003802776336669922, 0.0005276203155517578, 0.0007524490356445312, 0.0004448890686035156, 0.0007548332214355469, 0.0003247261047363281, 0.0006263256072998047, 0.0005919933319091797, 0.0004904270172119141, 0.0005266666412353516, 0.0004677772521972656, 0.0005033016204833984, 0.0004410743713378906, 0.0005252361297607422, 0.00045371055603027344], 0.0026845932006835938], [0.7621090412139893, 0.0327458381652832, [0.05111837387084961, 0.048986196517944336, 0.043173789978027344, 0.04380440711975098, 0.03719949722290039, 0.043280601501464844, 0.04110455513000488, 0.04210615158081055, 0.04677939414978027, 0.03860735893249512, 0.05042672157287598, 0.0417482852935791, 0.04087185859680176, 0.046591997146606445, 0.047133684158325195, 0.04283618927001953], [0.0013010501861572266, 0.0008301734924316406, 0.0005269050598144531, 0.0007987022399902344, 0.000637054443359375, 0.0006711483001708984, 0.0008187294006347656, 0.0005152225494384766, 0.0007388591766357422, 0.0006694793701171875, 0.0009546279907226562, 0.0008111000061035156, 0.0007178783416748047, 0.0008423328399658203, 0.0009644031524658203, 0.0006511211395263672], [0.0008182525634765625, 0.0004107952117919922, 0.00047969818115234375, 0.0005276203155517578, 0.0005459785461425781, 0.0005059242248535156, 0.0005738735198974609, 0.0004596710205078125, 0.0005857944488525391, 0.00045871734619140625, 0.0005099773406982422, 0.000457763671875, 0.00040984153747558594, 0.0006306171417236328, 0.0006585121154785156, 0.00037550926208496094], 0.0026137828826904297], [0.6769325733184814, 0.028617143630981445, [0.04261589050292969, 0.042894601821899414, 0.03209877014160156, 0.0542140007019043, 0.03657341003417969, 0.03495478630065918, 0.04568195343017578, 0.03799247741699219, 0.033249616622924805, 0.03749394416809082, 0.04441237449645996, 0.03790020942687988, 0.03235745429992676, 0.041300296783447266, 0.04305696487426758, 0.035732269287109375], [0.0007114410400390625, 0.0008676052093505859, 0.0005893707275390625, 0.00046372413635253906, 0.0005025863647460938, 0.0005347728729248047, 0.0006341934204101562, 0.0004363059997558594, 0.00051116943359375, 0.0004508495330810547, 0.0004715919494628906, 0.0005114078521728516, 0.0005016326904296875, 0.0004725456237792969, 0.0005986690521240234, 0.00048732757568359375], [0.0006694793701171875, 0.0003871917724609375, 0.0003230571746826172, 0.0003142356872558594, 0.00040435791015625, 0.00033402442932128906, 0.0005064010620117188, 0.0002982616424560547, 0.00029349327087402344, 0.00031375885009765625, 0.00034689903259277344, 0.00029468536376953125, 0.0003082752227783203, 0.00028204917907714844, 0.00028967857360839844, 0.0002262592315673828], 0.0013620853424072266]]], "map_execution": [3.131098747253418], "map_invoke": [[0.6230089664459229, 0.599555253982544, 0.6821527481079102, 0.551825761795044]], "create_reduce_data": [0.16478657722473145], "reduce_iterdata_times": [0.16397452354431152], "reduce_queries_times": [[0.039025068283081055]], "reduce_execution_times": [3.1877403259277344], "reduce_invoke": [[0.6479899883270264]], "divide_reduce_times": [0.0001232624053955078], "total_querying_times": [6.678685188293457],