{"shuffle_centroids_times": [0.029706239700317383], "map_iterdata_times": [0.2297980785369873], "create_map_data": [0.304642915725708], "map_queries_times": [[[0.6211733818054199, 0.1405324935913086, [0.04756903648376465, 0.04164266586303711, 0.03847837448120117, 0.04904437065124512, 0.0462191104888916, 0.041402578353881836, 0.045731544494628906, 0.03979635238647461], [0.0013637542724609375, 0.0009593963623046875, 0.0009686946868896484, 0.0013325214385986328, 0.0009846687316894531, 0.0011615753173828125, 0.0013394355773925781, 0.0030379295349121094], [0.0050470829010009766, 0.015278339385986328, 0.00426173210144043, 0.012871265411376953, 0.011746883392333984, 0.01217508316040039, 0.01013493537902832, 0.007670879364013672], 0.04034733772277832], [0.6132011413574219, 0.12101626396179199, [0.04144549369812012, 0.03989672660827637, 0.039423465728759766, 0.04201626777648926, 0.035219430923461914, 0.04558753967285156, 0.04349184036254883, 0.04417848587036133], [0.0006554126739501953, 0.0007860660552978516, 0.0006062984466552734, 0.0008397102355957031, 0.0009093284606933594, 0.0008497238159179688, 0.0008447170257568359, 0.0010886192321777344], [0.006586790084838867, 0.0048563480377197266, 0.009924173355102539, 0.004075050354003906, 0.007064342498779297, 0.005974531173706055, 0.07749390602111816, 0.006189823150634766], 0.03211569786071777], [0.49587583541870117, 0.0865321159362793, [0.04525470733642578, 0.037183284759521484, 0.040109872817993164, 0.049324989318847656, 0.038683414459228516, 0.041307926177978516, 0.03809237480163574, 0.039574384689331055], [0.0010821819305419922, 0.0010838508605957031, 0.0009272098541259766, 0.0012674331665039062, 0.0007915496826171875, 0.0007748603820800781, 0.0007483959197998047, 0.0009601116180419922], [0.0058977603912353516, 0.0034956932067871094, 0.007653713226318359, 0.005872964859008789, 0.008200645446777344, 0.006142616271972656, 0.004016399383544922, 0.0053560733795166016], 0.025479793548583984], [0.4948394298553467, 0.07162690162658691, [0.052843332290649414, 0.04829263687133789, 0.04935312271118164, 0.04142308235168457, 0.04990339279174805, 0.04549217224121094, 0.035320281982421875, 0.03981423377990723], [0.0008368492126464844, 0.0010361671447753906, 0.0006456375122070312, 0.0005309581756591797, 0.0009448528289794922, 0.0011997222900390625, 0.0006940364837646484, 0.0009958744049072266], [0.005346775054931641, 0.004050731658935547, 0.0035910606384277344, 0.006235837936401367, 0.0038216114044189453, 0.008221864700317383, 0.0031747817993164062, 0.001821756362915039], 0.017551660537719727]]], "map_execution": [3.1852221488952637], "map_invoke": [[0.5638754367828369, 0.4914693832397461, 0.5760278701782227, 0.6089372634887695]], "create_reduce_data": [0.18049955368041992], "reduce_iterdata_times": [0.17966723442077637], "reduce_queries_times": [[0.07400345802307129]], "reduce_execution_times": [3.099311590194702], "reduce_invoke": [[0.5308222770690918]], "divide_reduce_times": [9.584426879882812e-05], "total_querying_times": [6.769772291183472], "recalls": [[100.0, 100.0, 80.0, 90.0, 90.0, 100.0, 80.0, 100.0, 100.0, 100.0, 100.0, 90.0, 90.0, 100.0, 90.0, 100.0, 70.0, 90.0, 90.0, 90.0, 100.0, 100.0, 100.0, 90.0, 80.0, 100.0, 100.0, 80.0, 100.0, 100.0, 80.0, 100.0, 100.0, 100.0, 100.0, 90.0, 100.0, 100.0, 100.0, 60.0, 90.0, 100.0, 100.0, 100.0, 80.0, 100.0, 90.0, 100.0, 100.0, 100.0, 100.0, 90.0, 100.0, 100.0, 80.0, 100.0, 100.0, 80.0, 100.0, 100.0, 100.0, 90.0, 100.0, 90.0, 100.0, 100.0, 90.0, 100.0, 80.0, 100.0, 90.0, 100.0, 90.0, 100.0, 100.0, 100.0, 100.0, 100.0, 100.0, 100.0, 90.0, 100.0, 90.0, 100.0, 90.0, 100.0, 100.0, 100.0, 100.0, 100.0, 90.0, 80.0, 100.0, 80.0, 100.0, 100.0, 100.0, 100.0, 80.0, 100.0, 100.0, 100.0, 100.0, 90.0, 90.0, 90.0, 100.0, 100.0, 100.0, 100.0, 100.0, 100.0, 90.0, 100.0, 100.0, 100.0, 100.0, 100.0, 100.0, 80.0, 100.0, 100.0, 90.0, 100.0, 100.0, 70.0, 90.0, 100.0, 80.0, 100.0, 100.0, 80.0, 100.0, 90.0, 100.0, 70.0, 100.0, 100.0, 100.0, 100.0, 90.0, 100.0, 100.0, 90.0, 100.0, 100.0, 100.0, 90.0, 70.0, 100.0, 100.0, 100.0, 100.0, 90.0, 90.0, 100.0, 100.0, 100.0, 100.0, 100.0, 100.0, 90.0, 100.0, 100.0, 100.0, 90.0, 90.0, 100.0, 100.0, 80.0, 100.0, 100.0, 100.0, 100.0, 100.0, 90.0, 90.0, 100.0, 100.0, 100.0, 90.0, 90.0, 90.0, 100.0, 100.0, 90.0, 100.0, 100.0, 80.0, 100.0, 100.0, 100.0, 100.0, 90.0, 100.0, 90.0, 100.0, 100.0, 100.0, 80.0, 100.0, 70.0, 90.0, 100.0, 100.0, 100.0, 100.0, 90.0, 100.0, 100.0, 100.0, 100.0, 70.0, 100.0, 100.0, 100.0, 100.0, 100.0, 100.0, 100.0, 100.0, 100.0, 100.0, 90.0, 90.0, 100.0, 100.0, 90.0, 100.0, 100.0, 100.0, 100.0, 100.0, 100.0, 90.0, 90.0, 80.0, 80.0, 90.0, 100.0, 100.0, 100.0, 100.0, 100.0, 90.0, 100.0, 90.0, 100.0, 100.0, 80.0, 100.0, 90.0, 90.0, 100.0, 100.0, 90.0, 100.0, 100.0, 100.0, 100.0, 100.0, 100.0, 100.0, 100.0, 100.0, 100.0, 100.0, 100.0, 100.0, 90.0, 80.0, 100.0, 90.0, 100.0, 100.0, 100.0, 100.0, 90.0, 100.0, 100.0, 100.0, 70.0, 90.0, 100.0, 90.0, 90.0, 90.0, 100.0, 100.0, 100.0, 100.0, 90.0, 100.0, 100.0, 90.0, 80.0, 90.0, 100.0, 100.0, 80.0, 90.0, 100.0, 90.0, 80.0, 100.0, 100.0, 100.0, 100.0, 100.0, 100.0, 90.0, 100.0, 100.0, 100.0, 90.0, 100.0, 100.0, 100.0, 100.0, 90.0, 100.0, 100.0, 100.0, 100.0, 100.0, 100.0, 100.0, 100.0, 90.0, 100.0, 80.0, 80.0, 100.0, 90.0, 100.0, 100.0, 100.0, 90.0, 100.0, 100.0, 100.0, 100.0, 100.0, 100.0, 100.0, 100.0, 100.0, 100.0, 100.0, 100.0, 100.0, 100.0, 100.0, 80.0, 70.0, 100.0, 100.0, 100.0, 100.0, 70.0, 100.0, 100.0, 100.0, 100.0, 100.0, 100.0, 100.0, 100.0, 100.0, 100.0, 90.0, 90.0, 100.0, 100.0, 90.0, 100.0, 90.0, 100.0, 100.0, 100.0, 100.0, 100.0, 100.0, 100.0, 100.0, 100.0, 90.0, 100.0, 100.0, 100.0, 100.0, 100.0, 100.0, 100.0, 100.0, 90.0, 100.0, 90.0, 100.0, 100.0, 100.0, 100.0, 100.0, 100.0, 100.0, 100.0, 90.0, 100.0, 100.0, 100.0, 90.0, 100.0, 100.0, 90.0, 100.0, 100.0, 80.0, 90.0, 100.0, 100.0, 100.0, 90.0, 100.0, 100.0, 100.0, 100.0, 100.0, 100.0, 100.0, 100.0, 100.0, 100.0, 90.0, 100.0, 100.0, 100.0, 100.0, 100.0, 100.0, 100.0, 100.0, 90.0, 100.0, 100.0, 100.0, 80.0, 100.0, 90.0, 100.0, 100.0, 100.0, 100.0, 100.0, 90.0, 90.0, 90.0, 100.0, 100.0, 90.0, 100.0, 100.0, 70.0, 100.0, 100.0, 100.0, 100.0, 90.0, 90.0, 100.0, 100.0, 100.0, 100.0, 100.0, 100.0, 100.0, 100.0, 100.0, 100.0, 100.0, 100.0, 100.0, 70.0, 100.0, 90.0, 100.0, 80.0, 100.0, 100.0, 100.0, 100.0, 90.0, 100.0, 100.0, 100.0, 100.0, 90.0, 100.0, 100.0, 100.0, 100.0, 80.0, 100.0, 100.0, 100.0, 90.0, 80.0, 100.0, 80.0, 100.0, 80.0, 90.0, 100.0, 100.0, 100.0, 100.0, 80.0, 100.0, 100.0, 90.0, 100.0, 90.0, 100.0, 90.0, 100.0, 100.0, 90.0, 100.0, 90.0, 100.0, 90.0, 100.0, 100.0, 90.0, 100.0, 80.0, 90.0, 100.0, 90.0, 100.0, 100.0, 100.0, 100.0, 100.0, 90.0, 90.0, 90.0, 100.0, 100.0, 100.0, 100.0, 100.0, 100.0, 100.0, 90.0, 90.0, 100.0, 90.0, 100.0, 100.0, 100.0, 100.0, 90.0, 100.0, 100.0, 90.0, 100.0, 80.0, 100.0, 100.0, 100.0, 90.0, 80.0, 100.0, 100.0, 100.0, 60.0, 90.0, 100.0, 70.0, 100.0, 100.0, 100.0, 100.0, 100.0, 100.0, 100.0, 100.0, 80.0, 100.0, 90.0, 80.0, 90.0, 100.0, 100.0, 100.0, 100.0, 100.0, 100.0, 100.0, 100.0, 100.0, 90.0, 100.0, 100.0, 100.0, 100.0, 100.0, 100.0, 100.0, 100.0, 100.0, 100.0, 100.0, 100.0, 80.0, 90.0, 100.0, 100.0, 100.0, 90.0, 100.0, 100.0, 100.0, 100.0, 90.0, 100.0, 100.0, 100.0, 90.0, 100.0, 100.0, 100.0, 100.0, 100.0, 90.0, 90.0, 100.0, 90.0, 100.0, 100.0, 90.0, 100.0, 90.0, 100.0, 100.0, 100.0, 100.0, 100.0, 100.0, 100.0, 90.0, 100.0, 100.0, 100.0, 90.0, 100.0, 100.0, 100.0, 100.0, 100.0, 100.0, 100.0, 100.0, 100.0, 100.0, 100.0, 100.0, 100.0, 100.0, 90.0, 100.0, 100.0, 80.0, 100.0, 100.0, 90.0, 100.0, 100.0, 100.0, 100.0, 100.0, 90.0, 90.0, 100.0, 90.0, 100.0, 100.0, 70.0, 80.0, 90.0, 90.0, 100.0, 100.0, 100.0, 90.0, 100.0, 100.0, 90.0, 90.0, 100.0, 100.0, 100.0, 100.0, 100.0, 90.0, 100.0, 100.0, 90.0, 100.0, 100.0, 100.0, 100.0, 100.0, 100.0, 80.0, 80.0, 100.0, 90.0, 100.0, 90.0, 100.0, 100.0, 100.0, 100.0, 100.0, 100.0, 100.0, 100.0, 100.0, 100.0, 100.0, 100.0, 90.0, 100.0, 90.0, 100.0, 100.0, 100.0, 