{"shuffle_centroids_times": [0.02785944938659668], "map_iterdata_times": [0.15598487854003906], "create_map_data": [0.22857403755187988], "map_queries_times": [[[0.25949859619140625, 0.04302644729614258, [0.04259014129638672, 0.05431652069091797, 0.0444490909576416, 0.04577064514160156], [0.0010395050048828125, 0.0024671554565429688, 0.0014536380767822266, 0.001360177993774414], [0.0017595291137695312, 0.006543874740600586, 0.0025649070739746094, 0.003409147262573242], 0.008701086044311523], [0.3545217514038086, 0.07003951072692871, [0.06435751914978027, 0.05693483352661133, 0.05082201957702637, 0.08230304718017578], [0.0017850399017333984, 0.0020558834075927734, 0.0015094280242919922, 0.0014083385467529297], [0.004342555999755859, 0.003030538558959961, 0.004004478454589844, 0.0037348270416259766], 0.008150100708007812], [0.266430139541626, 0.0417940616607666, [0.042258501052856445, 0.04259610176086426, 0.057610511779785156, 0.0535736083984375], [0.0009279251098632812, 0.0010955333709716797, 0.002376079559326172, 0.0018672943115234375], [0.0024323463439941406, 0.0015518665313720703, 0.006027698516845703, 0.0040645599365234375], 0.008215904235839844], [0.3389155864715576, 0.06978535652160645, [0.08598709106445312, 0.05582618713378906, 0.04932713508605957, 0.044257402420043945], [0.002235889434814453, 0.002430438995361328, 0.001722097396850586, 0.0012438297271728516], [0.007494449615478516, 0.004306316375732422, 0.002825021743774414, 0.0017848014831542969], 0.009639263153076172]]], "map_execution": [3.139155387878418], "map_invoke": [[0.5152170658111572, 0.5940070152282715, 0.5271415710449219, 0.592259407043457]], "create_reduce_data": [0.2455887794494629], "reduce_iterdata_times": [0.24490690231323242], "reduce_queries_times": [[0.055687904357910156]], "reduce_execution_times": [3.097245216369629], "reduce_invoke": [[0.5166113376617432]], "divide_reduce_times": [0.00010347366333007812], "total_querying_times": [6.710667133331299], "recalls": [[100.0, 90.0, 90.0, 90.0, 100.0, 80.0, 100.0, 80.0, 100.0, 100.0, 100.0, 100.0, 90.0, 100.0, 100.0, 100.0, 60.0, 90.0, 100.0, 100.0, 100.0, 100.0, 100.0, 90.0, 80.0, 90.0, 100.0, 100.0, 100.0, 90.0, 70.0, 100.0, 90.0, 100.0, 100.0, 80.0, 100.0, 100.0, 100.0, 90.0, 90.0, 100.0, 100.0, 100.0, 90.0, 90.0, 90.0, 100.0, 80.0, 100.0, 90.0, 100.0, 100.0, 100.0, 70.0, 90.0, 100.0, 70.0, 100.0, 100.0, 100.0, 80.0, 100.0, 70.0, 100.0, 100.0, 70.0, 90.0, 100.0, 80.0, 100.0, 100.0, 100.0, 90.0, 90.0, 100.0, 100.0, 100.0, 100.0, 100.0, 100.0, 100.0, 100.0, 100.0, 80.0, 90.0, 100.0, 100.0, 100.0, 90.0, 90.0, 20.0, 100.0, 60.0, 100.0, 80.0, 100.0, 100.0, 80.0, 100.0, 100.0, 80.0, 100.0, 70.0, 70.0, 90.0, 100.0, 100.0, 50.0, 100.0, 90.0, 100.0, 60.0, 100.0, 100.0, 90.0, 90.0, 100.0, 100.0, 90.0, 100.0, 100.0, 90.0, 100.0, 100.0, 100.0, 100.0, 80.0, 100.0, 90.0, 90.0, 90.0, 80.0, 100.0, 90.0, 70.0, 100.0, 100.0, 70.0, 100.0, 100.0, 90.0, 100.0, 100.0, 90.0, 100.0, 100.0, 100.0, 40.0, 90.0, 90.0, 100.0, 100.0, 90.0, 100.0, 100.0, 100.0, 100.0, 100.0, 100.0, 100.0, 100.0, 100.0, 100.0, 100.0, 90.0, 80.0, 80.0, 70.0, 70.0, 90.0, 100.0, 100.0, 100.0, 100.0, 100.0, 60.0, 100.0, 100.0, 80.0, 70.0, 90.0, 100.0, 100.0, 90.0, 90.0, 100.0, 100.0, 90.0, 100.0, 100.0, 100.0, 80.0, 100.0, 100.0, 80.0, 90.0, 100.0, 100.0, 80.0, 100.0, 90.0, 100.0, 80.0, 90.0, 100.0, 100.0, 80.0, 100.0, 100.0, 100.0, 80.0, 30.0, 100.0, 100.0, 100.0, 100.0, 100.0, 100.0, 100.0, 100.0, 100.0, 90.0, 100.0, 90.0, 100.0, 100.0, 100.0, 90.0, 100.0, 100.0, 90.0, 90.0, 80.0, 100.0, 80.0, 70.0, 100.0, 100.0, 100.0, 100.0, 100.0, 80.0, 100.0, 90.0, 60.0, 90.0, 100.0, 100.0, 80.0, 100.0, 90.0, 90.0, 100.0, 100.0, 90.0, 100.0, 100.0, 100.0, 100.0, 90.0, 100.0, 100.0, 100.0, 80.0, 80.0, 100.0, 100.0, 90.0, 70.0, 90.0, 90.0, 100.0, 100.0, 90.0, 40.0, 100.0, 100.0, 100.0, 100.0, 100.0, 80.0, 90.0, 100.0, 70.0, 90.0, 70.0, 100.0, 90.0, 100.0, 90.0, 80.0, 100.0, 90.0, 80.0, 100.0, 100.0, 100.0, 100.0, 90.0, 100.0, 80.0, 100.0, 90.0, 70.0, 100.0, 100.0, 100.0, 100.0, 100.0, 90.0, 100.0, 100.0, 90.0, 100.0, 100.0, 80.0, 80.0, 100.0, 90.0, 100.0, 80.0, 100.0, 100.0, 100.0, 100.0, 90.0, 60.0, 90.0, 100.0, 80.0, 100.0, 100.0, 90.0, 100.0, 100.0, 90.0, 100.0, 100.0, 100.0, 100.0, 100.0, 100.0, 90.0, 100.0, 100.0, 100.0, 90.0, 90.0, 100.0, 100.0, 100.0, 100.0, 90.0, 90.0, 100.0, 100.0, 80.0, 100.0, 80.0, 100.0, 90.0, 100.0, 100.0, 90.0, 100.0, 100.0, 100.0, 100.0, 80.0, 60.0, 100.0, 90.0, 100.0, 40.0, 100.0, 100.0, 100.0, 100.0, 100.0, 90.0, 80.0, 100.0, 100.0, 100.0, 100.0, 90.0, 100.0, 90.0, 100.0, 90.0, 90.0, 90.0, 100.0, 100.0, 80.0, 80.0, 80.0, 100.0, 100.0, 50.0, 100.0, 90.0, 100.0, 100.0, 90.0, 80.0, 100.0, 100.0, 100.0, 100.0, 70.0, 100.0, 90.0, 100.0, 100.0, 90.0, 100.0, 100.0, 100.0, 100.0, 80.0, 90.0, 100.0, 100.0, 100.0, 90.0, 100.0, 90.0, 100.0, 100.0, 100.0, 100.0, 100.0, 100.0, 100.0, 80.0, 100.0, 100.0, 100.0, 80.0, 100.0, 90.0, 100.0, 100.0, 80.0, 100.0, 80.0, 100.0, 100.0, 60.0, 100.0, 80.0, 90.0, 100.0, 50.0, 100.0, 100.0, 80.0, 100.0, 100.0, 90.0, 100.0, 100.0, 100.0, 70.0, 100.0, 100.0, 90.0, 80.0, 90.0, 100.0, 90.0, 100.0, 100.0, 100.0, 100.0, 100.0, 100.0, 100.0, 100.0, 100.0, 90.0, 90.0, 100.0, 80.0, 100.0, 100.0, 90.0, 100.0, 90.0, 100.0, 100.0, 100.0, 90.0, 80.0, 80.0, 100.0, 100.0, 90.0, 70.0, 80.0, 100.0, 100.0, 60.0, 100.0, 90.0, 100.0, 80.0, 90.0, 100.0, 100.0, 100.0, 80.0, 100.0, 90.0, 100.0, 100.0, 100.0, 100.0, 90.0, 100.0, 90.0, 100.0, 100.0, 100.0, 100.0, 100.0, 100.0, 90.0, 100.0, 90.0, 60.0, 100.0, 80.0, 90.0, 100.0, 100.0, 100.0, 100.0, 100.0, 80.0, 100.0, 90.0, 100.0, 100.0, 100.0, 100.0, 100.0, 100.0, 100.0, 100.0, 40.0, 100.0, 80.0, 100.0, 100.0, 90.0, 100.0, 100.0, 100.0, 70.0, 100.0, 100.0, 100.0, 100.0, 90.0, 100.0, 100.0, 100.0, 90.0, 90.0, 90.0, 90.0, 70.0, 100.0, 100.0, 100.0, 40.0, 80.0, 90.0, 90.0, 90.0, 100.0, 100.0, 80.0, 100.0, 100.0, 90.0, 80.0, 80.0, 50.0, 80.0, 100.0, 100.0, 100.0, 100.0, 100.0, 100.0, 70.0, 100.0, 100.0, 80.0, 100.0, 100.0, 100.0, 100.0, 100.0, 100.0, 100.0, 100.0, 100.0, 100.0, 100.0, 90.0, 100.0, 90.0, 100.0, 100.0, 80.0, 80.0, 80.0, 100.0, 90.0, 90.0, 90.0, 100.0, 70.0, 100.0, 100.0, 70.0, 100.0, 100.0, 90.0, 100.0, 80.0, 100.0, 70.0, 100.0, 100.0, 100.0, 100.0, 100.0, 100.0, 100.0, 100.0, 100.0, 100.0, 100.0, 80.0, 100.0, 100.0, 100.0, 100.0, 100.0, 100.0, 100.0, 80.0, 100.0, 100.0, 100.0, 100.0, 100.0, 100.0, 100.0, 90.0, 100.0, 90.0, 100.0, 100.0, 100.0, 90.0, 90.0, 40.0, 100.0, 100.0, 100.0, 100.0, 90.0, 100.0, 100.0, 100.0, 90.0, 80.0, 90.0, 100.0, 70.0, 60.0, 60.0, 90.0, 90.0, 100.0, 100.0, 90.0, 100.0, 60.0, 100.0, 70.0, 90.0, 90.0, 100.0, 70.0, 100.0, 100.0, 90.0, 100.0, 100.0, 100.0, 100.0, 100.0, 100.0, 100.0, 100.0, 100.0, 90.0, 100.0, 100.0, 100.0, 90.0, 100.0, 100.0, 70.0, 100.0, 100.0, 100.0, 80.0, 100.0, 90.0, 100.0, 100.0, 100.0, 100.0, 100.0, 100.0, 80.0, 100.0, 100.0, 100.0, 100.0, 100.0, 100.0, 100.0, 80.0, 100.0, 100.0, 100.0, 100.0, 80.0, 100.0, 100.0, 80.0, 100.0, 100.0, 100.0, 80.0, 80.0, 100.0, 100.0, 90.0, 100.0, 100.0, 90.0, 100.0, 90.0, 100.0, 100.0, 100.0, 100.0, 100.0, 80.0, 70.0, 100.0, 80.0, 100.0, 100.0, 90.0, 100.0, 100.0, 100.0, 100.0, 100.0, 100.0, 80.0, 80.0, 100.0, 90.0, 100.0, 100.0, 100.0, 100.0, 100.0, 90.0, 70.0, 100.0, 100.0, 100.0, 90.0, 100.0, 100.0, 100.0, 100.0, 100.0, 80.0, 90.0, 80.0, 100.0, 70.0, 100.0, 100.0, 100.0, 90.0, 90.0, 90.0, 100.0, 90.0, 100.0, 100.0, 100.0, 100.0, 90.0, 90.0, 80.0, 100.0, 100.0, 90.0, 100.0, 60.0, 100.0, 70.0, 100.0, 70.0, 100.0, 100.0, 90.0, 100.0, 100.0, 100.0, 100.0, 100.0, 100.0, 100.0, 90.0, 100.0, 100.0, 100.0, 100.0, 90.0, 90.0, 100.0, 70.0, 90.0, 90.0, 100.0, 100.0, 100.0, 100.0, 100.0, 100.0, 100.0, 100.0, 100.0, 100.0, 90.0, 100.0, 100.0, 100.0, 100.0, 100.0, 70.0, 60.0, 100.0, 100.0, 100.0, 90.0, 100.0, 100.0, 100.0, 100.0, 100.0, 100.0, 70.0, 100.0, 100.0, 80.0, 100.0, 100.0, 100.0, 90.0, 80.0, 90.0, 90.0, 100.0, 50.0, 100.0, 70.0, 90.0, 100.0, 100.0, 90.0, 100.0, 100.0, 100.0, 100.0, 100.0, 100.0, 80.0, 100.0, 90.0, 