{"shuffle_centroids_times": [0.023416757583618164], "map_iterdata_times": [0.1476743221282959], "create_map_data": [0.21761775016784668], "map_queries_times": [[[0.21565675735473633, 0.026193618774414062, [0.04391002655029297, 0.04363512992858887, 0.03999638557434082, 0.04980921745300293], [0.0015718936920166016, 0.002574920654296875, 0.0011174678802490234, 0.0011823177337646484], [0.0013427734375, 0.0010230541229248047, 0.0007731914520263672, 0.0009016990661621094], 0.0015871524810791016], [0.26932287216186523, 0.0329287052154541, [0.06070351600646973, 0.05618023872375488, 0.0543363094329834, 0.047402143478393555], [0.003289461135864258, 0.002905607223510742, 0.001631021499633789, 0.0013153553009033203], [0.0018277168273925781, 0.0013856887817382812, 0.0009524822235107422, 0.0011920928955078125], 0.0032308101654052734], [0.24315905570983887, 0.031960487365722656, [0.0449070930480957, 0.04313969612121582, 0.05119156837463379, 0.05438566207885742], [0.0013670921325683594, 0.0023040771484375, 0.002237558364868164, 0.0024683475494384766], [0.001127481460571289, 0.0014545917510986328, 0.0014903545379638672, 0.001451253890991211], 0.0036306381225585938], [0.29837679862976074, 0.08059120178222656, [0.05251455307006836, 0.04580092430114746, 0.051863670349121094, 0.05133342742919922], [0.0016245841979980469, 0.002038240432739258, 0.0027251243591308594, 0.003004789352416992], [0.0012445449829101562, 0.0009336471557617188, 0.0014553070068359375, 0.001520395278930664], 0.0016858577728271484]]], "map_execution": [3.1293704509735107], "map_invoke": [[0.5856761932373047, 0.5363943576812744, 0.6088986396789551, 0.6544351577758789]], "create_reduce_data": [0.15881896018981934], "reduce_iterdata_times": [0.15805912017822266], "reduce_queries_times": [[0.041884660720825195]], "reduce_execution_times": [3.2088217735290527], "reduce_invoke": [[0.6620604991912842]], "divide_reduce_times": [7.05718994140625e-05], "total_querying_times": [6.714699745178223], "recalls": [[100.0, 70.0, 90.0, 90.0, 100.0, 50.0, 90.0, 60.0, 50.0, 90.0, 80.0, 100.0, 90.0, 100.0, 100.0, 100.0, 30.0, 80.0, 40.0, 70.0, 100.0, 100.0, 100.0, 60.0, 70.0, 30.0, 100.0, 100.0, 100.0, 90.0, 20.0, 100.0, 80.0, 80.0, 90.0, 80.0, 50.0, 100.0, 100.0, 90.0, 80.0, 90.0, 10.0, 100.0, 90.0, 50.0, 90.0, 20.0, 20.0, 80.0, 90.0, 60.0, 50.0, 80.0, 30.0, 70.0, 100.0, 30.0, 100.0, 80.0, 100.0, 80.0, 40.0, 40.0, 80.0, 100.0, 40.0, 40.0, 70.0, 60.0, 90.0, 100.0, 100.0, 30.0, 70.0, 90.0, 100.0, 100.0, 100.0, 100.0, 60.0, 100.0, 100.0, 90.0, 50.0, 30.0, 100.0, 100.0, 100.0, 90.0, 50.0, 0.0, 100.0, 20.0, 80.0, 20.0, 100.0, 50.0, 30.0, 100.0, 20.0, 40.0, 0.0, 60.0, 70.0, 30.0, 100.0, 20.0, 0.0, 80.0, 40.0, 50.0, 40.0, 60.0, 50.0, 70.0, 90.0, 100.0, 80.0, 80.0, 100.0, 10.0, 90.0, 100.0, 20.0, 80.0, 100.0, 70.0, 60.0, 30.0, 40.0, 30.0, 70.0, 50.0, 90.0, 50.0, 90.0, 90.0, 40.0, 100.0, 70.0, 90.0, 100.0, 100.0, 90.0, 10.0, 100.0, 80.0, 30.0, 90.0, 30.0, 100.0, 80.0, 80.0, 100.0, 100.0, 70.0, 100.0, 100.0, 80.0, 100.0, 90.0, 70.0, 100.0, 50.0, 50.0, 70.0, 70.0, 60.0, 30.0, 50.0, 10.0, 100.0, 50.0, 10.0, 100.0, 60.0, 60.0, 100.0, 80.0, 60.0, 90.0, 80.0, 100.0, 70.0, 80.0, 100.0, 60.0, 80.0, 40.0, 60.0, 100.0, 10.0, 100.0, 100.0, 70.0, 40.0, 100.0, 100.0, 80.0, 80.0, 60.0, 50.0, 70.0, 90.0, 90.0, 50.0, 60.0, 50.0, 70.0, 90.0, 80.0, 0.0, 100.0, 70.0, 10.0, 100.0, 100.0, 50.0, 90.0, 100.0, 100.0, 80.0, 50.0, 20.0, 50.0, 60.0, 100.0, 80.0, 100.0, 90.0, 20.0, 80.0, 0.0, 60.0, 60.0, 40.0, 70.0, 90.0, 50.0, 90.0, 100.0, 10.0, 90.0, 60.0, 60.0, 80.0, 100.0, 90.0, 80.0, 80.0, 50.0, 90.0, 100.0, 100.0, 90.0, 60.0, 100.0, 100.0, 70.0, 30.0, 100.0, 50.0, 80.0, 60.0, 0.0, 100.0, 100.0, 90.0, 60.0, 10.0, 40.0, 20.0, 90.0, 80.0, 20.0, 100.0, 10.0, 100.0, 100.0, 100.0, 70.0, 30.0, 30.0, 70.0, 80.0, 30.0, 100.0, 70.0, 100.0, 90.0, 80.0, 20.0, 60.0, 40.0, 100.0, 70.0, 80.0, 100.0, 90.0, 100.0, 50.0, 100.0, 50.0, 70.0, 100.0, 80.0, 20.0, 100.0, 90.0, 90.0, 100.0, 90.0, 70.0, 90.0, 100.0, 40.0, 60.0, 100.0, 50.0, 100.0, 80.0, 100.0, 90.0, 90.0, 100.0, 90.0, 30.0, 10.0, 50.0, 60.0, 50.0, 100.0, 90.0, 100.0, 100.0, 70.0, 80.0, 90.0, 30.0, 100.0, 100.0, 70.0, 70.0, 90.0, 100.0, 90.0, 80.0, 20.0, 60.0, 100.0, 100.0, 100.0, 50.0, 90.0, 50.0, 100.0, 70.0, 90.0, 70.0, 100.0, 90.0, 80.0, 60.0, 70.0, 80.0, 90.0, 80.0, 100.0, 40.0, 40.0, 50.0, 70.0, 40.0, 30.0, 100.0, 100.0, 20.0, 100.0, 90.0, 90.0, 70.0, 100.0, 90.0, 20.0, 60.0, 30.0, 100.0, 60.0, 40.0, 40.0, 60.0, 90.0, 70.0, 100.0, 60.0, 80.0, 80.0, 100.0, 30.0, 40.0, 100.0, 30.0, 80.0, 100.0, 90.0, 40.0, 60.0, 100.0, 100.0, 70.0, 70.0, 30.0, 70.0, 100.0, 100.0, 10.0, 10.0, 100.0, 100.0, 70.0, 60.0, 50.0, 40.0, 90.0, 70.0, 60.0, 100.0, 90.0, 100.0, 50.0, 100.0, 90.0, 100.0, 100.0, 90.0, 20.0, 90.0, 100.0, 100.0, 60.0, 90.0, 30.0, 90.0, 100.0, 80.0, 40.0, 20.0, 90.0, 100.0, 50.0, 100.0, 40.0, 80.0, 100.0, 10.0, 90.0, 100.0, 80.0, 40.0, 100.0, 80.0, 100.0, 20.0, 70.0, 20.0, 100.0, 100.0, 60.0, 50.0, 90.0, 100.0, 80.0, 20.0, 100.0, 100.0, 60.0, 100.0, 100.0, 70.0, 100.0, 50.0, 30.0, 50.0, 60.0, 80.0, 100.0, 50.0, 90.0, 50.0, 80.0, 60.0, 100.0, 100.0, 40.0, 50.0, 70.0, 100.0, 100.0, 90.0, 50.0, 10.0, 100.0, 100.0, 10.0, 80.0, 90.0, 100.0, 40.0, 10.0, 50.0, 60.0, 50.0, 30.0, 30.0, 30.0, 100.0, 100.0, 50.0, 40.0, 80.0, 90.0, 20.0, 100.0, 80.0, 80.0, 70.0, 100.0, 10.0, 60.0, 80.0, 80.0, 20.0, 90.0, 30.0, 90.0, 80.0, 60.0, 100.0, 80.0, 100.0, 50.0, 60.0, 90.0, 100.0, 100.0, 80.0, 100.0, 100.0, 40.0, 60.0, 100.0, 0.0, 100.0, 60.0, 90.0, 20.0, 70.0, 70.0, 40.0, 100.0, 40.0, 100.0, 60.0, 90.0, 10.0, 80.0, 100.0, 70.0, 0.0, 10.0, 60.0, 90.0, 50.0, 70.0, 40.0, 30.0, 90.0, 10.0, 30.0, 50.0, 80.0, 40.0, 10.0, 100.0, 40.0, 40.0, 80.0, 90.0, 80.0, 10.0, 10.0, 30.0, 100.0, 100.0, 40.0, 60.0, 100.0, 90.0, 40.0, 100.0, 90.0, 10.0, 90.0, 100.0, 100.0, 100.0, 100.0, 30.0, 100.0, 100.0, 90.0, 30.0, 60.0, 70.0, 90.0, 50.0, 70.0, 50.0, 50.0, 80.0, 70.0, 70.0, 70.0, 60.0, 90.0, 100.0, 40.0, 30.0, 70.0, 40.0, 50.0, 70.0, 90.0, 60.0, 80.0, 30.0, 20.0, 60.0, 80.0, 90.0, 10.0, 40.0, 90.0, 80.0, 100.0, 100.0, 100.0, 100.0, 70.0, 50.0, 90.0, 100.0, 100.0, 60.0, 100.0, 80.0, 70.0, 100.0, 100.0, 100.0, 100.0, 100.0, 50.0, 40.0, 20.0, 40.0, 60.0, 100.0, 100.0, 90.0, 30.0, 90.0, 10.0, 90.0, 40.0, 90.0, 80.0, 80.0, 100.0, 40.0, 50.0, 90.0, 20.0, 40.0, 40.0, 60.0, 30.0, 60.0, 90.0, 20.0, 60.0, 100.0, 60.0, 100.0, 50.0, 100.0, 50.0, 90.0, 90.0, 90.0, 70.0, 100.0, 100.0, 90.0, 90.0, 100.0, 100.0, 70.0, 40.0, 90.0, 50.0, 60.0, 100.0, 30.0, 10.0, 80.0, 100.0, 80.0, 30.0, 70.0, 40.0, 90.0, 100.0, 100.0, 80.0, 30.0, 70.0, 80.0, 80.0, 90.0, 100.0, 90.0, 100.0, 70.0, 20.0, 90.0, 80.0, 90.0, 80.0, 90.0, 100.0, 80.0, 100.0, 90.0, 90.0, 100.0, 60.0, 100.0, 90.0, 70.0, 90.0, 100.0, 30.0, 50.0, 40.0, 100.0, 100.0, 80.0, 70.0, 90.0, 60.0, 90.0, 50.0, 90.0, 100.0, 100.0, 100.0, 100.0, 70.0, 60.0, 100.0, 40.0, 90.0, 100.0, 70.0, 20.0, 100.0, 90.0, 100.0, 100.0, 100.0, 20.0, 20.0, 90.0, 30.0, 40.0, 80.0, 30.0, 100.0, 60.0, 0.0, 40.0, 50.0, 100.0, 80.0, 40.0, 90.0, 100.0, 50.0, 100.0, 80.0, 80.0, 50.0, 80.0, 100.0, 70.0, 100.0, 100.0, 100.0, 60.0, 90.0, 80.0, 70.0, 10.0, 100.0, 100.0, 0.0, 100.0, 90.0, 70.0, 80.0, 30.0, 90.0, 90.0, 100.0, 20.0, 80.0, 10.0, 70.0, 50.0, 30.0, 100.0, 10.0, 30.0, 90.0, 100.0, 100.0, 80.0, 100.0, 100.0, 90.0, 80.0, 100.0, 90.0, 100.0, 70.0, 20.0, 100.0, 60.0, 70.0, 20.0, 10.0, 90.0, 20.0, 100.0, 60.0, 40.0, 100.0, 30.0, 20.0, 50.0, 10.0, 100.0, 100.0, 100.0, 70.0, 100.0, 70.0, 40.0, 100.0, 100.0, 100.0, 90.0, 60.0, 100.0, 80.0, 30.0, 40.0, 90.0, 40.0, 100.0, 100.0, 20.0, 100.0, 90.0, 80.0, 70.0, 60.0, 90.0, 30.0, 100.0, 30.0, 100.0, 70.0, 20.0, 80.0, 50.0, 30.0, 50.0, 100.0, 50.0, 80.0, 100.0, 100.0, 80.0, 100.0, 90.0, 50.0, 100.0, 20.0, 70.0, 100.0, 30.0, 70.0, 10.0, 70.0, 90.0, 90.0, 70.0, 80.0, 40.0, 20.0, 100.0, 50.0, 30.0, 100.0, 80.0, 20.0, 60.0, 100.0, 40.0, 100.0, 90.0, 100.0, 90.0, 40.0, 40.0, 100.0, 40.0, 100.0, 60.0, 10.0, 30.0, 100.0, 60.0, 100.0, 30.0, 100.0, 80.0, 100.0, 90.0, 100.0, 20.0, 20.0, 90.0, 50.0, 90.0, 