{"shuffle_centroids_times": [0.025428056716918945], "map_iterdata_times": [0.18985462188720703], "create_map_data": [0.2607228755950928], "map_queries_times": [[[0.6049790382385254, 0.08392882347106934, [0.04744744300842285, 0.03870129585266113, 0.0403902530670166, 0.06053423881530762, 0.043530941009521484, 0.050477027893066406, 0.04756808280944824, 0.03434419631958008], [0.0012903213500976562, 0.0008881092071533203, 0.0010089874267578125, 0.0012896060943603516, 0.0009846687316894531, 0.0011882781982421875, 0.0013437271118164062, 0.001066446304321289], [0.002537250518798828, 0.005210399627685547, 0.00617527961730957, 0.006518840789794922, 0.005410909652709961, 0.007737636566162109, 0.005323886871337891, 0.003726482391357422], 0.10628509521484375], [0.5349595546722412, 0.06090188026428223, [0.055701494216918945, 0.052919864654541016, 0.041639089584350586, 0.04327559471130371, 0.037567138671875, 0.04291105270385742, 0.04635047912597656, 0.04515838623046875], [0.0008227825164794922, 0.0008482933044433594, 0.0008344650268554688, 0.0008950233459472656, 0.0008282661437988281, 0.0006186962127685547, 0.0007524490356445312, 0.0006725788116455078], [0.002497434616088867, 0.0035393238067626953, 0.0033502578735351562, 0.0020399093627929688, 0.003029346466064453, 0.0020694732666015625, 0.0023915767669677734, 0.0020761489868164062], 0.0812079906463623], [0.4589657783508301, 0.06483078002929688, [0.043453216552734375, 0.059149980545043945, 0.03323101997375488, 0.04278373718261719, 0.032143592834472656, 0.0413975715637207, 0.04274177551269531, 0.043987274169921875], [0.0014371871948242188, 0.0009505748748779297, 0.0006275177001953125, 0.0011920928955078125, 0.0005037784576416016, 0.0006759166717529297, 0.0008499622344970703, 0.0011432170867919922], [0.00502467155456543, 0.002972126007080078, 0.0018436908721923828, 0.0049228668212890625, 0.0011451244354248047, 0.005248308181762695, 0.003846883773803711, 0.005421876907348633], 0.0173797607421875], [0.42411303520202637, 0.05042147636413574, [0.05073070526123047, 0.04386734962463379, 0.037601470947265625, 0.03536367416381836, 0.03676152229309082, 0.03464818000793457, 0.04542040824890137, 0.04452180862426758], [0.0020606517791748047, 0.0012524127960205078, 0.0007708072662353516, 0.0010938644409179688, 0.0006995201110839844, 0.0008168220520019531, 0.0009984970092773438, 0.001018524169921875], [0.006865978240966797, 0.003899097442626953, 0.0022611618041992188, 0.0031538009643554688, 0.002324342727661133, 0.002137899398803711, 0.0025632381439208984, 0.0011518001556396484], 0.011640548706054688]]], "map_execution": [3.1886236667633057], "map_invoke": [[0.5717828273773193, 0.515101432800293, 0.6038293838500977, 0.5670099258422852]], "create_reduce_data": [0.1938464641571045], "reduce_iterdata_times": [0.1930544376373291], "reduce_queries_times": [[0.07438087463378906]], "reduce_execution_times": [3.127485513687134], "reduce_invoke": [[0.5410575866699219]], "divide_reduce_times": [0.00010395050048828125], "total_querying_times": [6.770782947540283], "recalls": [[100.0, 100.0, 80.0, 90.0, 90.0, 100.0, 80.0, 100.0, 100.0, 100.0, 100.0, 90.0, 90.0, 100.0, 90.0, 100.0, 70.0, 90.0, 90.0, 90.0, 100.0, 100.0, 100.0, 90.0, 80.0, 100.0, 100.0, 80.0, 100.0, 100.0, 80.0, 100.0, 100.0, 100.0, 100.0, 90.0, 100.0, 100.0, 100.0, 60.0, 90.0, 100.0, 100.0, 100.0, 80.0, 90.0, 90.0, 90.0, 100.0, 100.0, 100.0, 90.0, 100.0, 100.0, 70.0, 100.0, 100.0, 60.0, 100.0, 100.0, 100.0, 90.0, 100.0, 90.0, 100.0, 100.0, 80.0, 100.0, 80.0, 100.0, 90.0, 100.0, 90.0, 100.0, 100.0, 100.0, 100.0, 100.0, 100.0, 100.0, 90.0, 100.0, 90.0, 100.0, 90.0, 100.0, 100.0, 100.0, 100.0, 100.0, 90.0, 30.0, 100.0, 80.0, 100.0, 100.0, 100.0, 100.0, 80.0, 100.0, 100.0, 90.0, 100.0, 80.0, 90.0, 90.0, 100.0, 100.0, 90.0, 100.0, 90.0, 100.0, 90.0, 100.0, 100.0, 100.0, 100.0, 100.0, 100.0, 80.0, 100.0, 100.0, 90.0, 100.0, 100.0, 70.0, 90.0, 100.0, 80.0, 100.0, 90.0, 80.0, 100.0, 90.0, 100.0, 70.0, 100.0, 100.0, 100.0, 100.0, 90.0, 100.0, 100.0, 90.0, 100.0, 100.0, 90.0, 90.0, 70.0, 90.0, 100.0, 100.0, 100.0, 90.0, 90.0, 100.0, 100.0, 100.0, 100.0, 100.0, 100.0, 90.0, 100.0, 100.0, 100.0, 90.0, 80.0, 100.0, 100.0, 80.0, 100.0, 100.0, 100.0, 100.0, 100.0, 90.0, 90.0, 100.0, 100.0, 100.0, 90.0, 90.0, 90.0, 100.0, 100.0, 90.0, 100.0, 100.0, 80.0, 100.0, 100.0, 100.0, 90.0, 90.0, 100.0, 80.0, 100.0, 100.0, 100.0, 80.0, 100.0, 70.0, 90.0, 100.0, 90.0, 100.0, 100.0, 90.0, 100.0, 100.0, 100.0, 100.0, 60.0, 100.0, 100.0, 100.0, 100.0, 100.0, 100.0, 100.0, 100.0, 100.0, 100.0, 90.0, 80.0, 100.0, 100.0, 90.0, 100.0, 100.0, 100.0, 100.0, 100.0, 100.0, 90.0, 90.0, 80.0, 80.0, 90.0, 100.0, 100.0, 100.0, 90.0, 100.0, 90.0, 100.0, 90.0, 100.0, 100.0, 80.0, 100.0, 90.0, 90.0, 100.0, 100.0, 90.0, 100.0, 100.0, 100.0, 100.0, 90.0, 100.0, 100.0, 100.0, 100.0, 80.0, 100.0, 100.0, 100.0, 90.0, 80.0, 100.0, 90.0, 100.0, 100.0, 100.0, 100.0, 80.0, 100.0, 100.0, 100.0, 70.0, 90.0, 100.0, 90.0, 80.0, 90.0, 100.0, 100.0, 100.0, 100.0, 90.0, 100.0, 100.0, 90.0, 80.0, 90.0, 100.0, 100.0, 80.0, 90.0, 90.0, 90.0, 80.0, 100.0, 100.0, 100.0, 100.0, 100.0, 100.0, 90.0, 100.0, 100.0, 100.0, 90.0, 100.0, 100.0, 100.0, 100.0, 80.0, 100.0, 70.0, 100.0, 100.0, 100.0, 100.0, 100.0, 100.0, 90.0, 100.0, 80.0, 80.0, 100.0, 90.0, 100.0, 100.0, 100.0, 90.0, 100.0, 100.0, 100.0, 100.0, 100.0, 100.0, 100.0, 100.0, 100.0, 100.0, 100.0, 100.0, 100.0, 100.0, 100.0, 80.0, 70.0, 100.0, 100.0, 100.0, 100.0, 60.0, 100.0, 100.0, 100.0, 100.0, 100.0, 100.0, 100.0, 100.0, 100.0, 100.0, 90.0, 90.0, 100.0, 100.0, 90.0, 100.0, 90.0, 100.0, 100.0, 100.0, 100.0, 100.0, 100.0, 100.0, 100.0, 100.0, 90.0, 100.0, 100.0, 100.0, 100.0, 100.0, 100.0, 100.0, 100.0, 90.0, 100.0, 90.0, 100.0, 100.0, 90.0, 100.0, 100.0, 100.0, 100.0, 100.0, 90.0, 100.0, 100.0, 100.0, 90.0, 100.0, 100.0, 90.0, 100.0, 100.0, 80.0, 90.0, 100.0, 100.0, 100.0, 90.0, 90.0, 90.0, 100.0, 100.0, 100.0, 100.0, 100.0, 100.0, 100.0, 100.0, 90.0, 100.0, 100.0, 100.0, 100.0, 100.0, 100.0, 100.0, 90.0, 90.0, 100.0, 100.0, 100.0, 80.0, 100.0, 80.0, 100.0, 100.0, 100.0, 100.0, 100.0, 90.0, 90.0, 90.0, 100.0, 100.0, 80.0, 100.0, 100.0, 70.0, 100.0, 100.0, 100.0, 90.0, 90.0, 90.0, 100.0, 100.0, 100.0, 100.0, 100.0, 100.0, 100.0, 100.0, 100.0, 100.0, 100.0, 100.0, 100.0, 60.0, 100.0, 90.0, 100.0, 80.0, 100.0, 100.0, 100.0, 100.0, 90.0, 100.0, 100.0, 100.0, 90.0, 90.0, 100.0, 100.0, 100.0, 100.0, 70.0, 100.0, 100.0, 100.0, 90.0, 80.0, 100.0, 80.0, 90.0, 70.0, 90.0, 100.0, 100.0, 100.0, 100.0, 70.0, 100.0, 100.0, 90.0, 100.0, 90.0, 100.0, 80.0, 100.0, 100.0, 90.0, 100.0, 90.0, 100.0, 90.0, 100.0, 90.0, 90.0, 100.0, 80.0, 90.0, 100.0, 90.0, 100.0, 100.0, 100.0, 100.0, 90.0, 90.0, 90.0, 90.0, 100.0, 100.0, 100.0, 100.0, 100.0, 100.0, 100.0, 90.0, 90.0, 100.0, 90.0, 100.0, 100.0, 100.0, 100.0, 80.0, 100.0, 100.0, 90.0, 100.0, 80.0, 100.0, 100.0, 100.0, 90.0, 80.0, 100.0, 90.0, 100.0, 60.0, 90.0, 100.0, 70.0, 90.0, 100.0, 100.0, 100.0, 100.0, 100.0, 90.0, 100.0, 80.0, 100.0, 90.0, 80.0, 90.0, 80.0, 100.0, 100.0, 100.0, 100.0, 100.0, 100.0, 100.0, 100.0, 90.0, 100.0, 100.0, 100.0, 100.0, 100.0, 100.0, 100.0, 100.0, 100.0, 100.0, 100.0, 100.0, 70.0, 90.0, 100.0, 100.0, 100.0, 90.0, 100.0, 100.0, 80.0, 100.0, 90.0, 100.0, 100.0, 90.0, 90.0, 100.0, 100.0, 100.0, 100.0, 100.0, 90.0, 90.0, 100.0, 90.0, 100.0, 100.0, 90.0, 100.0, 90.0, 100.0, 100.0, 100.0, 100.0, 100.0, 100.0, 100.0, 90.0, 100.0, 100.0, 100.0, 90.0, 100.0, 90.0, 100.0, 100.0, 100.0, 100.0, 100.0, 100.0, 100.0, 100.0, 90.0, 100.0, 100.0, 100.0, 90.0, 100.0, 100.0, 80.0, 90.0, 100.0, 90.0, 100.0, 100.0, 100.0, 100.0, 100.0, 90.0, 90.0, 100.0, 90.0, 100.0, 100.0, 70.0, 80.0, 90.0, 90.0, 100.0, 100.0, 90.0, 90.0, 70.0, 100.0, 90.0, 90.0, 100.0, 100.0, 100.0, 100.0, 100.0, 90.0, 100.0, 100.0, 90.0, 100.0, 100.0, 100.0, 100.0, 100.0, 100.0, 80.0, 70.0, 100.0, 90.0, 100.0, 90.0, 100.0, 90.0, 100.0, 100.0, 100.0, 100.0, 100.0, 100.0, 100.0, 100.0, 100.0, 100.0, 90.0, 100.0, 90.0, 100.0, 100.0, 100.0, 100.0, 100.0, 90.0, 90.0, 70.0, 100.0, 