{"shuffle_centroids_times": [0.04463624954223633], "map_iterdata_times": [0.37001490592956543], "create_map_data": [0.4603555202484131], "map_queries_times": [[[1.2135405540466309, 0.33138060569763184, [0.04164910316467285, 0.038726091384887695, 0.03945446014404297, 0.03492379188537598, 0.03979778289794922, 0.03584909439086914, 0.04342031478881836, 0.04218149185180664, 0.04401135444641113, 0.047463178634643555, 0.037732601165771484, 0.037447452545166016, 0.05154848098754883, 0.03586316108703613, 0.06707048416137695, 0.041753530502319336], [0.0008716583251953125, 0.0008504390716552734, 0.0006172657012939453, 0.0006613731384277344, 0.0007851123809814453, 0.0007765293121337891, 0.0006124973297119141, 0.0007145404815673828, 0.0006666183471679688, 0.0006654262542724609, 0.0008599758148193359, 0.0006799697875976562, 0.0006184577941894531, 0.0006196498870849609, 0.0006670951843261719, 0.0006964206695556641], [0.004236698150634766, 0.0034537315368652344, 0.005341768264770508, 0.01228022575378418, 0.006721019744873047, 0.008298397064208984, 0.0063822269439697266, 0.0021867752075195312, 0.009525299072265625, 0.0054285526275634766, 0.009509086608886719, 0.009685516357421875, 0.006333827972412109, 0.010384559631347656, 0.00453639030456543, 0.012379169464111328], 0.07509899139404297], [1.1906697750091553, 0.2624678611755371, [0.05466008186340332, 0.04635310173034668, 0.04516935348510742, 0.0400238037109375, 0.04560089111328125, 0.03940224647521973, 0.037994384765625, 0.043125152587890625, 0.03408074378967285, 0.03925371170043945, 0.040437936782836914, 0.03406405448913574, 0.039107322692871094, 0.03984355926513672, 0.036922454833984375, 0.035558223724365234], [0.0006318092346191406, 0.0007436275482177734, 0.0005102157592773438, 0.0006961822509765625, 0.000583648681640625, 0.0005593299865722656, 0.0006136894226074219, 0.0008406639099121094, 0.0005919933319091797, 0.0005636215209960938, 0.0006160736083984375, 0.000591278076171875, 0.0005731582641601562, 0.0006568431854248047, 0.0006129741668701172, 0.0007064342498779297], [0.007143259048461914, 0.006941318511962891, 0.011251211166381836, 0.006659030914306641, 0.004799604415893555, 0.01038503646850586, 0.006140947341918945, 0.007560014724731445, 0.008469343185424805, 0.00569605827331543, 0.009417533874511719, 0.0077667236328125, 0.008777141571044922, 0.004290580749511719, 0.008957862854003906, 0.0061130523681640625], 0.14602971076965332], [1.0408275127410889, 0.1540670394897461, [0.04401445388793945, 0.0426325798034668, 0.047728538513183594, 0.03709983825683594, 0.03338027000427246, 0.03335404396057129, 0.04289436340332031, 0.03760790824890137, 0.03873276710510254, 0.03840303421020508, 0.07574653625488281, 0.04586148262023926, 0.04639768600463867, 0.037920475006103516, 0.03569436073303223, 0.047646522521972656], [0.00044989585876464844, 0.0006344318389892578, 0.0006787776947021484, 0.0006811618804931641, 0.0006899833679199219, 0.0006563663482666016, 0.0006966590881347656, 0.0008518695831298828, 0.0006811618804931641, 0.0005903244018554688, 0.0007367134094238281, 0.0006515979766845703, 0.0007083415985107422, 0.0006577968597412109, 0.0006661415100097656, 0.0006668567657470703], [0.0031337738037109375, 0.007113933563232422, 0.07812070846557617, 0.003325939178466797, 0.0038881301879882812, 0.0032775402069091797, 0.0046100616455078125, 0.0023250579833984375, 0.00605320930480957, 0.004416465759277344, 0.005906820297241211, 0.0061833858489990234, 0.003928661346435547, 0.005528926849365234, 0.0037240982055664062, 0.004492759704589844], 0.044805288314819336], [0.934628963470459, 0.1512317657470703, [0.0424191951751709, 0.04192209243774414, 0.04183340072631836, 0.0339658260345459, 0.03465390205383301, 0.041693925857543945, 0.033849477767944336, 0.04066634178161621, 0.03942155838012695, 0.04522705078125, 0.03755545616149902, 0.04058551788330078, 0.03988981246948242, 0.04370427131652832, 0.03974723815917969, 0.04085826873779297], [0.0007262229919433594, 0.0008258819580078125, 0.0008084774017333984, 0.0007290840148925781, 0.0006089210510253906, 0.0007388591766357422, 0.0005397796630859375, 0.0006592273712158203, 0.0006558895111083984, 0.0005509853363037109, 0.0005977153778076172, 0.0007655620574951172, 0.0006721019744873047, 0.0005705356597900391, 0.0006978511810302734, 0.0009582042694091797], [0.010113000869750977, 0.004797935485839844, 0.003756284713745117, 0.0031523704528808594, 0.017779827117919922, 0.008261442184448242, 0.0032198429107666016, 0.003957509994506836, 0.0048868656158447266, 0.005410909652709961, 0.006348133087158203, 0.0055119991302490234, 0.005331516265869141, 0.0031349658966064453, 0.003072023391723633, 0.0016024112701416016], 0.04384326934814453]]], "map_execution": [5.253582000732422], "map_invoke": [[0.5733075141906738, 0.5917603969573975, 0.5106167793273926, 0.6167352199554443]], "create_reduce_data": [0.18337154388427734], "reduce_iterdata_times": [0.1823711395263672], "reduce_queries_times": [[0.06635689735412598]], "reduce_execution_times": [3.0707504749298096], "reduce_invoke": [[0.5184628963470459]], "divide_reduce_times": [7.605552673339844e-05], "total_querying_times": [8.968135833740234],