{"shuffle_centroids_times": [0.028891801834106445], "map_iterdata_times": [0.3564629554748535], "create_map_data": [0.4304356575012207], "map_queries_times": [[[0.6889233589172363, 0.13409066200256348, [0.052144765853881836, 0.043676137924194336, 0.04054903984069824, 0.05011630058288574, 0.035714149475097656, 0.04389023780822754, 0.03899741172790527, 0.04223036766052246], [0.001306772232055664, 0.0009365081787109375, 0.000942230224609375, 0.0012497901916503906, 0.001264333724975586, 0.0012392997741699219, 0.0013480186462402344, 0.0011055469512939453], [0.004274606704711914, 0.010223627090454102, 0.0035560131072998047, 0.10514998435974121, 0.009288549423217773, 0.010665416717529297, 0.009247541427612305, 0.0066738128662109375], 0.03897356986999512], [0.6088080406188965, 0.14499521255493164, [0.04740595817565918, 0.03958249092102051, 0.03712868690490723, 0.041609764099121094, 0.04479408264160156, 0.04040360450744629, 0.04547476768493652, 0.041676998138427734], [0.0008137226104736328, 0.0010170936584472656, 0.0007646083831787109, 0.0010416507720947266, 0.001222372055053711, 0.0011467933654785156, 0.0011365413665771484, 0.0010924339294433594], [0.015209674835205078, 0.0069773197174072266, 0.012027263641357422, 0.005960702896118164, 0.009629249572753906, 0.008562564849853516, 0.01009368896484375, 0.008459091186523438], 0.04050564765930176], [0.5100464820861816, 0.07720160484313965, [0.04410600662231445, 0.04157376289367676, 0.04246044158935547, 0.040116310119628906, 0.03777456283569336, 0.044988155364990234, 0.04872727394104004, 0.06792044639587402], [0.0008244514465332031, 0.0008568763732910156, 0.0007307529449462891, 0.0009772777557373047, 0.0006008148193359375, 0.0006296634674072266, 0.0005910396575927734, 0.0007715225219726562], [0.004377603530883789, 0.0029993057250976562, 0.0057184696197509766, 0.007341623306274414, 0.004847526550292969, 0.004563093185424805, 0.002958059310913086, 0.0044345855712890625], 0.02189350128173828], [0.5808143615722656, 0.08570027351379395, [0.05071234703063965, 0.04682660102844238, 0.03656482696533203, 0.040807485580444336, 0.04727053642272949, 0.04714393615722656, 0.04080057144165039, 0.040976762771606445], [0.0008645057678222656, 0.0011470317840576172, 0.0006415843963623047, 0.0005846023559570312, 0.0010237693786621094, 0.0012059211730957031, 0.0007081031799316406, 0.0009686946868896484], [0.005029439926147461, 0.003877401351928711, 0.0067424774169921875, 0.003097057342529297, 0.0035457611083984375, 0.007778167724609375, 0.0031909942626953125, 0.0018541812896728516], 0.1016850471496582]]], "map_execution": [3.1973111629486084], "map_invoke": [[0.5523386001586914, 0.6164169311523438, 0.5001976490020752, 0.5979480743408203]], "create_reduce_data": [0.11787271499633789], "reduce_iterdata_times": [0.11711883544921875], "reduce_queries_times": [[0.14205074310302734]], "reduce_execution_times": [3.097302198410034], "reduce_invoke": [[0.5438621044158936]], "divide_reduce_times": [0.00010752677917480469], "total_querying_times": [6.843029499053955], "recalls": [[100.0, 100.0, 80.0, 90.0, 90.0, 100.0, 80.0, 100.0, 100.0, 100.0, 100.0, 90.0, 90.0, 100.0, 90.0, 100.0, 70.0, 90.0, 90.0, 90.0, 100.0, 100.0, 100.0, 90.0, 80.0, 100.0, 100.0, 80.0, 100.0, 100.0, 80.0, 100.0, 100.0, 100.0, 100.0, 90.0, 100.0, 100.0, 100.0, 60.0, 90.0, 100.0, 100.0, 100.0, 80.0, 100.0, 90.0, 100.0, 100.0, 100.0, 100.0, 90.0, 100.0, 100.0, 80.0, 100.0, 100.0, 80.0, 100.0, 100.0, 100.0, 90.0, 100.0, 90.0, 100.0, 100.0, 90.0, 100.0, 80.0, 100.0, 90.0, 100.0, 90.0, 100.0, 100.0, 100.0, 100.0, 100.0, 100.0, 100.0, 90.0, 100.0, 90.0, 100.0, 90.0, 100.0, 100.0, 100.0, 100.0, 100.0, 90.0, 80.0, 100.0, 80.0, 100.0, 100.0, 100.0, 100.0, 80.0, 100.0, 100.0, 100.0, 100.0, 90.0, 90.0, 90.0, 100.0, 100.0, 100.0, 100.0, 100.0, 100.0, 90.0, 100.0, 100.0, 100.0, 100.0, 100.0, 100.0, 80.0, 100.0, 100.0, 90.0, 100.0, 100.0, 70.0, 90.0, 100.0, 80.0, 100.0, 100.0, 80.0, 100.0, 90.0, 100.0, 70.0, 100.0, 100.0, 100.0, 100.0, 90.0, 100.0, 100.0, 90.0, 100.0, 100.0, 100.0, 90.0, 70.0, 100.0, 100.0, 100.0, 100.0, 90.0, 90.0, 100.0, 100.0, 100.0, 100.0, 100.0, 100.0, 90.0, 100.0, 100.0, 100.0, 90.0, 90.0, 100.0, 100.0, 80.0, 100.0, 100.0, 100.0, 100.0, 100.0, 90.0, 90.0, 100.0, 100.0, 100.0, 90.0, 90.0, 90.0, 100.0, 100.0, 90.0, 100.0, 100.0, 80.0, 100.0, 100.0, 100.0, 100.0, 90.0, 100.0, 90.0, 100.0, 100.0, 100.0, 80.0, 100.0, 70.0, 90.0, 100.0, 100.0, 100.0, 100.0, 90.0, 100.0, 100.0, 100.0, 100.0, 70.0, 100.0, 100.0, 100.0, 100.0, 100.0, 100.0, 100.0, 100.0, 100.0, 100.0, 90.0, 90.0, 100.0, 100.0, 90.0, 100.0, 100.0, 100.0, 100.0, 100.0, 100.0, 90.0, 90.0, 80.0, 80.0, 90.0, 100.0, 100.0, 100.0, 100.0, 100.0, 90.0, 100.0, 90.0, 100.0, 100.0, 80.0, 100.0, 90.0, 90.0, 100.0, 100.0, 90.0, 100.0, 100.0, 100.0, 100.0, 100.0, 100.0, 100.0, 100.0, 100.0, 100.0, 100.0, 100.0, 100.0, 90.0, 80.0, 100.0, 90.0, 100.0, 100.0, 100.0, 100.0, 90.0, 100.0, 100.0, 100.0, 70.0, 90.0, 100.0, 90.0, 90.0, 90.0, 100.0, 100.0, 100.0, 100.0, 90.0, 100.0, 100.0, 90.0, 80.0, 90.0, 100.0, 100.0, 80.0, 90.0, 100.0, 90.0, 80.0, 100.0, 100.0, 100.0, 100.0, 100.0, 100.0, 90.0, 100.0, 100.0, 100.0, 90.0, 100.0, 100.0, 100.0, 100.0, 90.0, 100.0, 100.0, 100.0, 100.0, 100.0, 100.0, 100.0, 100.0, 90.0, 100.0, 80.0, 80.0, 100.0, 90.0, 100.0, 100.0, 100.0, 90.0, 100.0, 100.0, 100.0, 100.0, 100.0, 100.0, 100.0, 100.0, 100.0, 100.0, 100.0, 100.0, 100.0, 100.0, 100.0, 80.0, 70.0, 100.0, 100.0, 100.0, 100.0, 70.0, 100.0, 100.0, 100.0, 100.0, 100.0, 100.0, 100.0, 100.0, 100.0, 100.0, 90.0, 90.0, 100.0, 100.0, 90.0, 100.0, 90.0, 100.0, 100.0, 100.0, 100.0, 100.0, 100.0, 100.0, 100.0, 100.0, 90.0, 100.0, 100.0, 100.0, 100.0, 100.0, 100.0, 100.0, 100.0, 90.0, 100.0, 90.0, 100.0, 100.0, 100.0, 100.0, 100.0, 100.0, 100.0, 100.0, 90.0, 100.0, 100.0, 100.0, 90.0, 100.0, 100.0, 90.0, 100.0, 100.0, 80.0, 90.0, 100.0, 100.0, 100.0, 90.0, 100.0, 100.0, 100.0, 100.0, 100.0, 100.0, 100.0, 100.0, 100.0, 100.0, 90.0, 100.0, 100.0, 100.0, 100.0, 100.0, 100.0, 100.0, 100.0, 90.0, 100.0, 100.0, 100.0, 80.0, 100.0, 90.0, 100.0, 100.0, 100.0, 100.0, 100.0, 90.0, 90.0, 90.0, 100.0, 100.0, 90.0, 100.0, 100.0, 70.0, 100.0, 100.0, 100.0, 100.0, 90.0, 90.0, 100.0, 100.0, 100.0, 100.0, 100.0, 100.0, 100.0, 100.0, 100.0, 100.0, 100.0, 100.0, 100.0, 70.0, 100.0, 90.0, 100.0, 80.0, 100.0, 100.0, 100.0, 100.0, 90.0, 100.0, 100.0, 100.0, 100.0, 90.0, 100.0, 100.0, 100.0, 100.0, 80.0, 100.0, 100.0, 100.0, 90.0, 80.0, 100.0, 80.0, 100.0, 80.0, 90.0, 100.0, 100.0, 100.0, 100.0, 80.0, 100.0, 100.0, 90.0, 100.0, 90.0, 100.0, 90.0, 100.0, 100.0, 90.0, 100.0, 90.0, 100.0, 90.0, 100.0, 100.0, 90.0, 100.0, 80.0, 90.0, 100.0, 90.0, 100.0, 100.0, 100.0, 100.0, 100.0, 90.0, 90.0, 90.0, 100.0, 100.0, 100.0, 100.0, 100.0, 100.0, 100.0, 90.0, 90.0, 100.0, 90.0, 100.0, 100.0, 100.0, 100.0, 90.0, 100.0, 100.0, 90.0, 100.0, 80.0, 100.0, 100.0, 100.0, 90.0, 80.0, 100.0, 100.0, 100.0, 60.0, 90.0, 100.0, 70.0, 100.0, 100.0, 100.0, 100.0, 100.0, 100.0, 100.0, 100.0, 80.0, 100.0, 90.0, 80.0, 90.0, 100.0, 100.0, 100.0, 100.0, 100.0, 100.0, 100.0, 100.0, 100.0, 90.0, 100.0, 100.0, 100.0, 100.0, 100.0, 100.0, 100.0, 100.0, 100.0, 100.0, 100.0, 100.0, 80.0, 90.0, 100.0, 100.0, 100.0, 90.0, 100.0, 100.0, 100.0, 100.0, 90.0, 100.0, 100.0, 100.0, 90.0, 100.0, 100.0, 100.0, 100.0, 100.0, 90.0, 90.0, 100.0, 90.0, 100.0, 100.0, 90.0, 100.0, 90.0, 100.0, 100.0, 100.0, 100.0, 100.0, 100.0, 100.0, 90.0, 100.0, 100.0, 100.0, 90.0, 100.0, 100.0, 100.0, 100.0, 100.0, 100.0, 100.0, 100.0, 100.0, 100.0, 100.0, 100.0, 100.0, 100.0, 90.0, 100.0, 100.0, 80.0, 100.0, 100.0, 90.0, 100.0, 100.0, 100.0, 100.0, 100.0, 90.0, 90.0, 100.0, 90.0, 100.0, 100.0, 70.0, 80.0, 90.0, 90.0, 100.0, 100.0, 100.0, 90.0, 100.0, 100.0, 90.0, 90.0, 100.0, 100.0, 100.0, 100.0, 100.0, 90.0, 100.0, 100.0, 90.0, 100.0, 100.0, 100.0, 100.0, 100.0, 100.0, 80.0, 80.0, 100.0, 90.0, 100.0, 90.0, 100.0, 100.0, 100.0, 100.0, 100.0, 100.0, 100.0, 100.0, 100.0, 100.0, 100.0, 100.0, 90.0, 100.0, 90.0, 100.0, 100.0, 100.0, 100.0,