{"shuffle_centroids_times": [0.03611254692077637], "map_iterdata_times": [0.17549371719360352], "create_map_data": [0.25791263580322266], "map_queries_times": [[[0.7120678424835205, 0.033582210540771484, [0.04168272018432617, 0.040070295333862305, 0.04017233848571777, 0.0380859375, 0.045082807540893555, 0.03762078285217285, 0.0392758846282959, 0.03993058204650879, 0.04578208923339844, 0.04034066200256348, 0.04766583442687988, 0.04775214195251465, 0.037007808685302734, 0.03669595718383789, 0.04155683517456055, 0.0405733585357666], [0.0009758472442626953, 0.00066375732421875, 0.0005490779876708984, 0.0005128383636474609, 0.0004630088806152344, 0.0005655288696289062, 0.0006957054138183594, 0.0005040168762207031, 0.0005040168762207031, 0.0006098747253417969, 0.0007658004760742188, 0.0005068778991699219, 0.0005147457122802734, 0.0006647109985351562, 0.0006005764007568359, 0.0005164146423339844], [0.0007920265197753906, 0.0003802776336669922, 0.0004482269287109375, 0.00033164024353027344, 0.0003478527069091797, 0.0006735324859619141, 0.0004417896270751953, 0.0004985332489013672, 0.0003635883331298828, 0.00036907196044921875, 0.0005981922149658203, 0.00037026405334472656, 0.0003707408905029297, 0.00042891502380371094, 0.00046181678771972656, 0.0003590583801269531], 0.002242565155029297], [0.6610925197601318, 0.03694033622741699, [0.04604458808898926, 0.03394913673400879, 0.03834128379821777, 0.03509354591369629, 0.044118404388427734, 0.03879117965698242, 0.033106088638305664, 0.04416060447692871, 0.03812766075134277, 0.0331723690032959, 0.03102421760559082, 0.03549504280090332, 0.03651165962219238, 0.034111976623535156, 0.03274273872375488, 0.046338558197021484], [0.0005710124969482422, 0.0007991790771484375, 0.0006995201110839844, 0.0012407302856445312, 0.0006260871887207031, 0.0008504390716552734, 0.0006816387176513672, 0.0008225440979003906, 0.0007781982421875, 0.0007777214050292969, 0.0007264614105224609, 0.0007109642028808594, 0.0007050037384033203, 0.0006506443023681641, 0.0007321834564208984, 0.0006177425384521484], [0.0006823539733886719, 0.0004642009735107422, 0.0004711151123046875, 0.0008234977722167969, 0.0004570484161376953, 0.0007040500640869141, 0.00032520294189453125, 0.0006589889526367188, 0.0005834102630615234, 0.0005006790161132812, 0.0005507469177246094, 0.00048232078552246094, 0.0005257129669189453, 0.0004181861877441406, 0.0005486011505126953, 0.00042366981506347656], 0.0023064613342285156], [0.7360532283782959, 0.03078746795654297, [0.04326343536376953, 0.04523634910583496, 0.04443216323852539, 0.047345638275146484, 0.04112434387207031, 0.037540435791015625, 0.03421330451965332, 0.03980445861816406, 0.04326772689819336, 0.043410539627075195, 0.04401397705078125, 0.04713153839111328, 0.03802680969238281, 0.04418659210205078, 0.04799842834472656, 0.03977155685424805], [0.0007834434509277344, 0.0006113052368164062, 0.0006251335144042969, 0.00084686279296875, 0.0007178783416748047, 0.0007305145263671875, 0.0007517337799072266, 0.0005838871002197266, 0.0008108615875244141, 0.0007460117340087891, 0.0009133815765380859, 0.0008983612060546875, 0.0006728172302246094, 0.0008127689361572266, 0.0010311603546142578, 0.0006535053253173828], [0.0007669925689697266, 0.00044274330139160156, 0.0005333423614501953, 0.0005714893341064453, 0.0005407333374023438, 0.00060272216796875, 0.0005459785461425781, 0.0004711151123046875, 0.0005011558532714844, 0.0005600452423095703, 0.0005080699920654297, 0.0005545616149902344, 0.0003910064697265625, 0.0006260871887207031, 0.0006947517395019531, 0.00041031837463378906], 0.003477334976196289], [0.6962995529174805, 0.031368255615234375, [0.04663968086242676, 0.04315948486328125, 0.04970049858093262, 0.04147768020629883, 0.042466163635253906, 0.03931117057800293, 0.03440403938293457, 0.04062914848327637, 0.042290687561035156, 0.04448080062866211, 0.03590130805969238, 0.03332400321960449, 0.034127235412597656, 0.04373049736022949, 0.0364687442779541, 0.03741312026977539], [0.0008273124694824219, 0.0010066032409667969, 0.0007669925689697266, 0.0006074905395507812, 0.0005795955657958984, 0.0006973743438720703, 0.00075531005859375, 0.0005538463592529297, 0.0006351470947265625, 0.000568389892578125, 0.0005898475646972656, 0.0006427764892578125, 0.0005407333374023438, 0.0006086826324462891, 0.0006959438323974609, 0.0006093978881835938], [0.0007774829864501953, 0.00047278404235839844, 0.0003681182861328125, 0.0005891323089599609, 0.00044274330139160156, 0.0003771781921386719, 0.0005490779876708984, 0.0003705024719238281, 0.00040912628173828125, 0.00038170814514160156, 0.0004394054412841797, 0.00036835670471191406, 0.0003113746643066406, 0.0003104209899902344, 0.00044155120849609375, 0.0002689361572265625], 0.0017375946044921875]]], "map_execution": [3.091613292694092], "map_invoke": [[0.49872446060180664, 0.5959048271179199, 0.586665153503418, 0.5622382164001465]], "create_reduce_data": [0.15552639961242676], "reduce_iterdata_times": [0.15477228164672852], "reduce_queries_times": [[0.03765702247619629]], "reduce_execution_times": [3.1986382007598877], "reduce_invoke": [[0.6110293865203857]], "divide_reduce_times": [0.00018739700317382812], "total_querying_times": [6.703878164291382],