{"shuffle_centroids_times": [0.03863382339477539], "map_iterdata_times": [5.50899338722229], "create_map_data": [5.657294273376465], "map_queries_times": [[[1.4744367599487305, 0.49866247177124023, [0.04288148880004883, 0.03653669357299805, 0.05375528335571289, 0.038193464279174805, 0.046491384506225586, 0.03895092010498047, 0.04053783416748047, 0.03995537757873535, 0.04459357261657715, 0.04628419876098633, 0.04830765724182129, 0.03872418403625488, 0.04050922393798828, 0.03521108627319336, 0.03422808647155762, 0.040300846099853516], [0.0006940364837646484, 0.0008702278137207031, 0.0005729198455810547, 0.0005781650543212891, 0.000713348388671875, 0.0007722377777099609, 0.0005927085876464844, 0.0006475448608398438, 0.0006754398345947266, 0.0006203651428222656, 0.0008511543273925781, 0.00066375732421875, 0.0006444454193115234, 0.0005915164947509766, 0.0005881786346435547, 0.0006616115570068359], [0.017231464385986328, 0.010489940643310547, 0.011679410934448242, 0.010281801223754883, 0.011421680450439453, 0.012074470520019531, 0.010537147521972656, 0.01160287857055664, 0.010691165924072266, 0.010650873184204102, 0.012163639068603516, 0.010704517364501953, 0.010527610778808594, 0.011002063751220703, 0.010176897048950195, 0.0112457275390625], 0.1169900894165039], [1.476630687713623, 0.39372754096984863, [0.0464627742767334, 0.052399635314941406, 0.04655623435974121, 0.037517547607421875, 0.04159903526306152, 0.048925161361694336, 0.04400324821472168, 0.037393808364868164, 0.03965115547180176, 0.04699850082397461, 0.04088163375854492, 0.03916740417480469, 0.03659319877624512, 0.03786802291870117, 0.04544472694396973, 0.046202659606933594], [0.0006020069122314453, 0.0007524490356445312, 0.00047659873962402344, 0.0007150173187255859, 0.0005674362182617188, 0.0005435943603515625, 0.0006439685821533203, 0.0008578300476074219, 0.0006041526794433594, 0.0005877017974853516, 0.00061798095703125, 0.0006005764007568359, 0.0005640983581542969, 0.0006721019744873047, 0.0006012916564941406, 0.0006947517395019531], [0.011780023574829102, 0.013705968856811523, 0.011737823486328125, 0.011862516403198242, 0.010928630828857422, 0.01087331771850586, 0.09006810188293457, 0.011452674865722656, 0.010663747787475586, 0.011516094207763672, 0.010579109191894531, 0.011574745178222656, 0.010578155517578125, 0.01067972183227539, 0.012681961059570312, 0.012172937393188477], 0.12214422225952148], [1.5212805271148682, 0.5230369567871094, [0.04827308654785156, 0.03871750831604004, 0.04227399826049805, 0.037436485290527344, 0.038967132568359375, 0.04152965545654297, 0.04714012145996094, 0.03523659706115723, 0.0474855899810791, 0.04398751258850098, 0.03916811943054199, 0.040187835693359375, 0.040166616439819336, 0.03606772422790527, 0.04934048652648926, 0.04643511772155762], [0.0006365776062011719, 0.000659942626953125, 0.0006721019744873047, 0.0007495880126953125, 0.0007431507110595703, 0.0007491111755371094, 0.0006351470947265625, 0.000720977783203125, 0.0005466938018798828, 0.0006499290466308594, 0.0006864070892333984, 0.0006573200225830078, 0.0007030963897705078, 0.0006256103515625, 0.0006840229034423828, 0.0006318092346191406], [0.017177343368530273, 0.010885000228881836, 0.012950420379638672, 0.010891437530517578, 0.011318445205688477, 0.013392925262451172, 0.010780811309814453, 0.012104511260986328, 0.01074671745300293, 0.010794878005981445, 0.011927127838134766, 0.010781049728393555, 0.010986566543579102, 0.013251543045043945, 0.010965347290039062, 0.01328420639038086], 0.12271595001220703], [1.3106179237365723, 0.34815359115600586, [0.04228687286376953, 0.04140949249267578, 0.03876066207885742, 0.04178905487060547, 0.03771328926086426, 0.037015438079833984, 0.04255318641662598, 0.03418326377868652, 0.04446840286254883, 0.040679931640625, 0.03501725196838379, 0.04374551773071289, 0.042591094970703125, 0.046903371810913086, 0.04707002639770508, 0.03577470779418945], [0.0005707740783691406, 0.0005288124084472656, 0.0005664825439453125, 0.0006780624389648438, 0.0005166530609130859, 0.0005543231964111328, 0.0006124973297119141, 0.0005483627319335938, 0.0006511211395263672, 0.0005505084991455078, 0.0005364418029785156, 0.0005755424499511719, 0.0005769729614257812, 0.0004088878631591797, 0.0007481575012207031, 0.0007078647613525391], [0.010036706924438477, 0.01072382926940918, 0.008418083190917969, 0.00882267951965332, 0.00823664665222168, 0.008347749710083008, 0.06888866424560547, 0.008785009384155273, 0.00907278060913086, 0.00978708267211914, 0.008060455322265625, 0.00985860824584961, 0.008136272430419922, 0.008735895156860352, 0.00906229019165039, 0.00820469856262207], 0.0978851318359375]]], "map_execution": [5.1341047286987305], "map_invoke": [[0.49211931228637695, 0.6090292930603027, 0.49797797203063965, 0.4975926876068115]], "create_reduce_data": [0.18805408477783203], "reduce_iterdata_times": [0.18717646598815918], "reduce_queries_times": [[0.15612101554870605]], "reduce_execution_times": [3.1834826469421387], "reduce_invoke": [[0.5532145500183105]], "divide_reduce_times": [8.225440979003906e-05], "total_querying_times": [14.163018226623535],