{"shuffle_centroids_times": [0.04121589660644531], "map_iterdata_times": [0.2692704200744629], "create_map_data": [0.35584092140197754], "map_queries_times": [[[1.038839340209961, 0.1375288963317871, [0.04522061347961426, 0.0411524772644043, 0.040203094482421875, 0.03993082046508789, 0.045476675033569336, 0.05017709732055664, 0.043998003005981445, 0.1352522373199463, 0.04485797882080078, 0.03781747817993164, 0.03937029838562012, 0.04300737380981445, 0.04034757614135742, 0.04242372512817383, 0.047502756118774414, 0.036895036697387695], [0.0006592273712158203, 0.0008673667907714844, 0.0005900859832763672, 0.0005750656127929688, 0.0007462501525878906, 0.0007367134094238281, 0.0005879402160644531, 0.0008022785186767578, 0.000934600830078125, 0.0007314682006835938, 0.0009005069732666016, 0.0007374286651611328, 0.0006852149963378906, 0.0006814002990722656, 0.0006709098815917969, 0.0007123947143554688], [0.006914854049682617, 0.0015759468078613281, 0.002713918685913086, 0.005429983139038086, 0.0055353641510009766, 0.0052890777587890625, 0.005270481109619141, 0.0017209053039550781, 0.004316091537475586, 0.003830432891845703, 0.0060536861419677734, 0.005561351776123047, 0.0038955211639404297, 0.008330583572387695, 0.0021278858184814453, 0.00557255744934082], 0.04180192947387695], [0.9880850315093994, 0.10872435569763184, [0.05397963523864746, 0.044037580490112305, 0.047214508056640625, 0.03369545936584473, 0.04217171669006348, 0.042932748794555664, 0.0346074104309082, 0.05312633514404297, 0.03521537780761719, 0.04390358924865723, 0.045752525329589844, 0.03636670112609863, 0.04052424430847168, 0.04043912887573242, 0.0472407341003418, 0.04294872283935547], [0.0005903244018554688, 0.0006077289581298828, 0.0007297992706298828, 0.0008339881896972656, 0.0006363391876220703, 0.0006024837493896484, 0.0006155967712402344, 0.000568389892578125, 0.0005426406860351562, 0.0007691383361816406, 0.0009553432464599609, 0.0009970664978027344, 0.0007884502410888672, 0.0008270740509033203, 0.0008776187896728516, 0.0008790493011474609], [0.008818864822387695, 0.0056345462799072266, 0.0031690597534179688, 0.0022430419921875, 0.0032951831817626953, 0.002976655960083008, 0.0030050277709960938, 0.0061762332916259766, 0.09476137161254883, 0.0029964447021484375, 0.0028791427612304688, 0.002165079116821289, 0.0022716522216796875, 0.004345417022705078, 0.002454996109008789, 0.0029077529907226562], 0.03316855430603027], [0.815403938293457, 0.09621500968933105, [0.05104851722717285, 0.03344082832336426, 0.03846430778503418, 0.04865241050720215, 0.030925989151000977, 0.03971576690673828, 0.036287784576416016, 0.04260396957397461, 0.029428958892822266, 0.037305355072021484, 0.03910946846008301, 0.04300737380981445, 0.03879427909851074, 0.05039238929748535, 0.0358583927154541, 0.03747105598449707], [0.0006663799285888672, 0.0006148815155029297, 0.0011317729949951172, 0.0005145072937011719, 0.0006804466247558594, 0.0005905628204345703, 0.0006191730499267578, 0.0006003379821777344, 0.0004787445068359375, 0.0006725788116455078, 0.00045299530029296875, 0.0004982948303222656, 0.00048470497131347656, 0.0005130767822265625, 0.0005478858947753906, 0.000469207763671875], [0.003629922866821289, 0.0024483203887939453, 0.001842498779296875, 0.0068759918212890625, 0.003877401351928711, 0.0028867721557617188, 0.004017353057861328, 0.0032782554626464844, 0.0026710033416748047, 0.0020666122436523438, 0.0010809898376464844, 0.004353523254394531, 0.003178834915161133, 0.0024073123931884766, 0.0035390853881835938, 0.0018177032470703125], 0.027067899703979492], [0.8501272201538086, 0.07645726203918457, [0.07504153251647949, 0.042996883392333984, 0.046112060546875, 0.04117918014526367, 0.0441133975982666, 0.03611421585083008, 0.039543867111206055, 0.04619026184082031, 0.043674468994140625, 0.03901863098144531, 0.04197406768798828, 0.045778512954711914, 0.03879189491271973, 0.035047054290771484, 0.0408167839050293, 0.04245305061340332], [0.0007181167602539062, 0.0005838871002197266, 0.0005679130554199219, 0.0007314682006835938, 0.0006361007690429688, 0.0006425380706787109, 0.0006401538848876953, 0.0007255077362060547, 0.0005559921264648438, 0.0005548000335693359, 0.0006632804870605469, 0.0006282329559326172, 0.0006849765777587891, 0.0007271766662597656, 0.0009229183197021484, 0.0006003379821777344], [0.003374338150024414, 0.002842426300048828, 0.0029706954956054688, 0.0035371780395507812, 0.002093076705932617, 0.0018002986907958984, 0.003440380096435547, 0.0027289390563964844, 0.0020084381103515625, 0.002323627471923828, 0.0022513866424560547, 0.002833127975463867, 0.002946138381958008, 0.00225067138671875, 0.001123666763305664, 0.002782583236694336], 0.022817134857177734]]], "map_execution": [3.222562551498413], "map_invoke": [[0.5938277244567871, 0.5901479721069336, 0.5376689434051514, 0.5937075614929199]], "create_reduce_data": [0.1821599006652832], "reduce_iterdata_times": [0.1810905933380127], "reduce_queries_times": [[0.13995575904846191]], "reduce_execution_times": [3.0870375633239746], "reduce_invoke": [[0.5327961444854736]], "divide_reduce_times": [4.9114227294921875e-05], "total_querying_times": [6.8476502895355225],