{"shuffle_centroids_times": [[]], "map_iterdata_times": [[]], "create_map_data": [0.13410615921020508], "map_queries_times": [[[11.187711954116821, 0.035237789154052734, [0.36328721046447754, 0.3281822204589844, 0.3070650100708008, 0.30596494674682617, 0.747816801071167, 0.7559468746185303, 0.7613074779510498, 0.7933721542358398, 0.7653048038482666, 0.7619109153747559, 0.771209716796875, 0.7736647129058838, 0.7709090709686279, 0.7741372585296631, 0.7676956653594971, 0.7697644233703613], [0.04774785041809082, 0.046213626861572266, 0.024831056594848633, 0.024829626083374023, 0.024821758270263672, 0.025104045867919922, 0.024913549423217773, 0.024769306182861328, 0.02470231056213379, 0.024973392486572266, 0.02463388442993164, 0.02480792999267578, 0.025294780731201172, 0.024652481079101562, 0.02483391761779785, 0.02463507652282715], [0.011843442916870117, 0.010080575942993164, 0.011919021606445312, 0.01131129264831543, 0.011475563049316406, 0.012295007705688477, 0.011766910552978516, 0.011324405670166016, 0.01148533821105957, 0.011150598526000977, 0.012020111083984375, 0.009233951568603516, 0.012270212173461914, 0.01194906234741211, 0.00960087776184082, 0.010154008865356445], 0.013120889663696289], [11.104865074157715, 0.03446030616760254, [0.3799300193786621, 0.36051368713378906, 0.37142252922058105, 0.3520185947418213, 0.4786190986633301, 0.8549394607543945, 0.7534613609313965, 0.7235419750213623, 0.7733006477355957, 0.7703723907470703, 0.7638089656829834, 0.7651360034942627, 0.7637388706207275, 0.7672491073608398, 0.7623121738433838, 0.7662515640258789], [0.048172950744628906, 0.0469205379486084, 0.026341676712036133, 0.02516913414001465, 0.024941444396972656, 0.025058746337890625, 0.02533721923828125, 0.025275230407714844, 0.025226354598999023, 0.025125503540039062, 0.024919509887695312, 0.02508258819580078, 0.025748729705810547, 0.025487899780273438, 0.02554941177368164, 0.025105953216552734], [0.012806892395019531, 0.01439046859741211, 0.012374639511108398, 0.012769222259521484, 0.01259469985961914, 0.012582063674926758, 0.01262211799621582, 0.01203608512878418, 0.012429952621459961, 0.011789560317993164, 0.01215982437133789, 0.01235818862915039, 0.011512279510498047, 0.012530803680419922, 0.013941287994384766, 0.012389183044433594], 0.012862920761108398], [11.180498600006104, 0.03670001029968262, [0.3320896625518799, 0.2982351779937744, 0.2862279415130615, 0.39159703254699707, 0.7416431903839111, 0.7460930347442627, 0.7773952484130859, 0.7961699962615967, 0.7620325088500977, 0.8466718196868896, 0.7444286346435547, 0.7543444633483887, 0.8436059951782227, 0.7428319454193115, 0.7547309398651123, 0.8445396423339844], [0.035828351974487305, 0.034654855728149414, 0.01800704002380371, 0.017366409301757812, 0.0176544189453125, 0.017301321029663086, 0.016682147979736328, 0.017262935638427734, 0.01677727699279785, 0.017576932907104492, 0.017309188842773438, 0.016753673553466797, 0.017458200454711914, 0.016956329345703125, 0.016951799392700195, 0.017049789428710938], [0.01109004020690918, 0.00960230827331543, 0.010046243667602539, 0.010990381240844727, 0.010333061218261719, 0.009829282760620117, 0.01000070571899414, 0.009518861770629883, 0.008336544036865234, 0.010165214538574219, 0.010345935821533203, 0.010111570358276367, 0.010362386703491211, 0.008935213088989258, 0.008574247360229492, 0.01029658317565918], 0.010860919952392578], [11.050558805465698, 0.03483891487121582, [0.3278517723083496, 0.30573248863220215, 0.31664586067199707, 0.303494930267334, 0.7620143890380859, 0.7569136619567871, 0.7572507858276367, 0.7590622901916504, 0.7600913047790527, 0.7642998695373535, 0.7694759368896484, 0.7737665176391602, 0.7543892860412598, 0.7611594200134277, 0.767230749130249, 0.7631204128265381], [0.04427647590637207, 0.043318986892700195, 0.024588346481323242, 0.024224281311035156, 0.024435758590698242, 0.024173736572265625, 0.024019241333007812, 0.024132966995239258, 0.023951292037963867, 0.023973703384399414, 0.024054527282714844, 0.024227380752563477, 0.02557826042175293, 0.024351119995117188, 0.024097204208374023, 0.02416372299194336], [0.011645793914794922, 0.010389566421508789, 0.011357307434082031, 0.011083841323852539, 0.011708259582519531, 0.01122140884399414, 0.011271476745605469, 0.010439634323120117, 0.010661125183105469, 0.011357784271240234, 0.00969552993774414, 0.011578559875488281, 0.011474847793579102, 0.011106252670288086, 0.01074671745300293, 0.008695840835571289], 0.011057376861572266]]], "map_execution": [13.10370421409607], "map_invoke": [[0.5334725379943848, 0.5783207416534424, 0.5070846080780029, 0.517559289932251]], "create_reduce_data": [0.26363468170166016], "reduce_iterdata_times": [0.26227498054504395], "reduce_queries_times": [[0.03867363929748535]], "reduce_execution_times": [3.0627503395080566], "reduce_invoke": [[0.5677821636199951]], "divide_reduce_times": [3.838539123535156e-05], "total_querying_times": [16.564234495162964], "recalls": [[100.0, 100.0, 100.0, 100.0, 100.0, 100.0, 100.0, 100.0, 100.0, 100.0, 100.0, 100.0, 100.0, 100.0, 100.0, 100.0, 100.0, 100.0, 100.0, 100.0, 100.0, 100.0, 100.0, 100.0, 100.0, 100.0, 100.0, 100.0, 100.0, 100.0, 100.0, 100.0, 100.0, 100.0, 100.0, 100.0, 100.0, 100.0, 100.0, 100.0, 100.0, 100.0, 100.0, 100.0, 100.0, 100.0, 100.0, 100.0, 100.0, 100.0, 100.0, 100.0, 100.0, 100.0, 100.0, 100.0, 100.0, 100.0, 100.0, 100.0, 100.0, 100.0, 100.0, 90.0, 100.0, 100.0, 100.0, 100.0, 100.0, 100.0, 100.0, 100.0, 100.0, 100.0, 100.0, 100.0, 100.0, 100.0, 100.0, 100.0, 100.0, 100.0, 100.0, 100.0, 100.0, 100.0, 100.0, 100.0, 100.0, 100.0, 100.0, 90.0, 100.0, 100.0, 100.0, 90.0, 100.0, 100.0, 100.0, 100.0]], "reduce_queries_times_mean": 0.03867363929748535, "total_querying_times_mean": 16.564234495162964, "recalls_mean": 99.7, "number_queries": 100, "params": {"dataset": "deep", "features": 96, "k_search": 10, "num_index": 64, "replication_threshold": 1.0, "num_centroids_search": 4, "k": 512, "kmeans_version": "unbalanced", "n_probe": 32, "query_batch_size": 16, "implementation": "blocks", "indexing_memory": 10240, "search_map_memory": 8192, "search_reduce_memory": 2048}}