{"shuffle_centroids_times": [[]], "map_iterdata_times": [[]], "create_map_data": [0.04033827781677246], "map_queries_times": [[[11.413799285888672, 0.0318913459777832, [1.499455213546753, 3.063490390777588, 2.9958534240722656, 3.15583872795105], [0.1332993507385254, 0.13257265090942383, 0.0737142562866211, 0.13137483596801758], [0.04644513130187988, 0.043089866638183594, 0.050966739654541016, 0.05292940139770508], 0.0028243064880371094], [11.470783948898315, 0.041159868240356445, [1.558917760848999, 3.1156721115112305, 2.935980796813965, 3.108051300048828], [0.17915964126586914, 0.1782991886138916, 0.09579944610595703, 0.09422659873962402], [0.037886857986450195, 0.04166078567504883, 0.03893160820007324, 0.04161548614501953], 0.0033652782440185547], [11.475324153900146, 0.0328679084777832, [1.5723674297332764, 2.9899299144744873, 3.0188844203948975, 3.1009576320648193], [0.16631460189819336, 0.16795635223388672, 0.09925985336303711, 0.16422057151794434], [0.03725624084472656, 0.04013252258300781, 0.04135870933532715, 0.041018009185791016], 0.0027494430541992188], [11.305512189865112, 0.03809928894042969, [1.619570016860962, 2.874124050140381, 3.0056560039520264, 3.068091630935669], [0.17963004112243652, 0.17734527587890625, 0.09256529808044434, 0.09303545951843262], [0.03866076469421387, 0.03994894027709961, 0.03692960739135742, 0.03846096992492676], 0.0033338069915771484]]], "map_execution": [15.10347318649292], "map_invoke": [[0.4591028690338135, 0.5593545436859131, 0.504946231842041, 0.5412881374359131]], "create_reduce_data": [0.260270357131958], "reduce_iterdata_times": [0.2590329647064209], "reduce_queries_times": [[0.040451765060424805]], "reduce_execution_times": [3.0685019493103027], "reduce_invoke": [[0.6825644969940186]], "divide_reduce_times": [1.4066696166992188e-05], "total_querying_times": [18.472598552703857], "recalls": [[100.0, 100.0, 100.0, 100.0, 100.0, 100.0, 100.0, 100.0, 100.0, 100.0, 100.0, 100.0, 100.0, 100.0, 100.0, 100.0, 100.0, 100.0, 100.0, 100.0, 100.0, 100.0, 100.0, 100.0, 100.0, 100.0, 100.0, 100.0, 100.0, 100.0, 100.0, 100.0, 100.0, 100.0, 100.0, 100.0, 100.0, 100.0, 100.0, 100.0, 100.0, 100.0, 100.0, 100.0, 100.0, 90.0, 100.0, 100.0, 100.0, 100.0, 100.0, 100.0, 100.0, 100.0, 100.0, 100.0, 100.0, 100.0, 100.0, 100.0, 100.0, 100.0, 100.0, 100.0, 100.0, 100.0, 100.0, 100.0, 100.0, 100.0, 100.0, 100.0, 100.0, 100.0, 100.0, 100.0, 100.0, 100.0, 100.0, 100.0, 100.0, 100.0, 100.0, 100.0, 90.0, 100.0, 100.0, 100.0, 100.0, 100.0, 100.0, 90.0, 100.0, 80.0, 100.0, 100.0, 100.0, 100.0, 90.0, 100.0]], "reduce_queries_times_mean": 0.040451765060424805, "total_querying_times_mean": 18.472598552703857, "recalls_mean": 99.4, "number_queries": 100, "params": {"dataset": "deep", "features": 96, "k_search": 10, "num_index": 16, "replication_threshold": 1.0, "num_centroids_search": 4, "k": 512, "kmeans_version": "unbalanced", "n_probe": 32, "query_batch_size": 4, "implementation": "blocks", "indexing_memory": 10240, "search_map_memory": 8192, "search_reduce_memory": 2048}}