{"generate_index_blocks": [0.9397897720336914, 1.0159687995910645, 0.9462261199951172, 0.9457991123199463, 0.8579432964324951, 0.9764261245727539, 1.7475323677062988, 0.9850118160247803, 1.016211748123169, 0.8093602657318115, 0.8726441860198975, 1.0158743858337402, 0.8964533805847168, 0.8895416259765625, 0.8762633800506592, 0.9665484428405762], "total_indexing_blocks": 4.1410510540008545, "shuffle_centroids_times": [], "map_iterdata_times": [], "map_queries_times": [], "reduce_iterdata_times": [], "reduce_queries_times": [], "total_querying_times": [], "recalls": [], "generate_index_blocks_mean": 0.98484967648983, "params": {"dataset": "deep_100k", "features": 96, "k_search": 10, "num_index": 64, "num_centroids_search": 4, "k": 512, "n_probe": 32, "query_batch_size": 4, "indexing_memory": 10240, "search_map_memory": 9216, "search_reduce_memory": 2048}}