{"generate_index_blocks": [0.7444183826446533, 0.7980272769927979, 1.1657965183258057, 0.7950711250305176, 0.8150897026062012, 0.8177609443664551, 0.7943456172943115, 0.7628977298736572, 0.7384724617004395, 0.8182382583618164, 0.8524699211120605, 0.6425879001617432, 0.816849946975708, 0.8234920501708984, 0.730586051940918, 0.6587514877319336], "total_indexing_blocks": 4.158665657043457, "shuffle_centroids_times": [], "map_iterdata_times": [], "map_queries_times": [], "reduce_iterdata_times": [], "reduce_queries_times": [], "total_querying_times": [], "recalls": [], "generate_index_blocks_mean": 0.7984284609556198, "params": {"dataset": "deep_100k", "features": 96, "k_search": 10, "num_index": 32, "num_centroids_search": 4, "k": 512, "n_probe": 32, "query_batch_size": 4, "indexing_memory": 10240, "search_map_memory": 9216, "search_reduce_memory": 2048}}