{"generate_index_blocks": [0.7918896675109863, 0.7249975204467773, 0.7558231353759766, 0.6580491065979004, 0.7491064071655273, 0.7663066387176514, 0.7628993988037109, 0.7649502754211426, 0.7316298484802246, 1.0841648578643799, 0.664276123046875, 0.6963088512420654, 0.7409231662750244, 0.7418272495269775, 0.7454521656036377, 0.7424037456512451], "total_indexing_blocks": 3.1466288566589355, "shuffle_centroids_times": [], "map_iterdata_times": [], "map_queries_times": [], "reduce_iterdata_times": [], "reduce_queries_times": [], "total_querying_times": [], "recalls": [], "generate_index_blocks_mean": 0.7575630098581314, "params": {"dataset": "deep_100k", "features": 96, "k_search": 10, "num_index": 32, "num_centroids_search": 4, "k": 512, "n_probe": 32, "query_batch_size": 4, "indexing_memory": 10240, "search_map_memory": 9216, "search_reduce_memory": 2048}}