{"generate_index_blocks": [0.9601662158966064, 0.9183743000030518, 0.9286801815032959, 0.9037895202636719, 0.8798134326934814, 0.8017408847808838, 1.586540699005127, 0.942861795425415, 0.9290804862976074, 0.8604283332824707, 0.8776342868804932, 0.9374301433563232, 0.8857734203338623, 0.8971977233886719, 0.8357899188995361, 0.9132778644561768], "total_indexing_blocks": 4.129598379135132, "shuffle_centroids_times": [], "map_iterdata_times": [], "map_queries_times": [], "reduce_iterdata_times": [], "reduce_queries_times": [], "total_querying_times": [], "recalls": [], "generate_index_blocks_mean": 0.9411612004041672, "params": {"dataset": "deep_100k", "features": 96, "k_search": 10, "num_index": 64, "num_centroids_search": 4, "k": 512, "n_probe": 32, "query_batch_size": 4, "indexing_memory": 10240, "search_map_memory": 9216, "search_reduce_memory": 2048}}