{"generate_index_blocks": [43.527387619018555, 41.154701948165894, 40.82454037666321, 39.323190450668335, 40.73150396347046, 40.45831656455994, 40.654268741607666, 40.239044427871704, 40.610193490982056, 40.06031107902527, 40.20532202720642, 35.6394567489624, 40.77167010307312, 40.42944264411926, 40.74646496772766, 39.84318161010742, 39.94558930397034, 40.37104773521423, 40.218034744262695, 40.315868854522705, 40.76573038101196, 40.290635108947754, 40.06889033317566, 40.69895696640015, 40.151179790496826, 39.59205174446106, 40.68442344665527, 40.39659309387207, 39.86535358428955, 39.96621036529541, 35.965794801712036, 40.60985851287842], "total_indexing_blocks": 45.308456897735596, "shuffle_centroids_times": [], "map_iterdata_times": [], "map_queries_times": [], "reduce_iterdata_times": [], "reduce_queries_times": [], "total_querying_times": [], "recalls": [], "generate_index_blocks_mean": 40.16016298532486, "params": {"dataset": "sift", "features": 128, "k_search": 10, "num_index": 32, "num_centroids_search": 4, "k": 512, "n_probe": 32, "query_batch_size": 4, "indexing_memory": 6144, "search_map_memory": 9216, "search_reduce_memory": 2048}}