{"generate_index_blocks": [56.2504301071167, 44.60085201263428, 45.31132960319519, 46.43651843070984, 44.923558712005615, 50.92676663398743, 44.558457136154175, 44.624112367630005, 44.645909786224365, 44.96852231025696, 40.28175759315491, 45.194897413253784, 45.16191363334656, 45.034019231796265, 44.738560914993286, 45.06103491783142, 44.583014726638794, 43.73394203186035, 44.5956494808197, 44.700315952301025, 50.695818185806274, 44.878324031829834, 44.22900438308716, 45.166765451431274, 45.10503149032593, 44.99824810028076, 45.014161825180054, 44.29978108406067, 44.68715763092041, 45.13294863700867, 44.919703006744385, 44.96464681625366], "total_indexing_blocks": 58.32723808288574, "shuffle_centroids_times": [], "map_iterdata_times": [], "map_queries_times": [], "reduce_iterdata_times": [], "reduce_queries_times": [], "total_querying_times": [], "recalls": [], "generate_index_blocks_mean": 45.45072355121374, "params": {"dataset": "sift", "features": 128, "k_search": 10, "num_index": 128, "num_centroids_search": 4, "k": 512, "n_probe": 32, "query_batch_size": 4, "indexing_memory": 6144, "search_map_memory": 9216, "search_reduce_memory": 2048}}