{"generate_index_blocks": [44.05223989486694, 45.3799946308136, 44.99376320838928, 50.67086410522461, 45.15302872657776, 45.13286256790161, 50.50053787231445, 44.86574959754944, 45.33286952972412, 44.40966033935547, 44.79493808746338, 45.645764112472534, 48.14351153373718, 44.91723370552063, 50.91354513168335, 44.97845435142517, 44.26936888694763, 44.36348271369934, 44.64891743659973, 44.79644989967346, 44.97044038772583, 44.85856080055237, 54.69987392425537, 39.86727333068848, 45.26619863510132, 45.48511552810669, 44.95634436607361, 45.43810176849365, 45.17041230201721, 44.6373496055603, 44.6136519908905, 44.93273210525513], "total_indexing_blocks": 57.408517837524414, "shuffle_centroids_times": [], "map_iterdata_times": [], "map_queries_times": [], "reduce_iterdata_times": [], "reduce_queries_times": [], "total_querying_times": [], "recalls": [], "generate_index_blocks_mean": 45.71435284614563, "params": {"dataset": "sift", "features": 128, "k_search": 10, "num_index": 128, "num_centroids_search": 4, "k": 512, "n_probe": 32, "query_batch_size": 4, "indexing_memory": 6144, "search_map_memory": 9216, "search_reduce_memory": 2048}}