{"shuffle_centroids_times": [[]], "map_iterdata_times": [0.060559749603271484], "map_queries_times": [[[15.580694437026978, 0.14469599723815918, [0.22767138481140137, 0.2110295295715332, 0.2180187702178955, 0.2163410186767578, 0.22183847427368164, 0.21958208084106445, 0.21907544136047363, 0.21578383445739746, 0.4200253486633301, 0.42073917388916016, 0.5140223503112793, 0.41867804527282715, 0.4167001247406006, 0.45346665382385254, 0.5109121799468994, 0.41681432723999023, 0.408397912979126, 0.5145504474639893, 0.4141690731048584, 0.4187748432159424, 0.4170992374420166, 0.5114562511444092, 0.40796351432800293, 0.4214498996734619, 0.5046064853668213, 0.4152708053588867, 0.41311144828796387, 0.5027689933776855, 0.40920424461364746, 0.41579604148864746, 0.5091629028320312, 0.41287827491760254], [0.028761625289916992, 0.02916264533996582, 0.018504619598388672, 0.028927326202392578, 0.016871213912963867, 0.017274141311645508, 0.01719975471496582, 0.016967296600341797, 0.01673436164855957, 0.016603708267211914, 0.016770362854003906, 0.018922090530395508, 0.01663804054260254, 0.01710820198059082, 0.01686382293701172, 0.01688218116760254, 0.016802310943603516, 0.01712489128112793, 0.01691126823425293, 0.016956806182861328, 0.01682448387145996, 0.016769886016845703, 0.016852378845214844, 0.01709151268005371, 0.016881704330444336, 0.01694202423095703, 0.01679515838623047, 0.016855239868164062, 0.016875743865966797, 0.017344951629638672, 0.016974925994873047, 0.017095565795898438], [0.0750737190246582, 0.06992530822753906, 0.07692670822143555, 0.07617807388305664, 0.08451724052429199, 0.07826900482177734, 0.06845355033874512, 0.07062888145446777, 0.07379031181335449, 0.06512165069580078, 0.06520342826843262, 0.06780838966369629, 0.07093930244445801, 0.06660246849060059, 0.0666036605834961, 0.0660712718963623, 0.07520127296447754, 0.07480669021606445, 0.07034039497375488, 0.07515907287597656, 0.06781458854675293, 0.0690157413482666, 0.07191658020019531, 0.07382726669311523, 0.06968045234680176, 0.07440066337585449, 0.06788468360900879, 0.07339000701904297, 0.08062458038330078, 0.06760501861572266, 0.07010030746459961, 0.07496476173400879], 0.13813281059265137], [15.620163202285767, 0.041591644287109375, [0.22342824935913086, 0.20849299430847168, 0.21360111236572266, 0.20502686500549316, 0.21247315406799316, 0.2135324478149414, 0.20650601387023926, 0.25219011306762695, 0.41832709312438965, 0.5036232471466064, 0.42400288581848145, 0.41806817054748535, 0.5053327083587646, 0.41622471809387207, 0.44982123374938965, 0.5080711841583252, 0.41354966163635254, 0.4248225688934326, 0.509925127029419, 0.4140903949737549, 0.42000460624694824, 0.5108025074005127, 0.4171631336212158, 0.42020344734191895, 0.5065088272094727, 0.4193267822265625, 0.42911505699157715, 0.48912835121154785, 0.4229404926300049, 0.5049886703491211, 0.4251246452331543, 0.42394304275512695], [0.027951478958129883, 0.028710126876831055, 0.01723647117614746, 0.01655721664428711, 0.016632556915283203, 0.016814470291137695, 0.016810178756713867, 0.016551971435546875, 0.016431808471679688, 0.0166471004486084, 0.016268253326416016, 0.016434907913208008, 0.016572952270507812, 0.01657891273498535, 0.0171353816986084, 0.016838550567626953, 0.016787052154541016, 0.01674342155456543, 0.016653060913085938, 0.016443252563476562, 0.016603469848632812, 0.016315937042236328, 0.0163724422454834, 0.01664423942565918, 0.01671576499938965, 0.016567230224609375, 0.016631603240966797, 0.016602277755737305, 0.01644134521484375, 0.016660690307617188, 0.016827821731567383, 0.016770601272583008], [0.17401647567749023, 0.07488822937011719, 0.07151484489440918, 0.07664108276367188, 0.07018589973449707, 0.07300877571105957, 0.07100605964660645, 0.06930184364318848, 0.06980514526367188, 0.06750178337097168, 0.07097601890563965, 0.0678398609161377, 0.06174063682556152, 0.0679013729095459, 0.06886935234069824, 0.07573294639587402, 0.07206416130065918, 0.07567620277404785, 0.07375383377075195, 0.06843876838684082, 0.0690605640411377, 0.05939793586730957, 0.07205605506896973, 0.06829953193664551, 0.07159209251403809, 0.07170987129211426, 0.06597495079040527, 0.07168245315551758, 0.06905388832092285, 0.06557035446166992, 0.07249784469604492, 0.07567024230957031], 0.13847875595092773], [15.803762674331665, 0.047235965728759766, [0.2665281295776367, 0.22893333435058594, 0.22460222244262695, 0.20757627487182617, 0.21702909469604492, 0.23700642585754395, 0.2134871482849121, 0.2602417469024658, 0.3375868797302246, 0.5097408294677734, 0.42028212547302246, 0.50783371925354, 0.41521406173706055, 0.4205896854400635, 0.5132193565368652, 0.4226071834564209, 0.42194247245788574, 0.4257841110229492, 0.5092892646789551, 0.41730427742004395, 0.4234039783477783, 0.4148402214050293, 0.42069363594055176, 0.5059177875518799, 0.4193110466003418, 0.5033156871795654, 0.4201667308807373, 0.4130434989929199, 0.4274861812591553, 0.5141348838806152, 0.4195542335510254, 0.5071640014648438], [0.0234377384185791, 0.023449182510375977, 0.012148380279541016, 0.012424945831298828, 0.012063741683959961, 0.012217044830322266, 0.012643098831176758, 0.011400699615478516, 0.011986732482910156, 0.012698650360107422, 0.011913299560546875, 0.012892723083496094, 0.012277603149414062, 0.011963605880737305, 0.011603355407714844, 0.01296854019165039, 0.012127876281738281, 0.012188434600830078, 0.011810541152954102, 0.011891365051269531, 0.013124465942382812, 0.012415170669555664, 0.012291669845581055, 0.011900663375854492, 0.012292146682739258, 0.013298273086547852, 0.012047052383422852, 0.01234579086303711, 0.01255035400390625, 0.012050390243530273, 0.01241612434387207, 0.012434720993041992], [0.07965373992919922, 0.07639002799987793, 0.07908344268798828, 0.0916297435760498, 0.08159446716308594, 0.07314395904541016, 0.07741904258728027, 0.08179616928100586, 0.07761597633361816, 0.07365274429321289, 0.07795381546020508, 0.07913517951965332, 0.08273172378540039, 0.07288289070129395, 0.07253170013427734, 0.08441448211669922, 0.08933162689208984, 0.08187198638916016, 0.0734398365020752, 0.07440948486328125, 0.13054561614990234, 0.08742070198059082, 0.07550859451293945, 0.08608222007751465, 0.0765676498413086, 0.08510589599609375, 0.08078956604003906, 0.07276606559753418, 0.07442069053649902, 0.07855367660522461, 0.07730817794799805, 0.07781720161437988], 0.19147205352783203], [15.51667833328247, 0.05201387405395508, [0.23108625411987305, 0.21245765686035156, 0.21424603462219238, 0.2291572093963623, 0.20142817497253418, 0.20971989631652832, 0.19895410537719727, 0.2029736042022705, 0.4146432876586914, 0.4241964817047119, 0.42173027992248535, 0.5076813697814941, 0.4121880531311035, 0.41962265968322754, 0.4185347557067871, 0.5058193206787109, 0.42133331298828125, 0.41670656204223633, 0.5039563179016113, 0.3649599552154541, 0.5153915882110596, 0.4185216426849365, 0.4175238609313965, 0.41925597190856934, 0.5056624412536621, 0.41608548164367676, 0.4218614101409912, 0.43152308464050293, 0.5080952644348145, 0.4131581783294678, 0.4162263870239258, 0.41822123527526855], [0.022423744201660156, 0.023047924041748047, 0.01184701919555664, 0.012867450714111328, 0.012151956558227539, 0.012357950210571289, 0.012571334838867188, 0.01200413703918457, 0.012656927108764648, 0.012984752655029297, 0.012442588806152344, 0.012159585952758789, 0.011994361877441406, 0.011901617050170898, 0.012059688568115234, 0.015207290649414062, 0.012014150619506836, 0.012035608291625977, 0.011755943298339844, 0.012402057647705078, 0.012376785278320312, 0.012343168258666992, 0.012340545654296875, 0.012334823608398438, 0.01206064224243164, 0.012177228927612305, 0.0120849609375, 0.012331724166870117, 0.012515068054199219, 0.012381553649902344, 0.012285709381103516, 0.012391090393066406], [0.08289384841918945, 0.08052849769592285, 0.07952427864074707, 0.07863926887512207, 0.09970593452453613, 0.15368890762329102, 0.07673215866088867, 0.07612085342407227, 0.0765848159790039, 0.0910484790802002, 0.08321666717529297, 