{"shuffle_centroids_times": [[]], "map_iterdata_times": [0.13082122802734375], "map_queries_times": [[[6.94706130027771, 0.044112205505371094, [0.3143017292022705, 0.2951016426086426, 0.19386506080627441, 0.2075052261352539, 0.18503236770629883, 0.24374103546142578, 0.43274497985839844, 0.20219707489013672, 0.20925521850585938, 0.34211087226867676, 0.42816996574401855, 0.4783461093902588, 0.41631507873535156, 0.45232200622558594, 0.4456756114959717, 0.44194674491882324], [0.022550106048583984, 0.023709535598754883, 0.014751672744750977, 0.023352384567260742, 0.012677907943725586, 0.012143611907958984, 0.012845993041992188, 0.012230634689331055, 0.011840105056762695, 0.01206350326538086, 0.011956930160522461, 0.01205587387084961, 0.012011051177978516, 0.012278079986572266, 0.012117147445678711, 0.012350082397460938], [0.0764915943145752, 0.08573770523071289, 0.0877084732055664, 0.07986927032470703, 0.0840144157409668, 0.07347226142883301, 0.07665228843688965, 0.08067178726196289, 0.08178114891052246, 0.0784749984741211, 0.08205819129943848, 0.07185101509094238, 0.07700347900390625, 0.06744575500488281, 0.1282520294189453, 0.09413886070251465], 0.057569265365600586], [7.134505033493042, 0.045326948165893555, [0.27622556686401367, 0.21328401565551758, 0.30294346809387207, 0.2639884948730469, 0.17967486381530762, 0.24710965156555176, 0.2100963592529297, 0.20613813400268555, 0.46175599098205566, 0.40976929664611816, 0.47160768508911133, 0.46822309494018555, 0.46431493759155273, 0.43450284004211426, 0.48832130432128906, 0.43227577209472656], [0.022692203521728516, 0.0228121280670166, 0.011798620223999023, 0.012295007705688477, 0.01190185546875, 0.012293815612792969, 0.012444019317626953, 0.012222051620483398, 0.01233220100402832, 0.012047767639160156, 0.011908531188964844, 0.01226663589477539, 0.01183319091796875, 0.012322187423706055, 0.011889219284057617, 0.012673616409301758], [0.0719456672668457, 0.08629918098449707, 0.0880422592163086, 0.06950235366821289, 0.0800166130065918, 0.07282209396362305, 0.07517051696777344, 0.07335281372070312, 0.0813443660736084, 0.0806889533996582, 0.07175850868225098, 0.08194422721862793, 0.0738992691040039, 0.07941603660583496, 0.07137036323547363, 0.07854342460632324], 0.10690665245056152], [6.888680696487427, 0.047200679779052734, [0.25796937942504883, 0.26346468925476074, 0.24435758590698242, 0.29497504234313965, 0.3378260135650635, 0.2253890037536621, 0.27353668212890625, 0.19278383255004883, 0.22985243797302246, 0.34378862380981445, 0.4443798065185547, 0.44173240661621094, 0.515514612197876, 0.44959163665771484, 0.4328763484954834, 0.4146730899810791], [0.028324604034423828, 0.028258562088012695, 0.01658916473388672, 0.01706075668334961, 0.01667928695678711, 0.016481399536132812, 0.016695022583007812, 0.01664876937866211, 0.016629934310913086, 0.016711950302124023, 0.016779661178588867, 0.016765832901000977, 0.01653289794921875, 0.016688823699951172, 0.016748905181884766, 0.016621112823486328], [0.07140159606933594, 0.07310843467712402, 0.0684206485748291, 0.07402276992797852, 0.07127618789672852, 0.0724027156829834, 0.07541108131408691, 0.06364893913269043, 0.07195496559143066, 0.06666946411132812, 0.07076072692871094, 0.06628942489624023, 0.06447768211364746, 0.07229256629943848, 0.06936430931091309, 0.07158398628234863], 0.06527924537658691], [7.158443450927734, 0.08724689483642578, [0.3281843662261963, 0.2547299861907959, 0.22058415412902832, 0.19404339790344238, 0.20547866821289062, 0.22697210311889648, 0.41440725326538086, 0.2558410167694092, 0.20129108428955078, 0.46158480644226074, 0.4431495666503906, 0.45101356506347656, 0.4821610450744629, 0.46167516708374023, 0.45040249824523926, 0.431610107421875], [0.03143143653869629, 0.031228303909301758, 0.017034292221069336, 0.017252445220947266, 0.01740741729736328, 0.017437219619750977, 0.01728534698486328, 0.017416715621948242, 0.01702570915222168, 0.017091751098632812, 0.017337799072265625, 0.017278194427490234, 0.017139673233032227, 0.017241716384887695, 0.01720881462097168, 0.016950607299804688], [0.09147334098815918, 0.06961321830749512, 0.07299566268920898, 0.07248210906982422, 0.07223081588745117, 0.07762765884399414, 0.06918764114379883, 0.07083892822265625, 0.07750463485717773, 0.07710051536560059, 0.07828807830810547, 0.08269858360290527, 0.07551789283752441, 0.07573652267456055, 0.07506608963012695, 0.06987833976745605], 0.07583832740783691], [6.876386404037476, 0.03628373146057129, [0.30187439918518066, 0.27575230598449707, 0.19660067558288574, 0.20007872581481934, 0.2236471176147461, 0.2974402904510498, 0.20511627197265625, 0.2904245853424072, 0.2756783962249756, 0.4399690628051758, 0.4242269992828369, 0.43510937690734863, 0.43650150299072266, 0.433612585067749, 0.43973565101623535, 0.41385340690612793], [0.0286865234375, 0.028607606887817383, 0.016282320022583008, 0.016468048095703125, 0.016435623168945312, 0.01659107208251953, 0.016382217407226562, 0.016471147537231445, 0.016461849212646484, 0.016562938690185547, 0.01650524139404297, 0.01671576499938965, 0.016693115234375, 0.016519546508789062, 0.016644001007080078, 0.016472578048706055], [0.07811236381530762, 0.07739877700805664, 0.06950235366821289, 0.06685543060302734, 0.07580327987670898, 0.06838321685791016, 0.07594561576843262, 0.07320857048034668, 0.06860494613647461, 0.11920285224914551, 0.06859993934631348, 0.07004809379577637, 0.07702994346618652, 0.06756877899169922, 0.0677938461303711, 0.06996941566467285], 0.06777334213256836], [7.025115728378296, 0.06712889671325684, [0.33191943168640137, 0.2874734401702881, 0.20519447326660156, 0.22677946090698242, 0.2584044933319092, 0.21652650833129883, 0.26098012924194336, 0.22927141189575195, 0.3221092224121094, 0.45499229431152344, 0.38173985481262207, 0.43010878562927246, 0.4342379570007324, 0.43886375427246094, 0.44577908515930176, 0.5086326599121094], [0.0285341739654541, 0.028554677963256836, 0.016353845596313477, 0.01671004295349121, 0.016579866409301758, 0.016696929931640625, 0.016402482986450195, 0.016598224639892578, 0.01643514633178711, 0.016501665115356445, 0.01652359962463379, 0.016527891159057617, 0.016550302505493164, 0.017132282257080078, 0.016399621963500977, 0.016428232192993164], [0.07129621505737305, 0.07321476936340332, 0.06249356269836426, 0.06783056259155273, 0.06889486312866211, 0.0670781135559082, 0.07219791412353516, 0.07961177825927734, 0.06620287895202637, 0.11539578437805176, 0.07076358795166016, 0.07061934471130371, 0.0669705867767334, 0.06987166404724121, 0.07056069374084473, 0.07547616958618164], 0.06736564636230469], [6.965759515762329, 0.04501795768737793, [0.2734501361846924, 0.20621109008789062, 0.3014237880706787, 0.1937267780303955, 0.19373130798339844, 0.19448280334472656, 0.2543525695800781, 0.2041306495666504, 0.44094038009643555, 0.5221576690673828, 0.36797547340393066, 0.44257307052612305, 0.44094300270080566, 0.48506999015808105, 0.44218969345092773, 0.4199240207672119], [0.028549909591674805, 0.02849555015563965, 0.016582489013671875, 0.016582727432250977, 0.016548871994018555, 0.016768932342529297, 0.016604900360107422, 0.0166013240814209, 0.016421079635620117, 0.01697683334350586, 0.016724348068237305, 0.016623497009277344, 0.016722679138183594, 0.016867399215698242, 0.01661992073059082, 0.01663994789123535], [0.0695953369140625, 0.0774991512298584, 0.0756223201751709, 0.07175421714782715, 0.06575751304626465, 0.07533025741577148, 0.07648468017578125, 0.06740069389343262, 0.06490564346313477, 0.06961417198181152, 0.07090091705322266, 0.06653976440429688, 0.07959938049316406, 0.07199215888977051, 0.06720280647277832, 0.11105918884277344], 0.0656883716583252], [7.035184860229492, 0.041854143142700195, [0.2786276340484619, 0.2871277332305908, 0.3490884304046631, 0.20513343811035156, 0.2699623107910156, 0.21248078346252441, 0.18135857582092285, 0.22376370429992676, 0.3137929439544678, 0.36031579971313477, 0.5060079097747803, 0.46955084800720215, 0.4519362449645996, 0.3655085563659668, 0.4641916751861572,