{"shuffle_centroids_times": [[]], "map_iterdata_times": [0.1038362979888916], "map_queries_times": [[[15.472956895828247, 0.0350947380065918, [0.3823280334472656, 0.4417693614959717, 0.33537721633911133, 0.5933423042297363, 0.7837738990783691, 0.897348165512085, 0.7801680564880371, 0.8870456218719482, 0.8713362216949463, 0.7887210845947266, 0.8138031959533691, 0.8837094306945801, 0.8672761917114258, 0.8724331855773926, 0.7765791416168213, 0.8769369125366211], [0.04372859001159668, 0.04453420639038086, 0.026164770126342773, 0.043711185455322266, 0.02533864974975586, 0.04416799545288086, 0.02432084083557129, 0.044574737548828125, 0.024826765060424805, 0.04376506805419922, 0.025339126586914062, 0.04358816146850586, 0.025190353393554688, 0.04370284080505371, 0.025115251541137695, 0.04369831085205078], [0.1781902313232422, 0.19718170166015625, 0.18828201293945312, 0.18929338455200195, 0.19814538955688477, 0.1896991729736328, 0.1798419952392578, 0.17660975456237793, 0.18364286422729492, 0.19512271881103516, 0.17754578590393066, 0.18040966987609863, 0.18757843971252441, 0.1748642921447754, 0.1814868450164795, 0.1781160831451416], 0.057944536209106445], [15.65947961807251, 0.04020857810974121, [0.4119222164154053, 0.4613969326019287, 0.3891746997833252, 0.5872623920440674, 0.847644567489624, 0.81827712059021, 0.8934509754180908, 0.8138723373413086, 0.799201250076294, 0.9116830825805664, 0.813798189163208, 0.9055867195129395, 0.892409086227417, 0.8045375347137451, 0.8962080478668213, 0.8053510189056396], [0.044161319732666016, 0.045485496520996094, 0.02493739128112793, 0.04637622833251953, 0.02570176124572754, 0.04388022422790527, 0.02610492706298828, 0.04460287094116211, 0.022465229034423828, 0.02249431610107422, 0.022810935974121094, 0.02224588394165039, 0.022136688232421875, 0.022739410400390625, 0.022290706634521484, 0.022745132446289062], [0.19519686698913574, 0.18663239479064941, 0.1701211929321289, 0.18514227867126465, 0.18145418167114258, 0.18675994873046875, 0.19052624702453613, 0.1999680995941162, 0.18936705589294434, 0.187744140625, 0.19558310508728027, 0.20183920860290527, 0.20570755004882812, 0.19037556648254395, 0.18095755577087402, 0.17934656143188477], 0.05939507484436035], [15.723315954208374, 0.052550554275512695, [0.44747161865234375, 0.40183067321777344, 0.3966975212097168, 0.5910532474517822, 0.9356799125671387, 0.8434462547302246, 0.9295117855072021, 0.9353761672973633, 0.8443734645843506, 0.939476490020752, 0.8354589939117432, 0.9451868534088135, 0.9133508205413818, 0.8377237319946289, 0.9297657012939453, 0.8336286544799805], [0.05717206001281738, 0.05667877197265625, 0.031150341033935547, 0.03139758110046387, 0.031100988388061523, 0.031508445739746094, 0.031301259994506836, 0.031177997589111328, 0.031325340270996094, 0.031128883361816406, 0.03130960464477539, 0.031352996826171875, 0.03102707862854004, 0.031624794006347656, 0.03141379356384277, 0.031194686889648438], [0.15727686882019043, 0.1527397632598877, 0.15958571434020996, 0.15189003944396973, 0.1541917324066162, 0.15584802627563477, 0.1599893569946289, 0.15401864051818848, 0.16001105308532715, 0.15310168266296387, 0.14791250228881836, 0.14948654174804688, 0.1600508689880371, 0.15865778923034668, 0.1638631820678711, 0.15326237678527832], 0.0667874813079834], [15.861633062362671, 0.04871511459350586, [0.4068615436553955, 0.3968620300292969, 0.4626162052154541, 0.5183465480804443, 0.9040255546569824, 0.8248581886291504, 0.8262355327606201, 0.9183695316314697, 0.8165781497955322, 0.9108800888061523, 0.8053431510925293, 0.9034807682037354, 0.81284499168396, 0.9105322360992432, 0.8160903453826904, 0.9125463962554932], [0.04512643814086914, 0.04543876647949219, 0.027202606201171875, 0.046044111251831055, 0.02236032485961914, 0.02372264862060547, 0.02405548095703125, 0.022693634033203125, 0.02285003662109375, 0.02361464500427246, 0.02201700210571289, 0.02306985855102539, 0.02203226089477539, 0.023508071899414062, 0.025928974151611328, 0.02353358268737793], [0.1957554817199707, 0.19211912155151367, 0.2099626064300537, 0.18428754806518555, 0.18439722061157227, 0.20663976669311523, 0.21221494674682617, 0.1870560646057129, 0.20358967781066895, 0.21027565002441406, 0.2069685459136963, 0.1903371810913086, 0.1887063980102539, 0.19200372695922852, 0.19573616981506348, 0.202178955078125], 0.0608220100402832]]], "reduce_iterdata_times": [0.20763301849365234], "reduce_queries_times": [[0.06002616882324219]], "total_querying_times": [22.660213470458984],