{"shuffle_centroids_times": [[]], "map_iterdata_times": [0.11654019355773926], "map_queries_times": [[[7.10394811630249, 0.05259251594543457, [0.5825912952423096, 0.5299196243286133, 0.6231234073638916, 0.5816559791564941, 0.5405406951904297, 0.8404035568237305, 0.9094507694244385, 0.8216128349304199], [0.06261634826660156, 0.06098031997680664, 0.03290605545043945, 0.03217887878417969, 0.0325009822845459, 0.032912492752075195, 0.03222489356994629, 0.03217172622680664], [0.16684365272521973, 0.17395973205566406, 0.16536378860473633, 0.14957690238952637, 0.15305209159851074, 0.1546926498413086, 0.1580028533935547, 0.14700865745544434], 0.034950971603393555], [7.015413761138916, 0.03803277015686035, [0.4904439449310303, 0.5519351959228516, 0.46486473083496094, 0.47098541259765625, 0.6386041641235352, 0.8317697048187256, 0.8019216060638428, 0.8992931842803955], [0.04407954216003418, 0.04467940330505371, 0.02521800994873047, 0.04395556449890137, 0.026018381118774414, 0.04460716247558594, 0.022840023040771484, 0.023292064666748047], [0.19043350219726562, 0.20241189002990723, 0.19458746910095215, 0.1872856616973877, 0.1884293556213379, 0.20037293434143066, 0.18147540092468262, 0.17899298667907715], 0.028778791427612305], [7.02409815788269, 0.04568600654602051, [0.5274155139923096, 0.46547627449035645, 0.41396427154541016, 0.47757792472839355, 0.7403156757354736, 0.8284733295440674, 0.9028522968292236, 0.9062085151672363], [0.04317760467529297, 0.042855262756347656, 0.022218942642211914, 0.02303338050842285, 0.021344900131225586, 0.022021770477294922, 0.02208709716796875, 0.021892309188842773], [0.1703038215637207, 0.17295002937316895, 0.23653578758239746, 0.17941689491271973, 0.170318603515625, 0.17445945739746094, 0.17044401168823242, 0.193375825881958], 0.02959132194519043], [6.99900484085083, 0.04564929008483887, [0.5598940849304199, 0.4874887466430664, 0.5819261074066162, 0.464601993560791, 0.6040358543395996, 0.7179751396179199, 0.9269835948944092, 0.8130137920379639], [0.04423379898071289, 0.04440641403198242, 0.022381305694580078, 0.02340984344482422, 0.022216081619262695, 0.0223848819732666, 0.022362470626831055, 0.022740602493286133], [0.1867082118988037, 0.1920769214630127, 0.20474553108215332, 0.18985271453857422, 0.19286251068115234, 0.18691682815551758, 0.18824243545532227, 0.20388317108154297], 0.027904272079467773], [6.909170866012573, 0.03743481636047363, [0.5535964965820312, 0.512718915939331, 0.5052182674407959, 0.5417771339416504, 0.5406091213226318, 0.8815927505493164, 0.8378915786743164, 0.8478858470916748], [0.05749320983886719, 0.057626962661743164, 0.035010576248168945, 0.05718183517456055, 0.03162407875061035, 0.03186178207397461, 0.031346797943115234, 0.032381534576416016], [0.16845345497131348, 0.16451311111450195, 0.15801095962524414, 0.15131902694702148, 0.15408635139465332, 0.16283178329467773, 0.16985011100769043, 0.1544175148010254], 0.032327890396118164], [7.032108306884766, 0.0426177978515625, [0.5660252571105957, 0.45389580726623535, 0.4663681983947754, 0.4371664524078369, 0.8219735622406006, 0.8173987865447998, 0.8047280311584473, 0.9147560596466064], [0.04291653633117676, 0.044203758239746094, 0.021723508834838867, 0.022248268127441406, 0.022104263305664062, 0.021854400634765625, 0.021364688873291016, 0.022310972213745117], [0.1800062656402588, 0.18198275566101074, 0.1664717197418213, 0.16867542266845703, 0.17795062065124512, 0.19266128540039062, 0.1716747283935547, 0.22109413146972656], 0.027833938598632812], [6.912620782852173, 0.03833270072937012, [0.5368170738220215, 0.4892692565917969, 0.44252514839172363, 0.4629848003387451, 0.7037551403045654, 0.9140293598175049, 0.9126522541046143, 0.806574821472168], [0.05557060241699219, 0.05577850341796875, 0.034143686294555664, 0.05556821823120117, 0.031052112579345703, 0.03099513053894043, 0.030657529830932617, 0.03151249885559082], [0.16140127182006836, 0.14525246620178223, 0.15008807182312012, 0.14674806594848633, 0.15500450134277344, 0.14773821830749512, 0.15283846855163574, 0.19131970405578613], 0.029910564422607422], [7.151116132736206, 0.06628751754760742, [0.5754554271697998, 0.5157861709594727, 0.50612473487854, 0.5222232341766357, 0.7626135349273682, 0.779658317565918, 0.8868973255157471, 0.8600850105285645], [0.05652356147766113, 0.05584430694580078, 0.030921459197998047, 0.03140878677368164, 0.031240463256835938, 0.031296491622924805, 0.03113389015197754, 0.031463623046875], [0.1582639217376709, 0.1629624366760254, 0.15852856636047363, 0.17806243896484375, 0.20532608032226562, 0.1655597686767578, 0.15613412857055664, 0.15990614891052246], 0.031305551528930664]]], "reduce_iterdata_times": [0.1555500030517578], "reduce_queries_times": [[0.10076904296875]], "total_querying_times": [12.723611116409302],