{"shuffle_centroids_times": [[]], "map_iterdata_times": [0.08724522590637207], "map_queries_times": [[[6.3558313846588135, 0.04911041259765625, [0.23391461372375488, 0.27184247970581055, 0.19110417366027832, 0.20967507362365723, 0.2065577507019043, 0.23117804527282715, 0.1947765350341797, 0.20396137237548828, 0.23081421852111816, 0.2077805995941162, 0.5108726024627686, 0.3680400848388672, 0.5088198184967041, 0.4128413200378418, 0.4201669692993164, 0.4319899082183838], [0.02810072898864746, 0.028583288192749023, 0.016824722290039062, 0.016664505004882812, 0.01650691032409668, 0.016296863555908203, 0.016196727752685547, 0.016310453414916992, 0.01642012596130371, 0.016672372817993164, 0.016480207443237305, 0.0163724422454834, 0.016553878784179688, 0.016424894332885742, 0.016493797302246094, 0.01668262481689453], [0.07431530952453613, 0.06600356101989746, 0.06873846054077148, 0.07554483413696289, 0.07846713066101074, 0.06818866729736328, 0.06816911697387695, 0.06360435485839844, 0.07103228569030762, 0.07348155975341797, 0.07002568244934082, 0.06711983680725098, 0.07115697860717773, 0.06655001640319824, 0.06835603713989258, 0.06676721572875977], 0.06709074974060059], [6.749615907669067, 0.04677534103393555, [0.24132323265075684, 0.2065742015838623, 0.28543853759765625, 0.19514036178588867, 0.19999456405639648, 0.20357537269592285, 0.26815009117126465, 0.20217275619506836, 0.2909526824951172, 0.4512495994567871, 0.4289438724517822, 0.4271118640899658, 0.4290904998779297, 0.4544987678527832, 0.4398152828216553, 0.43904566764831543], [0.02212047576904297, 0.022832632064819336, 0.012434244155883789, 0.012169122695922852, 0.011905670166015625, 0.012194156646728516, 0.012415647506713867, 0.013354301452636719, 0.012899637222290039, 0.012424468994140625, 0.012336969375610352, 0.011995077133178711, 0.012034177780151367, 0.01241302490234375, 0.012012958526611328, 0.01244497299194336], [0.08094954490661621, 0.06850790977478027, 0.07628321647644043, 0.07846927642822266, 0.08113265037536621, 0.0854024887084961, 0.07654500007629395, 0.08051824569702148, 0.07587218284606934, 0.07695817947387695, 0.08434534072875977, 0.07071137428283691, 0.07566976547241211, 0.08426785469055176, 0.08502507209777832, 0.08307027816772461], 0.05785226821899414], [6.699883699417114, 0.04383111000061035, [0.2524759769439697, 0.2788655757904053, 0.19444823265075684, 0.19994807243347168, 0.23912453651428223, 0.19665122032165527, 0.19316959381103516, 0.2644951343536377, 0.20305132865905762, 0.5178771018981934, 0.4662349224090576, 0.3534257411956787, 0.46642160415649414, 0.43479132652282715, 0.4625239372253418, 0.4642148017883301], [0.027966022491455078, 0.02830338478088379, 0.016188621520996094, 0.016544818878173828, 0.016789913177490234, 0.016682863235473633, 0.016419410705566406, 0.016759872436523438, 0.01650381088256836, 0.016573190689086914, 0.017022371292114258, 0.01723003387451172, 0.01666402816772461, 0.016544818878173828, 0.016566038131713867, 0.0162351131439209], [0.06914114952087402, 0.0723886489868164, 0.07337713241577148, 0.06372308731079102, 0.062032222747802734, 0.07518506050109863, 0.06444025039672852, 0.06883645057678223, 0.06870722770690918, 0.07114100456237793, 0.06737041473388672, 0.0762176513671875, 0.07796001434326172, 0.06954741477966309, 0.06170773506164551, 0.07127141952514648], 0.0660712718963623], [6.636658668518066, 0.0458521842956543, [0.21970796585083008, 0.21191000938415527, 0.21347975730895996, 0.20834708213806152, 0.2672438621520996, 0.1941978931427002, 0.2181873321533203, 0.284984827041626, 0.36635708808898926, 0.22153902053833008, 0.49794816970825195, 0.3587658405303955, 0.4382030963897705, 0.4426295757293701, 0.4293241500854492, 0.4373745918273926], [0.0232241153717041, 0.023264408111572266, 0.012067079544067383, 0.012293100357055664, 0.012102603912353516, 0.012944936752319336, 0.011835098266601562, 0.012374401092529297, 0.011713504791259766, 0.012750387191772461, 0.011689186096191406, 0.012042045593261719, 0.012047052383422852, 0.012215137481689453, 0.012015819549560547, 0.01307225227355957], [0.08891677856445312, 0.07941412925720215, 0.07309222221374512, 0.08144664764404297, 0.08128881454467773, 0.08023357391357422, 0.0770876407623291, 0.12718462944030762, 0.07699346542358398, 0.07090258598327637, 0.06880950927734375, 0.07519769668579102, 0.09426665306091309, 0.0762639045715332, 0.0770723819732666, 0.07635307312011719], 0.058235883712768555], [7.027800559997559, 0.04899716377258301, [0.23943805694580078, 0.216139554977417, 0.3417990207672119, 0.22985172271728516, 0.20409464836120605, 0.19693326950073242, 0.1982259750366211, 0.1898822784423828, 0.37981629371643066, 0.4464452266693115, 0.43048930168151855, 0.4521937370300293, 0.44432973861694336, 0.44791340827941895, 0.4624342918395996, 0.4699559211730957], [0.023196697235107422, 0.022862911224365234, 0.011905670166015625, 0.012079000473022461, 0.012861490249633789, 0.012081384658813477, 0.01239776611328125, 0.012978315353393555, 0.012340784072875977, 0.012146949768066406, 0.01192331314086914, 0.012170553207397461, 0.012088775634765625, 0.011972665786743164, 0.012540102005004883, 0.01236414909362793], [0.09282040596008301, 0.08234500885009766, 0.07634401321411133, 0.07614016532897949, 0.08351445198059082, 0.07428216934204102, 0.1378192901611328, 0.09340739250183105, 0.08207201957702637, 0.0760493278503418, 0.07815074920654297, 0.08758878707885742, 0.07360434532165527, 0.08411216735839844, 0.08304262161254883, 0.07146811485290527], 0.05798053741455078], [7.062255382537842, 0.042352914810180664, [0.23675131797790527, 0.20368432998657227, 0.2187328338623047, 0.22827911376953125, 0.1949901580810547, 0.23815321922302246, 0.3230266571044922, 0.20346474647521973, 0.4358527660369873, 0.44179844856262207, 0.4824178218841553, 0.4899625778198242, 0.47585248947143555, 0.4628462791442871, 0.46896815299987793, 0.3936433792114258], [0.02856159210205078, 0.029210805892944336, 0.017256736755371094, 0.016675949096679688, 0.016366243362426758, 0.016373634338378906, 0.01638031005859375, 0.01630687713623047, 0.016323566436767578, 0.016325950622558594, 0.016317129135131836, 0.016498565673828125, 0.016594409942626953, 0.016637086868286133, 0.01666712760925293, 0.016498804092407227], [0.07119989395141602, 0.07116150856018066, 0.06812119483947754, 0.06556844711303711, 0.06750702857971191, 0.06930804252624512, 0.1215519905090332, 0.07402467727661133, 0.07041025161743164, 0.07222247123718262, 0.06951546669006348, 0.06020975112915039, 0.06553888320922852, 0.07884049415588379, 0.07139444351196289, 0.07036304473876953], 0.06536412239074707], [6.390916347503662, 0.0464625358581543, [0.22551918029785156, 0.2545807361602783, 0.20563077926635742, 0.20422792434692383, 0.26682233810424805, 0.2170705795288086, 0.19772934913635254, 0.2242588996887207, 0.22697925567626953, 0.2694895267486572, 0.33755993843078613, 0.4580700397491455, 0.4342808723449707, 0.45179319381713867, 0.37505531311035156, 0.45099306106567383], [0.02860713005065918, 0.028598785400390625, 0.0164186954498291, 0.01678752899169922, 0.01661086082458496, 0.016629934310913086, 0.016518592834472656, 0.01643991470336914, 0.016605854034423828, 0.016858577728271484, 0.016632795333862305, 0.016865253448486328, 0.016292810440063477, 0.01664113998413086, 0.016413211822509766, 0.016660451889038086], [0.07568788528442383, 0.06345963478088379, 0.0736994743347168, 0.06734585762023926, 0.07646846771240234, 0.07208752632141113, 0.07306480407714844, 0.07128548622131348, 0.06710124015808105, 0.07106614112854004, 0.1262059211730957, 0.07123804092407227, 0.06555485725402832, 0.07164263725280762, 0.07302594184875488, 0.06987881660461426], 0.06581592559814453], [6.660769701004028, 0.053812265396118164, [0.30782580375671387, 0.33011555671691895, 0.24546217918395996, 0.23965024948120117, 0.21617388725280762, 0.2534756660461426, 0.23499274253845215, 0.2557995319366455, 0.21195435523986816, 0.23150992393493652, 0.2500646114349365, 0.4417839050292969, 0.439403772354126, 0.44005703926086426, 