{"shuffle_centroids_times": [0.03478288650512695], "map_iterdata_times": [0.29409265518188477], "create_map_data": [0.37500858306884766], "map_queries_times": [[[0.891547441482544, 0.12148904800415039, [0.044374942779541016, 0.041509151458740234, 0.0388484001159668, 0.03242850303649902, 0.04380679130554199, 0.039543867111206055, 0.04355025291442871, 0.040154457092285156, 0.04084420204162598, 0.04185080528259277, 0.04240155220031738, 0.039722442626953125, 0.0418848991394043, 0.04116940498352051, 0.04291796684265137, 0.042352914810180664], [0.0007348060607910156, 0.0008375644683837891, 0.0006875991821289062, 0.0008034706115722656, 0.0009019374847412109, 0.0009484291076660156, 0.0006885528564453125, 0.0006527900695800781, 0.0007936954498291016, 0.0008895397186279297, 0.0010712146759033203, 0.0009274482727050781, 0.0007052421569824219, 0.0009353160858154297, 0.0006766319274902344, 0.0008563995361328125], [0.0026183128356933594, 0.0014383792877197266, 0.002279996871948242, 0.008177042007446289, 0.00417637825012207, 0.004418134689331055, 0.003201723098754883, 0.0014574527740478516, 0.0039730072021484375, 0.0038657188415527344, 0.006590127944946289, 0.005214214324951172, 0.00319671630859375, 0.0059833526611328125, 0.002929210662841797, 0.0048482418060302734], 0.03510141372680664], [0.895820140838623, 0.10591793060302734, [0.03907632827758789, 0.048723459243774414, 0.04428839683532715, 0.04419970512390137, 0.03583025932312012, 0.04792618751525879, 0.040205955505371094, 0.038960933685302734, 0.04546236991882324, 0.0374293327331543, 0.04170942306518555, 0.04468655586242676, 0.045935630798339844, 0.05077958106994629, 0.04098153114318848, 0.04484891891479492], [0.0006911754608154297, 0.0009069442749023438, 0.0009098052978515625, 0.0009016990661621094, 0.0008342266082763672, 0.0007848739624023438, 0.0007953643798828125, 0.0009634494781494141, 0.0009014606475830078, 0.0008172988891601562, 0.0008950233459472656, 0.0009403228759765625, 0.0008428096771240234, 0.001066446304321289, 0.0008759498596191406, 0.0009181499481201172], [0.0034804344177246094, 0.00501561164855957, 0.002999544143676758, 0.0020313262939453125, 0.0030317306518554688, 0.005240201950073242, 0.0025742053985595703, 0.006145477294921875, 0.005121707916259766, 0.0026264190673828125, 0.0030455589294433594, 0.002154111862182617, 0.0022079944610595703, 0.005127668380737305, 0.002109050750732422, 0.0029976367950439453], 0.02880406379699707], [0.9047093391418457, 0.1271209716796875, [0.04630732536315918, 0.040498971939086914, 0.0482938289642334, 0.045909881591796875, 0.04935455322265625, 0.04384350776672363, 0.044333696365356445, 0.044846534729003906, 0.036243438720703125, 0.04001355171203613, 0.03797316551208496, 0.04312562942504883, 0.03475046157836914, 0.03537940979003906, 0.044896841049194336, 0.04158449172973633], [0.0009627342224121094, 0.0009453296661376953, 0.0007574558258056641, 0.0009436607360839844, 0.0011980533599853516, 0.0009732246398925781, 0.0009565353393554688, 0.0011260509490966797, 0.0007238388061523438, 0.0008687973022460938, 0.0005497932434082031, 0.0009763240814208984, 0.0007424354553222656, 0.0008516311645507812, 0.0010688304901123047, 0.0006430149078369141], [0.0039827823638916016, 0.002768278121948242, 0.0018169879913330078, 0.008016347885131836, 0.004256725311279297, 0.0035789012908935547, 0.0045239925384521484, 0.0041046142578125, 0.0030961036682128906, 0.0025739669799804688, 0.0012688636779785156, 0.005966663360595703, 0.002788066864013672, 0.0028955936431884766, 0.004308223724365234, 0.002089977264404297], 0.027806997299194336], [0.8651158809661865, 0.0844888687133789, [0.05446171760559082, 0.04058575630187988, 0.04169750213623047, 0.05306696891784668, 0.037764787673950195, 0.03704261779785156, 0.04230499267578125, 0.04100799560546875, 0.05054593086242676, 0.039923906326293945, 0.0465695858001709, 0.046312570571899414, 0.04741072654724121, 0.03938555717468262, 0.041039466857910156, 0.043511390686035156], [0.0008618831634521484, 0.0007503032684326172, 0.0008838176727294922, 0.001046895980834961, 0.0008869171142578125, 0.000732421875, 0.0008575916290283203, 0.0008640289306640625, 0.0006999969482421875, 0.0007245540618896484, 0.0008873939514160156, 0.0007829666137695312, 0.0009105205535888672, 0.0008459091186523438, 0.001058816909790039, 0.0007758140563964844], [0.0038666725158691406, 0.0032112598419189453, 0.0031473636627197266, 0.00365447998046875, 0.002106904983520508, 0.001790761947631836, 0.0035889148712158203, 0.002672433853149414, 0.0020182132720947266, 0.00249481201171875, 0.0022423267364501953, 0.0030736923217773438, 0.0028638839721679688, 0.0021097660064697266, 0.001140594482421875, 0.002559185028076172], 0.0217740535736084]]], "map_execution": [3.226630449295044], "map_invoke": [[0.5441036224365234, 0.542726993560791, 0.5425443649291992, 0.5906050205230713]], "create_reduce_data": [0.1650247573852539], "reduce_iterdata_times": [0.16418075561523438], "reduce_queries_times": [[0.07090306282043457]], "reduce_execution_times": [3.098118782043457], "reduce_invoke": [[0.5136427879333496]], "divide_reduce_times": [0.00012612342834472656], "total_querying_times": [6.864908933639526],