{"shuffle_centroids_times": [0.038222312927246094], "map_iterdata_times": [0.45502138137817383], "create_map_data": [0.5394096374511719], "map_queries_times": [[[1.3393704891204834, 0.30542540550231934, [0.051605939865112305, 0.04598212242126465, 0.038459062576293945, 0.03773856163024902, 0.04245495796203613, 0.04696011543273926, 0.04063725471496582, 0.04631376266479492, 0.04214811325073242, 0.04159951210021973, 0.0454864501953125, 0.04998207092285156, 0.04511260986328125, 0.040819406509399414, 0.040785789489746094, 0.04341602325439453], [0.0008172988891601562, 0.0008723735809326172, 0.0007503032684326172, 0.0008797645568847656, 0.0013096332550048828, 0.0012464523315429688, 0.0007989406585693359, 0.0008184909820556641, 0.001020193099975586, 0.0009353160858154297, 0.0013310909271240234, 0.0011408329010009766, 0.0008904933929443359, 0.0011472702026367188, 0.0008068084716796875, 0.0010151863098144531], [0.0064122676849365234, 0.0038809776306152344, 0.008021354675292969, 0.10243821144104004, 0.009112834930419922, 0.009495735168457031, 0.009282588958740234, 0.0035092830657958984, 0.009606361389160156, 0.008379936218261719, 0.011197805404663086, 0.009989261627197266, 0.008295059204101562, 0.010953426361083984, 0.007971525192260742, 0.010584354400634766], 0.0893869400024414], [1.451831579208374, 0.3547990322113037, [0.05018758773803711, 0.05307316780090332, 0.04810070991516113, 0.04500269889831543, 0.03864717483520508, 0.04676103591918945, 0.046597957611083984, 0.04456830024719238, 0.03712010383605957, 0.04980134963989258, 0.0457150936126709, 0.048659324645996094, 0.03613591194152832, 0.04097127914428711, 0.04329347610473633, 0.04388117790222168], [0.0007994174957275391, 0.0011098384857177734, 0.0010514259338378906, 0.0010437965393066406, 0.0007741451263427734, 0.0009260177612304688, 0.0009458065032958984, 0.0013110637664794922, 0.0007445812225341797, 0.0007703304290771484, 0.0010521411895751953, 0.0009374618530273438, 0.0007619857788085938, 0.0008797645568847656, 0.0010073184967041016, 0.0010342597961425781], [0.01275324821472168, 0.010882854461669922, 0.012380361557006836, 0.00999140739440918, 0.008458614349365234, 0.013971567153930664, 0.010323286056518555, 0.01044154167175293, 0.09035706520080566, 0.00939321517944336, 0.012675285339355469, 0.011588573455810547, 0.011818170547485352, 0.010457515716552734, 0.01214289665222168, 0.0076601505279541016], 0.10794448852539062], [1.2349486351013184, 0.29193949699401855, [0.04025721549987793, 0.04663586616516113, 0.04225802421569824, 0.03806662559509277, 0.038576602935791016, 0.042737483978271484, 0.047040700912475586, 0.04091691970825195, 0.04701519012451172, 0.03881406784057617, 0.036097049713134766, 0.1051027774810791, 0.04268598556518555, 0.035629987716674805, 0.036359310150146484, 0.038683414459228516], [0.0008904933929443359, 0.0008709430694580078, 0.0006377696990966797, 0.0009515285491943359, 0.0010192394256591797, 0.0011129379272460938, 0.0007426738739013672, 0.0009250640869140625, 0.0007252693176269531, 0.0007774829864501953, 0.0007805824279785156, 0.0007596015930175781, 0.0008499622344970703, 0.0007677078247070312, 0.0008654594421386719, 0.0005886554718017578], [0.01363372802734375, 0.009575366973876953, 0.008025884628295898, 0.007517814636230469, 0.010551691055297852, 0.009329795837402344, 0.008284568786621094, 0.009063005447387695, 0.008391618728637695, 0.005033731460571289, 0.006615877151489258, 0.008295059204101562, 0.008244037628173828, 0.00726771354675293, 0.005828857421875, 0.004404306411743164], 0.08270096778869629], [1.0057885646820068, 0.18867707252502441, [0.04202604293823242, 0.036512136459350586, 0.03931236267089844, 0.03407001495361328, 0.03898787498474121, 0.04558205604553223, 0.03116917610168457, 0.0389406681060791, 0.036305904388427734, 0.03699374198913574, 0.04108572006225586, 0.0368499755859375, 0.04559612274169922, 0.03106212615966797, 0.03775620460510254, 0.03766512870788574], [0.0006499290466308594, 0.0007643699645996094, 0.0007202625274658203, 0.0007755756378173828, 0.0006597042083740234, 0.0007741451263427734, 0.0006368160247802734, 0.0007355213165283203, 0.0006153583526611328, 0.0006620883941650391, 0.0007631778717041016, 0.0007452964782714844, 0.0007271766662597656, 0.00048089027404785156, 0.0006725788116455078, 0.0007419586181640625], [0.004661083221435547, 0.008523941040039062, 0.003747224807739258, 0.005559682846069336, 0.006281614303588867, 0.003644704818725586, 0.008619308471679688, 0.009227275848388672, 0.007024526596069336, 0.004326820373535156, 0.00347137451171875, 0.005507946014404297, 0.004003286361694336, 0.00505375862121582, 0.003011941909790039, 0.0019757747650146484], 0.11132359504699707]]], "map_execution": [5.158796548843384], "map_invoke": [[0.5458216667175293, 0.5951039791107178, 0.5153748989105225, 0.4954049587249756]], "create_reduce_data": [0.21202445030212402], "reduce_iterdata_times": [0.21112871170043945], "reduce_queries_times": [[0.0845489501953125]], "reduce_execution_times": [3.112518787384033], "reduce_invoke": [[0.5580124855041504]], "divide_reduce_times": [0.00011229515075683594], "total_querying_times": [9.022861957550049],