{"shuffle_centroids_times": [0.023592233657836914], "map_iterdata_times": [0.16442322731018066], "create_map_data": [0.23326802253723145], "map_queries_times": [[[0.3650248050689697, 0.051193952560424805, [0.056738853454589844, 0.0910634994506836, 0.0586848258972168, 0.06219124794006348], [0.0028450489044189453, 0.0053784847259521484, 0.002385854721069336, 0.002430438995361328], [0.0026352405548095703, 0.011323928833007812, 0.003300905227661133, 0.004767417907714844], 0.010040998458862305], [0.29250407218933105, 0.037041425704956055, [0.059126853942871094, 0.05400204658508301, 0.06045866012573242, 0.051687002182006836], [0.002569437026977539, 0.0025010108947753906, 0.0018880367279052734, 0.0016412734985351562], [0.005724191665649414, 0.002258777618408203, 0.003470182418823242, 0.0032978057861328125], 0.006789684295654297], [0.36894655227661133, 0.05089235305786133, [0.05130887031555176, 0.049695491790771484, 0.0971822738647461, 0.07976102828979492], [0.0015783309936523438, 0.001995086669921875, 0.005500316619873047, 0.003769397735595703], [0.0028650760650634766, 0.002116680145263672, 0.007927894592285156, 0.00504302978515625], 0.009261369705200195], [0.33827710151672363, 0.05361032485961914, [0.08226704597473145, 0.06319999694824219, 0.058315277099609375, 0.0439295768737793], [0.004055023193359375, 0.003253936767578125, 0.0020258426666259766, 0.0012712478637695312], [0.00990438461303711, 0.004609107971191406, 0.003079652786254883, 0.0011544227600097656], 0.007558345794677734]]], "map_execution": [3.1265676021575928], "map_invoke": [[0.574669361114502, 0.5550651550292969, 0.5969231128692627, 0.5547549724578857]], "create_reduce_data": [0.2779979705810547], "reduce_iterdata_times": [0.2772655487060547], "reduce_queries_times": [[0.060469627380371094]], "reduce_execution_times": [3.0966951847076416], "reduce_invoke": [[0.5692241191864014]], "divide_reduce_times": [0.00013256072998046875], "total_querying_times": [6.73466157913208], "recalls": [[100.0, 100.0, 70.0, 90.0, 100.0, 100.0, 100.0, 80.0, 100.0, 100.0, 100.0, 90.0, 100.0, 100.0, 100.0, 100.0, 90.0, 90.0, 100.0, 90.0, 100.0, 100.0, 100.0, 80.0, 90.0, 80.0, 100.0, 100.0, 90.0, 100.0, 90.0, 100.0, 80.0, 100.0, 100.0, 100.0, 100.0, 100.0, 100.0, 100.0, 90.0, 100.0, 100.0, 100.0, 80.0, 90.0, 80.0, 100.0, 100.0, 100.0, 100.0, 100.0, 100.0, 100.0, 70.0, 100.0, 100.0, 100.0, 100.0, 100.0, 100.0, 90.0, 100.0, 70.0, 100.0, 100.0, 80.0, 90.0, 90.0, 90.0, 100.0, 100.0, 100.0, 100.0, 90.0, 100.0, 90.0, 100.0, 100.0, 100.0, 90.0, 100.0, 100.0, 90.0, 100.0, 100.0, 100.0, 100.0, 100.0, 90.0, 100.0, 30.0, 90.0, 90.0, 100.0, 100.0, 100.0, 100.0, 80.0, 100.0, 100.0, 80.0, 100.0, 80.0, 60.0, 90.0, 100.0, 100.0, 80.0, 100.0, 100.0, 100.0, 80.0, 100.0, 100.0, 100.0, 100.0, 100.0, 100.0, 70.0, 100.0, 100.0, 100.0, 100.0, 100.0, 80.0, 100.0, 90.0, 100.0, 100.0, 90.0, 90.0, 80.0, 100.0, 70.0, 60.0, 100.0, 100.0, 100.0, 100.0, 100.0, 100.0, 100.0, 100.0, 80.0, 100.0, 100.0, 100.0, 60.0, 100.0, 100.0, 100.0, 100.0, 90.0, 90.0, 100.0, 100.0, 100.0, 100.0, 100.0, 100.0, 100.0, 100.0, 100.0, 90.0, 80.0, 90.0, 90.0, 70.0, 90.0, 100.0, 100.0, 100.0, 100.0, 100.0, 100.0, 100.0, 100.0, 100.0, 100.0, 100.0, 100.0, 100.0, 100.0, 100.0, 90.0, 100.0, 100.0, 90.0, 100.0, 100.0, 100.0, 100.0, 100.0, 100.0, 90.0, 90.0, 100.0, 100.0, 90.0, 90.0, 80.0, 100.0, 90.0, 90.0, 100.0, 100.0, 100.0, 100.0, 100.0, 100.0, 80.0, 70.0, 100.0, 100.0, 100.0, 100.0, 100.0, 100.0, 100.0, 100.0, 100.0, 100.0, 100.0, 100.0, 100.0, 100.0, 100.0, 90.0, 100.0, 100.0, 80.0, 100.0, 90.0, 100.0, 90.0, 80.0, 100.0, 80.0, 100.0, 80.0, 100.0, 100.0, 100.0, 90.0, 90.0, 100.0, 100.0, 100.0, 90.0, 100.0, 90.0, 90.0, 100.0, 90.0, 100.0, 100.0, 100.0, 90.0, 100.0, 100.0, 90.0, 100.0, 100.0, 80.0, 80.0, 100.0, 100.0, 90.0, 90.0, 100.0, 100.0, 100.0, 100.0, 100.0, 90.0, 100.0, 100.0, 80.0, 100.0, 100.0, 80.0, 100.0, 100.0, 90.0, 80.0, 70.0, 100.0, 90.0, 100.0, 100.0, 90.0, 100.0, 90.0, 100.0, 90.0, 100.0, 100.0, 100.0, 90.0, 100.0, 90.0, 100.0, 100.0, 90.0, 100.0, 100.0, 100.0, 100.0, 60.0, 60.0, 100.0, 100.0, 100.0, 90.0, 100.0, 100.0, 90.0, 100.0, 80.0, 100.0, 90.0, 100.0, 100.0, 100.0, 100.0, 100.0, 70.0, 100.0, 100.0, 90.0, 100.0, 100.0, 90.0, 80.0, 100.0, 90.0, 100.0, 100.0, 100.0, 100.0, 100.0, 100.0, 100.0, 90.0, 90.0, 100.0, 80.0, 90.0, 90.0, 100.0, 90.0, 100.0, 100.0, 90.0, 100.0, 100.0, 100.0, 100.0, 80.0, 100.0, 90.0, 90.0, 100.0, 90.0, 100.0, 100.0, 100.0, 100.0, 90.0, 60.0, 100.0, 100.0, 100.0, 100.0, 90.0, 90.0, 100.0, 100.0, 100.0, 60.0, 100.0, 90.0, 100.0, 100.0, 100.0, 100.0, 100.0, 100.0, 100.0, 100.0, 100.0, 100.0, 80.0, 100.0, 90.0, 100.0, 70.0, 90.0, 90.0, 80.0, 90.0, 100.0, 70.0, 100.0, 90.0, 100.0, 100.0, 100.0, 100.0, 100.0, 80.0, 100.0, 100.0, 100.0, 90.0, 100.0, 100.0, 100.0, 100.0, 100.0, 90.0, 100.0, 90.0, 100.0, 100.0, 100.0, 100.0, 100.0, 100.0, 100.0, 100.0, 100.0, 100.0, 100.0, 100.0, 90.0, 100.0, 100.0, 100.0, 90.0, 100.0, 90.0, 100.0, 100.0, 100.0, 100.0, 90.0, 100.0, 100.0, 80.0, 100.0, 90.0, 80.0, 90.0, 90.0, 100.0, 100.0, 100.0, 100.0, 100.0, 80.0, 100.0, 100.0, 100.0, 100.0, 90.0, 90.0, 90.0, 100.0, 100.0, 100.0, 90.0, 100.0, 100.0, 100.0, 100.0, 100.0, 100.0, 100.0, 100.0, 80.0, 100.0, 100.0, 90.0, 90.0, 100.0, 100.0, 100.0, 100.0, 80.0, 100.0, 100.0, 100.0, 100.0, 90.0, 100.0, 100.0, 100.0, 80.0, 100.0, 100.0, 100.0, 100.0, 90.0, 90.0, 100.0, 100.0, 90.0, 80.0, 100.0, 100.0, 100.0, 90.0, 100.0, 80.0, 100.0, 100.0, 80.0, 100.0, 90.0, 100.0, 70.0, 100.0, 100.0, 90.0, 90.0, 100.0, 100.0, 100.0, 100.0, 90.0, 60.0, 100.0, 80.0, 100.0, 100.0, 100.0, 100.0, 100.0, 100.0, 100.0, 100.0, 90.0, 100.0, 100.0, 100.0, 100.0, 100.0, 100.0, 100.0, 100.0, 70.0, 100.0, 70.0, 100.0, 100.0, 90.0, 100.0, 100.0, 100.0, 70.0, 100.0, 100.0, 100.0, 100.0, 90.0, 100.0, 100.0, 100.0, 90.0, 90.0, 90.0, 90.0, 90.0, 80.0, 100.0, 100.0, 80.0, 90.0, 90.0, 100.0, 100.0, 100.0, 90.0, 90.0, 100.0, 90.0, 100.0, 90.0, 100.0, 80.0, 70.0, 100.0, 100.0, 100.0, 100.0, 100.0, 90.0, 90.0, 100.0, 100.0, 100.0, 100.0, 100.0, 100.0, 100.0, 100.0, 100.0, 100.0, 100.0, 100.0, 100.0, 100.0, 100.0, 80.0, 90.0, 100.0, 100.0, 90.0, 100.0, 90.0, 100.0, 100.0, 100.0, 90.0, 100.0, 90.0, 90.0, 100.0, 90.0, 100.0, 100.0, 100.0, 100.0, 90.0, 100.0, 90.0, 100.0, 90.0, 100.0, 100.0, 100.0, 100.0, 100.0, 100.0, 100.0, 100.0, 100.0, 60.0, 100.0, 100.0, 100.0, 100.0, 100.0, 100.0, 100.0, 90.0, 100.0, 100.0, 100.0, 90.0, 100.0, 100.0, 100.0, 100.0, 100.0, 90.0, 100.0, 100.0, 100.0, 90.0, 90.0, 100.0, 100.0, 100.0, 100.0, 100.0, 100.0, 100.0, 100.0, 90.0, 90.0, 100.0, 90.0, 100.0, 90.0, 90.0, 90.0, 100.0, 80.0, 100.0, 100.0, 90.0, 90.0, 70.0, 90.0, 80.0, 90.0, 100.0, 100.0, 80.0, 100.0, 100.0, 80.0, 90.0, 100.0, 100.0, 100.0, 100.0, 100.0, 100.0, 100.0, 100.0, 100.0, 80.0, 100.0, 100.0, 90.0, 90.0, 100.0, 90.0, 100.0, 100.0, 100.0, 90.0, 100.0, 90.0, 100.0, 100.0, 100.0, 100.0, 100.0, 100.0, 100.0, 100.0, 100.0, 100.0, 100.0, 100.0, 90.0, 100.0, 70.0, 100.0, 100.0, 100.0, 90.0, 100.0, 100.0, 100.0, 100.0, 100.0, 100.0, 100.0, 50.0, 80.0, 100.0, 100.0, 100.0, 100.0, 90.0, 100.0, 100.0, 90.0, 100.0, 90.0, 100.0, 100.0, 100.0, 100.0, 60.0, 100.0, 60.0, 100.0, 100.0, 100.0, 90.0, 90.0, 90.0, 100.0, 100.0, 100.0, 90.0, 90.0, 100.0, 100.0, 100.0, 100.0, 100.0, 90.0, 100.0, 100.0, 80.0, 100.0, 100.0, 100.0, 100.0, 100.0, 90.0, 90.0, 90.0, 100.0, 90.0, 100.0, 70.0, 100.0, 80.0, 100.0, 100.0, 100.0, 100.0, 100.0, 100.0, 100.0, 100.0, 100.0, 100.0, 100.0, 100.0, 100.0, 90.0, 70.0, 90.0, 100.0, 90.0, 100.0, 80.0, 100.0, 80.0, 90.0, 70.0, 90.0, 100.0, 90.0, 100.0, 100.0, 100.0, 100.0, 100.0, 100.0, 100.0, 100.0, 100.0, 100.0, 100.0, 100.0, 100.0, 80.0, 100.0, 60.0, 90.0, 100.0, 100.0, 100.0, 90.0, 100.0, 80.0, 100.0, 100.0, 100.0, 100.0, 100.0, 100.0, 100.0, 100.0, 100.0, 100.0, 100.0, 70.0, 80.0, 90.0, 90.0, 100.0, 100.0, 100.0, 100.0, 100.0, 100.0, 100.0, 100.0, 100.0, 100.0, 100.0, 100.0, 80.0, 100.0, 100.0, 90.0, 70.0, 90.0, 100.0, 100.0, 70.0, 100.0, 90.0, 80.0, 100.0, 100.0, 100.0, 100.0, 100.0, 