{"shuffle_centroids_times": [0.04726219177246094], "map_iterdata_times": [0.47161054611206055], "create_map_data": [0.5651745796203613], "map_queries_times": [[[1.3158528804779053, 0.31276512145996094, [0.04294323921203613, 0.03552865982055664, 0.038347721099853516, 0.040967702865600586, 0.04128551483154297, 0.04888796806335449, 0.0449984073638916, 0.04492616653442383, 0.040853023529052734, 0.049320220947265625, 0.04599809646606445, 0.04164004325866699, 0.044077396392822266, 0.044260263442993164, 0.03721165657043457, 0.03608250617980957], [0.0008337497711181641, 0.0009312629699707031, 0.0007615089416503906, 0.000978231430053711, 0.001065969467163086, 0.0011599063873291016, 0.0008251667022705078, 0.0007381439208984375, 0.0009789466857910156, 0.0008275508880615234, 0.0012962818145751953, 0.001102447509765625, 0.0008561611175537109, 0.0011475086212158203, 0.0007648468017578125, 0.0009362697601318359], [0.010866880416870117, 0.003920316696166992, 0.008283853530883789, 0.010267972946166992, 0.010637044906616211, 0.010123729705810547, 0.008266925811767578, 0.004683732986450195, 0.011560678482055664, 0.008759021759033203, 0.011864185333251953, 0.009944915771484375, 0.008308887481689453, 0.08625197410583496, 0.008235692977905273, 0.009840965270996094], 0.088623046875], [1.4230284690856934, 0.33554768562316895, [0.04772448539733887, 0.0469818115234375, 0.051973819732666016, 0.05498480796813965, 0.044560909271240234, 0.031270742416381836, 0.040450096130371094, 0.04079437255859375, 0.04749131202697754, 0.047624826431274414, 0.04592013359069824, 0.039955854415893555, 0.038214683532714844, 0.036444902420043945, 0.04796147346496582, 0.04816603660583496], [0.0007779598236083984, 0.001100301742553711, 0.0010628700256347656, 0.0010671615600585938, 0.0007672309875488281, 0.0009469985961914062, 0.0009064674377441406, 0.001295328140258789, 0.0007202625274658203, 0.0007495880126953125, 0.0011072158813476562, 0.000873565673828125, 0.0008115768432617188, 0.0009055137634277344, 0.0010151863098144531, 0.0010290145874023438], [0.017182350158691406, 0.010874032974243164, 0.013653755187988281, 0.011477231979370117, 0.008629560470581055, 0.011493444442749023, 0.010882854461669922, 0.009521961212158203, 0.010781288146972656, 0.010679960250854492, 0.011322021484375, 0.011150121688842773, 0.012296915054321289, 0.007877826690673828, 0.011182785034179688, 0.009508848190307617], 0.1831655502319336], [1.1325230598449707, 0.28003764152526855, [0.04418492317199707, 0.042734622955322266, 0.037962913513183594, 0.03697514533996582, 0.03520536422729492, 0.03990936279296875, 0.03429841995239258, 0.040235042572021484, 0.04302716255187988, 0.03751993179321289, 0.044429779052734375, 0.035872459411621094, 0.04430818557739258, 0.03811979293823242, 0.0418548583984375, 0.03722572326660156], [0.0007009506225585938, 0.0007817745208740234, 0.0005776882171630859, 0.0008347034454345703, 0.0010228157043457031, 0.0009553432464599609, 0.0006804466247558594, 0.0008652210235595703, 0.0006470680236816406, 0.0006804466247558594, 0.0007612705230712891, 0.0007503032684326172, 0.0007982254028320312, 0.0007040500640869141, 0.0007717609405517578, 0.0005979537963867188], [0.010963201522827148, 0.010288000106811523, 0.007806301116943359, 0.00769495964050293, 0.010267972946166992, 0.010802268981933594, 0.00808262825012207, 0.009381294250488281, 0.009324312210083008, 0.005452632904052734, 0.005571842193603516, 0.007822036743164062, 0.008220434188842773, 0.0069768428802490234, 0.0046291351318359375, 0.00390625], 0.07917237281799316], [1.00465726852417, 0.18114733695983887, [0.04424118995666504, 0.039751291275024414, 0.03970146179199219, 0.04069113731384277, 0.03592944145202637, 0.04051566123962402, 0.05375790596008301, 0.04442739486694336, 0.0432887077331543, 0.041930437088012695, 0.03626751899719238, 0.0448756217956543, 0.044594764709472656, 0.03585505485534668, 0.035611629486083984, 0.04102063179016113], [0.0006561279296875, 0.0008935928344726562, 0.0008921623229980469, 0.0008485317230224609, 0.0007848739624023438, 0.0009264945983886719, 0.0007653236389160156, 0.0008804798126220703, 0.0007219314575195312, 0.000732421875, 0.0008480548858642578, 0.0008699893951416016, 0.0009102821350097656, 0.0005540847778320312, 0.0007822513580322266, 0.0008707046508789062], [0.006097316741943359, 0.007557392120361328, 0.004355192184448242, 0.008049249649047852, 0.006893157958984375, 0.003732919692993164, 0.008223295211791992, 0.008878469467163086, 0.006924629211425781, 0.0049550533294677734, 0.0040361881256103516, 0.0056345462799072266, 0.005316972732543945, 0.005836009979248047, 0.003390073776245117, 0.0023763179779052734], 0.055753231048583984]]], "map_execution": [5.147908449172974], "map_invoke": [[0.6138348579406738, 0.6253297328948975, 0.5875418186187744, 0.5652751922607422]], "create_reduce_data": [0.1797618865966797], "reduce_iterdata_times": [0.17876124382019043], "reduce_queries_times": [[0.05944323539733887]], "reduce_execution_times": [3.107369899749756], "reduce_invoke": [[0.5325937271118164]], "divide_reduce_times": [0.00012445449829101562], "total_querying_times": [9.00033950805664],