{"shuffle_centroids_times": [0.051618099212646484], "map_iterdata_times": [0.6102735996246338], "create_map_data": [0.7709743976593018], "map_queries_times": [[[1.4068901538848877, 0.47200655937194824, [0.0526127815246582, 0.04168438911437988, 0.039174556732177734, 0.04427623748779297, 0.03770112991333008, 0.039501190185546875, 0.03680610656738281, 0.03586316108703613, 0.04431033134460449, 0.03967118263244629, 0.046497344970703125, 0.03694009780883789, 0.03806471824645996, 0.03984689712524414, 0.04267311096191406, 0.039357900619506836], [0.0008118152618408203, 0.0008609294891357422, 0.0007457733154296875, 0.0009012222290039062, 0.001032114028930664, 0.0011284351348876953, 0.00080108642578125, 0.0006897449493408203, 0.0009336471557617188, 0.0008625984191894531, 0.0012941360473632812, 0.0010581016540527344, 0.0007920265197753906, 0.0010783672332763672, 0.0006985664367675781, 0.0009028911590576172], [0.01046442985534668, 0.009593486785888672, 0.010651350021362305, 0.009852886199951172, 0.010386466979980469, 0.010393619537353516, 0.009835958480834961, 0.010466575622558594, 0.009642362594604492, 0.009600639343261719, 0.011171340942382812, 0.009887218475341797, 0.010833501815795898, 0.010741710662841797, 0.009433746337890625, 0.010380744934082031], 0.10185742378234863], [1.3959925174713135, 0.35809779167175293, [0.0458073616027832, 0.04261660575866699, 0.042165517807006836, 0.04264187812805176, 0.04133343696594238, 0.046094655990600586, 0.04595470428466797, 0.04669308662414551, 0.0432894229888916, 0.0352787971496582, 0.042429447174072266, 0.047251224517822266, 0.03952169418334961, 0.037453413009643555, 0.04073071479797363, 0.036801815032958984], [0.0007257461547851562, 0.0011553764343261719, 0.0010046958923339844, 0.0009639263153076172, 0.00074005126953125, 0.0008780956268310547, 0.0008652210235595703, 0.0012307167053222656, 0.0006709098815917969, 0.0007197856903076172, 0.0010209083557128906, 0.0008509159088134766, 0.0007588863372802734, 0.0008363723754882812, 0.0009341239929199219, 0.0009355545043945312], [0.011673212051391602, 0.010221719741821289, 0.01037144660949707, 0.01025843620300293, 0.010939598083496094, 0.010353326797485352, 0.010243654251098633, 0.011377096176147461, 0.00950765609741211, 0.009591341018676758, 0.011458873748779297, 0.010001420974731445, 0.010833501815795898, 0.011448144912719727, 0.009813070297241211, 0.0854496955871582], 0.10384368896484375], [1.3760631084442139, 0.44936180114746094, [0.04502582550048828, 0.04228568077087402, 0.04024553298950195, 0.04069066047668457, 0.0406949520111084, 0.04558563232421875, 0.03699684143066406, 0.04234123229980469, 0.05086874961853027, 0.04089474678039551, 0.04129624366760254, 0.03590750694274902, 0.03975677490234375, 0.043415069580078125, 0.034494876861572266, 0.03947734832763672], [0.0007569789886474609, 0.0008141994476318359, 0.0006258487701416016, 0.0008273124694824219, 0.0008540153503417969, 0.0009961128234863281, 0.0006694793701171875, 0.0009419918060302734, 0.0006525516510009766, 0.0007252693176269531, 0.0007755756378173828, 0.000720977783203125, 0.0008141994476318359, 0.000732421875, 0.0008168220520019531, 0.0006067752838134766], [0.010817289352416992, 0.00899648666381836, 0.010116100311279297, 0.008814096450805664, 0.009513378143310547, 0.009639739990234375, 0.009499073028564453, 0.012276649475097656, 0.009632587432861328, 0.009515047073364258, 0.009384632110595703, 0.008465290069580078, 0.008490324020385742, 0.008554220199584961, 0.008939743041992188, 0.011786699295043945], 0.09982562065124512], [1.4876954555511475, 0.5018215179443359, [0.0638113021850586, 0.036209821701049805, 0.042563676834106445, 0.0418696403503418, 0.04448676109313965, 0.036798715591430664, 0.03951406478881836, 0.048201799392700195, 0.03570294380187988, 0.038976192474365234, 0.035797834396362305, 0.04602837562561035, 0.04005551338195801, 0.036763668060302734, 0.04096531867980957, 0.04358220100402832], [0.0009496212005615234, 0.000820159912109375, 0.0009136199951171875, 0.0009999275207519531, 0.0008130073547363281, 0.0009005069732666016, 0.0009737014770507812, 0.0009546279907226562, 0.0008039474487304688, 0.0009713172912597656, 0.0007855892181396484, 0.0008852481842041016, 0.0008642673492431641, 0.0005893707275390625, 0.0009322166442871094, 0.000972747802734375], [0.011744976043701172, 0.010778427124023438, 0.012164831161499023, 0.012034177780151367, 0.011262178421020508, 0.011232137680053711, 0.011214017868041992, 0.01226949691772461, 0.01063394546508789, 0.01207590103149414, 0.012204170227050781, 0.010898828506469727, 0.010833024978637695, 0.010547161102294922, 0.010857582092285156, 0.011589765548706055], 0.11796021461486816]]], "map_execution": [5.127636194229126], "map_invoke": [[0.45279693603515625, 0.5606429576873779, 0.4137589931488037, 0.48877954483032227]], "create_reduce_data": [0.1726551055908203], "reduce_iterdata_times": [0.1717510223388672], "reduce_queries_times": [[0.16293787956237793]], "reduce_execution_times": [3.2089333534240723], "reduce_invoke": [[0.5762677192687988]], "divide_reduce_times": [0.00012493133544921875], "total_querying_times": [9.280324220657349],