{"shuffle_centroids_times": [0.02154707908630371], "map_iterdata_times": [0.20009326934814453], "create_map_data": [0.2683858871459961], "map_queries_times": [[[0.27846288681030273, 0.03199267387390137, [0.05636096000671387, 0.058196306228637695, 0.05209755897521973, 0.061070919036865234], [0.002811431884765625, 0.003580331802368164, 0.0021851062774658203, 0.0024123191833496094], [0.001657724380493164, 0.001453399658203125, 0.0012943744659423828, 0.0012753009796142578], 0.0020308494567871094], [0.34548377990722656, 0.02851700782775879, [0.09743022918701172, 0.07527804374694824, 0.06097126007080078, 0.06005692481994629], [0.005433082580566406, 0.004262447357177734, 0.0024869441986083984, 0.002225637435913086], [0.002282857894897461, 0.0018038749694824219, 0.0011751651763916016, 0.0012516975402832031], 0.002265453338623047], [0.3445572853088379, 0.04650306701660156, [0.07039618492126465, 0.06366324424743652, 0.05696868896484375, 0.08678245544433594], [0.00177764892578125, 0.003029346466064453, 0.002595186233520508, 0.0044672489166259766], [0.0011696815490722656, 0.0016956329345703125, 0.0015416145324707031, 0.0017786026000976562], 0.0021483898162841797], [0.2830958366394043, 0.029306411743164062, [0.05888724327087402, 0.049196720123291016, 0.05613255500793457, 0.07516956329345703], [0.00151824951171875, 0.001583099365234375, 0.002033233642578125, 0.003297567367553711], [0.0010209083557128906, 0.0007965564727783203, 0.0010974407196044922, 0.0013895034790039062], 0.0016283988952636719]]], "map_execution": [3.092949390411377], "map_invoke": [[0.542647123336792, 0.5451662540435791, 0.5926144123077393, 0.5049519538879395]], "create_reduce_data": [0.16229891777038574], "reduce_iterdata_times": [0.16133809089660645], "reduce_queries_times": [[0.040452003479003906]], "reduce_execution_times": [3.201343297958374], "reduce_invoke": [[0.6335039138793945]], "divide_reduce_times": [6.628036499023438e-05], "total_querying_times": [6.72504448890686], "recalls": [[100.0, 100.0, 70.0, 90.0, 100.0, 100.0, 90.0, 70.0, 80.0, 100.0, 90.0, 90.0, 100.0, 100.0, 100.0, 100.0, 60.0, 90.0, 60.0, 70.0, 100.0, 100.0, 100.0, 70.0, 80.0, 70.0, 100.0, 100.0, 90.0, 100.0, 60.0, 100.0, 80.0, 90.0, 90.0, 100.0, 60.0, 100.0, 100.0, 100.0, 80.0, 100.0, 60.0, 100.0, 80.0, 50.0, 80.0, 70.0, 70.0, 70.0, 100.0, 80.0, 80.0, 90.0, 20.0, 100.0, 100.0, 60.0, 100.0, 100.0, 100.0, 90.0, 70.0, 70.0, 90.0, 100.0, 50.0, 70.0, 80.0, 60.0, 90.0, 100.0, 100.0, 90.0, 80.0, 100.0, 90.0, 100.0, 100.0, 100.0, 60.0, 100.0, 100.0, 90.0, 60.0, 50.0, 100.0, 100.0, 100.0, 90.0, 60.0, 20.0, 90.0, 50.0, 80.0, 60.0, 100.0, 70.0, 40.0, 100.0, 30.0, 70.0, 30.0, 70.0, 60.0, 30.0, 100.0, 60.0, 20.0, 90.0, 50.0, 80.0, 70.0, 100.0, 60.0, 100.0, 100.0, 100.0, 90.0, 60.0, 100.0, 40.0, 100.0, 100.0, 30.0, 70.0, 100.0, 90.0, 70.0, 60.0, 60.0, 40.0, 70.0, 90.0, 70.0, 60.0, 100.0, 100.0, 90.0, 100.0, 90.0, 100.0, 100.0, 100.0, 80.0, 10.0, 100.0, 80.0, 60.0, 100.0, 50.0, 100.0, 100.0, 80.0, 90.0, 100.0, 80.0, 100.0, 100.0, 90.0, 100.0, 100.0, 90.0, 100.0, 60.0, 50.0, 80.0, 80.0, 50.0, 60.0, 80.0, 50.0, 100.0, 100.0, 50.0, 100.0, 100.0, 90.0, 100.0, 100.0, 80.0, 100.0, 70.0, 100.0, 100.0, 80.0, 100.0, 80.0, 90.0, 80.0, 80.0, 100.0, 20.0, 100.0, 100.0, 70.0, 30.0, 100.0, 100.0, 90.0, 80.0, 50.0, 60.0, 70.0, 70.0, 100.0, 60.0, 80.0, 60.0, 90.0, 100.0, 80.0, 30.0, 100.0, 80.0, 50.0, 100.0, 100.0, 60.0, 90.0, 100.0, 100.0, 100.0, 70.0, 50.0, 60.0, 90.0, 100.0, 80.0, 100.0, 100.0, 60.0, 90.0, 30.0, 60.0, 60.0, 40.0, 80.0, 80.0, 70.0, 80.0, 100.0, 20.0, 100.0, 90.0, 90.0, 90.0, 100.0, 90.0, 90.0, 90.0, 80.0, 90.0, 100.0, 90.0, 100.0, 80.0, 100.0, 90.0, 80.0, 50.0, 90.0, 90.0, 80.0, 70.0, 0.0, 100.0, 100.0, 90.0, 70.0, 20.0, 60.0, 90.0, 100.0, 90.0, 60.0, 100.0, 40.0, 80.0, 100.0, 100.0, 80.0, 50.0, 40.0, 90.0, 80.0, 40.0, 100.0, 80.0, 100.0, 100.0, 90.0, 50.0, 70.0, 90.0, 90.0, 100.0, 80.0, 100.0, 90.0, 100.0, 60.0, 90.0, 60.0, 90.0, 100.0, 90.0, 40.0, 100.0, 60.0, 60.0, 100.0, 90.0, 80.0, 90.0, 100.0, 50.0, 80.0, 100.0, 50.0, 100.0, 90.0, 100.0, 100.0, 90.0, 100.0, 100.0, 30.0, 50.0, 90.0, 80.0, 70.0, 100.0, 90.0, 80.0, 100.0, 80.0, 90.0, 100.0, 40.0, 100.0, 100.0, 90.0, 80.0, 90.0, 90.0, 100.0, 80.0, 30.0, 70.0, 100.0, 90.0, 100.0, 60.0, 90.0, 70.0, 100.0, 90.0, 90.0, 70.0, 100.0, 90.0, 70.0, 60.0, 70.0, 80.0, 100.0, 100.0, 100.0, 80.0, 40.0, 60.0, 90.0, 40.0, 80.0, 90.0, 90.0, 90.0, 100.0, 90.0, 60.0, 100.0, 90.0, 100.0, 30.0, 100.0, 40.0, 100.0, 70.0, 60.0, 60.0, 70.0, 100.0, 60.0, 100.0, 70.0, 100.0, 70.0, 90.0, 70.0, 60.0, 90.0, 80.0, 60.0, 100.0, 90.0, 80.0, 60.0, 100.0, 100.0, 80.0, 80.0, 70.0, 90.0, 100.0, 90.0, 10.0, 40.0, 100.0, 100.0, 90.0, 80.0, 60.0, 40.0, 100.0, 70.0, 70.0, 100.0, 100.0, 100.0, 70.0, 100.0, 100.0, 100.0, 100.0, 90.0, 40.0, 100.0, 100.0, 100.0, 80.0, 100.0, 60.0, 100.0, 100.0, 100.0, 60.0, 30.0, 100.0, 100.0, 80.0, 100.0, 70.0, 70.0, 90.0, 70.0, 90.0, 100.0, 100.0, 80.0, 100.0, 70.0, 100.0, 50.0, 100.0, 30.0, 90.0, 90.0, 70.0, 90.0, 100.0, 100.0, 90.0, 70.0, 100.0, 100.0, 60.0, 100.0, 100.0, 90.0, 100.0, 60.0, 60.0, 60.0, 60.0, 90.0, 100.0, 70.0, 100.0, 70.0, 70.0, 70.0, 100.0, 100.0, 70.0, 60.0, 90.0, 100.0, 100.0, 80.0, 90.0, 60.0, 100.0, 100.0, 50.0, 70.0, 100.0, 100.0, 70.0, 20.0, 80.0, 100.0, 60.0, 50.0, 30.0, 40.0, 100.0, 100.0, 40.0, 100.0, 80.0, 100.0, 10.0, 100.0, 100.0, 60.0, 70.0, 100.0, 50.0, 90.0, 100.0, 90.0, 50.0, 90.0, 30.0, 100.0, 90.0, 70.0, 100.0, 100.0, 100.0, 80.0, 100.0, 90.0, 100.0, 100.0, 100.0, 100.0, 100.0, 40.0, 60.0, 100.0, 20.0, 100.0, 60.0, 100.0, 40.0, 70.0, 90.0, 40.0, 100.0, 50.0, 100.0, 70.0, 90.0, 20.0, 80.0, 100.0, 80.0, 30.0, 60.0, 70.0, 90.0, 60.0, 90.0, 50.0, 60.0, 100.0, 20.0, 40.0, 90.0, 100.0, 70.0, 30.0, 90.0, 80.0, 60.0, 80.0, 100.0, 90.0, 10.0, 40.0, 40.0, 100.0, 100.0, 70.0, 60.0, 100.0, 90.0, 90.0, 100.0, 90.0, 40.0, 100.0, 100.0, 100.0, 100.0, 100.0, 60.0, 100.0, 100.0, 90.0, 40.0, 70.0, 90.0, 80.0, 50.0, 80.0, 70.0, 70.0, 100.0, 90.0, 80.0, 90.0, 80.0, 90.0, 100.0, 60.0, 40.0, 90.0, 60.0, 70.0, 90.0, 100.0, 70.0, 90.0, 60.0, 30.0, 90.0, 90.0, 100.0, 20.0, 60.0, 100.0, 90.0, 100.0, 100.0, 100.0, 100.0, 50.0, 50.0, 100.0, 100.0, 100.0, 80.0, 100.0, 90.0, 90.0, 100.0, 100.0, 100.0, 90.0, 100.0, 80.0, 50.0, 10.0, 80.0, 80.0, 100.0, 100.0, 100.0, 30.0, 90.0, 60.0, 100.0, 60.0, 100.0, 100.0, 100.0, 100.0, 50.0, 50.0, 90.0, 40.0, 40.0, 40.0, 50.0, 60.0, 90.0, 100.0, 20.0, 70.0, 100.0, 70.0, 90.0, 70.0, 90.0, 80.0, 80.0, 100.0, 100.0, 80.0, 100.0, 100.0, 80.0, 80.0, 100.0, 100.0, 80.0, 50.0, 90.0, 50.0, 70.0, 100.0, 70.0, 10.0, 100.0, 100.0, 90.0, 70.0, 90.0, 60.0, 90.0, 100.0, 100.0, 90.0, 80.0, 70.0, 90.0, 90.0, 90.0, 100.0, 90.0, 100.0, 100.0, 30.0, 100.0, 90.0, 100.0, 100.0, 80.0, 100.0, 70.0, 100.0, 100.0, 100.0, 90.0, 80.0, 100.0, 90.0, 100.0, 100.0, 100.0, 50.0, 40.0, 40.0, 100.0, 100.0, 100.0, 100.0, 80.0, 90.0, 90.0, 60.0, 100.0, 90.0, 100.0, 100.0, 100.0, 90.0, 60.0, 100.0, 40.0, 90.0, 100.0, 90.0, 30.0, 90.0, 90.0, 100.0, 100.0, 100.0, 40.0, 40.0, 90.0, 60.0, 50.0, 90.0, 30.0, 90.0, 80.0, 10.0, 60.0, 80.0, 90.0, 80.0, 60.0, 100.0, 90.0, 50.0, 90.0, 100.0, 90.0, 60.0, 70.0, 100.0, 70.0, 100.0, 100.0, 100.0, 70.0, 100.0, 90.0, 90.0, 40.0, 100.0, 100.0, 20.0, 100.0, 100.0, 80.0, 60.0, 70.0, 100.0, 90.0, 100.0, 40.0, 90.0, 40.0, 80.0, 50.0, 30.0, 100.0, 20.0, 50.0, 90.0, 100.0, 100.0, 80.0, 90.0, 100.0, 100.0, 90.0, 100.0, 100.0, 100.0, 100.0, 30.0, 100.0, 50.0, 80.0, 30.0, 80.0, 90.0, 50.0, 100.0, 60.0, 60.0, 100.0, 60.0, 20.0, 80.0, 30.0, 100.0, 100.0, 100.0, 100.0, 100.0, 70.0, 70.0, 90.0, 60.0, 100.0, 100.0, 70.0, 100.0, 100.0, 70.0, 70.0, 90.0, 70.0, 100.0, 100.0, 40.0, 80.0, 90.0, 100.0, 90.0, 60.0, 90.0, 50.0, 100.0, 60.0, 100.0, 90.0, 20.0, 90.0, 70.0, 70.0, 70.0, 100.0, 50.0, 100.0, 100.0, 100.0, 70.0, 100.0, 100.0, 90.0, 100.0, 50.0, 80.0, 90.0, 70.0, 70.0, 20.0, 70.0, 100.0, 100.0, 80.0, 80.0, 50.0, 40.0, 100.0, 70.0, 30.0, 100.0, 70.0, 40.0, 80.0, 90.0, 50.0, 100.0, 80.0, 100.0, 100.0, 80.0, 50.0, 80.0, 60.0, 100.0, 60.0, 90.0, 60.0, 100.0, 