{"shuffle_centroids_times": [[]], "map_iterdata_times": [[]], "create_map_data": [0.211259126663208], "map_queries_times": [[[19.881284952163696, 0.2320880889892578, [0.1992945671081543, 0.17972254753112793, 0.19335103034973145, 0.17615985870361328, 0.17754030227661133, 0.1843576431274414, 0.1808011531829834, 0.17669463157653809, 0.31560587882995605, 0.41367077827453613, 0.4045860767364502, 0.4037132263183594, 0.406536340713501, 0.4100461006164551, 0.407029390335083, 0.407581090927124, 0.4074976444244385, 0.4082376956939697, 0.402111291885376, 0.405198335647583, 0.40320754051208496, 0.4026062488555908, 0.40587449073791504, 0.39803481101989746, 0.4012134075164795, 0.4005100727081299, 0.4006826877593994, 0.4051980972290039, 0.3993086814880371, 0.39677953720092773, 0.40235066413879395, 0.39597487449645996], [0.02408623695373535, 0.021893739700317383, 0.013718128204345703, 0.014271020889282227, 0.013559341430664062, 0.013856887817382812, 0.014774084091186523, 0.014085054397583008, 0.014298200607299805, 0.013916492462158203, 0.014063119888305664, 0.013676881790161133, 0.014358043670654297, 0.013666391372680664, 0.014097213745117188, 0.013891935348510742, 0.014020442962646484, 0.013635635375976562, 0.013598442077636719, 0.013637781143188477, 0.013408899307250977, 0.012917518615722656, 0.013542413711547852, 0.013338327407836914, 0.01369786262512207, 0.013072490692138672, 0.013925790786743164, 0.013626575469970703, 0.013456344604492188, 0.013681173324584961, 0.013728618621826172, 0.013045549392700195], [0.24700498580932617, 0.20526552200317383, 0.1970536708831787, 0.19200730323791504, 0.18172097206115723, 0.19225692749023438, 0.28844428062438965, 0.20880579948425293, 0.20272374153137207, 0.2193605899810791, 0.19588136672973633, 0.20277667045593262, 0.20580744743347168, 0.27739429473876953, 0.19702696800231934, 0.1811234951019287, 0.18895339965820312, 0.19192242622375488, 0.20219683647155762, 0.2780740261077881, 0.17555832862854004, 0.18807601928710938, 0.1797780990600586, 0.2031998634338379, 0.18300175666809082, 0.1896820068359375, 0.33468079566955566, 0.20103764533996582, 0.18981480598449707, 0.18935728073120117, 0.18766260147094727, 0.20074796676635742], 1.4403011798858643], [19.20047903060913, 0.10714411735534668, [0.2682003974914551, 0.16294074058532715, 0.1638631820678711, 0.1580061912536621, 0.16351604461669922, 0.15715694427490234, 0.1606590747833252, 0.14942526817321777, 0.3862006664276123, 0.3930675983428955, 0.38859081268310547, 0.3937852382659912, 0.3975942134857178, 0.38707566261291504, 0.39247918128967285, 0.39047718048095703, 0.39632177352905273, 0.4002685546875, 0.39549851417541504, 0.3922109603881836, 0.3975093364715576, 0.3963801860809326, 0.3974590301513672, 0.40143918991088867, 0.39607787132263184, 0.3989269733428955, 0.3957040309906006, 0.39203715324401855, 0.4004957675933838, 0.41086649894714355, 0.39569807052612305, 0.39469218254089355], [0.01804351806640625, 0.01657414436340332, 0.010224103927612305, 0.009748220443725586, 0.009664773941040039, 0.009201765060424805, 0.009667158126831055, 0.009766578674316406, 0.010326623916625977, 0.009523630142211914, 0.009510517120361328, 0.00994563102722168, 0.026723146438598633, 0.009429216384887695, 0.009273290634155273, 0.0096435546875, 0.009209871292114258, 0.009857177734375, 0.010043144226074219, 0.009570598602294922, 0.009274959564208984, 0.009069204330444336, 0.009055614471435547, 0.009535074234008789, 0.009651899337768555, 0.009471416473388672, 0.009499073028564453, 0.009638309478759766, 0.009414196014404297, 0.009330272674560547, 0.009357929229736328, 0.009553909301757812], [0.24419093132019043, 0.19854187965393066, 0.19496512413024902, 0.20272278785705566, 0.1969153881072998, 0.192366361618042, 0.20590591430664062, 0.24526405334472656, 0.18455100059509277, 0.1872413158416748, 0.19155621528625488, 0.20705485343933105, 0.2110300064086914, 0.27233004570007324, 0.17690348625183105, 0.21721935272216797, 0.1958930492401123, 0.2021479606628418, 0.20583510398864746, 0.2859158515930176, 0.1923823356628418, 0.19205331802368164, 0.19038677215576172, 0.19842123985290527, 0.19531989097595215, 0.18963098526000977, 0.2999389171600342, 0.19301271438598633, 0.2084364891052246, 0.20951533317565918, 0.2017197608947754, 0.20542287826538086], 1.1846466064453125], [18.77217745780945, 0.11614799499511719, [0.17564725875854492, 0.16034412384033203, 0.15900850296020508, 0.15647149085998535, 0.15308308601379395, 0.1513690948486328, 0.15999817848205566, 0.2199554443359375, 0.39423131942749023, 0.3930981159210205, 0.399538516998291, 0.3979501724243164, 0.41452693939208984, 0.39228177070617676, 0.3965170383453369, 0.3986492156982422, 0.39702534675598145, 0.39790892601013184, 0.3953855037689209, 0.3943181037902832, 0.3912947177886963, 0.39694952964782715, 0.39095211029052734, 0.4014253616333008, 0.3925480842590332, 0.3928709030151367, 0.39441871643066406, 0.3982405662536621, 0.3919196128845215, 0.3952045440673828, 0.3941683769226074, 0.40012502670288086], [0.01709580421447754, 0.015615224838256836, 0.008883476257324219, 0.009067058563232422, 0.009076595306396484, 0.008884906768798828, 0.008925914764404297, 0.011069059371948242, 0.009051084518432617, 0.009424686431884766, 0.009248971939086914, 0.009142637252807617, 0.009167671203613281, 0.008732795715332031, 0.00897073745727539, 0.009032487869262695, 0.009331464767456055, 0.010693073272705078, 0.0086669921875, 0.009033441543579102, 0.009021997451782227, 0.00862741470336914, 0.00908041000366211, 0.008874893188476562, 0.008761167526245117, 0.009329795837402344, 0.008803844451904297, 0.008749723434448242, 0.008742809295654297, 0.008872509002685547, 0.00915217399597168, 0.008782386779785156], [0.19527053833007812, 0.18710732460021973, 0.23105359077453613, 0.19284462928771973, 0.18004322052001953, 0.19557571411132812, 0.19653677940368652, 0.19240927696228027, 0.18571162223815918, 0.23447489738464355, 0.18238449096679688, 0.1897289752960205, 0.19027185440063477, 0.20234251022338867, 0.19594788551330566, 0.2549097537994385, 0.18783116340637207, 0.18330907821655273, 0.19069337844848633, 0.18070030212402344, 0.19040679931640625, 0.2684745788574219, 0.18347764015197754, 0.19245362281799316, 0.19629740715026855, 0.19471216201782227, 0.20369291305541992, 0.19611191749572754, 0.29947447776794434, 0.19060635566711426, 0.18816542625427246, 0.19762063026428223], 1.051595687866211], [19.270296096801758, 0.1643679141998291, [0.1930406093597412, 0.1779463291168213, 0.17917704582214355, 0.16683721542358398, 0.17376136779785156, 0.17786502838134766, 0.17792034149169922, 0.17597579956054688, 0.4589269161224365, 0.23528099060058594, 0.4236412048339844, 0.42543554306030273, 0.41609835624694824, 0.4177842140197754, 0.4141392707824707, 0.3261289596557617, 0.41776490211486816, 0.41975903511047363, 0.41767454147338867, 0.414992094039917, 0.41103243827819824, 0.4102644920349121, 0.41061925888061523, 0.41115403175354004, 0.4078693389892578, 0.4130284786224365, 0.3253016471862793, 0.4137611389160156, 0.417834997177124, 0.40811872482299805, 0.4167633056640625, 0.41306376457214355], [0.023374557495117188, 0.02079153060913086, 0.012958526611328125, 0.013069629669189453, 0.012584924697875977, 0.012881994247436523, 0.012938976287841797, 0.013042211532592773, 0.013102054595947266, 0.013062477111816406, 0.01350855827331543, 0.013321161270141602, 0.013440847396850586, 0.013376712799072266, 0.01342463493347168, 0.013199567794799805, 0.013515233993530273, 0.013253450393676758, 0.013204574584960938, 0.012969732284545898, 0.012784481048583984, 0.013059854507446289, 0.012949943542480469, 0.013027429580688477, 0.013002395629882812, 0.013391256332397461, 0.013222694396972656, 0.013206720352172852, 0.013092756271362305, 0.013039350509643555, 0.01285696029663086, 0.013129234313964844], [0.18491268157958984, 0.18903112411499023, 0.22958040237426758, 0.17365026473999023, 0.19179344177246094, 0.18378734588623047, 0.18271827697753906, 0.19224905967712402, 0.1824800968170166, 0.2488851547241211, 0.18978381156921387, 