{"shuffle_centroids_times": [[]], "map_iterdata_times": [[]], "create_map_data": [0.17551589012145996], "map_queries_times": [[[19.04804825782776, 0.11213803291320801, [0.20071625709533691, 0.3278956413269043, 0.18298125267028809, 0.1764829158782959, 0.21291542053222656, 0.17570853233337402, 0.17836618423461914, 0.17237401008605957, 0.19164252281188965, 0.3353452682495117, 0.44825172424316406, 0.3512434959411621, 0.4360344409942627, 0.4411132335662842, 0.34732818603515625, 0.44365549087524414, 0.4294271469116211, 0.33205294609069824, 0.44080090522766113, 0.43317198753356934, 0.42155885696411133, 0.4233579635620117, 0.3279123306274414, 0.427748441696167, 0.4500558376312256, 0.42119622230529785, 0.3273320198059082, 0.4305121898651123, 0.42887115478515625, 0.4326474666595459, 0.3322901725769043, 0.4209427833557129], [0.0175473690032959, 0.014986038208007812, 0.008604764938354492, 0.00928044319152832, 0.008732080459594727, 0.009224414825439453, 0.00860905647277832, 0.008743762969970703, 0.008662939071655273, 0.009018898010253906, 0.008904457092285156, 0.00912022590637207, 0.00888967514038086, 0.009164810180664062, 0.009063959121704102, 0.009002208709716797, 0.00890350341796875, 0.009174585342407227, 0.00903177261352539, 0.008812189102172852, 0.008854389190673828, 0.008767843246459961, 0.008672237396240234, 0.008597135543823242, 0.00860142707824707, 0.008738040924072266, 0.00855708122253418, 0.00863957405090332, 0.008677244186401367, 0.009411811828613281, 0.00868082046508789, 0.008831977844238281], [0.1970505714416504, 0.190659761428833, 0.18904638290405273, 0.22408723831176758, 0.19231224060058594, 0.19631624221801758, 0.17678284645080566, 0.19220590591430664, 0.1837918758392334, 0.2544972896575928, 0.18788695335388184, 0.19266343116760254, 0.1997973918914795, 0.18306875228881836, 0.19234609603881836, 0.25919008255004883, 0.1942307949066162, 0.19559836387634277, 0.19811725616455078, 0.17975902557373047, 0.19053983688354492, 0.2567737102508545, 0.20107293128967285, 0.18979287147521973, 0.18281817436218262, 0.18132472038269043, 0.18658828735351562, 0.1889660358428955, 0.20485806465148926, 0.30905890464782715, 0.21326947212219238, 0.2014601230621338], 1.049105167388916], [19.38344144821167, 0.10941815376281738, [0.22193455696105957, 0.18403983116149902, 0.30054521560668945, 0.19810771942138672, 0.19121909141540527, 0.1736290454864502, 0.1812436580657959, 0.18667936325073242, 0.1774435043334961, 0.33803319931030273, 0.44647669792175293, 0.34188079833984375, 0.4115333557128906, 0.43684864044189453, 0.4280507564544678, 0.3465092182159424, 0.42723965644836426, 0.4259786605834961, 0.36651086807250977, 0.4253096580505371, 0.36388611793518066, 0.4348273277282715, 0.4307732582092285, 0.33619046211242676, 0.45018863677978516, 0.4299886226654053, 0.3290109634399414, 0.4263582229614258, 0.43521809577941895, 0.41133618354797363, 0.3355891704559326, 0.4232354164123535], [0.018259286880493164, 0.0160524845123291, 0.009508848190307617, 0.009791374206542969, 0.009490251541137695, 0.009046792984008789, 0.010017156600952148, 0.009450674057006836, 0.009705305099487305, 0.010079383850097656, 0.009898185729980469, 0.009447097778320312, 0.009851455688476562, 0.009738922119140625, 0.009541988372802734, 0.009648799896240234, 0.009368658065795898, 0.009850263595581055, 0.009997367858886719, 0.009238004684448242, 0.009370088577270508, 0.009154319763183594, 0.009552478790283203, 0.009375333786010742, 0.009404897689819336, 0.009296178817749023, 0.009688615798950195, 0.008987665176391602, 0.009155988693237305, 0.009139060974121094, 0.00919961929321289, 0.009496688842773438], [0.19999432563781738, 0.23820185661315918, 0.18799948692321777, 0.19693756103515625, 0.19318199157714844, 0.19824957847595215, 0.20842552185058594, 0.25429296493530273, 0.21625423431396484, 0.18442654609680176, 0.2018747329711914, 0.18451142311096191, 0.20157361030578613, 0.294126033782959, 0.19864892959594727, 0.2003169059753418, 0.19237995147705078, 0.20316314697265625, 0.20387697219848633, 0.2814962863922119, 0.20433568954467773, 0.205763578414917, 0.20270156860351562, 0.20308804512023926, 0.20881938934326172, 0.1960008144378662, 0.30116772651672363, 0.18290925025939941, 0.202972412109375, 0.19518232345581055, 0.1831960678100586, 0.19481420516967773], 1.2170264720916748], [19.39117455482483, 0.15352344512939453, [0.25609326362609863, 0.32904529571533203, 0.2041034698486328, 0.2065591812133789, 0.1939525604248047, 0.20617341995239258, 0.21805119514465332, 0.19385361671447754, 0.2077181339263916, 0.2129192352294922, 0.32962727546691895, 0.42978882789611816, 0.40923619270324707, 0.3435628414154053, 0.42725181579589844, 0.3571488857269287, 0.43727755546569824, 0.43930625915527344, 0.34549379348754883, 0.4292135238647461, 0.4192793369293213, 0.34522128105163574, 0.4286646842956543, 0.437258243560791, 0.33783864974975586, 0.42552661895751953, 0.4251213073730469, 0.3361623287200928, 0.43623852729797363, 0.4305081367492676, 0.4166300296783447, 0.3374671936035156], [0.023976802825927734, 0.022006511688232422, 0.013284683227539062, 0.013742208480834961, 0.013648748397827148, 0.013530969619750977, 0.013511419296264648, 0.013418912887573242, 0.014016866683959961, 0.013433456420898438, 0.013611555099487305, 0.013673782348632812, 0.013585090637207031, 0.013584375381469727, 0.013474225997924805, 0.013622522354125977, 0.013792276382446289, 0.013684749603271484, 0.013719558715820312, 0.013814926147460938, 0.013730287551879883, 0.013344526290893555, 0.013360261917114258, 0.013298749923706055, 0.013159513473510742, 0.013242006301879883, 0.01325678825378418, 0.013058900833129883, 0.01335453987121582, 0.013017654418945312, 0.012851715087890625, 0.012672901153564453], [0.20708250999450684, 0.2344834804534912, 0.19324159622192383, 0.18679261207580566, 0.1744542121887207, 0.18623638153076172, 0.18413615226745605, 0.23931407928466797, 0.17974042892456055, 0.18500423431396484, 0.18442606925964355, 0.19141221046447754, 0.18343806266784668, 0.2737870216369629, 0.19208955764770508, 0.19143247604370117, 0.18343377113342285, 0.18313217163085938, 0.19072723388671875, 0.30674242973327637, 0.19035601615905762, 0.18670868873596191, 0.180572509765625, 0.17867016792297363, 0.18710994720458984, 0.17588305473327637, 0.3142533302307129, 0.19999146461486816, 0.18253469467163086, 0.19165802001953125, 0.18787550926208496, 0.17569923400878906], 1.4329476356506348], [19.13551616668701, 0.17316031455993652, [0.23779726028442383, 0.19571924209594727, 0.20057320594787598, 0.3583865165710449, 0.19589495658874512, 0.206085205078125, 0.17942190170288086, 0.20148634910583496, 0.1986839771270752, 0.20043563842773438, 0.34021663665771484, 0.35834646224975586, 0.439511775970459, 0.4357900619506836, 0.34975719451904297, 0.4337153434753418, 0.36441659927368164, 0.42301273345947266, 0.3644866943359375, 0.4758639335632324, 0.35892367362976074, 0.4302074909210205, 0.3388400077819824, 0.4294748306274414, 0.4370269775390625, 0.3479928970336914, 0.441697359085083, 0.33788561820983887, 0.43160390853881836, 0.4318060874938965, 0.3392763137817383, 0.4324345588684082], [0.0233762264251709, 0.02106022834777832, 0.012925863265991211, 0.013045072555541992, 0.013152837753295898, 0.013164758682250977, 0.013320207595825195, 0.01304316520690918, 0.013163089752197266, 0.013175249099731445, 0.013112068176269531, 0.013671398162841797, 0.01331019401550293, 0.013431549072265625, 0.012959003448486328, 0.013085603713989258, 0.012885093688964844, 0.0128936767578125, 0.012874126434326172, 0.012777090072631836, 0.012999296188354492, 0.013158082962036133, 0.012648820877075195, 0.012909889221191406, 0.012904167175292969, 0.013006925582885742, 0.012580156326293945, 0.012841463088989258, 0.012852907180786133, 0.012523412704467773, 0.012285947799682617, 0.012331008911132812], [0.1932671070098877, 0.18398571014404297, 0.18462228775024414, 0.22259807586669922, 0.1810462474822998, 0.18802833557128906, 0.18349862098693848, 0.1882185935974121, 0.1817162036895752, 0.2550632953643799, 