{"shuffle_centroids_times": [[]], "map_iterdata_times": [[]], "create_map_data": [0.1732349395751953], "map_queries_times": [[[19.601308822631836, 0.12687230110168457, [0.39937663078308105, 0.45155978202819824, 0.3745613098144531, 0.3551955223083496, 0.616041898727417, 0.8021533489227295, 0.89467453956604, 0.7830004692077637, 0.7925491333007812, 0.7848703861236572, 0.8040041923522949, 0.797797441482544, 0.875352144241333, 0.7798614501953125, 0.7843365669250488, 0.8686130046844482], [0.04681992530822754, 0.043615102767944336, 0.027135133743286133, 0.025609493255615234, 0.025595903396606445, 0.025492429733276367, 0.025271177291870117, 0.02538299560546875, 0.026214122772216797, 0.025102615356445312, 0.02505016326904297, 0.02481698989868164, 0.025228500366210938, 0.024903535842895508, 0.024872303009033203, 0.025233745574951172], [0.4920318126678467, 0.44790029525756836, 0.4253368377685547, 0.44535374641418457, 0.4386463165283203, 0.4423224925994873, 0.465501070022583, 0.43144679069519043, 0.4119699001312256, 0.44299793243408203, 0.44142675399780273, 0.4454319477081299, 0.5285201072692871, 0.44205760955810547, 0.42986226081848145, 0.4263725280761719], 0.7067019939422607], [20.292644500732422, 0.11426568031311035, [0.3478667736053467, 0.32541465759277344, 0.3836171627044678, 0.4351217746734619, 0.797091007232666, 0.7728056907653809, 0.8688900470733643, 0.768845796585083, 0.855987548828125, 0.7700490951538086, 0.8578612804412842, 0.7662179470062256, 0.8632204532623291, 0.7744221687316895, 0.8621041774749756, 0.7661595344543457], [0.0356142520904541, 0.032642364501953125, 0.019097089767456055, 0.03167414665222168, 0.0193939208984375, 0.03144073486328125, 0.018107175827026367, 0.017688989639282227, 0.017322778701782227, 0.017659664154052734, 0.018561840057373047, 0.017138242721557617, 0.017377853393554688, 0.017243623733520508, 0.01744818687438965, 0.019581317901611328], [0.5584840774536133, 0.5099389553070068, 0.5269114971160889, 0.48390650749206543, 0.4737987518310547, 0.48055148124694824, 0.5451483726501465, 0.5058183670043945, 0.47752833366394043, 0.47275519371032715, 0.48439931869506836, 0.4901447296142578, 0.5594139099121094, 0.48818302154541016, 0.48386549949645996, 0.48472094535827637], 0.5888698101043701], [19.278562545776367, 0.1331040859222412, [0.34908413887023926, 0.34427690505981445, 0.3262012004852295, 0.45000505447387695, 0.8088610172271729, 0.7950835227966309, 0.800137996673584, 0.8010010719299316, 0.8812241554260254, 0.7877416610717773, 0.7925634384155273, 0.8268005847930908, 0.7908985614776611, 0.7925565242767334, 0.7963607311248779, 0.8833658695220947], [0.04551577568054199, 0.043216705322265625, 0.026831865310668945, 0.04242539405822754, 0.024599313735961914, 0.024665355682373047, 0.024821758270263672, 0.024898290634155273, 0.02516484260559082, 0.024561166763305664, 0.024651765823364258, 0.024511098861694336, 0.024625301361083984, 0.024862289428710938, 0.024389028549194336, 0.024207353591918945], [0.42821598052978516, 0.3941175937652588, 0.4177074432373047, 0.4685547351837158, 0.41699767112731934, 0.42273879051208496, 0.43276548385620117, 0.3675882816314697, 0.4251704216003418, 0.4888889789581299, 0.4077761173248291, 0.41966843605041504, 0.4420771598815918, 0.4082770347595215, 0.4092257022857666, 0.42012763023376465], 0.6952085494995117], [19.788620471954346, 0.11666178703308105, [0.32074570655822754, 0.2993888854980469, 0.2882084846496582, 0.419630765914917, 0.8780250549316406, 0.7808661460876465, 0.781569242477417, 0.8830938339233398, 0.7803289890289307, 0.7818386554718018, 0.8736858367919922, 0.7777137756347656, 0.77947998046875, 0.8662903308868408, 0.769991397857666, 0.8646495342254639], [0.03357195854187012, 0.03181958198547363, 0.01640486717224121, 0.016876220703125, 0.017632484436035156, 0.016512155532836914, 0.016954421997070312, 0.01656174659729004, 0.01727581024169922, 0.017534971237182617, 0.016745328903198242, 0.016709089279174805, 0.017009496688842773, 0.016721248626708984, 0.01694941520690918, 0.017062902450561523], [0.48361635208129883, 0.4842078685760498, 0.47453784942626953, 0.5231831073760986, 0.4779362678527832, 0.47783350944519043, 0.45650434494018555, 0.48464274406433105, 0.47516751289367676, 0.5311932563781738, 0.47116613388061523, 0.47197842597961426, 0.47055530548095703, 0.435255765914917, 0.46459412574768066, 0.4826207160949707], 0.5588815212249756]]], "map_execution": [22.62504005432129], "map_invoke": [[0.5884649753570557, 0.49971532821655273, 0.5832290649414062, 0.4977099895477295]], "create_reduce_data": [0.23443078994750977], "reduce_iterdata_times": [0.23072004318237305], "reduce_queries_times": [[0.5322239398956299]], "reduce_execution_times": [3.0802130699157715], "reduce_invoke": [[0.49334025382995605]], "divide_reduce_times": [0.00029754638671875], "total_querying_times": [26.113216876983643],