{"shuffle_centroids_times": [[]], "map_iterdata_times": [[]], "create_map_data": [0.16635823249816895], "map_queries_times": [[[19.197539806365967, 0.1472764015197754, [0.4810001850128174, 0.34258604049682617, 0.3374626636505127, 0.3241584300994873, 0.7901334762573242, 0.7968659400939941, 0.7889373302459717, 0.7925641536712646, 0.7982254028320312, 0.8017756938934326, 0.7969048023223877, 0.8011975288391113, 0.8858332633972168, 0.7871584892272949, 0.7891533374786377, 0.7885532379150391], [0.04624366760253906, 0.0430903434753418, 0.024763107299804688, 0.0246274471282959, 0.02488422393798828, 0.025206565856933594, 0.02537369728088379, 0.025120019912719727, 0.025120973587036133, 0.02532219886779785, 0.02498030662536621, 0.02475738525390625, 0.025038957595825195, 0.02467632293701172, 0.024978160858154297, 0.024645328521728516], [0.42122530937194824, 0.4579322338104248, 0.4179341793060303, 0.4152822494506836, 0.3739783763885498, 0.43273425102233887, 0.42508840560913086, 0.4977569580078125, 0.4239165782928467, 0.3723151683807373, 0.4128556251525879, 0.40615034103393555, 0.4208638668060303, 0.5028798580169678, 0.41967296600341797, 0.4100465774536133], 0.6980507373809814], [19.3702335357666, 0.12907195091247559, [0.36489367485046387, 0.3491036891937256, 0.3421163558959961, 0.3323631286621094, 0.8895869255065918, 0.7799606323242188, 0.8434507846832275, 0.7466247081756592, 0.7911722660064697, 0.8101902008056641, 0.871248722076416, 0.7743551731109619, 0.7799074649810791, 0.7867612838745117, 0.8817274570465088, 0.775644063949585], [0.04582619667053223, 0.04535055160522461, 0.02493143081665039, 0.025410890579223633, 0.02498912811279297, 0.024708032608032227, 0.02514171600341797, 0.02539229393005371, 0.024936199188232422, 0.025909900665283203, 0.025103330612182617, 0.025143861770629883, 0.025299787521362305, 0.025160789489746094, 0.0253446102142334, 0.024389266967773438], [0.44267725944519043, 0.4715869426727295, 0.3831827640533447, 0.42529749870300293, 0.45260167121887207, 0.4344146251678467, 0.4348275661468506, 0.4336860179901123, 0.5072362422943115, 0.3842649459838867, 0.4345836639404297, 0.4032127857208252, 0.3970975875854492, 0.40384936332702637, 0.5243997573852539, 0.43603944778442383], 0.7097940444946289], [19.829459190368652, 0.11756587028503418, [0.3163623809814453, 0.3010551929473877, 0.2797119617462158, 0.5045249462127686, 0.760796070098877, 0.854464054107666, 0.7532310485839844, 0.8556327819824219, 0.7552874088287354, 0.8434581756591797, 0.7543277740478516, 0.8492333889007568, 0.8425567150115967, 0.7499485015869141, 0.8496856689453125, 0.750035285949707], [0.03384065628051758, 0.031635284423828125, 0.01871800422668457, 0.03032660484313965, 0.016813039779663086, 0.016627788543701172, 0.016535043716430664, 0.017399072647094727, 0.016882896423339844, 0.016794681549072266, 0.017573118209838867, 0.01683783531188965, 0.01699519157409668, 0.01714491844177246, 0.016857624053955078, 0.016871213912963867], [0.47867298126220703, 0.5115165710449219, 0.46247076988220215, 0.4531855583190918, 0.5051040649414062, 0.46465182304382324, 0.4711036682128906, 0.470578670501709, 0.5205056667327881, 0.45783090591430664, 0.46470093727111816, 0.46121764183044434, 0.5072040557861328, 0.4979870319366455, 0.5741634368896484, 0.4984467029571533], 0.5741453170776367], [19.925368785858154, 0.1071784496307373, [0.4252321720123291, 0.2865009307861328, 0.2863039970397949, 0.4772062301635742, 0.7794795036315918, 0.8716132640838623, 0.776024580001831, 0.8161332607269287, 0.791109561920166, 0.8726296424865723, 0.7759761810302734, 0.869781494140625, 0.7754251956939697, 0.7778077125549316, 0.8751516342163086, 0.7762582302093506], [0.03375124931335449, 0.031542062759399414, 0.017292022705078125, 0.016804933547973633, 0.016808748245239258, 0.016968727111816406, 0.01682901382446289, 0.016625165939331055, 0.017522096633911133, 0.01685309410095215, 0.01716780662536621, 0.016633987426757812, 0.017531633377075195, 0.0168612003326416, 0.0167539119720459, 0.016841650009155273], [0.4741392135620117, 0.5146396160125732, 0.4715578556060791, 0.4909369945526123, 0.4814157485961914, 0.48655056953430176, 0.46798133850097656, 0.5221693515777588, 0.4762101173400879, 0.5000567436218262, 0.4598526954650879, 0.462322473526001, 0.4624300003051758, 0.5249180793762207, 0.44225168228149414, 0.4727506637573242], 0.57234787940979]]], "map_execution": [21.604461431503296], "map_invoke": [[0.4758725166320801, 0.5567851066589355, 0.46903371810913086, 0.40590858459472656]], "create_reduce_data": [0.20547842979431152], "reduce_iterdata_times": [0.20185017585754395], "reduce_queries_times": [[0.40734195709228516]], "reduce_execution_times": [3.081258535385132], "reduce_invoke": [[0.5773251056671143]], "divide_reduce_times": [0.00019502639770507812], "total_querying_times": [25.05775284767151],