{"load_dataset_centroids": 0, "global_index_centroids": 0, "distribute_vectors_centroids": [7.581209421157837, 7.152024507522583, 6.7205305099487305, 7.447180271148682, 7.077120780944824, 6.665333986282349, 7.2534449100494385, 7.081610679626465, 7.05730128288269, 6.341693162918091, 6.3796656131744385, 7.127546548843384, 7.120739221572876, 6.983431577682495, 7.229753732681274, 7.160760402679443], "distribute_vectors_invocation_centroids": [1.1956641674041748, 1.1356308460235596, 1.085794448852539, 1.2101285457611084, 1.1784791946411133, 1.0207180976867676, 1.1861374378204346, 1.2148969173431396, 1.1798067092895508, 1.0417828559875488, 1.0919194221496582, 1.2083706855773926, 1.1728825569152832, 1.0868985652923584, 1.2040085792541504, 1.15763521194458], "total_generated_vectors": 168695, "generated_vectors": [3039, 3358, 1882, 1140, 3043, 3508, 2443, 2486, 2295, 2582, 2172, 3443, 2155, 3008, 2073, 2326, 3461, 2313, 4166, 2318, 2665, 2836, 2034, 2170, 2793, 1935, 2540, 2208, 1618, 2886, 2037, 2644, 3909, 3030, 3465, 1380, 2674, 2800, 4773, 3245, 2601, 2591, 2073, 1872, 2799, 3750, 1847, 2013, 1919, 2717, 2134, 2539, 2758, 2519, 2510, 2833, 3106, 3049, 2313, 1789, 3481, 2982, 2802, 2845], "avg_generated_vectors": 2635.859375, "std_dev_generated_vectors": 659.8490415909475, "generate_index_centroids": [3.1788203716278076, 3.5749034881591797, 3.618485927581787, 3.466932773590088, 3.1013054847717285, 3.2906718254089355, 3.286149024963379, 3.3701627254486084, 3.0983548164367676, 2.8444132804870605, 2.8784892559051514, 2.9884626865386963, 3.0277135372161865, 3.1498119831085205, 3.0738141536712646, 3.930899143218994], "generate_index_invocation_centroids": [1.0500898361206055, 1.0335273742675781, 0.8678872585296631, 0.9803495407104492, 1.0889892578125, 0.9640545845031738, 1.0371506214141846, 1.004333257675171, 1.1078767776489258, 1.0304253101348877, 0.9084892272949219, 0.9843034744262695, 1.0401146411895752, 1.1073834896087646, 1.0568592548370361, 0.9515101909637451], "total_indexing_centroids": 17.240167379379272, "shuffle_centroids_times": [], "map_iterdata_times": [], "create_map_data": [], "map_queries_times": [], "map_execution": [], "map_invoke": [], "create_reduce_data": [], "reduce_iterdata_times": [], "reduce_queries_times": [], "reduce_execution_times": [], "reduce_invoke": [], "divide_reduce_times": [], "total_querying_times": [], "recalls": [], "distribute_vectors_centroids_mean": 7.023709163069725, "generate_index_centroids_mean": 3.2424619048833847, "params": {"dataset": "deep_100k", "features": 96, "k_search": 10, "num_index": 64, "replication_threshold": 1.05, "num_centroids_search": 1, "k": 512, "kmeans_version": "unbalanced", "n_probe": 32, "query_batch_size": 16, "implementation": "centroids", "indexing_memory": 10240, "search_map_memory": 8192, "search_reduce_memory": 2048}}