{"load_dataset_centroids": 0, "global_index_centroids": 0, "distribute_vectors_centroids": [6.974631309509277, 7.156364440917969, 6.610146522521973, 7.436170816421509, 7.223684072494507, 6.769174098968506, 6.484809398651123, 7.235898733139038, 7.358315944671631, 6.820886850357056, 6.998927116394043, 6.847372770309448, 7.09096360206604, 6.855003356933594, 6.989181280136108, 7.469429969787598], "distribute_vectors_invocation_centroids": [1.1327738761901855, 1.1174461841583252, 1.1737782955169678, 1.1386544704437256, 1.120802879333496, 1.0198512077331543, 1.0479426383972168, 1.1153662204742432, 1.1228702068328857, 1.1400411128997803, 1.1317112445831299, 1.1440081596374512, 1.025010585784912, 0.9772992134094238, 0.9694368839263916, 1.1113839149475098], "total_generated_vectors": 168695, "generated_vectors": [3039, 3358, 1882, 1140, 3043, 3508, 2443, 2486, 2295, 2582, 2172, 3443, 2155, 3008, 2073, 2326, 3461, 2313, 4166, 2318, 2665, 2836, 2034, 2170, 2793, 1935, 2540, 2208, 1618, 2886, 2037, 2644, 3909, 3030, 3465, 1380, 2674, 2800, 4773, 3245, 2601, 2591, 2073, 1872, 2799, 3750, 1847, 2013, 1919, 2717, 2134, 2539, 2758, 2519, 2510, 2833, 3106, 3049, 2313, 1789, 3481, 2982, 2802, 2845], "avg_generated_vectors": 2635.859375, "std_dev_generated_vectors": 659.8490415909475, "generate_index_centroids": [3.2954866886138916, 4.181803941726685, 3.7645316123962402, 3.332975149154663, 3.2466776371002197, 3.2667996883392334, 3.2875890731811523, 3.3665096759796143, 2.9591116905212402, 3.221226215362549, 3.1918962001800537, 3.3025996685028076, 3.16438889503479, 2.9013619422912598, 3.0726301670074463, 3.206167459487915], "generate_index_invocation_centroids": [0.9520127773284912, 1.0086112022399902, 1.0969080924987793, 1.0864777565002441, 1.0680553913116455, 1.0883862972259521, 1.1097514629364014, 1.0895445346832275, 0.9438204765319824, 1.0591883659362793, 1.1140751838684082, 1.011789321899414, 1.1009407043457031, 0.9608492851257324, 1.1485674381256104, 1.1427218914031982], "total_indexing_centroids": 17.263432502746582, "shuffle_centroids_times": [], "map_iterdata_times": [], "create_map_data": [], "map_queries_times": [], "map_execution": [], "map_invoke": [], "create_reduce_data": [], "reduce_iterdata_times": [], "reduce_queries_times": [], "reduce_execution_times": [], "reduce_invoke": [], "divide_reduce_times": [], "total_querying_times": [], "recalls": [], "distribute_vectors_centroids_mean": 7.020060017704964, "generate_index_centroids_mean": 3.297609731554985, "params": {"dataset": "deep_100k", "features": 96, "k_search": 10, "num_index": 64, "replication_threshold": 1.05, "num_centroids_search": 1, "k": 512, "kmeans_version": "unbalanced", "n_probe": 32, "query_batch_size": 16, "implementation": "centroids", "indexing_memory": 10240, "search_map_memory": 8192, "search_reduce_memory": 2048}}