{"load_dataset_centroids": 0, "global_index_centroids": 0, "distribute_vectors_centroids": [4.487642288208008, 4.5661962032318115, 4.123497486114502, 3.728201389312744, 4.676068067550659, 4.429044723510742, 4.010229825973511, 4.67793869972229, 4.372401714324951, 4.38113260269165, 4.3272693157196045, 4.5950844287872314, 4.800008296966553, 3.9683361053466797, 4.664425849914551, 4.434765100479126], "distribute_vectors_invocation_centroids": [1.2903716564178467, 1.2048609256744385, 1.1911201477050781, 1.1053385734558105, 1.2721073627471924, 1.0715441703796387, 1.1250581741333008, 1.257786512374878, 1.26865553855896, 1.2627854347229004, 1.1685752868652344, 1.2474524974822998, 1.1604700088500977, 1.0365302562713623, 1.2111318111419678, 1.2637627124786377], "total_generated_vectors": 160806, "generated_vectors": [3699, 6890, 5766, 9059, 1426, 4856, 5946, 6282, 6044, 5200, 7293, 3244, 6740, 3888, 3078, 5065, 5264, 8353, 5425, 5677, 4747, 4437, 3962, 4601, 2535, 3482, 4876, 2380, 8363, 4452, 4798, 2978], "avg_generated_vectors": 5025.1875, "std_dev_generated_vectors": 1792.8318820397144, "generate_index_centroids": [2.3463172912597656, 2.310126781463623, 2.3426568508148193, 1.941699504852295, 1.8964316844940186, 2.8661842346191406, 1.72847580909729, 2.3320999145507812, 1.9664101600646973, 2.0520145893096924, 1.8440048694610596, 1.7929909229278564, 1.741515874862671, 2.3882639408111572, 1.713805913925171, 1.8615984916687012], "generate_index_invocation_centroids": [1.0766372680664062, 1.084129810333252, 1.0509920120239258, 1.0521535873413086, 1.1410672664642334, 1.0215964317321777, 1.1126327514648438, 1.0751779079437256, 0.9681086540222168, 1.1100313663482666, 0.962083101272583, 1.07277512550354, 1.07694673538208, 1.1341404914855957, 0.9444947242736816, 0.9582939147949219], "total_indexing_centroids": 13.26793909072876, "shuffle_centroids_times": [], "map_iterdata_times": [], "create_map_data": [], "map_queries_times": [], "map_execution": [], "map_invoke": [], "create_reduce_data": [], "reduce_iterdata_times": [], "reduce_queries_times": [], "reduce_execution_times": [], "reduce_invoke": [], "divide_reduce_times": [], "total_querying_times": [], "recalls": [], "distribute_vectors_centroids_mean": 4.390140131115913, "generate_index_centroids_mean": 2.070287302136421, "params": {"dataset": "deep_100k", "features": 96, "k_search": 10, "num_index": 32, "replication_threshold": 1.05, "num_centroids_search": 1, "k": 512, "kmeans_version": "unbalanced", "n_probe": 32, "query_batch_size": 8, "implementation": "centroids", "indexing_memory": 10240, "search_map_memory": 8192, "search_reduce_memory": 2048}}