{"load_dataset_centroids": 0, "global_index_centroids": 0, "distribute_vectors_centroids": [7.566373586654663, 7.0579729080200195, 6.921496868133545, 6.42281436920166, 6.509600400924683, 7.013814449310303, 6.661373615264893, 7.319194793701172, 7.243211269378662, 7.078902721405029, 6.79407262802124, 6.116507530212402, 6.956547498703003, 7.230271816253662, 6.9445860385894775, 7.121266603469849], "distribute_vectors_invocation_centroids": [1.197927474975586, 1.1409862041473389, 1.1807477474212646, 1.0504159927368164, 1.0597560405731201, 1.181863784790039, 1.041266918182373, 1.122553825378418, 1.152021884918213, 1.1395964622497559, 1.042877197265625, 1.0172908306121826, 1.2035741806030273, 1.2039172649383545, 1.177452802658081, 1.1388003826141357], "total_generated_vectors": 168695, "generated_vectors": [3039, 3358, 1882, 1140, 3043, 3508, 2443, 2486, 2295, 2582, 2172, 3443, 2155, 3008, 2073, 2326, 3461, 2313, 4166, 2318, 2665, 2836, 2034, 2170, 2793, 1935, 2540, 2208, 1618, 2886, 2037, 2644, 3909, 3030, 3465, 1380, 2674, 2800, 4773, 3245, 2601, 2591, 2073, 1872, 2799, 3750, 1847, 2013, 1919, 2717, 2134, 2539, 2758, 2519, 2510, 2833, 3106, 3049, 2313, 1789, 3481, 2982, 2802, 2845], "avg_generated_vectors": 2635.859375, "std_dev_generated_vectors": 659.8490415909475, "generate_index_centroids": [3.7483866214752197, 3.6245226860046387, 3.8057191371917725, 3.454265832901001, 3.475013256072998, 3.325547218322754, 3.616276502609253, 3.4278182983398438, 3.076962947845459, 2.8700053691864014, 3.231527328491211, 3.3031461238861084, 3.10182523727417, 3.6116554737091064, 3.213787794113159, 2.8348166942596436], "generate_index_invocation_centroids": [0.9895732402801514, 1.0140769481658936, 1.0372748374938965, 0.9683849811553955, 0.9935376644134521, 1.0212342739105225, 1.0299274921417236, 0.9637506008148193, 1.0688302516937256, 0.8639001846313477, 1.032778024673462, 0.9188306331634521, 0.8912093639373779, 0.9779176712036133, 1.0356605052947998, 0.947972297668457], "total_indexing_centroids": 16.265421628952026, "shuffle_centroids_times": [], "map_iterdata_times": [], "create_map_data": [], "map_queries_times": [], "map_execution": [], "map_invoke": [], "create_reduce_data": [], "reduce_iterdata_times": [], "reduce_queries_times": [], "reduce_execution_times": [], "reduce_invoke": [], "divide_reduce_times": [], "total_querying_times": [], "recalls": [], "distribute_vectors_centroids_mean": 6.934875443577766, "generate_index_centroids_mean": 3.357579782605171, "params": {"dataset": "deep_100k", "features": 96, "k_search": 10, "num_index": 64, "replication_threshold": 1.05, "num_centroids_search": 1, "k": 512, "kmeans_version": "unbalanced", "n_probe": 32, "query_batch_size": 16, "implementation": "centroids", "indexing_memory": 10240, "search_map_memory": 8192, "search_reduce_memory": 2048}}