{"load_dataset_centroids": 0, "global_index_centroids": 0, "distribute_vectors_centroids": [5.808529615402222, 5.582065105438232, 5.556882858276367, 6.046580791473389, 5.685277700424194, 5.501020193099976, 5.558497190475464, 5.770993947982788, 5.571848392486572, 5.141155242919922, 5.238464593887329, 5.592759609222412, 5.61474084854126, 5.231346130371094, 5.67261266708374, 6.0703887939453125], "distribute_vectors_invocation_centroids": [1.0340385437011719, 1.0527331829071045, 1.0586743354797363, 1.0778231620788574, 1.0662167072296143, 0.9587199687957764, 0.8843803405761719, 1.0311968326568604, 1.0382888317108154, 0.9233295917510986, 0.9034762382507324, 1.0286591053009033, 1.078110933303833, 0.9405298233032227, 1.0372123718261719, 1.0631842613220215], "total_generated_vectors": 110270, "generated_vectors": [1685, 1766, 1301, 946, 2207, 1845, 1595, 1518, 1420, 1924, 1408, 1520, 1426, 2040, 1305, 1842, 2103, 1559, 2628, 1648, 2182, 1967, 1522, 1553, 2158, 1576, 1659, 1641, 1144, 2664, 1397, 1785, 2272, 2556, 1855, 1122, 1966, 1477, 2668, 2087, 1610, 1777, 1333, 1218, 1811, 2200, 1236, 1558, 1183, 1533, 1384, 1299, 2325, 1625, 1754, 1829, 2000, 1990, 1771, 1293, 2147, 1732, 1203, 1522], "avg_generated_vectors": 1722.96875, "std_dev_generated_vectors": 396.50861071736625, "generate_index_centroids": [2.8252339363098145, 3.2505035400390625, 3.259730339050293, 3.06937837600708, 3.0492615699768066, 3.0444436073303223, 3.0137197971343994, 2.918126344680786, 2.792447805404663, 2.6048741340637207, 3.64281964302063, 2.8020927906036377, 2.722903251647949, 2.7897114753723145, 2.73852276802063, 2.6914007663726807], "generate_index_invocation_centroids": [1.109804630279541, 0.9935948848724365, 1.0916683673858643, 1.1124317646026611, 1.1153113842010498, 1.0715341567993164, 1.051922082901001, 1.0699801445007324, 0.8983249664306641, 0.9489915370941162, 1.0447278022766113, 1.0803425312042236, 1.0085453987121582, 1.087073564529419, 1.0164501667022705, 1.0734593868255615], "total_indexing_centroids": 15.224293231964111, "shuffle_centroids_times": [], "map_iterdata_times": [], "create_map_data": [], "map_queries_times": [], "map_execution": [], "map_invoke": [], "create_reduce_data": [], "reduce_iterdata_times": [], "reduce_queries_times": [], "reduce_execution_times": [], "reduce_invoke": [], "divide_reduce_times": [], "total_querying_times": [], "recalls": [], "distribute_vectors_centroids_mean": 5.602697730064392, "generate_index_centroids_mean": 2.9509481340646744, "params": {"dataset": "deep_100k", "features": 96, "k_search": 10, "num_index": 64, "replication_threshold": 1.01, "num_centroids_search": 1, "k": 512, "kmeans_version": "unbalanced", "n_probe": 32, "query_batch_size": 16, "implementation": "centroids", "indexing_memory": 10240, "search_map_memory": 8192, "search_reduce_memory": 2048}}