{"load_dataset_centroids": 0, "global_index_centroids": 0, "distribute_vectors_centroids": [4.318953037261963, 4.408934116363525, 4.347180128097534, 3.560088634490967, 4.237136363983154, 3.6116738319396973, 4.659531831741333, 4.185215473175049, 4.003660678863525, 4.30963659286499, 4.351633071899414, 4.120811700820923, 4.0309157371521, 4.403651714324951, 4.306508302688599, 4.120699405670166], "distribute_vectors_invocation_centroids": [1.1234159469604492, 1.1347095966339111, 1.1536684036254883, 0.9715020656585693, 1.1197001934051514, 1.0207901000976562, 1.1330492496490479, 1.132277250289917, 0.9555454254150391, 1.107372522354126, 1.120934247970581, 1.0636365413665771, 0.9718995094299316, 1.122713565826416, 1.1450436115264893, 1.1297433376312256], "total_generated_vectors": 109439, "generated_vectors": [2203, 4362, 3747, 4564, 1126, 3567, 3416, 3868, 4073, 3129, 4538, 2267, 4779, 2814, 2316, 3709, 3517, 5317, 3888, 4906, 3799, 3182, 3089, 2874, 1826, 3170, 3955, 1835, 4885, 3369, 3189, 2160], "avg_generated_vectors": 3419.96875, "std_dev_generated_vectors": 1011.3952829367825, "generate_index_centroids": [1.9796535968780518, 1.8097484111785889, 1.7114887237548828, 1.523726224899292, 1.7322819232940674, 1.7305710315704346, 1.3720483779907227, 1.7284791469573975, 1.6334588527679443, 1.7996394634246826, 1.5539288520812988, 1.7632114887237549, 2.0331413745880127, 1.8701727390289307, 1.6285295486450195, 1.7646534442901611], "generate_index_invocation_centroids": [1.095301866531372, 1.0900239944458008, 1.0976037979125977, 0.9157898426055908, 1.0876080989837646, 1.118293285369873, 0.9834296703338623, 0.9426476955413818, 1.0490825176239014, 1.0490498542785645, 0.9842739105224609, 1.0623233318328857, 0.9726121425628662, 1.0775675773620605, 1.0894076824188232, 1.0585858821868896], "total_indexing_centroids": 12.212003707885742, "shuffle_centroids_times": [], "map_iterdata_times": [], "create_map_data": [], "map_queries_times": [], "map_execution": [], "map_invoke": [], "create_reduce_data": [], "reduce_iterdata_times": [], "reduce_queries_times": [], "reduce_execution_times": [], "reduce_invoke": [], "divide_reduce_times": [], "total_querying_times": [], "recalls": [], "distribute_vectors_centroids_mean": 4.186014413833618, "generate_index_centroids_mean": 1.7271708250045776, "params": {"dataset": "deep_100k", "features": 96, "k_search": 10, "num_index": 32, "replication_threshold": 1.01, "num_centroids_search": 1, "k": 512, "kmeans_version": "unbalanced", "n_probe": 32, "query_batch_size": 8, "implementation": "centroids", "indexing_memory": 10240, "search_map_memory": 8192, "search_reduce_memory": 2048}}