{"load_dataset_centroids": 0, "global_index_centroids": 0, "distribute_vectors_centroids": [2.784893751144409, 2.924666166305542, 3.072509527206421, 2.8022336959838867, 2.272426128387451, 2.880349636077881, 3.147042751312256, 2.455875873565674, 2.864776611328125, 2.814459800720215, 2.5674355030059814, 2.6251442432403564, 2.9822142124176025, 2.536072015762329, 2.8380632400512695, 2.835979700088501], "distribute_vectors_invocation_centroids": [1.1423027515411377, 1.1119015216827393, 1.1084511280059814, 1.1554913520812988, 0.9987196922302246, 1.125154733657837, 1.1633327007293701, 1.0344812870025635, 1.126824140548706, 1.1394705772399902, 1.0121469497680664, 1.019754409790039, 1.148444414138794, 1.0614376068115234, 1.091407060623169, 1.1411206722259521], "total_generated_vectors": 109074, "generated_vectors": [11362, 9461, 6997, 6971, 6374, 8861, 6233, 5931, 9531, 5436, 4323, 7458, 6864, 5642, 3824, 3806], "avg_generated_vectors": 6817.125, "std_dev_generated_vectors": 2137.20989064403, "generate_index_centroids": [1.5363147258758545, 1.3216896057128906, 1.0714974403381348, 0.8623600006103516, 1.4064531326293945, 1.1283056735992432, 1.0750412940979004, 1.11879301071167, 0.9927334785461426, 1.0593044757843018, 1.6120414733886719, 0.8706378936767578, 0.9268405437469482, 1.071354627609253, 1.2185959815979004, 1.4946129322052002], "generate_index_invocation_centroids": [0.9426791667938232, 0.8688056468963623, 0.9435484409332275, 0.9727814197540283, 0.9582033157348633, 0.9951484203338623, 0.9725246429443359, 1.017732858657837, 0.849498987197876, 0.9531238079071045, 0.9241774082183838, 0.8676509857177734, 0.9678223133087158, 1.0006442070007324, 0.9712166786193848, 0.8620543479919434], "total_indexing_centroids": 11.2135648727417, "shuffle_centroids_times": [], "map_iterdata_times": [], "create_map_data": [], "map_queries_times": [], "map_execution": [], "map_invoke": [], "create_reduce_data": [], "reduce_iterdata_times": [], "reduce_queries_times": [], "reduce_execution_times": [], "reduce_invoke": [], "divide_reduce_times": [], "total_querying_times": [], "recalls": [], "distribute_vectors_centroids_mean": 2.7752589285373688, "generate_index_centroids_mean": 1.1729110181331635, "params": {"dataset": "deep_100k", "features": 96, "k_search": 10, "num_index": 16, "replication_threshold": 1.01, "num_centroids_search": 1, "k": 512, "kmeans_version": "unbalanced", "n_probe": 32, "query_batch_size": 4, "implementation": "centroids", "indexing_memory": 10240, "search_map_memory": 8192, "search_reduce_memory": 2048}}