{"load_dataset_centroids": 21.375373601913452, "global_index_centroids": 0.45345568656921387, "distribute_vectors_centroids": [85.96416425704956, 97.6448917388916, 17.662527561187744], "generate_index_centroids": [40.130420207977295, 37.62471580505371, 34.53441762924194, 47.65903854370117, 31.874418020248413, 28.580615043640137, 33.46428084373474, 34.20837330818176, 25.378617763519287, 33.60328412055969, 39.56749725341797, 33.698901653289795, 34.38136124610901, 42.81256890296936, 28.538273572921753, 35.26549053192139], "total_indexing_centroids": 176.57668566703796, "shuffle_centroids_times": [], "map_iterdata_times": [], "map_queries_times": [], "reduce_iterdata_times": [], "reduce_queries_times": [], "total_querying_times": [], "recalls": [], "distribute_vectors_centroids_mean": 67.0905278523763, "generate_index_centroids_mean": 35.082642152905464, "params": {"dataset": "deep_1M", "features": 96, "k_search": 10, "num_index": 64, "num_centroids_search": 4, "k": 512, "n_probe": 32, "query_batch_size": 4, "indexing_memory": 10240, "search_map_memory": 9216, "search_reduce_memory": 2048}}