{"load_dataset_centroids": 21.62687349319458, "global_index_centroids": 0.37341833114624023, "distribute_vectors_centroids": [83.97649192810059, 93.93449902534485, 13.33828616142273], "generate_index_centroids": [23.973592281341553, 14.197280406951904, 21.84023118019104, 23.39691710472107, 19.093664407730103, 20.208559036254883, 25.76289653778076, 21.150044679641724, 23.371673583984375, 15.345432758331299, 14.941903352737427, 16.58330726623535, 16.78955578804016, 17.85599994659424, 21.073965549468994, 18.818041801452637], "total_indexing_centroids": 148.69892239570618, "shuffle_centroids_times": [], "map_iterdata_times": [], "map_queries_times": [], "reduce_iterdata_times": [], "reduce_queries_times": [], "total_querying_times": [], "recalls": [], "distribute_vectors_centroids_mean": 63.74975903828939, "generate_index_centroids_mean": 19.650191605091095, "params": {"dataset": "deep_1M", "features": 96, "k_search": 10, "num_index": 32, "num_centroids_search": 4, "k": 512, "n_probe": 32, "query_batch_size": 4, "indexing_memory": 10240, "search_map_memory": 9216, "search_reduce_memory": 2048}}