{"load_dataset_centroids": 21.784658670425415, "global_index_centroids": 0.8595409393310547, "distribute_vectors_centroids": [104.93539547920227, 100.53123044967651, 23.102914571762085], "generate_index_centroids": [70.50282430648804, 74.73001527786255, 56.80778646469116, 61.953885316848755, 61.57980275154114, 69.21433234214783, 81.17702531814575, 70.29389882087708, 69.00018501281738, 82.13607430458069, 85.88465929031372, 90.08761286735535, 65.54266810417175, 72.71527600288391, 70.50978422164917, 83.5793924331665], "total_indexing_centroids": 228.44390988349915, "shuffle_centroids_times": [], "map_iterdata_times": [], "map_queries_times": [], "reduce_iterdata_times": [], "reduce_queries_times": [], "total_querying_times": [], "recalls": [], "distribute_vectors_centroids_mean": 76.18984683354695, "generate_index_centroids_mean": 72.8572014272213, "params": {"dataset": "deep_1M", "features": 96, "k_search": 10, "num_index": 128, "num_centroids_search": 4, "k": 512, "n_probe": 32, "query_batch_size": 4, "indexing_memory": 10240, "search_map_memory": 9216, "search_reduce_memory": 2048}}