{"shuffle_centroids_times": [[]], "map_iterdata_times": [[]], "create_map_data": [0.04474163055419922], "map_queries_times": [[[11.262655258178711, 0.0361173152923584, [0.18081164360046387, 0.17505145072937012, 0.1645817756652832, 0.15419220924377441, 0.15555167198181152, 0.15662193298339844, 0.15615344047546387, 0.1533339023590088, 0.39128613471984863, 0.31482362747192383, 0.4099249839782715, 0.40763425827026367, 0.41379499435424805, 0.31417012214660645, 0.4138350486755371, 0.40351176261901855, 0.40000295639038086, 0.41257524490356445, 0.3115653991699219, 0.4047684669494629, 0.40735650062561035, 0.4035346508026123, 0.409778356552124, 0.32006144523620605, 0.41304659843444824, 0.4089219570159912, 0.402935266494751, 0.40554165840148926, 0.3098306655883789, 0.4011256694793701, 0.41658711433410645, 0.41373205184936523], [0.022539377212524414, 0.02241992950439453, 0.012268543243408203, 0.01275634765625, 0.012613534927368164, 0.01265573501586914, 0.012386560440063477, 0.012619972229003906, 0.01258707046508789, 0.012832164764404297, 0.012825965881347656, 0.013069868087768555, 0.01281595230102539, 0.013031721115112305, 0.013146400451660156, 0.012853384017944336, 0.012701749801635742, 0.012966632843017578, 0.012782812118530273, 0.012736320495605469, 0.012647867202758789, 0.01282048225402832, 0.013030290603637695, 0.012905359268188477, 0.013118743896484375, 0.01307368278503418, 0.012366533279418945, 0.013115167617797852, 0.012875080108642578, 0.012805461883544922, 0.013114452362060547, 0.012696266174316406], [0.0058515071868896484, 0.005279064178466797, 0.004865407943725586, 0.005337238311767578, 0.00486445426940918, 0.0054018497467041016, 0.005667209625244141, 0.005734682083129883, 0.004834651947021484, 0.004886150360107422, 0.005316257476806641, 0.0058650970458984375, 0.004893064498901367, 0.004922389984130859, 0.005515575408935547, 0.004750728607177734, 0.005098104476928711, 0.0054645538330078125, 0.005303382873535156, 0.005852222442626953, 0.0051882266998291016, 0.005151510238647461, 0.005686759948730469, 0.005408048629760742, 0.00518488883972168, 0.005342960357666016, 0.004923105239868164, 0.00467991828918457, 0.004837989807128906, 0.0050508975982666016, 0.005140066146850586, 0.0052416324615478516], 0.022907733917236328], [11.318556070327759, 0.0306546688079834, [0.19997167587280273, 0.1970047950744629, 0.18567395210266113, 0.19027471542358398, 0.17780089378356934, 0.18790698051452637, 0.1749889850616455, 0.17285418510437012, 0.26575136184692383, 0.31143641471862793, 0.40485310554504395, 0.40935826301574707, 0.3222532272338867, 0.41119861602783203, 0.40666699409484863, 0.40337133407592773, 0.32543134689331055, 0.41558170318603516, 0.40529584884643555, 0.4028759002685547, 0.31973862648010254, 0.4116847515106201, 0.4108309745788574, 0.399965763092041, 0.3310699462890625, 0.4127845764160156, 0.41005897521972656, 0.40050768852233887, 0.3199920654296875, 0.41391968727111816, 0.4067866802215576, 0.406907320022583], [0.02480149269104004, 0.024234771728515625, 0.013334512710571289, 0.013519287109375, 0.013404607772827148, 0.013647079467773438, 0.01309347152709961, 0.013480901718139648, 0.013588190078735352, 0.013728141784667969, 0.013349294662475586, 0.013509511947631836, 0.01361846923828125, 0.013378381729125977, 0.013504743576049805, 0.01337885856628418, 0.013391494750976562, 0.013092517852783203, 0.013300657272338867, 0.0133209228515625, 0.013700485229492188, 0.013742923736572266, 0.013571023941040039, 0.01356649398803711, 0.013436317443847656, 0.013755321502685547, 0.013564586639404297, 0.013725519180297852, 0.01378178596496582, 0.01380300521850586, 0.013694524765014648, 0.013635396957397461], [0.006539583206176758, 0.005964040756225586, 0.005745410919189453, 0.005620002746582031, 0.0058176517486572266, 0.005707263946533203, 0.006245851516723633, 0.005892753601074219, 0.005475521087646484, 0.0056171417236328125, 0.005884647369384766, 0.005906343460083008, 0.006398677825927734, 0.005322456359863281, 0.006175041198730469, 0.006005525588989258, 0.00617218017578125, 0.00499415397644043, 0.0054018497467041016, 0.00573420524597168, 0.006192445755004883, 0.0060272216796875, 0.00543975830078125, 0.011826276779174805, 0.005880594253540039, 0.0055882930755615234, 0.005797624588012695, 0.006148338317871094, 0.0060482025146484375, 0.0053904056549072266, 0.005417585372924805, 0.005627155303955078], 0.026126384735107422], [11.583576440811157, 0.03362226486206055, [0.16739821434020996, 0.1662898063659668, 0.1632976531982422, 0.16175389289855957, 0.15825772285461426, 0.16802525520324707, 0.31342363357543945, 0.31757330894470215, 0.3779747486114502, 0.22640252113342285, 0.4124016761779785, 0.31978321075439453, 0.4080624580383301, 0.4151570796966553, 0.40804433822631836, 0.4104268550872803, 0.40483522415161133, 0.4121873378753662, 0.409590482711792, 0.40996599197387695, 0.41658592224121094, 0.40418076515197754, 0.328385591506958, 0.4143376350402832, 0.4122121334075928, 0.40663909912109375, 0.4056069850921631, 0.4089219570159912, 0.4102160930633545, 0.41443324089050293, 0.40959787368774414, 0.4109354019165039], [0.018276214599609375, 0.017716646194458008, 0.011228561401367188, 0.009365081787109375, 0.009236335754394531, 0.00952458381652832, 0.009566545486450195, 0.009031534194946289, 0.00913381576538086, 0.00944828987121582, 0.009142875671386719, 0.008903741836547852, 0.008834600448608398, 0.008781194686889648, 0.009365320205688477, 0.00911712646484375, 0.009213447570800781, 0.009542226791381836, 0.009381294250488281, 0.00931859016418457, 0.009054899215698242, 0.009099483489990234, 0.008963584899902344, 0.00914454460144043, 0.008991241455078125, 0.009158611297607422, 0.00925302505493164, 0.009065628051757812, 0.009407520294189453, 0.009312152862548828, 0.009009838104248047, 0.009403228759765625], [0.004652738571166992, 0.0042192935943603516, 0.004464387893676758, 0.0045168399810791016, 0.004378318786621094, 0.004646778106689453, 0.005128383636474609, 0.0044291019439697266, 0.0041849613189697266, 0.004011869430541992, 0.003893613815307617, 0.0043032169342041016, 0.0042498111724853516, 0.004631996154785156, 0.004289388656616211, 0.004292726516723633, 0.004138469696044922, 0.004669189453125, 0.004290342330932617, 0.004197359085083008, 0.004908084869384766, 0.004298210144042969, 0.004137277603149414, 0.004430294036865234, 0.00399327278137207, 0.004408121109008789, 0.004369974136352539, 0.004085063934326172, 0.004838466644287109, 0.0041961669921875, 0.00467991828918457, 0.004554033279418945], 0.02230668067932129], [11.261971473693848, 0.031601667404174805, [0.19997024536132812, 0.19523930549621582, 0.18505120277404785, 0.2025148868560791, 0.1850898265838623, 0.1918773651123047, 0.18351125717163086, 0.1828007698059082, 0.25554347038269043, 0.23517704010009766, 0.41001057624816895, 0.4055461883544922, 0.40655064582824707, 0.32094788551330566, 0.4076883792877197, 0.4070467948913574, 0.4074223041534424, 0.4058387279510498, 0.3178446292877197, 0.40793418884277344, 0.40889763832092285, 0.4112722873687744, 0.32208752632141113, 0.41465044021606445, 0.40973711013793945, 0.40830135345458984, 0.3222932815551758, 0.41365551948547363, 0.40765380859375, 0.40691208839416504, 0.32286548614501953, 0.41283392906188965], [0.024869441986083984, 0.024229764938354492, 0.013056039810180664, 0.01318502426147461, 0.013818740844726562, 0.013397932052612305, 0.01332402229309082, 0.012930870056152344, 0.013476848602294922, 0.012877464294433594, 0.01333761215209961, 0.013206958770751953, 0.01343083381652832, 0.013512134552001953, 0.01291036605834961, 0.013330221176147461, 0.012809991836547852, 0.013385295867919922, 0.013165473937988281, 0.013232946395874023, 0.013247251510620117, 0.01343226432800293, 0.013433218002319336, 0.013256311416625977, 0.013267040252685547, 0.013460874557495117, 0.01315927505493164, 0.01361989974975586, 0.01318979263305664, 0.012949705123901367, 0.013228893280029297, 0.013327360153198242], [0.0061492919921875, 0.0060882568359375, 0.005805015563964844, 0.0061070919036865234, 