{"shuffle_centroids_times": [[]], "map_iterdata_times": [[]], "create_map_data": [0.040472984313964844], "map_queries_times": [[[11.326060056686401, 0.033294677734375, [0.17406153678894043, 0.1604926586151123, 0.16272401809692383, 0.15244436264038086, 0.15243744850158691, 0.16462302207946777, 0.14912676811218262, 0.2200016975402832, 0.3928093910217285, 0.3952772617340088, 0.4001169204711914, 0.40195536613464355, 0.3886988162994385, 0.39925122261047363, 0.3959965705871582, 0.3941380977630615, 0.39202404022216797, 0.39546823501586914, 0.39209842681884766, 0.3561055660247803, 0.3959388732910156, 0.3958141803741455, 0.3970754146575928, 0.39438962936401367, 0.40044426918029785, 0.3911726474761963, 0.4095287322998047, 0.39151906967163086, 0.4103269577026367, 0.39426732063293457, 0.3930323123931885, 0.39734911918640137], [0.017984390258789062, 0.018108367919921875, 0.008966922760009766, 0.009496450424194336, 0.009382486343383789, 0.009418725967407227, 0.008984804153442383, 0.009027242660522461, 0.009181022644042969, 0.009906530380249023, 0.009223461151123047, 0.00932168960571289, 0.00922250747680664, 0.009398221969604492, 0.008934736251831055, 0.00927877426147461, 0.008929729461669922, 0.010527610778808594, 0.008940458297729492, 0.009296894073486328, 0.009519100189208984, 0.009235143661499023, 0.008922338485717773, 0.009185314178466797, 0.009314298629760742, 0.0093841552734375, 0.009024858474731445, 0.009610891342163086, 0.008858680725097656, 0.008879423141479492, 0.008968353271484375, 0.009067773818969727], [0.0045969486236572266, 0.004551887512207031, 0.0046539306640625, 0.00487518310546875, 0.004762887954711914, 0.004498958587646484, 0.004125356674194336, 0.0041277408599853516, 0.004275798797607422, 0.004950046539306641, 0.004661083221435547, 0.0045626163482666016, 0.005026340484619141, 0.0045778751373291016, 0.0045320987701416016, 0.004933834075927734, 0.0044345855712890625, 0.005391597747802734, 0.004034280776977539, 0.0040776729583740234, 0.005992412567138672, 0.004332542419433594, 0.004644155502319336, 0.004314422607421875, 0.0043697357177734375, 0.004909992218017578, 0.004132270812988281, 0.004445314407348633, 0.003995656967163086, 0.004587650299072266, 0.0042345523834228516, 0.0044193267822265625], 0.022253036499023438], [10.963781118392944, 0.04268789291381836, [0.19778728485107422, 0.1836104393005371, 0.1699836254119873, 0.17249011993408203, 0.15451741218566895, 0.15716004371643066, 0.16711640357971191, 0.17139768600463867, 0.16561031341552734, 0.3974301815032959, 0.39131951332092285, 0.39411497116088867, 0.3128833770751953, 0.40155506134033203, 0.39975714683532715, 0.3940858840942383, 0.3082590103149414, 0.40445542335510254, 0.39504361152648926, 0.3451809883117676, 0.4010164737701416, 0.39806342124938965, 0.39182400703430176, 0.3114125728607178, 0.40052223205566406, 0.3933596611022949, 0.3952329158782959, 0.39453816413879395, 0.3101522922515869, 0.40163493156433105, 0.395782470703125, 0.39310526847839355], [0.02501392364501953, 0.0239865779876709, 0.013175249099731445, 0.013048887252807617, 0.012959003448486328, 0.012883663177490234, 0.012963533401489258, 0.012848138809204102, 0.013051271438598633, 0.012993812561035156, 0.013214111328125, 0.012873649597167969, 0.01300191879272461, 0.013109207153320312, 0.013466358184814453, 0.013414621353149414, 0.012907266616821289, 0.01311039924621582, 0.01235818862915039, 0.013595819473266602, 0.013223648071289062, 0.013313055038452148, 0.013116121292114258, 0.01325225830078125, 0.013136625289916992, 0.013611316680908203, 0.012651205062866211, 0.013348579406738281, 0.012635946273803711, 0.013306856155395508, 0.013582706451416016, 0.013695240020751953], [0.006175518035888672, 0.006319999694824219, 0.0054891109466552734, 0.005050182342529297, 0.005014181137084961, 0.005886077880859375, 0.005556821823120117, 0.005415439605712891, 0.006013393402099609, 0.00525355339050293, 0.005787372589111328, 0.005390644073486328, 0.005458831787109375, 0.005353212356567383, 0.006208658218383789, 0.0054471492767333984, 0.005606889724731445, 0.005723237991333008, 0.005244016647338867, 0.0059320926666259766, 0.006050825119018555, 0.006180286407470703, 0.0055654048919677734, 0.005588054656982422, 0.0056154727935791016, 0.00536346435546875, 0.005565643310546875, 0.0061283111572265625, 0.00526881217956543, 0.005599260330200195, 0.005621671676635742, 0.006372690200805664], 0.026300668716430664], [11.282592058181763, 0.03410053253173828, [0.18787622451782227, 0.180739164352417, 0.16449999809265137, 0.16763591766357422, 0.15965580940246582, 0.16130948066711426, 0.15543007850646973, 0.15561604499816895, 0.31365108489990234, 0.414792537689209, 0.40964794158935547, 0.32268762588500977, 0.4113929271697998, 0.413773775100708, 0.4118208885192871, 0.3187129497528076, 0.41620659828186035, 0.4205460548400879, 0.3254735469818115, 0.4515352249145508, 0.41208863258361816, 0.31404995918273926, 0.41171860694885254, 0.4114983081817627, 0.410707950592041, 0.3198885917663574, 0.414531946182251, 0.4105522632598877, 0.4079854488372803, 0.3195512294769287, 0.4138774871826172, 0.4124631881713867], [0.022746562957763672, 0.02300119400024414, 0.012812614440917969, 0.012818336486816406, 0.012553215026855469, 0.012859106063842773, 0.012551546096801758, 0.012927770614624023, 0.012763023376464844, 0.013393163681030273, 0.01290750503540039, 0.013274192810058594, 0.01290273666381836, 0.012835979461669922, 0.012952566146850586, 0.01298069953918457, 0.012661457061767578, 0.012993335723876953, 0.012933969497680664, 0.0130157470703125, 0.012950897216796875, 0.012886285781860352, 0.012690067291259766, 0.012951374053955078, 0.012609243392944336, 0.012881755828857422, 0.012757539749145508, 0.01258540153503418, 0.012934684753417969, 0.012921571731567383, 0.012116670608520508, 0.012722253799438477], [0.005621194839477539, 0.0053598880767822266, 0.005135536193847656, 0.005166530609130859, 0.005696296691894531, 0.005486011505126953, 0.005372524261474609, 0.005820512771606445, 0.005796194076538086, 0.004815816879272461, 0.005591630935668945, 0.005951404571533203, 0.005767345428466797, 0.005654096603393555, 0.005284547805786133, 0.005529880523681641, 0.005451679229736328, 0.00581049919128418, 0.004908084869384766, 0.005550384521484375, 0.004835605621337891, 0.005875110626220703, 0.005859375, 0.004584550857543945, 0.005053043365478516, 0.0058422088623046875, 0.005505561828613281, 0.005372047424316406, 0.005044221878051758, 0.004289150238037109, 0.005276918411254883, 0.005289316177368164], 0.022786855697631836], [11.095273971557617, 0.03058028221130371, [0.19370698928833008, 0.18238234519958496, 0.18044424057006836, 0.18312716484069824, 0.1703944206237793, 0.18707060813903809, 0.17156147956848145, 0.1752331256866455, 0.1657121181488037, 0.4218289852142334, 0.3105003833770752, 0.4121103286743164, 0.404069185256958, 0.32516908645629883, 0.4089536666870117, 0.40958380699157715, 0.3271143436431885, 0.4045984745025635, 0.40577077865600586, 0.361325740814209, 0.4032633304595947, 0.40462779998779297, 0.3198409080505371, 0.40474939346313477, 0.4036533832550049, 0.39977192878723145, 0.3176445960998535, 0.40410661697387695, 0.402423620223999, 0.4068312644958496, 0.40527963638305664, 0.3204615116119385], [0.024557113647460938, 0.024785995483398438, 0.012627601623535156, 0.012842416763305664, 0.01285696029663086, 0.014150142669677734, 0.012781143188476562, 0.013273477554321289, 0.013230085372924805, 0.013532161712646484, 0.013313770294189453, 0.013370513916015625, 0.013428926467895508, 0.01356196403503418, 0.01353144645690918, 0.013817787170410156, 0.013036012649536133, 0.013424873352050781, 0.013166427612304688, 0.013350725173950195, 0.013522148132324219, 0.013208389282226562, 0.012960195541381836, 0.013080120086669922, 0.013395309448242188, 0.013324499130249023, 0.012689590454101562, 0.013123512268066406, 0.013338088989257812, 0.013212203979492188, 0.012828826904296875, 0.01338815689086914], [0.00615382194519043, 0.006024599075317383, 0.0055310726165771484, 0.005098104476928711, 