{"shuffle_centroids_times": [[]], "map_iterdata_times": [[]], "create_map_data": [0.032945871353149414], "map_queries_times": [[[11.232588291168213, 0.03149127960205078, [0.6084859371185303, 0.7445735931396484, 1.4990029335021973, 1.5309970378875732, 1.5102906227111816, 1.5258474349975586, 1.5205104351043701, 1.5128469467163086], [0.08457374572753906, 0.08343315124511719, 0.05127978324890137, 0.08374977111816406, 0.05045366287231445, 0.08405184745788574, 0.05054163932800293, 0.08362531661987305], [0.02358269691467285, 0.023443222045898438, 0.01792430877685547, 0.02035236358642578, 0.019115447998046875, 0.02289581298828125, 0.021662473678588867, 0.02237987518310547], 0.005382061004638672], [11.31056261062622, 0.040296316146850586, [0.7132105827331543, 0.6469771862030029, 1.5119833946228027, 1.5106751918792725, 1.487302541732788, 1.6014702320098877, 1.4933631420135498, 1.5961592197418213], [0.09231758117675781, 0.09060120582580566, 0.053867340087890625, 0.09108114242553711, 0.04800057411193848, 0.04834556579589844, 0.048065900802612305, 0.04841804504394531], [0.025580406188964844, 0.021129131317138672, 0.019520282745361328, 0.021296262741088867, 0.023622512817382812, 0.02432990074157715, 0.02237987518310547, 0.02421259880065918], 0.006253719329833984], [11.183340311050415, 0.025986433029174805, [0.665093183517456, 0.6625964641571045, 1.4792022705078125, 1.505918025970459, 1.4875507354736328, 1.5856049060821533, 1.4804155826568604, 1.5846593379974365], [0.0907738208770752, 0.08974814414978027, 0.05420994758605957, 0.09035730361938477, 0.04744887351989746, 0.048532724380493164, 0.04755282402038574, 0.047720909118652344], [0.022501230239868164, 0.02445220947265625, 0.02272772789001465, 0.02278304100036621, 0.02312183380126953, 0.023554563522338867, 0.022154808044433594, 0.022365808486938477], 0.0062100887298583984], [11.417505502700806, 0.03309893608093262, [0.6015257835388184, 0.7859663963317871, 1.580021858215332, 1.5705761909484863, 1.5708260536193848, 1.5742671489715576, 1.5741395950317383, 1.5899109840393066], [0.06732678413391113, 0.06710624694824219, 0.031968116760253906, 0.03208351135253906, 0.03217887878417969, 0.033057451248168945, 0.032471418380737305, 0.03333592414855957], [0.029055356979370117, 0.02150249481201172, 0.020437240600585938, 0.02788233757019043, 0.020802021026611328, 0.03489112854003906, 0.02581334114074707, 0.021776914596557617], 0.005388498306274414]]], "map_execution": [13.122856855392456], "map_invoke": [[0.572411060333252, 0.6035211086273193, 0.5853672027587891, 0.5525534152984619]], "create_reduce_data": [0.29161739349365234], "reduce_iterdata_times": [0.29030323028564453], "reduce_queries_times": [[0.034085988998413086]], "reduce_execution_times": [3.077441453933716], "reduce_invoke": [[0.5753359794616699]], "divide_reduce_times": [4.482269287109375e-05], "total_querying_times": [16.52490735054016], "recalls": [[100.0, 100.0, 100.0, 100.0, 100.0, 100.0, 100.0, 100.0, 100.0, 100.0, 100.0, 100.0, 100.0, 100.0, 100.0, 100.0, 100.0, 100.0, 100.0, 100.0, 100.0, 100.0, 100.0, 100.0, 90.0, 100.0, 100.0, 100.0, 100.0, 100.0, 90.0, 100.0, 90.0, 100.0, 100.0, 100.0, 100.0, 100.0, 100.0, 100.0, 100.0, 100.0, 100.0, 100.0, 100.0, 100.0, 100.0, 100.0, 100.0, 90.0, 100.0, 100.0, 100.0, 100.0, 100.0, 100.0, 100.0, 100.0, 100.0, 100.0, 100.0, 100.0, 100.0, 100.0, 100.0, 100.0, 100.0, 90.0, 100.0, 100.0, 100.0, 100.0, 100.0, 100.0, 100.0, 100.0, 100.0, 100.0, 100.0, 100.0, 100.0, 100.0, 100.0, 100.0, 100.0, 100.0, 100.0, 100.0, 100.0, 100.0, 100.0, 90.0, 100.0, 90.0, 100.0, 80.0, 100.0, 100.0, 100.0, 100.0]], "reduce_queries_times_mean": 0.034085988998413086, "total_querying_times_mean": 16.52490735054016, "recalls_mean": 99.1, "number_queries": 100, "params": {"dataset": "deep", "features": 96, "k_search": 10, "num_index": 32, "replication_threshold": 1.0, "num_centroids_search": 4, "k": 512, "kmeans_version": "unbalanced", "n_probe": 32, "query_batch_size": 8, "implementation": "blocks", "indexing_memory": 10240, "search_map_memory": 8192, "search_reduce_memory": 2048}}