{"shuffle_centroids_times": [[]], "map_iterdata_times": [[]], "create_map_data": [0.04474329948425293], "map_queries_times": [[[11.247684240341187, 0.0320432186126709, [0.7112977504730225, 0.6950159072875977, 1.4966835975646973, 1.4944403171539307, 1.5466821193695068, 1.5060391426086426, 1.4869482517242432, 1.5149669647216797], [0.09356832504272461, 0.09022045135498047, 0.05353546142578125, 0.09010529518127441, 0.05377316474914551, 0.09037971496582031, 0.04832935333251953, 0.04769730567932129], [0.025377988815307617, 0.023228168487548828, 0.024930715560913086, 0.02283930778503418, 0.024193286895751953, 0.02210831642150879, 0.024275779724121094, 0.022559165954589844], 0.006334781646728516], [11.136067628860474, 0.033211469650268555, [0.6833884716033936, 0.6292502880096436, 1.4739758968353271, 1.5788946151733398, 1.5325381755828857, 1.4843084812164307, 1.5004339218139648, 1.5676648616790771], [0.09175562858581543, 0.08929562568664551, 0.04754924774169922, 0.04835915565490723, 0.04781913757324219, 0.04784893989562988, 0.04713845252990723, 0.048317670822143555], [0.02237248420715332, 0.02121257781982422, 0.022855043411254883, 0.019362211227416992, 0.021265268325805664, 0.024523258209228516, 0.02354288101196289, 0.02284717559814453], 0.0062406063079833984], [11.268001556396484, 0.03670859336853027, [0.5694253444671631, 0.7665269374847412, 1.5857250690460205, 1.556199073791504, 1.5599143505096436, 1.5560832023620605, 1.5480475425720215, 1.5600805282592773], [0.07047224044799805, 0.06575489044189453, 0.03299593925476074, 0.032561302185058594, 0.03169870376586914, 0.03287220001220703, 0.032045841217041016, 0.032265424728393555], [0.026157379150390625, 0.026724576950073242, 0.02634882926940918, 0.023878097534179688, 0.027544736862182617, 0.02029895782470703, 0.021920204162597656, 0.020262718200683594], 0.005402565002441406], [11.26011037826538, 0.03272676467895508, [0.5966575145721436, 0.7927470207214355, 1.5198688507080078, 1.500580072402954, 1.5545456409454346, 1.5161139965057373, 1.6021273136138916, 1.5080440044403076], [0.08637738227844238, 0.08432388305664062, 0.04653120040893555, 0.04638314247131348, 0.04658389091491699, 0.04661202430725098, 0.046418190002441406, 0.04652833938598633], [0.02271890640258789, 0.02087688446044922, 0.023663759231567383, 0.02239084243774414, 0.02272486686706543, 0.02301335334777832, 0.02228999137878418, 0.023581981658935547], 0.00559544563293457]]], "map_execution": [13.09997844696045], "map_invoke": [[0.5656311511993408, 0.5587446689605713, 0.47279977798461914, 0.5384540557861328]], "create_reduce_data": [0.287386417388916], "reduce_iterdata_times": [0.28626084327697754], "reduce_queries_times": [[0.03914809226989746]], "reduce_execution_times": [3.0569467544555664], "reduce_invoke": [[0.5675368309020996]], "divide_reduce_times": [4.57763671875e-05], "total_querying_times": [16.48910117149353], "recalls": [[100.0, 100.0, 100.0, 100.0, 100.0, 100.0, 100.0, 100.0, 100.0, 100.0, 100.0, 100.0, 100.0, 100.0, 100.0, 100.0, 100.0, 100.0, 100.0, 100.0, 100.0, 100.0, 100.0, 100.0, 90.0, 100.0, 100.0, 100.0, 100.0, 100.0, 90.0, 100.0, 90.0, 100.0, 100.0, 100.0, 100.0, 100.0, 100.0, 100.0, 100.0, 100.0, 100.0, 100.0, 100.0, 100.0, 100.0, 100.0, 100.0, 90.0, 100.0, 100.0, 100.0, 100.0, 100.0, 100.0, 100.0, 100.0, 100.0, 100.0, 100.0, 100.0, 100.0, 100.0, 100.0, 100.0, 100.0, 90.0, 100.0, 100.0, 100.0, 100.0, 100.0, 100.0, 100.0, 100.0, 100.0, 100.0, 100.0, 100.0, 100.0, 100.0, 100.0, 100.0, 100.0, 100.0, 100.0, 100.0, 100.0, 100.0, 100.0, 90.0, 100.0, 90.0, 100.0, 80.0, 100.0, 100.0, 100.0, 100.0]], "reduce_queries_times_mean": 0.03914809226989746, "total_querying_times_mean": 16.48910117149353, "recalls_mean": 99.1, "number_queries": 100, "params": {"dataset": "deep", "features": 96, "k_search": 10, "num_index": 32, "replication_threshold": 1.0, "num_centroids_search": 4, "k": 512, "kmeans_version": "unbalanced", "n_probe": 32, "query_batch_size": 8, "implementation": "blocks", "indexing_memory": 10240, "search_map_memory": 8192, "search_reduce_memory": 2048}}