{"load_dataset_centroids": [1.921208143234253, 0.41996240615844727, 3.2901763916015625e-05, 1.4976143836975098, 0.0035979747772216797], "global_index_centroids": 1612.7021453380585, "distribute_vectors_centroids": [3.9487502574920654, 4.26479959487915, 4.6411964893341064, 4.307856321334839, 4.204285621643066, 4.363323926925659, 4.496499538421631, 4.080057382583618, 4.0537109375, 4.191966772079468, 4.138475656509399, 4.21996808052063, 4.403179407119751, 4.1592795848846436, 3.8188652992248535, 4.398027181625366], "distribute_vectors_invocation_centroids": [2.432147741317749, 2.400179147720337, 2.4948604106903076, 2.689208507537842, 2.2058849334716797, 2.5357468128204346, 2.8834378719329834, 2.367570400238037, 2.838237762451172, 2.2632172107696533, 2.540778636932373, 2.704885244369507, 2.639026641845703, 2.481459856033325, 2.2178406715393066, 2.6633501052856445], "total_generated_vectors": 100000, "generated_vectors": [1718, 1611, 1476, 1406, 1718, 1555, 1406, 1509, 1408, 1582, 1718, 1718, 1406, 1406, 1718, 1525, 1718, 1718, 1406, 1718, 1718, 1564, 1406, 1406, 1642, 1406, 1718, 1406, 1495, 1718, 1718, 1596, 1406, 1701, 1406, 1406, 1406, 1467, 1568, 1718, 1718, 1718, 1406, 1718, 1583, 1446, 1406, 1406, 1538, 1718, 1718, 1424, 1416, 1718, 1528, 1718, 1718, 1718, 1718, 1407, 1718, 1406, 1406, 1419], "avg_generated_vectors": 1562.5, "std_dev_generated_vectors": 138.07807775152273, "generate_index_centroids": [3.0636887550354004, 2.8961057662963867, 2.9147629737854004, 2.8394291400909424, 3.7703723907470703, 2.9009718894958496, 2.627316474914551, 3.7498297691345215, 3.547886610031128, 2.8178586959838867, 2.642327308654785, 2.5018718242645264, 3.697561264038086, 2.8676559925079346, 2.5467848777770996, 2.7188773155212402], "generate_index_invocation_centroids": [1.0092341899871826, 1.1104092597961426, 1.1073126792907715, 1.0992436408996582, 1.0298831462860107, 0.9527292251586914, 0.9387528896331787, 0.9598870277404785, 1.059936761856079, 1.0709705352783203, 0.9303126335144043, 0.9355688095092773, 1.0351431369781494, 1.0899951457977295, 0.9229779243469238, 1.0843498706817627], "total_indexing_centroids": 1630.0762658119202, "shuffle_centroids_times": [], "map_iterdata_times": [], "create_map_data": [], "map_queries_times": [], "map_execution": [], "map_invoke": [], "create_reduce_data": [], "reduce_iterdata_times": [], "reduce_queries_times": [], "reduce_execution_times": [], "reduce_invoke": [], "divide_reduce_times": [], "total_querying_times": [], "recalls": [], "distribute_vectors_centroids_mean": 4.23064012825489, "generate_index_centroids_mean": 3.0064563155174255, "params": {"dataset": "deep_100k", "features": 96, "k_search": 10, "num_index": 64, "replication_threshold": 1.0, "num_centroids_search": 1, "k": 512, "kmeans_version": "balanced", "n_probe": 32, "query_batch_size": 16, "implementation": "centroids", "indexing_memory": 10240, "search_map_memory": 8192, "search_reduce_memory": 2048}}