{"load_dataset_centroids": [1.8686449527740479, 0.43877339363098145, 2.6702880859375e-05, 1.426257610321045, 0.003587007522583008], "global_index_centroids": 858.9423983097076, "distribute_vectors_centroids": [3.2155847549438477, 3.772169351577759, 3.874607563018799, 3.728724956512451, 3.7884724140167236, 3.5734963417053223, 3.860499143600464, 3.4506523609161377, 3.3285624980926514, 3.8650715351104736, 3.558823347091675, 3.4969263076782227, 3.6662323474884033, 3.624584197998047, 3.691310167312622, 3.6768364906311035], "distribute_vectors_invocation_centroids": [2.2178447246551514, 2.4071969985961914, 2.3970589637756348, 2.399085521697998, 2.390878677368164, 1.636364221572876, 2.4294707775115967, 2.0629827976226807, 2.4710724353790283, 2.4959940910339355, 2.1602373123168945, 2.1419432163238525, 2.24953556060791, 2.2342631816864014, 2.3865227699279785, 2.496096611022949], "total_generated_vectors": 100000, "generated_vectors": [3437, 2812, 3041, 3188, 3437, 2815, 3150, 3437, 3437, 3006, 3017, 3437, 2812, 3437, 2812, 2866, 2812, 3026, 2812, 3437, 2812, 3098, 3437, 3302, 3187, 2880, 3437, 2812, 3437, 3437, 2812, 3121], "avg_generated_vectors": 3125, "std_dev_generated_vectors": 264.0219932187957, "generate_index_centroids": [1.8978564739227295, 1.8604965209960938, 1.4785988330841064, 1.447784185409546, 1.689382791519165, 2.0591092109680176, 1.76157808303833, 1.5805554389953613, 1.5606670379638672, 1.6718757152557373, 1.4924592971801758, 1.6833503246307373, 1.4256839752197266, 1.4224212169647217, 1.5260913372039795, 1.4785056114196777], "generate_index_invocation_centroids": [1.045037031173706, 1.034188985824585, 0.9099998474121094, 0.923088788986206, 1.0121939182281494, 0.9809966087341309, 1.0164337158203125, 1.0230193138122559, 1.0363116264343262, 0.9657866954803467, 1.0718915462493896, 1.0946834087371826, 0.9686036109924316, 0.966515064239502, 0.9311704635620117, 1.052168846130371], "total_indexing_centroids": 874.2437880039215, "shuffle_centroids_times": [], "map_iterdata_times": [], "create_map_data": [], "map_queries_times": [], "map_execution": [], "map_invoke": [], "create_reduce_data": [], "reduce_iterdata_times": [], "reduce_queries_times": [], "reduce_execution_times": [], "reduce_invoke": [], "divide_reduce_times": [], "total_querying_times": [], "recalls": [], "distribute_vectors_centroids_mean": 3.635784611105919, "generate_index_centroids_mean": 1.6272760033607483, "params": {"dataset": "deep_100k", "features": 96, "k_search": 10, "num_index": 32, "replication_threshold": 1.0, "num_centroids_search": 1, "k": 512, "kmeans_version": "balanced", "n_probe": 32, "query_batch_size": 8, "implementation": "centroids", "indexing_memory": 10240, "search_map_memory": 8192, "search_reduce_memory": 2048}}