{"load_dataset_centroids": [1.9002041816711426, 0.4381825923919678, 3.0517578125e-05, 1.4584379196166992, 0.003552675247192383], "global_index_centroids": 862.6565465927124, "distribute_vectors_centroids": [3.6245338916778564, 3.7001893520355225, 3.3893954753875732, 3.7486441135406494, 3.324880599975586, 3.350168228149414, 3.173260450363159, 3.200744390487671, 3.4941632747650146, 3.6146175861358643, 3.85524320602417, 3.844090223312378, 3.7771360874176025, 3.68601131439209, 3.602684497833252, 3.8413093090057373], "distribute_vectors_invocation_centroids": [2.383013963699341, 2.183687448501587, 2.4723129272460938, 2.4474117755889893, 2.194767475128174, 2.014694929122925, 2.1402392387390137, 2.13442063331604, 2.027841567993164, 2.476672649383545, 2.4507291316986084, 2.2214949131011963, 2.389029026031494, 2.1532766819000244, 2.40386962890625, 2.3449244499206543], "total_generated_vectors": 100000, "generated_vectors": [3437, 2812, 3041, 3188, 3437, 2815, 3150, 3437, 3437, 3006, 3017, 3437, 2812, 3437, 2812, 2866, 2812, 3026, 2812, 3437, 2812, 3098, 3437, 3302, 3187, 2880, 3437, 2812, 3437, 3437, 2812, 3121], "avg_generated_vectors": 3125, "std_dev_generated_vectors": 264.0219932187957, "generate_index_centroids": [1.8458576202392578, 1.660050392150879, 1.623445749282837, 1.4440183639526367, 1.713393211364746, 1.7024116516113281, 1.5561847686767578, 1.6356654167175293, 1.5399079322814941, 1.509300708770752, 1.928093433380127, 1.5003702640533447, 1.5544416904449463, 1.529226541519165, 1.5067665576934814, 1.6791377067565918], "generate_index_invocation_centroids": [0.9998428821563721, 1.085045337677002, 0.8999013900756836, 0.8950531482696533, 0.9886941909790039, 0.9478020668029785, 0.9118952751159668, 1.0243134498596191, 0.9984705448150635, 0.90885329246521, 0.9837050437927246, 0.8804428577423096, 0.8948519229888916, 0.8839612007141113, 1.0215656757354736, 1.0128414630889893], "total_indexing_centroids": 877.9672758579254, "shuffle_centroids_times": [], "map_iterdata_times": [], "create_map_data": [], "map_queries_times": [], "map_execution": [], "map_invoke": [], "create_reduce_data": [], "reduce_iterdata_times": [], "reduce_queries_times": [], "reduce_execution_times": [], "reduce_invoke": [], "divide_reduce_times": [], "total_querying_times": [], "recalls": [], "distribute_vectors_centroids_mean": 3.5766920000314713, "generate_index_centroids_mean": 1.6205170005559921, "params": {"dataset": "deep_100k", "features": 96, "k_search": 10, "num_index": 32, "replication_threshold": 1.0, "num_centroids_search": 1, "k": 512, "kmeans_version": "balanced", "n_probe": 32, "query_batch_size": 8, "implementation": "centroids", "indexing_memory": 10240, "search_map_memory": 8192, "search_reduce_memory": 2048}}