{"load_dataset_centroids": [1.8512067794799805, 0.4148836135864258, 2.9087066650390625e-05, 1.4327681064605713, 0.0035257339477539062], "global_index_centroids": 1586.0063691139221, "distribute_vectors_centroids": [5.223583936691284, 4.510925054550171, 4.137958526611328, 4.319586753845215, 4.754760980606079, 4.249069929122925, 4.6962597370147705, 4.987988710403442, 4.208493232727051, 4.650320291519165, 4.436238527297974, 4.647948503494263, 4.799181222915649, 4.226908922195435, 4.635605096817017, 4.831578731536865], "distribute_vectors_invocation_centroids": [2.427731513977051, 2.5165650844573975, 2.2437381744384766, 2.2128853797912598, 2.404853343963623, 2.2104365825653076, 2.6112563610076904, 2.4737815856933594, 2.4621846675872803, 2.3906102180480957, 2.5902252197265625, 2.380202293395996, 2.4674856662750244, 2.3448638916015625, 2.5419886112213135, 2.5032296180725098], "total_generated_vectors": 100000, "generated_vectors": [1718, 1611, 1476, 1406, 1718, 1555, 1406, 1509, 1408, 1582, 1718, 1718, 1406, 1406, 1718, 1525, 1718, 1718, 1406, 1718, 1718, 1564, 1406, 1406, 1642, 1406, 1718, 1406, 1495, 1718, 1718, 1596, 1406, 1701, 1406, 1406, 1406, 1467, 1568, 1718, 1718, 1718, 1406, 1718, 1583, 1446, 1406, 1406, 1538, 1718, 1718, 1424, 1416, 1718, 1528, 1718, 1718, 1718, 1718, 1407, 1718, 1406, 1406, 1419], "avg_generated_vectors": 1562.5, "std_dev_generated_vectors": 138.07807775152273, "generate_index_centroids": [3.0322413444519043, 2.836488723754883, 3.226274013519287, 2.6855478286743164, 2.777527332305908, 2.7351927757263184, 2.7602508068084717, 2.8683087825775146, 2.6918842792510986, 2.7093563079833984, 2.426717758178711, 2.780404567718506, 2.666147470474243, 2.7576067447662354, 2.532087564468384, 2.7425642013549805], "generate_index_invocation_centroids": [0.9572665691375732, 1.0349066257476807, 0.9800615310668945, 1.0189290046691895, 0.9927194118499756, 0.9923100471496582, 0.9768533706665039, 1.0060944557189941, 1.0027680397033691, 0.963050365447998, 0.9481761455535889, 1.0848493576049805, 1.0673229694366455, 1.0764105319976807, 0.932673454284668, 1.1062440872192383], "total_indexing_centroids": 1602.2511315345764, "shuffle_centroids_times": [], "map_iterdata_times": [], "create_map_data": [], "map_queries_times": [], "map_execution": [], "map_invoke": [], "create_reduce_data": [], "reduce_iterdata_times": [], "reduce_queries_times": [], "reduce_execution_times": [], "reduce_invoke": [], "divide_reduce_times": [], "total_querying_times": [], "recalls": [], "distribute_vectors_centroids_mean": 4.5822755098342896, "generate_index_centroids_mean": 2.764287531375885, "params": {"dataset": "deep_100k", "features": 96, "k_search": 10, "num_index": 64, "replication_threshold": 1.0, "num_centroids_search": 1, "k": 512, "kmeans_version": "balanced", "n_probe": 32, "query_batch_size": 16, "implementation": "centroids", "indexing_memory": 10240, "search_map_memory": 8192, "search_reduce_memory": 2048}}