{"load_dataset_centroids": 21.813207149505615, "global_index_centroids": 0.8484587669372559, "distribute_vectors_centroids": [88.56689286231995, 103.55586862564087, 22.9619882106781], "generate_index_centroids": [73.84477353096008, 68.47592520713806, 58.69013285636902, 63.59231209754944, 66.38681197166443, 76.58213210105896, 79.05903673171997, 66.80089735984802, 67.39349365234375, 76.61582112312317, 74.90847778320312, 85.88450646400452, 67.624276638031, 67.46383333206177, 60.94411015510559, 80.75408506393433], "total_indexing_centroids": 220.4631998538971, "shuffle_centroids_times": [], "map_iterdata_times": [], "map_queries_times": [], "reduce_iterdata_times": [], "reduce_queries_times": [], "total_querying_times": [], "recalls": [], "distribute_vectors_centroids_mean": 71.69491656621297, "generate_index_centroids_mean": 70.9387891292572, "params": {"dataset": "deep_1M", "features": 96, "k_search": 10, "num_index": 128, "num_centroids_search": 4, "k": 512, "n_probe": 32, "query_batch_size": 4, "indexing_memory": 10240, "search_map_memory": 9216, "search_reduce_memory": 2048}}