{"load_dataset_centroids": 21.638224124908447, "global_index_centroids": 0.3875548839569092, "distribute_vectors_centroids": [92.95357179641724, 80.6291651725769, 15.056568622589111], "generate_index_centroids": [24.355510234832764, 14.326359033584595, 19.347015857696533, 23.911526203155518, 19.613112688064575, 20.713128089904785, 28.36042022705078, 23.812587022781372, 23.164547443389893, 17.158040285110474, 15.24392557144165, 15.719933986663818, 19.479788541793823, 17.562328815460205, 21.059174299240112, 18.841505765914917], "total_indexing_centroids": 152.7621626853943, "shuffle_centroids_times": [], "map_iterdata_times": [], "map_queries_times": [], "reduce_iterdata_times": [], "reduce_queries_times": [], "total_querying_times": [], "recalls": [], "distribute_vectors_centroids_mean": 62.87976853052775, "generate_index_centroids_mean": 20.166806504130363, "params": {"dataset": "deep_1M", "features": 96, "k_search": 10, "num_index": 32, "num_centroids_search": 4, "k": 512, "n_probe": 32, "query_batch_size": 4, "indexing_memory": 10240, "search_map_memory": 9216, "search_reduce_memory": 2048}}