{"load_dataset_centroids": 2.002237319946289, "global_index_centroids": 0.1422715187072754, "distribute_vectors_centroids": [19.218503952026367], "generate_index_centroids": [16.441927194595337, 14.297945976257324, 14.09171199798584, 20.311794996261597, 13.83695936203003, 17.4727303981781, 21.412039041519165, 17.100642919540405, 14.97993803024292, 12.758294820785522, 12.0233793258667, 11.507570028305054, 14.008532524108887, 10.50924825668335, 12.40235424041748, 13.744075298309326], "total_indexing_centroids": 48.61780095100403, "shuffle_centroids_times": [], "map_iterdata_times": [], "map_queries_times": [], "reduce_iterdata_times": [], "reduce_queries_times": [], "total_querying_times": [], "recalls": [], "distribute_vectors_centroids_mean": 19.218503952026367, "generate_index_centroids_mean": 14.80619652569294, "params": {"dataset": "deep_100k", "features": 96, "k_search": 10, "num_index": 32, "num_centroids_search": 4, "k": 512, "n_probe": 32, "query_batch_size": 4, "indexing_memory": 10240, "search_map_memory": 9216, "search_reduce_memory": 2048}}