{"load_dataset_centroids": 1.945387363433838, "global_index_centroids": 0.16084504127502441, "distribute_vectors_centroids": [19.02793788909912], "generate_index_centroids": [20.95888638496399, 14.474209785461426, 14.637999057769775, 20.19277024269104, 14.227668285369873, 15.587786674499512, 21.581820726394653, 19.109678268432617, 15.493449687957764, 11.46675729751587, 11.715867519378662, 12.378082752227783, 16.121742486953735, 9.787163257598877, 13.421842098236084, 12.712531328201294], "total_indexing_centroids": 46.606213331222534, "shuffle_centroids_times": [], "map_iterdata_times": [], "map_queries_times": [], "reduce_iterdata_times": [], "reduce_queries_times": [], "total_querying_times": [], "recalls": [], "distribute_vectors_centroids_mean": 19.02793788909912, "generate_index_centroids_mean": 15.24176599085331, "params": {"dataset": "deep_100k", "features": 96, "k_search": 10, "num_index": 32, "num_centroids_search": 4, "k": 512, "n_probe": 32, "query_batch_size": 4, "indexing_memory": 10240, "search_map_memory": 9216, "search_reduce_memory": 2048}}