{"load_dataset_centroids": 2.1541531085968018, "global_index_centroids": 0.6409323215484619, "distribute_vectors_centroids": [28.9349045753479], "generate_index_centroids": [72.9346022605896, 77.7384705543518, 53.197484254837036, 53.07184553146362, 54.402042627334595, 56.11031198501587, 63.6060094833374, 57.88476753234863, 53.817869901657104, 66.64699840545654, 64.22343468666077, 66.4125566482544, 50.891886472702026, 56.29061436653137, 46.90731334686279, 66.54058146476746], "total_indexing_centroids": 113.37235140800476, "shuffle_centroids_times": [], "map_iterdata_times": [], "map_queries_times": [], "reduce_iterdata_times": [], "reduce_queries_times": [], "total_querying_times": [], "recalls": [], "distribute_vectors_centroids_mean": 28.9349045753479, "generate_index_centroids_mean": 60.04229934513569, "params": {"dataset": "deep_100k", "features": 96, "k_search": 10, "num_index": 128, "num_centroids_search": 4, "k": 512, "n_probe": 32, "query_batch_size": 4, "indexing_memory": 10240, "search_map_memory": 9216, "search_reduce_memory": 2048}}