{"load_dataset_centroids": 1.9629480838775635, "global_index_centroids": 0.23253583908081055, "distribute_vectors_centroids": [21.81723380088806], "generate_index_centroids": [28.817344665527344, 31.773579120635986, 32.78242349624634, 35.91424202919006, 29.802401304244995, 24.629634618759155, 27.12044668197632, 27.398054361343384, 18.79992938041687, 25.88078236579895, 29.941977739334106, 26.12562131881714, 23.35319709777832, 32.15366768836975, 23.36638307571411, 24.552735805511475], "total_indexing_centroids": 65.69188928604126, "shuffle_centroids_times": [], "map_iterdata_times": [], "map_queries_times": [], "reduce_iterdata_times": [], "reduce_queries_times": [], "total_querying_times": [], "recalls": [], "distribute_vectors_centroids_mean": 21.81723380088806, "generate_index_centroids_mean": 27.65077629685402, "params": {"dataset": "deep_100k", "features": 96, "k_search": 10, "num_index": 64, "num_centroids_search": 4, "k": 512, "n_probe": 32, "query_batch_size": 4, "indexing_memory": 10240, "search_map_memory": 9216, "search_reduce_memory": 2048}}