{"load_dataset_centroids": 1.9435632228851318, "global_index_centroids": 0.6510934829711914, "distribute_vectors_centroids": [29.308846950531006], "generate_index_centroids": [69.53533124923706, 66.80354738235474, 59.85433077812195, 49.51359558105469, 45.997294664382935, 53.558191776275635, 57.92473125457764, 48.64676260948181, 50.331464529037476, 69.89293599128723, 60.33633732795715, 63.395753383636475, 52.84280753135681, 54.39586567878723, 46.61245775222778, 72.63603353500366], "total_indexing_centroids": 110.22283458709717, "shuffle_centroids_times": [], "map_iterdata_times": [], "map_queries_times": [], "reduce_iterdata_times": [], "reduce_queries_times": [], "total_querying_times": [], "recalls": [], "distribute_vectors_centroids_mean": 29.308846950531006, "generate_index_centroids_mean": 57.64234006404877, "params": {"dataset": "deep_100k", "features": 96, "k_search": 10, "num_index": 128, "num_centroids_search": 4, "k": 512, "n_probe": 32, "query_batch_size": 4, "indexing_memory": 10240, "search_map_memory": 9216, "search_reduce_memory": 2048}}