{"shuffle_centroids_times": [0.028815031051635742], "map_iterdata_times": [0.15411758422851562], "create_map_data": [0.22960114479064941], "map_queries_times": [[[0.7498345375061035, 0.041213274002075195, [0.06032586097717285, 0.048348426818847656, 0.04143714904785156, 0.04901576042175293, 0.04522538185119629, 0.048395633697509766, 0.04523205757141113, 0.03415083885192871, 0.04111742973327637, 0.03781938552856445, 0.0424196720123291, 0.03233647346496582, 0.044740915298461914, 0.04352545738220215, 0.039566755294799805, 0.034645795822143555], [0.0007176399230957031, 0.000743865966796875, 0.0005540847778320312, 0.0005238056182861328, 0.0004901885986328125, 0.0004894733428955078, 0.0005364418029785156, 0.0005323886871337891, 0.0005295276641845703, 0.0005786418914794922, 0.0005006790161132812, 0.0004990100860595703, 0.0004906654357910156, 0.0005161762237548828, 0.0005254745483398438, 0.0004868507385253906], [0.0007331371307373047, 0.0023202896118164062, 0.0005793571472167969, 0.0004792213439941406, 0.00034737586975097656, 0.00040268898010253906, 0.0003762245178222656, 0.0003516674041748047, 0.0004239082336425781, 0.0003371238708496094, 0.0004980564117431641, 0.00036072731018066406, 0.0003380775451660156, 0.0003705024719238281, 0.0003314018249511719, 0.000396728515625], 0.0028591156005859375], [0.7276413440704346, 0.03373241424560547, [0.040901899337768555, 0.035219430923461914, 0.038678646087646484, 0.043502092361450195, 0.04220414161682129, 0.06886458396911621, 0.04133129119873047, 0.03857016563415527, 0.042188405990600586, 0.04270219802856445, 0.04133152961730957, 0.0348505973815918, 0.03644680976867676, 0.04142260551452637, 0.0410006046295166, 0.042993783950805664], [0.0008151531219482422, 0.0008492469787597656, 0.0006797313690185547, 0.0006234645843505859, 0.0005588531494140625, 0.0006895065307617188, 0.0006465911865234375, 0.0006320476531982422, 0.0005667209625244141, 0.0006260871887207031, 0.0005664825439453125, 0.0006558895111083984, 0.0005970001220703125, 0.0006375312805175781, 0.0005698204040527344, 0.0005693435668945312], [0.0007572174072265625, 0.00048422813415527344, 0.0003643035888671875, 0.0004832744598388672, 0.0004794597625732422, 0.0005719661712646484, 0.0003457069396972656, 0.0005595684051513672, 0.000423431396484375, 0.0005502700805664062, 0.0004830360412597656, 0.0005195140838623047, 0.00044417381286621094, 0.0005042552947998047, 0.00047850608825683594, 0.0004603862762451172], 0.003408670425415039], [0.7010486125946045, 0.03316831588745117, [0.041500091552734375, 0.04433298110961914, 0.036757707595825195, 0.042634010314941406, 0.04967784881591797, 0.033983469009399414, 0.034616708755493164, 0.045417070388793945, 0.03773975372314453, 0.0328829288482666, 0.04240560531616211, 0.039446115493774414, 0.03834724426269531, 0.044304847717285156, 0.043654680252075195, 0.039240360260009766], [0.0009086132049560547, 0.0009145736694335938, 0.0006678104400634766, 0.0005738735198974609, 0.0006639957427978516, 0.0006563663482666016, 0.0005705356597900391, 0.0006811618804931641, 0.0006227493286132812, 0.0005762577056884766, 0.0006265640258789062, 0.0006139278411865234, 0.0006937980651855469, 0.0006380081176757812, 0.0006670951843261719, 0.0007314682006835938], [0.0009064674377441406, 0.0004696846008300781, 0.0004410743713378906, 0.0003752708435058594, 0.0005671977996826172, 0.00045609474182128906, 0.000469207763671875, 0.00043773651123046875, 0.0005338191986083984, 0.0005004405975341797, 0.0004024505615234375, 0.0003790855407714844, 0.0004420280456542969, 0.00044655799865722656, 0.0005228519439697266, 0.0004432201385498047], 0.0022306442260742188], [0.7612447738647461, 0.04131722450256348, [0.05775618553161621, 0.04572296142578125, 0.04389381408691406, 0.05126547813415527, 0.045528411865234375, 0.039441823959350586, 0.04148054122924805, 0.04137921333312988, 0.0460050106048584, 0.03745746612548828, 0.04586982727050781, 0.035099029541015625, 0.037811994552612305, 0.041433095932006836, 0.052129507064819336, 0.037840843200683594], [0.0009946823120117188, 0.0013599395751953125, 0.0005617141723632812, 0.0005857944488525391, 0.0006315708160400391, 0.0006091594696044922, 0.0005648136138916016, 0.0005943775177001953, 0.0006124973297119141, 0.000579833984375, 0.0006182193756103516, 0.0006060600280761719, 0.0005800724029541016, 0.0005817413330078125, 0.0007238388061523438, 0.0007808208465576172], [0.0009317398071289062, 0.0004565715789794922, 0.00041866302490234375, 0.00046253204345703125, 0.0003859996795654297, 0.0004513263702392578, 0.0003516674041748047, 0.0005319118499755859, 0.0004467964172363281, 0.0003821849822998047, 0.0003941059112548828, 0.00030994415283203125, 0.0003597736358642578, 0.00037026405334472656, 0.00038361549377441406, 0.0003032684326171875], 0.0017817020416259766]]], "map_execution": [3.1147236824035645], "map_invoke": [[0.5080275535583496, 0.5678987503051758, 0.5522303581237793, 0.5731189250946045]], "create_reduce_data": [0.20072674751281738], "reduce_iterdata_times": [0.19968652725219727], "reduce_queries_times": [[0.038251399993896484]], "reduce_execution_times": [3.2252326011657715], "reduce_invoke": [[0.6520183086395264]], "divide_reduce_times": [0.0001232624053955078], "total_querying_times": [6.770407438278198],