{"shuffle_centroids_times": [0.024501800537109375], "map_iterdata_times": [0.14769673347473145], "create_map_data": [0.2184896469116211], "map_queries_times": [[[0.2630345821380615, 0.030274152755737305, [0.06181073188781738, 0.0543057918548584, 0.049308061599731445, 0.052460432052612305], [0.002837657928466797, 0.0021491050720214844, 0.0014545917510986328, 0.0014481544494628906], [0.0017092227935791016, 0.001279592514038086, 0.0010399818420410156, 0.0010399818420410156], 0.0018651485443115234], [0.2563636302947998, 0.03049325942993164, [0.05694317817687988, 0.06298279762268066, 0.04636240005493164, 0.046900272369384766], [0.0020608901977539062, 0.0020258426666259766, 0.0012018680572509766, 0.001215219497680664], [0.0011806488037109375, 0.0011150836944580078, 0.0009207725524902344, 0.0010967254638671875], 0.0018239021301269531], [0.25592708587646484, 0.04109072685241699, [0.055011749267578125, 0.0446932315826416, 0.05031871795654297, 0.04780125617980957], [0.0027697086334228516, 0.0020661354064941406, 0.001750946044921875, 0.0019366741180419922], [0.0018050670623779297, 0.0013074874877929688, 0.0016582012176513672, 0.0012621879577636719], 0.002413034439086914], [0.25195837020874023, 0.03757333755493164, [0.050740718841552734, 0.05119442939758301, 0.04877662658691406, 0.04746270179748535], [0.002792835235595703, 0.002180337905883789, 0.0017824172973632812, 0.0018994808197021484], [0.0014317035675048828, 0.000997304916381836, 0.0014088153839111328, 0.0015027523040771484], 0.0021753311157226562]]], "map_execution": [3.099569320678711], "map_invoke": [[0.5571982860565186, 0.4730679988861084, 0.5384068489074707, 0.5452396869659424]], "create_reduce_data": [0.1783292293548584], "reduce_iterdata_times": [0.17745757102966309], "reduce_queries_times": [[0.047132015228271484]], "reduce_execution_times": [3.19694447517395], "reduce_invoke": [[0.6286768913269043]], "divide_reduce_times": [0.00014328956604003906], "total_querying_times": [6.69347620010376], "recalls": [[80.0, 80.0, 80.0, 90.0, 100.0, 90.0, 90.0, 60.0, 80.0, 90.0, 100.0, 80.0, 90.0, 100.0, 90.0, 100.0, 50.0, 100.0, 30.0, 50.0, 100.0, 100.0, 100.0, 70.0, 70.0, 60.0, 100.0, 90.0, 20.0, 80.0, 50.0, 90.0, 70.0, 80.0, 90.0, 70.0, 50.0, 80.0, 20.0, 90.0, 70.0, 100.0, 10.0, 100.0, 90.0, 50.0, 90.0, 20.0, 50.0, 70.0, 80.0, 100.0, 70.0, 70.0, 20.0, 90.0, 30.0, 20.0, 100.0, 40.0, 80.0, 80.0, 50.0, 50.0, 80.0, 0.0, 60.0, 40.0, 40.0, 40.0, 70.0, 100.0, 100.0, 60.0, 50.0, 100.0, 80.0, 100.0, 90.0, 90.0, 60.0, 100.0, 100.0, 90.0, 40.0, 50.0, 100.0, 100.0, 100.0, 100.0, 30.0, 40.0, 80.0, 60.0, 60.0, 50.0, 100.0, 60.0, 50.0, 100.0, 80.0, 70.0, 40.0, 70.0, 70.0, 20.0, 100.0, 90.0, 10.0, 100.0, 40.0, 50.0, 40.0, 80.0, 40.0, 90.0, 100.0, 100.0, 80.0, 80.0, 30.0, 100.0, 100.0, 100.0, 40.0, 50.0, 60.0, 90.0, 100.0, 10.0, 60.0, 30.0, 80.0, 100.0, 70.0, 60.0, 70.0, 100.0, 30.0, 80.0, 80.0, 100.0, 100.0, 70.0, 70.0, 10.0, 100.0, 100.0, 30.0, 90.0, 30.0, 100.0, 90.0, 80.0, 90.0, 100.0, 30.0, 100.0, 90.0, 90.0, 100.0, 80.0, 90.0, 100.0, 60.0, 40.0, 60.0, 40.0, 50.0, 20.0, 100.0, 70.0, 100.0, 40.0, 40.0, 100.0, 30.0, 90.0, 100.0, 100.0, 100.0, 90.0, 60.0, 100.0, 90.0, 60.0, 100.0, 80.0, 90.0, 80.0, 70.0, 100.0, 30.0, 100.0, 80.0, 30.0, 70.0, 100.0, 90.0, 90.0, 80.0, 40.0, 40.0, 30.0, 80.0, 80.0, 0.0, 50.0, 70.0, 70.0, 90.0, 90.0, 0.0, 100.0, 100.0, 50.0, 100.0, 100.0, 60.0, 90.0, 100.0, 100.0, 20.0, 50.0, 30.0, 60.0, 20.0, 80.0, 80.0, 90.0, 80.0, 40.0, 90.0, 20.0, 90.0, 10.0, 30.0, 60.0, 80.0, 30.0, 90.0, 100.0, 10.0, 100.0, 60.0, 70.0, 60.0, 100.0, 100.0, 100.0, 100.0, 60.0, 50.0, 100.0, 90.0, 100.0, 80.0, 100.0, 100.0, 100.0, 20.0, 100.0, 90.0, 100.0, 60.0, 60.0, 90.0, 100.0, 100.0, 10.0, 20.0, 30.0, 80.0, 80.0, 30.0, 10.0, 100.0, 70.0, 90.0, 100.0, 90.0, 70.0, 60.0, 50.0, 100.0, 80.0, 80.0, 50.0, 90.0, 100.0, 100.0, 70.0, 50.0, 60.0, 30.0, 100.0, 30.0, 100.0, 100.0, 100.0, 90.0, 40.0, 90.0, 80.0, 100.0, 100.0, 90.0, 40.0, 90.0, 40.0, 80.0, 90.0, 100.0, 40.0, 90.0, 100.0, 40.0, 60.0, 100.0, 70.0, 100.0, 60.0, 100.0, 90.0, 90.0, 100.0, 100.0, 40.0, 50.0, 80.0, 0.0, 70.0, 100.0, 90.0, 80.0, 100.0, 70.0, 80.0, 100.0, 100.0, 100.0, 100.0, 90.0, 60.0, 40.0, 100.0, 90.0, 100.0, 50.0, 60.0, 100.0, 100.0, 30.0, 40.0, 100.0, 40.0, 90.0, 80.0, 80.0, 10.0, 70.0, 90.0, 50.0, 60.0, 70.0, 90.0, 80.0, 50.0, 90.0, 80.0, 40.0, 60.0, 100.0, 40.0, 30.0, 100.0, 70.0, 30.0, 100.0, 20.0, 60.0, 60.0, 90.0, 100.0, 80.0, 80.0, 50.0, 90.0, 30.0, 50.0, 100.0, 40.0, 100.0, 60.0, 100.0, 70.0, 90.0, 90.0, 90.0, 50.0, 30.0, 80.0, 90.0, 60.0, 100.0, 90.0, 40.0, 10.0, 100.0, 100.0, 90.0, 70.0, 60.0, 80.0, 100.0, 60.0, 70.0, 70.0, 100.0, 100.0, 20.0, 50.0, 50.0, 50.0, 90.0, 70.0, 40.0, 100.0, 100.0, 100.0, 70.0, 100.0, 90.0, 100.0, 100.0, 90.0, 60.0, 40.0, 100.0, 100.0, 80.0, 100.0, 40.0, 70.0, 80.0, 100.0, 50.0, 10.0, 100.0, 90.0, 90.0, 100.0, 70.0, 60.0, 90.0, 70.0, 70.0, 80.0, 70.0, 100.0, 100.0, 80.0, 100.0, 100.0, 100.0, 30.0, 90.0, 100.0, 30.0, 40.0, 100.0, 100.0, 20.0, 30.0, 100.0, 100.0, 40.0, 100.0, 100.0, 100.0, 100.0, 50.0, 50.0, 30.0, 70.0, 90.0, 100.0, 40.0, 90.0, 100.0, 60.0, 40.0, 100.0, 100.0, 70.0, 50.0, 80.0, 100.0, 100.0, 90.0, 30.0, 20.0, 100.0, 100.0, 10.0, 60.0, 100.0, 90.0, 60.0, 10.0, 60.0, 100.0, 50.0, 50.0, 0.0, 60.0, 100.0, 10.0, 50.0, 100.0, 90.0, 100.0, 60.0, 100.0, 60.0, 80.0, 20.0, 100.0, 100.0, 30.0, 70.0, 50.0, 50.0, 90.0, 30.0, 90.0, 70.0, 50.0, 100.0, 100.0, 100.0, 60.0, 40.0, 90.0, 90.0, 100.0, 80.0, 100.0, 100.0, 70.0, 60.0, 100.0, 10.0, 100.0, 60.0, 20.0, 80.0, 50.0, 60.0, 20.0, 100.0, 30.0, 100.0, 60.0, 90.0, 20.0, 70.0, 100.0, 100.0, 80.0, 20.0, 70.0, 70.0, 60.0, 70.0, 90.0, 20.0, 100.0, 40.0, 50.0, 80.0, 70.0, 30.0, 90.0, 100.0, 10.0, 50.0, 50.0, 100.0, 90.0, 60.0, 20.0, 30.0, 10.0, 100.0, 70.0, 50.0, 100.0, 10.0, 60.0, 100.0, 100.0, 20.0, 90.0, 100.0, 90.0, 90.0, 100.0, 40.0, 100.0, 100.0, 100.0, 30.0, 90.0, 70.0, 100.0, 50.0, 40.0, 70.0, 60.0, 50.0, 80.0, 70.0, 70.0, 70.0, 10.0, 100.0, 30.0, 50.0, 60.0, 70.0, 40.0, 100.0, 0.0, 80.0, 70.0, 80.0, 30.0, 30.0, 50.0, 100.0, 80.0, 100.0, 90.0, 80.0, 100.0, 100.0, 100.0, 100.0, 60.0, 40.0, 50.0, 100.0, 100.0, 80.0, 100.0, 30.0, 50.0, 100.0, 100.0, 100.0, 100.0, 100.0, 50.0, 30.0, 10.0, 40.0, 70.0, 100.0, 100.0, 100.0, 30.0, 100.0, 40.0, 80.0, 20.0, 90.0, 90.0, 20.0, 100.0, 30.0, 20.0, 80.0, 10.0, 40.0, 60.0, 20.0, 40.0, 80.0, 60.0, 80.0, 60.0, 90.0, 80.0, 100.0, 10.0, 90.0, 80.0, 70.0, 80.0, 90.0, 70.0, 100.0, 100.0, 90.0, 50.0, 100.0, 70.0, 100.0, 40.0, 40.0, 50.0, 100.0, 90.0, 70.0, 10.0, 80.0, 100.0, 100.0, 40.0, 40.0, 30.0, 100.0, 90.0, 100.0, 30.0, 100.0, 70.0, 100.0, 100.0, 90.0, 100.0, 90.0, 100.0, 40.0, 70.0, 90.0, 80.0, 80.0, 90.0, 10.0, 90.0, 10.0, 100.0, 100.0, 100.0, 100.0, 50.0, 100.0, 30.0, 60.0, 80.0, 40.0, 90.0, 50.0, 40.0, 100.0, 100.0, 90.0, 60.0, 80.0, 10.0, 80.0, 60.0, 100.0, 100.0, 100.0, 100.0, 90.0, 70.0, 50.0, 100.0, 50.0, 100.0, 100.0, 60.0, 70.0, 100.0, 80.0, 100.0, 100.0, 90.0, 30.0, 60.0, 90.0, 60.0, 40.0, 20.0, 80.0, 100.0, 80.0, 30.0, 10.0, 90.0, 100.0, 80.0, 40.0, 100.0, 90.0, 50.0, 100.0, 90.0, 100.0, 40.0, 80.0, 100.0, 40.0, 100.0, 100.0, 100.0, 90.0, 100.0, 50.0, 80.0, 30.0, 100.0, 100.0, 100.0, 100.0, 100.0, 40.0, 40.0, 70.0, 100.0, 90.0, 80.0, 20.0, 80.0, 40.0, 80.0, 40.0, 30.0, 100.0, 20.0, 70.0, 80.0, 100.0, 100.0, 70.0, 60.0, 100.0, 100.0, 20.0, 90.0, 10.0, 100.0, 80.0, 20.0, 100.0, 20.0, 40.0, 70.0, 100.0, 50.0, 60.0, 100.0, 30.0, 100.0, 100.0, 50.0, 30.0, 90.0, 30.0, 100.0, 20.0, 100.0, 90.0, 90.0, 40.0, 40.0, 100.0, 30.0, 100.0, 100.0, 40.0, 100.0, 100.0, 20.0, 70.0, 90.0, 20.0, 100.0, 100.0, 10.0, 90.0, 90.0, 90.0, 100.0, 60.0, 10.0, 30.0, 100.0, 10.0, 100.0, 30.0, 30.0, 90.0, 100.0, 30.0, 60.0, 100.0, 50.0, 80.0, 100.0, 100.0, 100.0, 100.0, 100.0, 20.0, 100.0, 90.0, 90.0, 80.0, 40.0, 30.0, 10.0, 50.0, 80.0, 90.0, 40.0, 70.0, 10.0, 20.0, 100.0, 20.0, 20.0, 100.0, 40.0, 30.0, 100.0, 100.0, 20.0, 100.0, 70.0, 100.0, 90.0, 10.0, 100.0, 70.0, 40.0, 100.0, 60.0, 60.0, 70.0, 100.0, 70.0, 100.0, 30.0, 100.0, 90.0, 100.0, 100.0, 