{"shuffle_centroids_times": [0.043500423431396484], "map_iterdata_times": [0.2631204128265381], "create_map_data": [0.3526298999786377], "map_queries_times": [[[0.9074907302856445, 0.1303713321685791, [0.05609917640686035, 0.03712129592895508, 0.03727412223815918, 0.03733325004577637, 0.042814016342163086, 0.04090309143066406, 0.046515703201293945, 0.043077945709228516, 0.039820194244384766, 0.03750157356262207, 0.039487600326538086, 0.03941464424133301, 0.036805152893066406, 0.03772330284118652, 0.04150080680847168, 0.042448997497558594], [0.000690460205078125, 0.0006220340728759766, 0.0006425380706787109, 0.0006718635559082031, 0.0006353855133056641, 0.0005974769592285156, 0.0006551742553710938, 0.0006680488586425781, 0.0006568431854248047, 0.0007147789001464844, 0.0005970001220703125, 0.000640869140625, 0.0005939006805419922, 0.0006411075592041016, 0.0006380081176757812, 0.0006759166717529297], [0.002105712890625, 0.010875225067138672, 0.0035393238067626953, 0.001608133316040039, 0.005761861801147461, 0.0017867088317871094, 0.00418543815612793, 0.0040531158447265625, 0.006663799285888672, 0.006299495697021484, 0.0034568309783935547, 0.0039408206939697266, 0.0022096633911132812, 0.0025453567504882812, 0.006674051284790039, 0.00626063346862793], 0.03885602951049805], [0.7667341232299805, 0.08823847770690918, [0.047675371170043945, 0.03592205047607422, 0.0402522087097168, 0.03905487060546875, 0.03518176078796387, 0.03358149528503418, 0.03649473190307617, 0.030506372451782227, 0.03975343704223633, 0.03222489356994629, 0.03993988037109375, 0.041132450103759766, 0.03059840202331543, 0.04140520095825195, 0.040760040283203125, 0.03623056411743164], [0.0004413127899169922, 0.0005033016204833984, 0.0005252361297607422, 0.0004954338073730469, 0.0005564689636230469, 0.0005769729614257812, 0.0004987716674804688, 0.00048279762268066406, 0.0005269050598144531, 0.0004916191101074219, 0.00048470497131347656, 0.0004904270172119141, 0.0005376338958740234, 0.0005273818969726562, 0.0005478858947753906, 0.0005271434783935547], [0.00409388542175293, 0.007931232452392578, 0.0018496513366699219, 0.002153158187866211, 0.002187967300415039, 0.002707958221435547, 0.002232074737548828, 0.002248048782348633, 0.001447916030883789, 0.002688169479370117, 0.004931926727294922, 0.002427816390991211, 0.002517223358154297, 0.0019571781158447266, 0.0015597343444824219, 0.00189208984375], 0.024647951126098633], [0.8894569873809814, 0.11652398109436035, [0.048432350158691406, 0.04003477096557617, 0.04196667671203613, 0.03771376609802246, 0.042244672775268555, 0.042319297790527344, 0.03755021095275879, 0.04283452033996582, 0.040643930435180664, 0.03917407989501953, 0.0411221981048584, 0.04451179504394531, 0.041168212890625, 0.0376279354095459, 0.050841331481933594, 0.03430676460266113], [0.0005927085876464844, 0.0006535053253173828, 0.0006568431854248047, 0.0006673336029052734, 0.0005700588226318359, 0.0006604194641113281, 0.000640869140625, 0.0006420612335205078, 0.0006241798400878906, 0.0006763935089111328, 0.0006666183471679688, 0.0006318092346191406, 0.0005662441253662109, 0.0005917549133300781, 0.0005593299865722656, 0.0006608963012695312], [0.012701034545898438, 0.0037353038787841797, 0.004139423370361328, 0.0020170211791992188, 0.0022580623626708984, 0.0038623809814453125, 0.005124330520629883, 0.00502777099609375, 0.0024328231811523438, 0.004364013671875, 0.002950906753540039, 0.003699779510498047, 0.0034630298614501953, 0.0026810169219970703, 0.0032067298889160156, 0.004476308822631836], 0.03413867950439453], [0.7784602642059326, 0.07903313636779785, [0.044167518615722656, 0.03786492347717285, 0.03682541847229004, 0.03635287284851074, 0.03658175468444824, 0.042001962661743164, 0.03491950035095215, 0.03806900978088379, 0.040227413177490234, 0.043102264404296875, 0.03974580764770508, 0.0384669303894043, 0.041396379470825195, 0.032097578048706055, 0.035093069076538086, 0.04090619087219238], [0.0005931854248046875, 0.0006432533264160156, 0.0006501674652099609, 0.0006597042083740234, 0.0006754398345947266, 0.0006892681121826172, 0.0006880760192871094, 0.0006949901580810547, 0.0007121562957763672, 0.0006613731384277344, 0.0007722377777099609, 0.0006747245788574219, 0.0006124973297119141, 0.0007030963897705078, 0.0006628036499023438, 0.0006265640258789062], [0.007740497589111328, 0.002266407012939453, 0.003490447998046875, 0.004403114318847656, 0.006359577178955078, 0.002572298049926758, 0.002359151840209961, 0.0018088817596435547, 0.002735614776611328, 0.0021185874938964844, 0.002127408981323242, 0.0032465457916259766, 0.0023238658905029297, 0.0017628669738769531, 0.0009520053863525391, 0.001596212387084961], 0.02291703224182129]]], "map_execution": [3.213592529296875], "map_invoke": [[0.5647048950195312, 0.5188276767730713, 0.5744593143463135, 0.5734963417053223]], "create_reduce_data": [0.16156578063964844], "reduce_iterdata_times": [0.16067123413085938], "reduce_queries_times": [[0.07643556594848633]], "reduce_execution_times": [3.093186140060425], "reduce_invoke": [[0.5546300411224365]], "divide_reduce_times": [0.00010991096496582031], "total_querying_times": [6.82108473777771],