{"shuffle_centroids_times": [0.03697466850280762], "map_iterdata_times": [0.6353244781494141], "create_map_data": [0.7188329696655273], "map_queries_times": [[[1.3387961387634277, 0.42149877548217773, [0.037926435470581055, 0.03907322883605957, 0.04122328758239746, 0.03497886657714844, 0.04052543640136719, 0.04608011245727539, 0.040042877197265625, 0.04714512825012207, 0.038684844970703125, 0.039867401123046875, 0.038637399673461914, 0.03243660926818848, 0.03833293914794922, 0.03910946846008301, 0.04008603096008301, 0.04047656059265137], [0.0006651878356933594, 0.0007038116455078125, 0.0006809234619140625, 0.0007574558258056641, 0.0006704330444335938, 0.0006568431854248047, 0.000762939453125, 0.0007681846618652344, 0.0007417201995849609, 0.0007131099700927734, 0.0006461143493652344, 0.0007870197296142578, 0.0006632804870605469, 0.0006761550903320312, 0.0006606578826904297, 0.0006985664367675781], [0.0063610076904296875, 0.013341188430786133, 0.011890649795532227, 0.004251718521118164, 0.01200103759765625, 0.004036903381347656, 0.012611627578735352, 0.009879589080810547, 0.010624408721923828, 0.012178897857666016, 0.011668205261230469, 0.011356592178344727, 0.011791229248046875, 0.01054072380065918, 0.010960102081298828, 0.01339864730834961], 0.10439372062683105], [1.2698705196380615, 0.38205695152282715, [0.03995466232299805, 0.03491377830505371, 0.04274320602416992, 0.045021772384643555, 0.0458226203918457, 0.041402578353881836, 0.03786420822143555, 0.04255104064941406, 0.0386502742767334, 0.03269505500793457, 0.03795790672302246, 0.040651559829711914, 0.0451350212097168, 0.041318655014038086, 0.03858590126037598, 0.04399228096008301], [0.0005092620849609375, 0.0005505084991455078, 0.0005269050598144531, 0.000514984130859375, 0.0005669593811035156, 0.0005090236663818359, 0.0005164146423339844, 0.0005283355712890625, 0.0005695819854736328, 0.0005271434783935547, 0.0005772113800048828, 0.0005717277526855469, 0.0005030632019042969, 0.0005955696105957031, 0.0005009174346923828, 0.0005879402160644531], [0.007622718811035156, 0.011353492736816406, 0.008625984191894531, 0.01024770736694336, 0.00655055046081543, 0.008471250534057617, 0.008918523788452148, 0.008925676345825195, 0.007638454437255859, 0.008742094039916992, 0.008596181869506836, 0.008563518524169922, 0.008492708206176758, 0.007270336151123047, 0.008195161819458008, 0.00886225700378418], 0.09270071983337402], [1.3131740093231201, 0.3770473003387451, [0.04553675651550293, 0.03975725173950195, 0.03518509864807129, 0.043938398361206055, 0.04525637626647949, 0.044715166091918945, 0.0451662540435791, 0.03929615020751953, 0.055184125900268555, 0.04961872100830078, 0.03594040870666504, 0.04110240936279297, 0.0398869514465332, 0.03750872611999512, 0.04308319091796875, 0.03633594512939453], [0.0006358623504638672, 0.0007054805755615234, 0.000644683837890625, 0.0007266998291015625, 0.0006368160247802734, 0.000713348388671875, 0.0006608963012695312, 0.0007507801055908203, 0.0007309913635253906, 0.000644683837890625, 0.0006358623504638672, 0.0006797313690185547, 0.0006940364837646484, 0.0007028579711914062, 0.0006601810455322266, 0.0006515979766845703], [0.01352691650390625, 0.00912165641784668, 0.010665655136108398, 0.01143193244934082, 0.010950326919555664, 0.010141134262084961, 0.0067958831787109375, 0.006242513656616211, 0.01035618782043457, 0.009799003601074219, 0.013994693756103516, 0.009120941162109375, 0.007245063781738281, 0.006586551666259766, 0.009626626968383789, 0.007552385330200195], 0.09446287155151367], [1.165351152420044, 0.2288074493408203, [0.05380511283874512, 0.04336047172546387, 0.05032610893249512, 0.033564090728759766, 0.045229434967041016, 0.04507851600646973, 0.03877377510070801, 0.03691697120666504, 0.04368257522583008, 0.044114112854003906, 0.03749823570251465, 0.038175106048583984, 0.03654742240905762, 0.046004533767700195, 0.04114365577697754, 0.041782379150390625], [0.0005483627319335938, 0.0007183551788330078, 0.0009002685546875, 0.0006711483001708984, 0.0007064342498779297, 0.0007112026214599609, 0.0007176399230957031, 0.0007238388061523438, 0.0007882118225097656, 0.0006501674652099609, 0.0007421970367431641, 0.0007147789001464844, 0.0007348060607910156, 0.0007653236389160156, 0.0006778240203857422, 0.0007128715515136719], [0.1005549430847168, 0.005382061004638672, 0.006951332092285156, 0.003319978713989258, 0.0039255619049072266, 0.009048700332641602, 0.008196353912353516, 0.00867462158203125, 0.006452322006225586, 0.009006023406982422, 0.004670619964599609, 0.005799293518066406, 0.0036683082580566406, 0.0048754215240478516, 0.005460023880004883, 0.0015704631805419922], 0.06139016151428223]]], "map_execution": [5.104613304138184], "map_invoke": [[0.5926704406738281, 0.5250723361968994, 0.5833609104156494, 0.6029727458953857]], "create_reduce_data": [0.15821266174316406], "reduce_iterdata_times": [0.1568739414215088], "reduce_queries_times": [[0.14496421813964844]], "reduce_execution_times": [3.1012423038482666], "reduce_invoke": [[0.5469441413879395]], "divide_reduce_times": [0.00010013580322265625], "total_querying_times": [9.083001613616943],