{"shuffle_centroids_times": [0.04496169090270996], "map_iterdata_times": [0.357990026473999], "create_map_data": [0.4488856792449951], "map_queries_times": [[[1.1770710945129395, 0.23610472679138184, [0.04238557815551758, 0.04406595230102539, 0.04424309730529785, 0.03876614570617676, 0.04179811477661133, 0.04317450523376465, 0.039746761322021484, 0.044477224349975586, 0.03942608833312988, 0.0393071174621582, 0.03737616539001465, 0.036420583724975586, 0.043523311614990234, 0.038335323333740234, 0.03733229637145996, 0.04118919372558594], [0.0006420612335205078, 0.0006253719329833984, 0.0006163120269775391, 0.000659942626953125, 0.0006151199340820312, 0.0008153915405273438, 0.0009098052978515625, 0.0007145404815673828, 0.0007469654083251953, 0.0007390975952148438, 0.0006861686706542969, 0.0007307529449462891, 0.000675201416015625, 0.0007333755493164062, 0.0006651878356933594, 0.0007441043853759766], [0.0035359859466552734, 0.007368564605712891, 0.0062181949615478516, 0.0024504661560058594, 0.1013634204864502, 0.002323627471923828, 0.006380796432495117, 0.005949974060058594, 0.010460138320922852, 0.009619474411010742, 0.005982637405395508, 0.007786989212036133, 0.006320953369140625, 0.005585432052612305, 0.010256052017211914, 0.01043391227722168], 0.07593560218811035], [1.2446746826171875, 0.2558293342590332, [0.04106259346008301, 0.0466153621673584, 0.039847373962402344, 0.041471242904663086, 0.04182791709899902, 0.045265913009643555, 0.039522409439086914, 0.034562110900878906, 0.042256832122802734, 0.041353464126586914, 0.045114755630493164, 0.041434288024902344, 0.039594173431396484, 0.04210376739501953, 0.047707557678222656, 0.043263912200927734], [0.0006613731384277344, 0.0006668567657470703, 0.0007839202880859375, 0.0008900165557861328, 0.0007476806640625, 0.0007200241088867188, 0.0006682872772216797, 0.0006659030914306641, 0.00077056884765625, 0.0006740093231201172, 0.0007688999176025391, 0.0007021427154541016, 0.0006628036499023438, 0.0007338523864746094, 0.0006995201110839844, 0.0007181167602539062], [0.00861501693725586, 0.11137676239013672, 0.008341550827026367, 0.01007390022277832, 0.004430532455444336, 0.009395360946655273, 0.00453639030456543, 0.008590459823608398, 0.0069980621337890625, 0.006845951080322266, 0.008637428283691406, 0.008307695388793945, 0.006135463714599609, 0.006136178970336914, 0.007116079330444336, 0.00584721565246582], 0.08280181884765625], [0.9564528465270996, 0.1477675437927246, [0.045067548751831055, 0.04668784141540527, 0.031848907470703125, 0.04359173774719238, 0.03836989402770996, 0.03197622299194336, 0.036231279373168945, 0.04322504997253418, 0.04118847846984863, 0.043717145919799805, 0.031591176986694336, 0.0343785285949707, 0.036591291427612305, 0.03456521034240723, 0.04508852958679199, 0.03758120536804199], [0.0004398822784423828, 0.0004639625549316406, 0.0004596710205078125, 0.0005183219909667969, 0.0005064010620117188, 0.0004603862762451172, 0.0005061626434326172, 0.0005240440368652344, 0.0004730224609375, 0.00048422813415527344, 0.0006277561187744141, 0.0007255077362060547, 0.0006277561187744141, 0.0005655288696289062, 0.000637054443359375, 0.0006299018859863281], [0.0033063888549804688, 0.0027506351470947266, 0.0057752132415771484, 0.0033674240112304688, 0.006512165069580078, 0.0035400390625, 0.001814126968383789, 0.002315521240234375, 0.005243539810180664, 0.07513666152954102, 0.005984783172607422, 0.005172252655029297, 0.004164457321166992, 0.0032422542572021484, 0.0026979446411132812, 0.003996372222900391], 0.04321765899658203], [1.0155556201934814, 0.14322257041931152, [0.04225301742553711, 0.042704105377197266, 0.03434252738952637, 0.0349116325378418, 0.04458165168762207, 0.038751840591430664, 0.044683218002319336, 0.04099273681640625, 0.03898787498474121, 0.035561323165893555, 0.04340100288391113, 0.039726972579956055, 0.04374527931213379, 0.050218820571899414, 0.045644283294677734, 0.039826393127441406], [0.0006182193756103516, 0.0006570816040039062, 0.0006849765777587891, 0.0006742477416992188, 0.0006558895111083984, 0.0005996227264404297, 0.0006744861602783203, 0.0007045269012451172, 0.0006613731384277344, 0.0006647109985351562, 0.0006525516510009766, 0.000766754150390625, 0.000997781753540039, 0.0006885528564453125, 0.0007066726684570312, 0.0006849765777587891], [0.004206180572509766, 0.004017829895019531, 0.004480838775634766, 0.006336688995361328, 0.005301952362060547, 0.006554603576660156, 0.0047795772552490234, 0.007725238800048828, 0.0030994415283203125, 0.0045278072357177734, 0.0921635627746582, 0.003499269485473633, 0.003122091293334961, 0.004820585250854492, 0.0011281967163085938, 0.0024449825286865234], 0.04258227348327637]]], "map_execution": [5.252261161804199], "map_invoke": [[0.5968050956726074, 0.5773148536682129, 0.5462319850921631, 0.5924544334411621]], "create_reduce_data": [0.1765151023864746], "reduce_iterdata_times": [0.17530202865600586], "reduce_queries_times": [[0.16143202781677246]], "reduce_execution_times": [3.0687665939331055], "reduce_invoke": [[0.5535039901733398]], "divide_reduce_times": [0.00010919570922851562], "total_querying_times": [8.946537733078003],