{"shuffle_centroids_times": [0.027021169662475586], "map_iterdata_times": [0.16566801071166992], "create_map_data": [0.23868894577026367], "map_queries_times": [[[0.4532032012939453, 0.07596850395202637, [0.051175594329833984, 0.047484397888183594, 0.051831722259521484, 0.04914236068725586], [0.0015375614166259766, 0.0017006397247314453, 0.0024595260620117188, 0.0017888545989990234], [0.004319429397583008, 0.1261274814605713, 0.012133598327636719, 0.008120059967041016], 0.019357681274414062], [0.41254115104675293, 0.06413650512695312, [0.047287702560424805, 0.05437183380126953, 0.04387068748474121, 0.04798746109008789], [0.001194000244140625, 0.001981496810913086, 0.0012934207916259766, 0.0014667510986328125], [0.11053943634033203, 0.004495859146118164, 0.00812673568725586, 0.0074460506439208984], 0.018292903900146484], [0.46721673011779785, 0.09026169776916504, [0.05830502510070801, 0.052167415618896484, 0.055275678634643555, 0.04975628852844238], [0.0014882087707519531, 0.0018029212951660156, 0.001814126968383789, 0.0020062923431396484], [0.005655527114868164, 0.003774404525756836, 0.12570595741271973, 0.005744218826293945], 0.01341104507446289], [0.4042348861694336, 0.06158161163330078, [0.056363821029663086, 0.049878597259521484, 0.048892974853515625, 0.04518413543701172], [0.0014739036560058594, 0.0021867752075195312, 0.001802206039428711, 0.0014889240264892578], [0.0061893463134765625, 0.004274129867553711, 0.0036802291870117188, 0.11228156089782715], 0.008917808532714844]]], "map_execution": [3.120717763900757], "map_invoke": [[0.48839354515075684, 0.4533960819244385, 0.518723726272583, 0.4955158233642578]], "create_reduce_data": [0.24713444709777832], "reduce_iterdata_times": [0.2463970184326172], "reduce_queries_times": [[0.18083524703979492]], "reduce_execution_times": [3.1238253116607666], "reduce_invoke": [[0.49167799949645996]], "divide_reduce_times": [0.000110626220703125], "total_querying_times": [6.730477333068848], "recalls": [[80.0, 100.0, 100.0, 100.0, 100.0, 100.0, 90.0, 100.0, 100.0, 100.0, 100.0, 80.0, 90.0, 100.0, 90.0, 100.0, 80.0, 100.0, 100.0, 100.0, 100.0, 100.0, 100.0, 90.0, 100.0, 70.0, 100.0, 90.0, 90.0, 100.0, 100.0, 100.0, 100.0, 100.0, 100.0, 80.0, 90.0, 100.0, 100.0, 90.0, 80.0, 100.0, 100.0, 100.0, 90.0, 100.0, 100.0, 100.0, 100.0, 80.0, 80.0, 100.0, 100.0, 100.0, 100.0, 100.0, 100.0, 80.0, 100.0, 100.0, 100.0, 90.0, 100.0, 80.0, 100.0, 100.0, 90.0, 80.0, 90.0, 90.0, 100.0, 100.0, 100.0, 100.0, 90.0, 100.0, 90.0, 100.0, 90.0, 90.0, 100.0, 100.0, 100.0, 90.0, 90.0, 100.0, 100.0, 100.0, 100.0, 100.0, 90.0, 60.0, 90.0, 90.0, 100.0, 80.0, 100.0, 100.0, 90.0, 100.0, 90.0, 80.0, 100.0, 100.0, 80.0, 90.0, 100.0, 100.0, 70.0, 100.0, 90.0, 100.0, 80.0, 100.0, 100.0, 90.0, 100.0, 100.0, 100.0, 80.0, 100.0, 100.0, 100.0, 100.0, 100.0, 100.0, 70.0, 90.0, 100.0, 90.0, 100.0, 100.0, 100.0, 100.0, 70.0, 80.0, 100.0, 100.0, 90.0, 100.0, 100.0, 100.0, 100.0, 100.0, 70.0, 100.0, 100.0, 100.0, 70.0, 100.0, 100.0, 100.0, 100.0, 90.0, 90.0, 100.0, 100.0, 100.0, 100.0, 100.0, 100.0, 100.0, 100.0, 100.0, 100.0, 100.0, 90.0, 100.0, 90.0, 100.0, 100.0, 100.0, 100.0, 100.0, 100.0, 100.0, 100.0, 100.0, 100.0, 100.0, 100.0, 90.0, 100.0, 100.0, 100.0, 70.0, 100.0, 100.0, 90.0, 100.0, 80.0, 100.0, 80.0, 100.0, 80.0, 90.0, 100.0, 100.0, 100.0, 100.0, 100.0, 70.0, 100.0, 100.0, 80.0, 100.0, 100.0, 100.0, 100.0, 70.0, 100.0, 90.0, 90.0, 100.0, 100.0, 90.0, 100.0, 100.0, 70.0, 100.0, 100.0, 100.0, 100.0, 100.0, 100.0, 100.0, 100.0, 100.0, 100.0, 90.0, 100.0, 100.0, 90.0, 80.0, 90.0, 80.0, 80.0, 90.0, 80.0, 100.0, 90.0, 100.0, 100.0, 100.0, 100.0, 70.0, 90.0, 100.0, 100.0, 100.0, 100.0, 90.0, 50.0, 100.0, 100.0, 100.0, 100.0, 100.0, 100.0, 100.0, 100.0, 100.0, 90.0, 100.0, 80.0, 90.0, 100.0, 100.0, 100.0, 80.0, 100.0, 100.0, 100.0, 100.0, 90.0, 100.0, 100.0, 100.0, 90.0, 100.0, 100.0, 90.0, 70.0, 100.0, 100.0, 90.0, 100.0, 100.0, 100.0, 100.0, 100.0, 70.0, 100.0, 70.0, 100.0, 100.0, 70.0, 100.0, 100.0, 100.0, 90.0, 90.0, 100.0, 90.0, 100.0, 100.0, 100.0, 100.0, 100.0, 90.0, 90.0, 100.0, 100.0, 100.0, 100.0, 100.0, 90.0, 100.0, 100.0, 80.0, 100.0, 80.0, 100.0, 100.0, 90.0, 100.0, 100.0, 90.0, 100.0, 100.0, 90.0, 100.0, 100.0, 100.0, 80.0, 100.0, 100.0, 90.0, 100.0, 100.0, 100.0, 100.0, 100.0, 100.0, 100.0, 100.0, 90.0, 100.0, 100.0, 100.0, 100.0, 100.0, 100.0, 100.0, 100.0, 100.0, 90.0, 90.0, 100.0, 80.0, 100.0, 90.0, 100.0, 100.0, 80.0, 90.0, 100.0, 100.0, 90.0, 100.0, 80.0, 90.0, 100.0, 100.0, 100.0, 100.0, 100.0, 100.0, 100.0, 100.0, 100.0, 90.0, 90.0, 100.0, 80.0, 100.0, 90.0, 90.0, 80.0, 100.0, 100.0, 90.0, 100.0, 100.0, 100.0, 80.0, 100.0, 90.0, 90.0, 100.0, 70.0, 80.0, 100.0, 90.0, 100.0, 100.0, 90.0, 90.0, 100.0, 100.0, 100.0, 90.0, 80.0, 90.0, 100.0, 100.0, 100.0, 80.0, 100.0, 100.0, 100.0, 90.0, 100.0, 100.0, 100.0, 100.0, 100.0, 100.0, 100.0, 100.0, 100.0, 100.0, 90.0, 100.0, 100.0, 100.0, 80.0, 90.0, 100.0, 100.0, 100.0, 100.0, 80.0, 100.0, 100.0, 100.0, 100.0, 70.0, 100.0, 90.0, 100.0, 100.0, 90.0, 80.0, 90.0, 90.0, 100.0, 100.0, 100.0, 100.0, 100.0, 90.0, 100.0, 100.0, 100.0, 100.0, 100.0, 100.0, 100.0, 90.0, 100.0, 100.0, 100.0, 100.0, 100.0, 100.0, 80.0, 100.0, 100.0, 100.0, 100.0, 100.0, 100.0, 100.0, 80.0, 90.0, 100.0, 100.0, 90.0, 100.0, 100.0, 100.0, 100.0, 100.0, 90.0, 80.0, 100.0, 100.0, 100.0, 90.0, 90.0, 100.0, 100.0, 100.0, 90.0, 80.0, 100.0, 100.0, 90.0, 90.0, 100.0, 100.0, 90.0, 100.0, 90.0, 90.0, 100.0, 100.0, 90.0, 100.0, 90.0, 100.0, 80.0, 100.0, 100.0, 100.0, 100.0, 100.0, 100.0, 90.0, 100.0, 100.0, 80.0, 100.0, 90.0, 90.0, 100.0, 90.0, 100.0, 100.0, 100.0, 90.0, 100.0, 90.0, 100.0, 100.0, 100.0, 100.0, 100.0, 100.0, 100.0, 100.0, 90.0, 100.0, 80.0, 100.0, 100.0, 100.0, 100.0, 100.0, 100.0, 80.0, 100.0, 90.0, 100.0, 90.0, 100.0, 100.0, 100.0, 100.0, 100.0, 70.0, 70.0, 100.0, 100.0, 100.0, 90.0, 100.0, 70.0, 100.0, 80.0, 90.0, 100.0, 100.0, 100.0, 100.0, 90.0, 70.0, 100.0, 90.0, 90.0, 80.0, 80.0, 100.0, 100.0, 100.0, 90.0, 100.0, 100.0, 90.0, 100.0, 100.0, 90.0, 100.0, 100.0, 100.0, 100.0, 100.0, 100.0, 100.0, 100.0, 100.0, 100.0, 100.0, 70.0, 100.0, 100.0, 100.0, 100.0, 100.0, 90.0, 90.0, 100.0, 90.0, 100.0, 100.0, 100.0, 100.0, 100.0, 90.0, 100.0, 100.0, 100.0, 100.0, 90.0, 80.0, 100.0, 100.0, 100.0, 100.0, 100.0, 100.0, 100.0, 100.0, 100.0, 100.0, 100.0, 100.0, 100.0, 90.0, 90.0, 100.0, 100.0, 100.0, 100.0, 100.0, 100.0, 100.0, 100.0, 100.0, 100.0, 100.0, 100.0, 100.0, 90.0, 90.0, 100.0, 90.0, 100.0, 100.0, 100.0, 80.0, 100.0, 90.0, 90.0, 90.0, 100.0, 90.0, 100.0, 100.0, 90.0, 100.0, 80.0, 90.0, 90.0, 100.0, 90.0, 80.0, 80.0, 60.0, 90.0, 90.0, 100.0, 100.0, 100.0, 100.0, 90.0, 90.0, 70.0, 100.0, 90.0, 70.0, 100.0, 100.0, 90.0, 100.0, 100.0, 100.0, 100.0, 90.0, 100.0, 100.0, 100.0, 100.0, 100.0, 90.0, 80.0, 100.0, 100.0, 90.0, 100.0, 80.0, 100.0, 90.0, 100.0, 100.0, 100.0, 90.0, 100.0, 100.0, 100.0, 100.0, 100.0, 100.0, 90.0, 90.0, 100.0, 100.0, 100.0, 90.0, 90.0, 100.0, 80.0, 100.0, 100.0, 100.0, 100.0, 80.0, 100.0, 90.0, 70.0, 80.0, 100.0, 100.0, 70.0, 90.0, 100.0, 100.0, 90.0, 100.0, 100.0, 100.0, 90.0, 90.0, 100.0, 100.0, 100.0, 100.0, 100.0, 90.0, 60.0, 100.0, 100.0, 100.0, 100.0, 100.0, 100.0, 100.0, 80.0, 100.0, 100.0, 90.0, 100.0, 90.0, 90.0, 100.0, 100.0, 100.0, 100.0, 100.0, 100.0, 90.0, 100.0, 100.0, 100.0, 100.0, 100.0, 100.0, 100.0, 100.0, 100.0, 100.0, 100.0, 100.0, 80.0, 100.0, 50.0, 100.0, 100.0, 100.0, 100.0, 100.0, 80.0, 100.0, 100.0, 100.0, 100.0, 100.0, 100.0, 100.0, 60.0, 90.0, 100.0, 100.0, 90.0, 100.0, 80.0, 100.0, 100.0, 80.0, 100.0, 100.0, 100.0, 90.0, 90.0, 80.0, 100.0, 100.0, 100.0, 100.0, 100.0, 100.0, 100.0, 100.0, 100.0, 100.0, 90.0, 100.0, 100.0, 70.0, 80.0, 100.0, 100.0, 100.0, 100.0, 100.0, 90.0, 100.0, 100.0, 100.0, 100.0, 100.0, 100.0, 100.0, 100.0, 100.0, 100.0, 100.0, 40.0, 100.0, 100.0, 90.0, 100.0, 100.0, 100.0, 100.0, 100.0, 100.0, 100.0, 100.0, 100.0, 100.0, 100.0, 80.0, 90.0, 100.0, 100.0, 100.0, 90.0, 100.0, 90.0, 100.0, 80.0, 100.0, 90.0, 100.0, 100.0, 100.0, 90.0, 100.0, 