{"shuffle_centroids_times": [0.03932762145996094], "map_iterdata_times": [0.5193846225738525], "create_map_data": [0.6049153804779053], "map_queries_times": [[[1.3579769134521484, 0.33875608444213867, [0.05004763603210449, 0.03578662872314453, 0.03809309005737305, 0.040996551513671875, 0.04189658164978027, 0.053014278411865234, 0.041944026947021484, 0.04007077217102051, 0.041463375091552734, 0.04101061820983887, 0.038690805435180664, 0.04634594917297363, 0.0370028018951416, 0.039320945739746094, 0.038861989974975586, 0.03820323944091797], [0.0006690025329589844, 0.0007033348083496094, 0.0007617473602294922, 0.0007293224334716797, 0.0006690025329589844, 0.0006487369537353516, 0.0006887912750244141, 0.001149892807006836, 0.0007021427154541016, 0.0006957054138183594, 0.0006158351898193359, 0.0007448196411132812, 0.0006425380706787109, 0.0006248950958251953, 0.0006206035614013672, 0.0006809234619140625], [0.006493568420410156, 0.015921354293823242, 0.010223388671875, 0.004524946212768555, 0.012226104736328125, 0.004485130310058594, 0.010448932647705078, 0.010241270065307617, 0.01195979118347168, 0.011926889419555664, 0.011372804641723633, 0.010559558868408203, 0.009589672088623047, 0.009521245956420898, 0.010790586471557617, 0.01060795783996582], 0.18410110473632812], [1.449070930480957, 0.3851161003112793, [0.054152727127075195, 0.04275107383728027, 0.04239320755004883, 0.03407645225524902, 0.03625202178955078, 0.03791975975036621, 0.04613447189331055, 0.039638519287109375, 0.03779888153076172, 0.07158827781677246, 0.040116310119628906, 0.04123401641845703, 0.040968894958496094, 0.03844308853149414, 0.042772531509399414, 0.03826260566711426], [0.0006797313690185547, 0.0006351470947265625, 0.0006642341613769531, 0.0006325244903564453, 0.0006902217864990234, 0.0006136894226074219, 0.0006022453308105469, 0.0005962848663330078, 0.0006926059722900391, 0.0006470680236816406, 0.0006923675537109375, 0.0006587505340576172, 0.0006701946258544922, 0.0007472038269042969, 0.0006167888641357422, 0.0006222724914550781], [0.012142658233642578, 0.012163400650024414, 0.012750864028930664, 0.010865926742553711, 0.008489608764648438, 0.012503385543823242, 0.00995326042175293, 0.010861635208129883, 0.012069463729858398, 0.011562585830688477, 0.010826349258422852, 0.014414787292480469, 0.010772466659545898, 0.009030580520629883, 0.08738565444946289, 0.00929117202758789], 0.11377716064453125], [1.1672601699829102, 0.2701241970062256, [0.04690265655517578, 0.040909767150878906, 0.04005742073059082, 0.04773664474487305, 0.035388946533203125, 0.03597140312194824, 0.04576992988586426, 0.03604769706726074, 0.03906512260437012, 0.03636646270751953, 0.03554081916809082, 0.0456085205078125, 0.03830313682556152, 0.035454750061035156, 0.04104113578796387, 0.036919355392456055], [0.0005142688751220703, 0.0005528926849365234, 0.0005519390106201172, 0.0005540847778320312, 0.0004918575286865234, 0.0005514621734619141, 0.0005741119384765625, 0.0005662441253662109, 0.0005524158477783203, 0.0004982948303222656, 0.0005137920379638672, 0.0005540847778320312, 0.000553131103515625, 0.0005140304565429688, 0.0005168914794921875, 0.0005328655242919922], [0.00646209716796875, 0.008565902709960938, 0.009232521057128906, 0.008339166641235352, 0.00960850715637207, 0.00869131088256836, 0.004181385040283203, 0.004699230194091797, 0.009005069732666016, 0.008327007293701172, 0.008402824401855469, 0.008729219436645508, 0.0052831172943115234, 0.004506587982177734, 0.0057430267333984375, 0.005577564239501953], 0.1359858512878418], [1.0857243537902832, 0.20722460746765137, [0.044907569885253906, 0.04362297058105469, 0.04734992980957031, 0.041747331619262695, 0.06034255027770996, 0.04004549980163574, 0.06142544746398926, 0.03452897071838379, 0.041580915451049805, 0.038845062255859375, 0.044652700424194336, 0.04354214668273926, 0.04372906684875488, 0.031806230545043945, 0.04936957359313965, 0.03539919853210449], [0.0005953311920166016, 0.0005931854248046875, 0.0006744861602783203, 0.0006425380706787109, 0.0006422996520996094, 0.0008084774017333984, 0.0006320476531982422, 0.0006959438323974609, 0.0006878376007080078, 0.0006337165832519531, 0.0006890296936035156, 0.0006773471832275391, 0.0006806850433349609, 0.0006957054138183594, 0.0006265640258789062, 0.0006480216979980469], [0.007382392883300781, 0.0062406063079833984, 0.009898900985717773, 0.0039000511169433594, 0.004301548004150391, 0.008766412734985352, 0.009308815002441406, 0.010323286056518555, 0.00677180290222168, 0.00855398178100586, 0.005303859710693359, 0.007203102111816406, 0.004049539566040039, 0.004663944244384766, 0.004471302032470703, 0.001689910888671875], 0.062047719955444336]]], "map_execution": [5.122673511505127], "map_invoke": [[0.6500492095947266, 0.6331355571746826, 0.5212972164154053, 0.6263468265533447]], "create_reduce_data": [0.152449369430542], "reduce_iterdata_times": [0.15143203735351562], "reduce_queries_times": [[0.08104920387268066]], "reduce_execution_times": [3.0870091915130615], "reduce_invoke": [[0.5644099712371826]], "divide_reduce_times": [9.918212890625e-05], "total_querying_times": [8.9671471118927],