{"shuffle_centroids_times": [0.037062883377075195], "map_iterdata_times": [0.5617992877960205], "create_map_data": [0.7233619689941406], "map_queries_times": [[[1.482551097869873, 0.4723963737487793, [0.08026957511901855, 0.04327869415283203, 0.036180973052978516, 0.04347634315490723, 0.03306317329406738, 0.03718972206115723, 0.05899930000305176, 0.04047441482543945, 0.037438154220581055, 0.04302096366882324, 0.041053056716918945, 0.04147148132324219, 0.0418391227722168, 0.04259490966796875, 0.03485250473022461, 0.03979802131652832], [0.0007882118225097656, 0.0006930828094482422, 0.0006892681121826172, 0.0007460117340087891, 0.0006608963012695312, 0.0006420612335205078, 0.0007574558258056641, 0.00070953369140625, 0.0006821155548095703, 0.0007071495056152344, 0.0007352828979492188, 0.0006990432739257812, 0.0006394386291503906, 0.0006291866302490234, 0.0006482601165771484, 0.0006835460662841797], [0.01672053337097168, 0.012044429779052734, 0.010825872421264648, 0.010761737823486328, 0.010826587677001953, 0.011897563934326172, 0.010681867599487305, 0.010631322860717773, 0.012330055236816406, 0.010793209075927734, 0.011425495147705078, 0.010758399963378906, 0.010393619537353516, 0.012004613876342773, 0.01101374626159668, 0.010951042175292969], 0.11980366706848145], [1.458094835281372, 0.4953162670135498, [0.04137229919433594, 0.037483930587768555, 0.03763747215270996, 0.042760372161865234, 0.03482985496520996, 0.04093599319458008, 0.04170966148376465, 0.04121875762939453, 0.03754258155822754, 0.04660344123840332, 0.041504621505737305, 0.03697514533996582, 0.04370760917663574, 0.03920555114746094, 0.03648686408996582, 0.035834550857543945], [0.0007166862487792969, 0.0006301403045654297, 0.0006456375122070312, 0.0006730556488037109, 0.0007097721099853516, 0.0006468296051025391, 0.0006380081176757812, 0.0006468296051025391, 0.0007226467132568359, 0.0006611347198486328, 0.0007607936859130859, 0.0007154941558837891, 0.0006206035614013672, 0.000751495361328125, 0.0006449222564697266, 0.0006456375122070312], [0.017732858657836914, 0.016270160675048828, 0.01094675064086914, 0.010783195495605469, 0.010843038558959961, 0.012365579605102539, 0.010908842086791992, 0.010811328887939453, 0.011862039566040039, 0.011703014373779297, 0.011112213134765625, 0.01186513900756836, 0.010658979415893555, 0.012271642684936523, 0.010923385620117188, 0.011425256729125977], 0.12353038787841797], [1.2241041660308838, 0.4041159152984619, [0.03546500205993652, 0.037549734115600586, 0.0348663330078125, 0.03551006317138672, 0.03606534004211426, 0.03235816955566406, 0.03923916816711426, 0.03504633903503418, 0.034934043884277344, 0.03713250160217285, 0.037696123123168945, 0.033814430236816406, 0.04126596450805664, 0.03670215606689453, 0.032886505126953125, 0.030831098556518555], [0.0004944801330566406, 0.0005881786346435547, 0.0005104541778564453, 0.0005578994750976562, 0.0005154609680175781, 0.0006139278411865234, 0.0005340576171875, 0.0005731582641601562, 0.0005517005920410156, 0.0005044937133789062, 0.0004944801330566406, 0.0005314350128173828, 0.0005688667297363281, 0.0005195140838623047, 0.0005629062652587891, 0.0005071163177490234], [0.012310504913330078, 0.008399724960327148, 0.00816798210144043, 0.009290933609008789, 0.008080720901489258, 0.00934457778930664, 0.00876760482788086, 0.008381128311157227, 0.009534120559692383, 0.008505582809448242, 0.008003950119018555, 0.008653879165649414, 0.00792384147644043, 0.009946584701538086, 0.008985042572021484, 0.008355140686035156], 0.09723782539367676], [1.4395949840545654, 0.47370100021362305, [0.03812289237976074, 0.03433489799499512, 0.04496312141418457, 0.03849649429321289, 0.03950929641723633, 0.049146175384521484, 0.03536820411682129, 0.052603960037231445, 0.039914608001708984, 0.03419780731201172, 0.03720378875732422, 0.03906726837158203, 0.0434727668762207, 0.04042625427246094, 0.043254852294921875, 0.03720259666442871], [0.000568389892578125, 0.0006737709045410156, 0.0007131099700927734, 0.0007512569427490234, 0.0006587505340576172, 0.0007560253143310547, 0.0007352828979492188, 0.0006680488586425781, 0.0007412433624267578, 0.0008428096771240234, 0.0006573200225830078, 0.0006923675537109375, 0.0006287097930908203, 0.0007348060607910156, 0.0006961822509765625, 0.0006797313690185547], [0.01582479476928711, 0.011375904083251953, 0.011410236358642578, 0.010497331619262695, 0.010337591171264648, 0.011820316314697266, 0.01065206527709961, 0.011574983596801758, 0.013092517852783203, 0.010558128356933594, 0.010796785354614258, 0.011590719223022461, 0.011529922485351562, 0.012262821197509766, 0.010920524597167969, 0.010907888412475586], 0.12213683128356934]]], "map_execution": [5.12323260307312], "map_invoke": [[0.5874075889587402, 0.6095881462097168, 0.49416422843933105, 0.584378719329834]], "create_reduce_data": [0.1510002613067627], "reduce_iterdata_times": [0.14992284774780273], "reduce_queries_times": [[0.15355539321899414]], "reduce_execution_times": [3.237459659576416], "reduce_invoke": [[0.7535936832427979]], "divide_reduce_times": [0.00012135505676269531], "total_querying_times": [9.235176086425781],