{"shuffle_centroids_times": [0.021490097045898438], "map_iterdata_times": [0.1442708969116211], "create_map_data": [0.2124342918395996], "map_queries_times": [[[0.28023600578308105, 0.03815340995788574, [0.07090568542480469, 0.053765058517456055, 0.05473041534423828, 0.04731488227844238], [0.0021278858184814453, 0.003033876419067383, 0.0015571117401123047, 0.0016183853149414062], [0.0016584396362304688, 0.0012640953063964844, 0.001068115234375, 0.0011529922485351562], 0.00183868408203125], [0.24529409408569336, 0.02943110466003418, [0.05214548110961914, 0.05322599411010742, 0.050672292709350586, 0.04631662368774414], [0.001538991928100586, 0.0029497146606445312, 0.001295328140258789, 0.0013568401336669922], [0.0013003349304199219, 0.0011458396911621094, 0.000904083251953125, 0.0011081695556640625], 0.0018630027770996094], [0.2513852119445801, 0.03651070594787598, [0.05082583427429199, 0.0481114387512207, 0.04906940460205078, 0.04846930503845215], [0.002496957778930664, 0.002321958541870117, 0.0017671585083007812, 0.0018928050994873047], [0.001913309097290039, 0.0013470649719238281, 0.0017135143280029297, 0.0012586116790771484], 0.0036468505859375], [0.2346351146697998, 0.026745080947875977, [0.047701358795166016, 0.04872488975524902, 0.047698259353637695, 0.048185110092163086], [0.0020537376403808594, 0.002436399459838867, 0.001851797103881836, 0.0020856857299804688], [0.0013408660888671875, 0.0010223388671875, 0.0012159347534179688, 0.0014793872833251953], 0.0020537376403808594]]], "map_execution": [3.162424325942993], "map_invoke": [[0.6757795810699463, 0.5725188255310059, 0.6566939353942871, 0.6641101837158203]], "create_reduce_data": [0.10591793060302734], "reduce_iterdata_times": [0.10511040687561035], "reduce_queries_times": [[0.04607534408569336]], "reduce_execution_times": [3.1951615810394287], "reduce_invoke": [[0.712862491607666]], "divide_reduce_times": [8.463859558105469e-05], "total_querying_times": [6.676023006439209], "recalls": [[80.0, 80.0, 80.0, 90.0, 100.0, 90.0, 90.0, 60.0, 80.0, 90.0, 100.0, 80.0, 90.0, 100.0, 90.0, 100.0, 50.0, 100.0, 30.0, 50.0, 100.0, 100.0, 100.0, 70.0, 70.0, 60.0, 100.0, 90.0, 20.0, 80.0, 50.0, 90.0, 70.0, 80.0, 90.0, 70.0, 50.0, 80.0, 20.0, 90.0, 70.0, 100.0, 10.0, 100.0, 90.0, 50.0, 90.0, 20.0, 50.0, 70.0, 80.0, 100.0, 70.0, 70.0, 20.0, 90.0, 30.0, 20.0, 100.0, 40.0, 80.0, 80.0, 50.0, 50.0, 80.0, 0.0, 60.0, 40.0, 40.0, 40.0, 70.0, 100.0, 100.0, 60.0, 50.0, 100.0, 80.0, 100.0, 90.0, 90.0, 60.0, 100.0, 100.0, 90.0, 40.0, 50.0, 100.0, 100.0, 100.0, 100.0, 30.0, 40.0, 80.0, 60.0, 60.0, 50.0, 100.0, 60.0, 50.0, 100.0, 80.0, 70.0, 40.0, 70.0, 70.0, 20.0, 100.0, 90.0, 10.0, 100.0, 40.0, 50.0, 40.0, 80.0, 40.0, 90.0, 100.0, 100.0, 80.0, 80.0, 30.0, 100.0, 100.0, 100.0, 40.0, 50.0, 60.0, 90.0, 100.0, 10.0, 60.0, 30.0, 80.0, 100.0, 70.0, 60.0, 70.0, 100.0, 30.0, 80.0, 80.0, 100.0, 100.0, 70.0, 70.0, 10.0, 100.0, 100.0, 30.0, 90.0, 30.0, 100.0, 90.0, 80.0, 90.0, 100.0, 30.0, 100.0, 90.0, 90.0, 100.0, 80.0, 90.0, 100.0, 60.0, 40.0, 60.0, 40.0, 50.0, 20.0, 100.0, 70.0, 100.0, 40.0, 40.0, 100.0, 30.0, 90.0, 100.0, 100.0, 100.0, 90.0, 60.0, 100.0, 90.0, 60.0, 100.0, 80.0, 90.0, 80.0, 70.0, 100.0, 30.0, 100.0, 80.0, 30.0, 70.0, 100.0, 90.0, 90.0, 80.0, 40.0, 40.0, 30.0, 80.0, 80.0, 0.0, 50.0, 70.0, 70.0, 90.0, 90.0, 0.0, 100.0, 100.0, 50.0, 100.0, 100.0, 60.0, 90.0, 100.0, 100.0, 20.0, 50.0, 30.0, 60.0, 20.0, 80.0, 80.0, 90.0, 80.0, 40.0, 90.0, 20.0, 90.0, 10.0, 30.0, 60.0, 80.0, 30.0, 90.0, 100.0, 10.0, 100.0, 60.0, 70.0, 60.0, 100.0, 100.0, 100.0, 100.0, 60.0, 50.0, 100.0, 90.0, 100.0, 80.0, 100.0, 100.0, 100.0, 20.0, 100.0, 90.0, 100.0, 60.0, 60.0, 90.0, 100.0, 100.0, 10.0, 20.0, 30.0, 80.0, 80.0, 30.0, 10.0, 100.0, 70.0, 90.0, 100.0, 90.0, 70.0, 60.0, 50.0, 100.0, 80.0, 80.0, 50.0, 90.0, 100.0, 100.0, 70.0, 50.0, 60.0, 30.0, 100.0, 30.0, 100.0, 100.0, 100.0, 90.0, 40.0, 90.0, 80.0, 100.0, 100.0, 90.0, 40.0, 90.0, 40.0, 80.0, 90.0, 100.0, 40.0, 90.0, 100.0, 40.0, 60.0, 100.0, 70.0, 100.0, 60.0, 100.0, 90.0, 90.0, 100.0, 100.0, 40.0, 50.0, 80.0, 0.0, 70.0, 100.0, 90.0, 80.0, 100.0, 70.0, 80.0, 100.0, 100.0, 100.0, 100.0, 90.0, 60.0, 40.0, 100.0, 90.0, 100.0, 50.0, 60.0, 100.0, 100.0, 30.0, 40.0, 100.0, 40.0, 90.0, 80.0, 80.0, 10.0, 70.0, 90.0, 50.0, 60.0, 70.0, 90.0, 80.0, 50.0, 90.0, 80.0, 40.0, 60.0, 100.0, 40.0, 30.0, 100.0, 70.0, 30.0, 100.0, 20.0, 60.0, 60.0, 90.0, 100.0, 80.0, 80.0, 50.0, 90.0, 30.0, 50.0, 100.0, 40.0, 100.0, 60.0, 100.0, 70.0, 90.0, 90.0, 90.0, 50.0, 30.0, 80.0, 90.0, 60.0, 100.0, 90.0, 40.0, 10.0, 100.0, 100.0, 90.0, 70.0, 60.0, 80.0, 100.0, 60.0, 70.0, 70.0, 100.0, 100.0, 20.0, 50.0, 50.0, 50.0, 90.0, 70.0, 40.0, 100.0, 100.0, 100.0, 70.0, 100.0, 90.0, 100.0, 100.0, 90.0, 60.0, 40.0, 100.0, 100.0, 80.0, 100.0, 40.0, 70.0, 80.0, 100.0, 50.0, 10.0, 100.0, 90.0, 90.0, 100.0, 70.0, 60.0, 90.0, 70.0, 70.0, 80.0, 70.0, 100.0, 100.0, 80.0, 100.0, 100.0, 100.0, 30.0, 90.0, 100.0, 30.0, 40.0, 100.0, 100.0, 20.0, 30.0, 100.0, 100.0, 40.0, 100.0, 100.0, 100.0, 100.0, 50.0, 50.0, 30.0, 70.0, 90.0, 100.0, 40.0, 90.0, 100.0, 60.0, 40.0, 100.0, 100.0, 70.0, 50.0, 80.0, 100.0, 100.0, 90.0, 30.0, 20.0, 100.0, 100.0, 10.0, 60.0, 100.0, 90.0, 60.0, 10.0, 60.0, 100.0, 50.0, 50.0, 0.0, 60.0, 100.0, 10.0, 50.0, 100.0, 90.0, 100.0, 60.0, 100.0, 60.0, 80.0, 20.0, 100.0, 100.0, 30.0, 70.0, 50.0, 50.0, 90.0, 30.0, 90.0, 70.0, 50.0, 100.0, 100.0, 100.0, 60.0, 40.0, 90.0, 90.0, 100.0, 80.0, 100.0, 100.0, 70.0, 60.0, 100.0, 10.0, 100.0, 60.0, 20.0, 80.0, 50.0, 60.0, 20.0, 100.0, 30.0, 100.0, 60.0, 90.0, 20.0, 70.0, 100.0, 100.0, 80.0, 20.0, 70.0, 70.0, 60.0, 70.0, 90.0, 20.0, 100.0, 40.0, 50.0, 80.0, 70.0, 30.0, 90.0, 100.0, 10.0, 50.0, 50.0, 100.0, 90.0, 60.0, 20.0, 30.0, 10.0, 100.0, 70.0, 50.0, 100.0, 10.0, 60.0, 100.0, 100.0, 20.0, 90.0, 100.0, 90.0, 90.0, 100.0, 40.0, 100.0, 100.0, 100.0, 30.0, 90.0, 70.0, 100.0, 50.0, 40.0, 70.0, 60.0, 50.0, 80.0, 70.0, 70.0, 70.0, 10.0, 100.0, 30.0, 50.0, 60.0, 70.0, 40.0, 100.0, 0.0, 80.0, 70.0, 80.0, 30.0, 30.0, 50.0, 100.0, 80.0, 100.0, 90.0, 80.0, 100.0, 100.0, 100.0, 100.0, 60.0, 40.0, 50.0, 100.0, 100.0, 80.0, 100.0, 30.0, 50.0, 100.0, 100.0, 100.0, 100.0, 100.0, 50.0, 30.0, 10.0, 40.0, 70.0, 100.0, 100.0, 100.0, 30.0, 100.0, 40.0, 80.0, 20.0, 90.0, 90.0, 20.0, 100.0, 30.0, 20.0, 80.0, 10.0, 40.0, 60.0, 20.0, 40.0, 80.0, 60.0, 80.0, 60.0, 90.0, 80.0, 100.0, 10.0, 90.0, 80.0, 70.0, 80.0, 90.0, 70.0, 100.0, 100.0, 90.0, 50.0, 100.0, 70.0, 100.0, 40.0, 40.0, 50.0, 100.0, 90.0, 70.0, 10.0, 80.0, 100.0, 100.0, 40.0, 40.0, 30.0, 100.0, 90.0, 100.0, 30.0, 100.0, 70.0, 100.0, 100.0, 90.0, 100.0, 90.0, 100.0, 40.0, 70.0, 90.0, 80.0, 80.0, 90.0, 10.0, 90.0, 10.0, 100.0, 100.0, 100.0, 100.0, 50.0, 100.0, 30.0, 60.0, 80.0, 40.0, 90.0, 50.0, 40.0, 100.0, 100.0, 90.0, 60.0, 80.0, 10.0, 80.0, 60.0, 100.0, 100.0, 100.0, 100.0, 90.0, 70.0, 50.0, 100.0, 50.0, 100.0, 100.0, 60.0, 70.0, 100.0, 80.0, 100.0, 100.0, 90.0, 30.0, 60.0, 90.0, 60.0, 40.0, 20.0, 80.0, 100.0, 80.0, 30.0, 10.0, 90.0, 100.0, 80.0, 40.0, 100.0, 90.0, 50.0, 100.0, 90.0, 100.0, 40.0, 80.0, 100.0, 40.0, 100.0, 100.0, 100.0, 90.0, 100.0, 50.0, 80.0, 30.0, 100.0, 100.0, 100.0, 100.0, 100.0, 40.0, 40.0, 70.0, 100.0, 90.0, 80.0, 20.0, 80.0, 40.0, 80.0, 40.0, 30.0, 100.0, 20.0, 70.0, 80.0, 100.0, 100.0, 70.0, 60.0, 100.0, 100.0, 20.0, 90.0, 10.0, 100.0, 80.0, 20.0, 100.0, 20.0, 40.0, 70.0, 100.0, 50.0, 60.0, 100.0, 30.0, 100.0, 100.0, 50.0, 30.0, 90.0, 30.0, 100.0, 20.0, 100.0, 90.0, 90.0, 40.0, 40.0, 100.0, 30.0, 100.0, 100.0, 40.0, 100.0, 100.0, 20.0, 70.0, 90.0, 20.0, 100.0, 100.0, 10.0, 90.0, 90.0, 90.0, 100.0, 60.0, 10.0, 30.0, 100.0, 10.0, 100.0, 30.0, 30.0, 90.0, 100.0, 30.0, 60.0, 100.0, 50.0, 80.0, 100.0, 100.0, 100.0, 100.0, 100.0, 20.0, 100.0, 90.0, 90.0, 80.0, 40.0, 30.0, 10.0, 50.0, 80.0, 90.0, 40.0, 70.0, 10.0, 20.0, 100.0, 20.0, 20.0, 100.0, 40.0, 30.0, 100.0, 100.0, 20.0, 100.0, 70.0, 100.0, 90.0, 10.0, 100.0, 70.0, 40.0, 100.0, 60.0, 60.0, 70.0, 100.0, 70.0, 100.0, 30.0, 100.0, 90.0, 100.0, 100.0, 70.0, 20.0, 