{"shuffle_centroids_times": [0.03249096870422363], "map_iterdata_times": [0.17452120780944824], "create_map_data": [0.25365638732910156], "map_queries_times": [[[0.7083990573883057, 0.03590822219848633, [0.04861950874328613, 0.04312324523925781, 0.0419766902923584, 0.03910970687866211, 0.037281036376953125, 0.03984475135803223, 0.04217100143432617, 0.03673887252807617, 0.039102792739868164, 0.03707122802734375, 0.04319906234741211, 0.03813505172729492, 0.044434309005737305, 0.03844857215881348, 0.038197994232177734, 0.04217934608459473], [0.0011234283447265625, 0.0009644031524658203, 0.0007174015045166016, 0.0006203651428222656, 0.0006499290466308594, 0.0006017684936523438, 0.000682830810546875, 0.0006661415100097656, 0.0007641315460205078, 0.0006425380706787109, 0.0006573200225830078, 0.0006074905395507812, 0.0006012916564941406, 0.0006763935089111328, 0.0006854534149169922, 0.0006093978881835938], [0.0009512901306152344, 0.0005218982696533203, 0.0006117820739746094, 0.0005581378936767578, 0.0004582405090332031, 0.0005218982696533203, 0.0005030632019042969, 0.0004718303680419922, 0.0006418228149414062, 0.00040602684020996094, 0.0006754398345947266, 0.0004856586456298828, 0.0005154609680175781, 0.0004787445068359375, 0.0005130767822265625, 0.0004868507385253906], 0.0026781558990478516], [0.6810920238494873, 0.03653526306152344, [0.04108428955078125, 0.03948187828063965, 0.03524470329284668, 0.034406185150146484, 0.03643918037414551, 0.0367734432220459, 0.04051613807678223, 0.04034852981567383, 0.03687596321105957, 0.047127723693847656, 0.03922224044799805, 0.04100608825683594, 0.04472231864929199, 0.03855586051940918, 0.03614616394042969, 0.038907527923583984], [0.0007541179656982422, 0.0007834434509277344, 0.0006189346313476562, 0.0005502700805664062, 0.0004973411560058594, 0.0005517005920410156, 0.0006122589111328125, 0.0005161762237548828, 0.00046825408935546875, 0.0005044937133789062, 0.00048422813415527344, 0.0005280971527099609, 0.0005064010620117188, 0.0005240440368652344, 0.0005137920379638672, 0.00047659873962402344], [0.0006263256072998047, 0.000354766845703125, 0.00032258033752441406, 0.0004150867462158203, 0.00039958953857421875, 0.0005049705505371094, 0.0002846717834472656, 0.0004467964172363281, 0.0003643035888671875, 0.0004317760467529297, 0.0004107952117919922, 0.0004229545593261719, 0.00034546852111816406, 0.0004165172576904297, 0.0004875659942626953, 0.0003719329833984375], 0.0021131038665771484], [0.6834731101989746, 0.03288578987121582, [0.04799675941467285, 0.04751133918762207, 0.03693675994873047, 0.032596588134765625, 0.04043412208557129, 0.04384016990661621, 0.03893423080444336, 0.041845083236694336, 0.036261558532714844, 0.04180717468261719, 0.039610862731933594, 0.03708672523498535, 0.04489755630493164, 0.028650760650634766, 0.033994197845458984, 0.03352952003479004], [0.0011632442474365234, 0.0011882781982421875, 0.0007305145263671875, 0.0006330013275146484, 0.0007193088531494141, 0.0006802082061767578, 0.0006463527679443359, 0.0006899833679199219, 0.000606536865234375, 0.0006363391876220703, 0.0006551742553710938, 0.0006244182586669922, 0.0006618499755859375, 0.0006415843963623047, 0.000667572021484375, 0.0006759166717529297], [0.0010635852813720703, 0.0018486976623535156, 0.00048232078552246094, 0.0003960132598876953, 0.0008869171142578125, 0.0004699230194091797, 0.000476837158203125, 0.00042939186096191406, 0.0005583763122558594, 0.0005261898040771484, 0.0009961128234863281, 0.0003662109375, 0.0004792213439941406, 0.0004761219024658203, 0.0005125999450683594, 0.0004677772521972656], 0.0024862289428710938], [0.7289280891418457, 0.03553652763366699, [0.05255866050720215, 0.04600930213928223, 0.0457921028137207, 0.0387873649597168, 0.04070711135864258, 0.04895472526550293, 0.03738689422607422, 0.03738713264465332, 0.047202110290527344, 0.04561614990234375, 0.04072070121765137, 0.03617382049560547, 0.03411364555358887, 0.0390167236328125, 0.04487419128417969, 0.03829073905944824], [0.0010180473327636719, 0.001009225845336914, 0.0006241798400878906, 0.0006213188171386719, 0.0006070137023925781, 0.0005886554718017578, 0.0006561279296875, 0.0006339550018310547, 0.0005881786346435547, 0.0005903244018554688, 0.0006058216094970703, 0.0005860328674316406, 0.0006275177001953125, 0.0005905628204345703, 0.0006709098815917969, 0.0007417201995849609], [0.0008947849273681641, 0.00044536590576171875, 0.00041866302490234375, 0.0004124641418457031, 0.0004584789276123047, 0.0004684925079345703, 0.00040030479431152344, 0.0004115104675292969, 0.0004475116729736328, 0.0003864765167236328, 0.00039505958557128906, 0.0003292560577392578, 0.0004024505615234375, 0.0003707408905029297, 0.0005383491516113281, 0.0002589225769042969], 0.0019049644470214844]]], "map_execution": [3.1251165866851807], "map_invoke": [[0.5875887870788574, 0.5074338912963867, 0.5976569652557373, 0.5821635723114014]], "create_reduce_data": [0.15252447128295898], "reduce_iterdata_times": [0.15153074264526367], "reduce_queries_times": [[0.04004335403442383]], "reduce_execution_times": [3.193718194961548], "reduce_invoke": [[0.659520149230957]], "divide_reduce_times": [7.009506225585938e-05], "total_querying_times": [6.725086450576782],