{"shuffle_centroids_times": [0.041574954986572266], "map_iterdata_times": [0.5690653324127197], "create_map_data": [0.7350187301635742], "map_queries_times": [[[1.5965585708618164, 0.5172536373138428, [0.048726797103881836, 0.044115304946899414, 0.03965330123901367, 0.037929534912109375, 0.04779624938964844, 0.04392814636230469, 0.04422307014465332, 0.03972434997558594, 0.04382920265197754, 0.04644322395324707, 0.03299736976623535, 0.040709495544433594, 0.040611982345581055, 0.044448137283325195, 0.0495913028717041, 0.04243206977844238], [0.0006704330444335938, 0.0006897449493408203, 0.0006859302520751953, 0.0007295608520507812, 0.0006771087646484375, 0.0006659030914306641, 0.000690460205078125, 0.0007452964782714844, 0.0007319450378417969, 0.0007081031799316406, 0.0006601810455322266, 0.0007014274597167969, 0.0006275177001953125, 0.0006704330444335938, 0.0006732940673828125, 0.0007100105285644531], [0.011518239974975586, 0.010718584060668945, 0.013364076614379883, 0.011046648025512695, 0.011037826538085938, 0.010920524597167969, 0.011097192764282227, 0.01331329345703125, 0.01065516471862793, 0.012358665466308594, 0.01178288459777832, 0.010909080505371094, 0.010722875595092773, 0.012105941772460938, 0.010992288589477539, 0.011744022369384766], 0.1967027187347412], [1.5382962226867676, 0.5158958435058594, [0.05261945724487305, 0.03871321678161621, 0.039492130279541016, 0.04003477096557617, 0.04521059989929199, 0.04340529441833496, 0.03777933120727539, 0.03635692596435547, 0.03130340576171875, 0.039266347885131836, 0.0357358455657959, 0.03733372688293457, 0.04170560836791992, 0.04722428321838379, 0.037158966064453125, 0.03513216972351074], [0.0006706714630126953, 0.0006392002105712891, 0.0006654262542724609, 0.0006415843963623047, 0.0006816387176513672, 0.0006270408630371094, 0.0006287097930908203, 0.0006339550018310547, 0.0007178783416748047, 0.0006284713745117188, 0.0006823539733886719, 0.0006797313690185547, 0.0006191730499267578, 0.0007505416870117188, 0.0006167888641357422, 0.0006132125854492188], [0.011902570724487305, 0.011861562728881836, 0.012780189514160156, 0.010447502136230469, 0.011127471923828125, 0.010884761810302734, 0.011098146438598633, 0.011711835861206055, 0.010646581649780273, 0.011268854141235352, 0.011905908584594727, 0.010595083236694336, 0.011871814727783203, 0.010849475860595703, 0.010770082473754883, 0.011533498764038086], 0.19206714630126953], [1.6030666828155518, 0.5114870071411133, [0.05405879020690918, 0.04664182662963867, 0.0376131534576416, 0.04691338539123535, 0.04436802864074707, 0.03633856773376465, 0.03818511962890625, 0.04454994201660156, 0.03940725326538086, 0.04490017890930176, 0.04846048355102539, 0.04442572593688965, 0.04723691940307617, 0.04067540168762207, 0.038607120513916016, 0.042420148849487305], [0.0006594657897949219, 0.0007474422454833984, 0.00063323974609375, 0.0007779598236083984, 0.0006420612335205078, 0.0007462501525878906, 0.0007059574127197266, 0.0007188320159912109, 0.0007543563842773438, 0.0006289482116699219, 0.0006525516510009766, 0.0006561279296875, 0.0006952285766601562, 0.0006518363952636719, 0.000652313232421875, 0.0006856918334960938], [0.011772632598876953, 0.01118159294128418, 0.013072490692138672, 0.011320352554321289, 0.012176513671875, 0.01203298568725586, 0.011523246765136719, 0.0119171142578125, 0.011212825775146484, 0.011211156845092773, 0.012707233428955078, 0.010872364044189453, 0.010897397994995117, 0.010718822479248047, 0.011189460754394531, 0.011372566223144531], 0.20046377182006836], [1.3767287731170654, 0.44018077850341797, [0.04588127136230469, 0.046759605407714844, 0.04172921180725098, 0.03495478630065918, 0.04097485542297363, 0.03726816177368164, 0.036253929138183594, 0.04301047325134277, 0.036420583724975586, 0.035907745361328125, 0.04334545135498047, 0.03451991081237793, 0.03580927848815918, 0.03872084617614746, 0.037595510482788086, 0.03622889518737793], [0.0004954338073730469, 0.0005519390106201172, 0.0006003379821777344, 0.0005993843078613281, 0.0005173683166503906, 0.0005860328674316406, 0.0006103515625, 0.0005617141723632812, 0.0005993843078613281, 0.0005807876586914062, 0.0005466938018798828, 0.0005559921264648438, 0.0005595684051513672, 0.0006043910980224609, 0.0005490779876708984, 0.0005543231964111328], [0.00921773910522461, 0.008544206619262695, 0.009248971939086914, 0.008291482925415039, 0.009022235870361328, 0.008418560028076172, 0.009061336517333984, 0.00943446159362793, 0.008741378784179688, 0.008653640747070312, 0.011560678482055664, 0.008347034454345703, 0.008689641952514648, 0.007977485656738281, 0.00865316390991211, 0.009296894073486328], 0.15881943702697754]]], "map_execution": [5.110692262649536], "map_invoke": [[0.48506665229797363, 0.4819145202636719, 0.48180389404296875, 0.41031908988952637]], "create_reduce_data": [0.14136290550231934], "reduce_iterdata_times": [0.14028024673461914], "reduce_queries_times": [[0.20726633071899414]], "reduce_execution_times": [3.2063543796539307], "reduce_invoke": [[0.5757241249084473]], "divide_reduce_times": [0.0001316070556640625], "total_querying_times": [9.193560123443604],