{"shuffle_centroids_times": [0.7411835193634033], "map_iterdata_times": [3.061699628829956], "create_map_data": [3.8627872467041016], "map_queries_times": [[[19.985026359558105, 2.630016565322876, [0.2569315433502197, 0.2479562759399414, 0.21489477157592773, 0.19759368896484375, 0.25345444679260254, 0.16645073890686035, 0.15900039672851562, 0.34973788261413574, 0.32997560501098633, 0.21661972999572754, 0.2994840145111084, 0.4887125492095947, 0.442824125289917, 0.5453755855560303, 0.6808352470397949, 0.3372080326080322, 0.4424712657928467, 0.11847686767578125, 0.33318519592285156, 0.5731759071350098, 0.3616635799407959, 0.5564711093902588, 0.33058667182922363, 0.5612521171569824, 0.5577328205108643, 0.3423798084259033, 0.3450484275817871, 0.5433597564697266, 0.2204115390777588, 0.670236349105835, 0.3314645290374756, 0.3338472843170166], [0.03395676612854004, 0.032767295837402344, 0.015006303787231445, 0.014155149459838867, 0.020393848419189453, 0.0124664306640625, 0.011823892593383789, 0.01185154914855957, 0.013850927352905273, 0.009043216705322266, 0.008052349090576172, 0.016204118728637695, 0.014142990112304688, 0.017091751098632812, 0.024486064910888672, 0.010141611099243164, 0.012680530548095703, 0.0066378116607666016, 0.010616540908813477, 0.01798415184020996, 0.012068986892700195, 0.01653885841369629, 0.009800910949707031, 0.01762557029724121, 0.01770949363708496, 0.012523889541625977, 0.011944293975830078, 0.015042304992675781, 0.01014399528503418, 0.018577098846435547, 0.011274099349975586, 0.011642217636108398], [0.05986785888671875, 0.08240437507629395, 0.06373882293701172, 0.13208532333374023, 0.04508256912231445, 0.058937788009643555, 0.13332080841064453, 0.08050274848937988, 0.11876463890075684, 0.31130504608154297, 0.07509016990661621, 0.1901869773864746, 0.11704373359680176, 0.1292276382446289, 0.04780006408691406, 0.09460210800170898, 0.10075664520263672, 0.037285804748535156, 0.13504338264465332, 0.419508695602417, 0.13189196586608887, 0.20038509368896484, 0.06251716613769531, 0.08241868019104004, 0.13840675354003906, 0.09124946594238281, 0.14306092262268066, 0.1792905330657959, 0.13464045524597168, 0.1767442226409912, 0.3754434585571289, 0.09580349922180176], 0.8231213092803955], [18.505810022354126, 2.439950466156006, [0.19154763221740723, 0.31717348098754883, 0.262392520904541, 0.1462230682373047, 0.1277477741241455, 0.22113490104675293, 0.14281034469604492, 0.46045684814453125, 0.4559614658355713, 0.22431159019470215, 0.2354753017425537, 0.3265085220336914, 0.3297269344329834, 0.33472394943237305, 0.31459975242614746, 0.21627211570739746, 0.5465505123138428, 0.43717312812805176, 0.42337799072265625, 0.4308652877807617, 0.5594964027404785, 0.22213959693908691, 0.5520079135894775, 0.43098902702331543, 0.3383827209472656, 0.31738972663879395, 0.4334542751312256, 0.21340608596801758, 0.6163802146911621, 0.5329220294952393, 0.4394559860229492, 0.22531962394714355], [0.023041248321533203, 0.04017353057861328, 0.022732973098754883, 0.012609243392944336, 0.009007453918457031, 0.016300201416015625, 0.010260820388793945, 0.017498493194580078, 0.019420146942138672, 0.009067058563232422, 0.011013031005859375, 0.011714935302734375, 0.012774944305419922, 0.013659238815307617, 0.010844707489013672, 0.009485721588134766, 0.015625715255737305, 0.014823675155639648, 0.012411832809448242, 0.013856172561645508, 0.017762422561645508, 0.008812665939331055, 0.01664257049560547, 0.013264894485473633, 0.011205196380615234, 0.010467290878295898, 0.013328075408935547, 0.007709026336669922, 0.020169973373413086, 0.018670082092285156, 0.016244888305664062, 0.00799870491027832], [0.140761137008667, 0.172011137008667, 0.16013431549072266, 0.12902593612670898, 0.24571585655212402, 0.07647275924682617, 0.06488513946533203, 0.07437849044799805, 0.12021255493164062, 0.056922197341918945, 0.047774553298950195, 0.10624361038208008, 0.14112019538879395, 0.13392281532287598, 0.08503150939941406, 0.2741117477416992, 0.16509127616882324, 0.10405707359313965, 0.1487889289855957, 0.050878047943115234, 0.11723995208740234, 0.09190201759338379, 0.10426068305969238, 0.06965470314025879, 0.06105780601501465, 0.1226189136505127, 0.07654809951782227, 0.2904212474822998, 0.14145636558532715, 0.10480952262878418, 0.08860945701599121, 0.0737302303314209], 0.7305605411529541], [15.22542142868042, 1.4929389953613281, [0.14194321632385254, 0.11449122428894043, 0.13399982452392578, 0.14778923988342285, 0.27710461616516113, 0.18311858177185059, 0.1424391269683838, 0.1558225154876709, 0.27524805068969727, 0.14813232421875, 0.4685344696044922, 0.42157530784606934, 0.4040250778198242, 0.41087770462036133, 0.30439305305480957, 0.31122899055480957, 0.3047666549682617, 0.4279637336730957, 0.4219176769256592, 0.30517148971557617, 0.21718621253967285, 0.30212855339050293, 0.31851720809936523, 0.4251723289489746, 0.4265422821044922, 0.41971898078918457, 0.3071103096008301, 0.4201991558074951, 0.318805456161499, 0.6380832195281982, 0.4197843074798584, 0.5434927940368652], [0.012283086776733398, 0.006876468658447266, 0.009216547012329102, 0.012462139129638672, 0.012288093566894531, 0.011152982711791992, 0.008369922637939453, 0.00976419448852539, 0.02408576011657715, 0.010723114013671875, 0.018364429473876953, 0.009664535522460938, 0.008236885070800781, 0.009413719177246094, 0.0072481632232666016, 0.009052038192749023, 0.007820844650268555, 0.010477066040039062, 0.009653568267822266, 0.006028175354003906, 0.005522489547729492, 0.007560014724731445, 0.008459806442260742, 0.010491609573364258, 0.009766817092895508, 0.009744405746459961, 0.00708317756652832, 0.009746789932250977, 0.00877690315246582, 0.013317584991455078, 0.009591102600097656, 0.012217998504638672], [0.08268237113952637, 0.011939764022827148, 0.06595063209533691, 0.03616762161254883, 0.057585954666137695, 0.1343553066253662, 0.04450249671936035, 0.09348416328430176, 0.06700921058654785, 0.17434477806091309, 0.046677350997924805, 0.0527651309967041, 0.1075897216796875, 0.09053468704223633, 0.04584383964538574, 0.08554816246032715, 0.06343650817871094, 0.09104132652282715, 0.13051986694335938, 0.0763254165649414, 0.019161224365234375, 0.03949308395385742, 0.22989439964294434, 0.12423443794250488, 0.09870743751525879, 0.06137561798095703, 0.06938576698303223, 0.0978403091430664, 0.05129218101501465, 0.06629037857055664, 0.07565832138061523, 0.07191681861877441], 0.5857243537902832], [14.548248291015625, 1.2791714668273926, [0.24018502235412598, 0.1837158203125, 0.22405195236206055, 0.12367844581604004, 0.14821600914001465, 0.16155505180358887, 0.22954607009887695, 0.11785674095153809, 0.34891486167907715, 0.40489745140075684, 0.4928781986236572, 0.2938203811645508, 0.40285396575927734, 0.2975118160247803, 0.6290168762207031, 0.2930145263671875, 0.3894157409667969, 0.20731425285339355, 0.5089824199676514, 0.3063662052154541, 0.2949240207672119, 0.2949695587158203, 0.4035379886627197, 0.20766544342041016, 0.5030088424682617, 0.398456335067749, 0.3035750389099121, 0.41236186027526855, 0.5016076564788818, 0.20125389099121094, 0.4087820053100586, 0.49863553047180176], [0.025242328643798828, 0.020161151885986328, 0.014786005020141602, 0.007369041442871094, 0.008491992950439453, 0.00921940803527832, 0.014814138412475586, 0.006903648376464844, 0.010615348815917969, 0.00978851318359375, 0.009781360626220703, 0.007300615310668945, 0.009959936141967773, 0.0072307586669921875, 0.014118671417236328, 0.00639033317565918, 0.008358478546142578, 0.006049156188964844, 0.011045455932617188, 0.008108377456665039, 0.006922006607055664, 0.007141590118408203, 0.00921320915222168, 0.0057485103607177734, 0.011813163757324219, 0.008861780166625977, 0.008436918258666992, 0.009765625, 0.009964704513549805, 0.006827831268310547, 0.008573532104492188, 0.009536027908325195], [0.06618165969848633, 0.060222625732421875, 0.060806989669799805, 0.06834530830383301, 0.2092752456665039, 0.0665121078491211, 0.08552694320678711, 0.0446927547454834, 0.06535983085632324, 