{"shuffle_centroids_times": [0.3804452419281006], "map_iterdata_times": [1.5838449001312256], "create_map_data": [2.0235908031463623], "map_queries_times": [[[16.134283781051636, 1.3537218570709229, [0.234877347946167, 0.23603057861328125, 0.1974012851715088, 0.18247771263122559, 0.24954891204833984, 0.15953564643859863, 0.15091824531555176, 0.16143512725830078, 0.31364011764526367, 0.3273801803588867, 0.22575640678405762, 0.5248556137084961, 0.41997838020324707, 0.5457959175109863, 0.6730148792266846, 0.3370661735534668, 0.42772436141967773, 0.11233258247375488, 0.31453943252563477, 0.6310241222381592, 0.39795398712158203, 0.47078680992126465, 0.3164358139038086, 0.47039270401000977, 0.6331546306610107, 0.3171560764312744, 0.41863489151000977, 0.42419958114624023, 0.2969977855682373, 0.6252133846282959, 0.30930066108703613, 0.401090145111084], [0.025151968002319336, 0.025553464889526367, 0.01071310043334961, 0.010548591613769531, 0.013785123825073242, 0.00906682014465332, 0.008428335189819336, 0.008240938186645508, 0.009183645248413086, 0.007133007049560547, 0.006088733673095703, 0.015507698059082031, 0.010346651077270508, 0.01247715950012207, 0.01667928695678711, 0.00733494758605957, 0.008882761001586914, 0.005023479461669922, 0.007689714431762695, 0.012452840805053711, 0.008455753326416016, 0.01134943962097168, 0.006707429885864258, 0.01200103759765625, 0.012371063232421875, 0.00908803939819336, 0.008105039596557617, 0.010205984115600586, 0.006930112838745117, 0.012546062469482422, 0.008378744125366211, 0.008086681365966797], [0.027650833129882812, 0.04948306083679199, 0.026941299438476562, 0.08002090454101562, 0.0265958309173584, 0.03760361671447754, 0.0741274356842041, 0.03758382797241211, 0.16386723518371582, 0.0817406177520752, 0.033280134201049805, 0.09177708625793457, 0.07123637199401855, 0.1022040843963623, 0.0387883186340332, 0.06934309005737305, 0.0630037784576416, 0.014403581619262695, 0.09068131446838379, 0.15114593505859375, 0.10547041893005371, 0.13920903205871582, 0.039194583892822266, 0.0334477424621582, 0.18786883354187012, 0.04687309265136719, 0.06829547882080078, 0.10693192481994629, 0.0675499439239502, 0.1221628189086914, 0.10043525695800781, 0.06865239143371582], 0.5113804340362549], [14.731060028076172, 0.8790874481201172, [0.15957927703857422, 0.12496733665466309, 0.11347579956054688, 0.14003705978393555, 0.1509709358215332, 0.14196133613586426, 0.15742874145507812, 0.18490219116210938, 0.1459355354309082, 0.12783098220825195, 0.23219060897827148, 0.8261082172393799, 0.34509968757629395, 0.574998140335083, 0.43538522720336914, 0.33874940872192383, 0.40119457244873047, 0.4741842746734619, 0.35923147201538086, 0.1824936866760254, 0.4894425868988037, 0.3314197063446045, 0.35275697708129883, 0.6581079959869385, 0.5764741897583008, 0.5154943466186523, 0.37561607360839844, 0.5470077991485596, 0.5417289733886719, 0.5605504512786865, 0.5332953929901123, 0.5641565322875977], [0.011840581893920898, 0.011197805404663086, 0.004125118255615234, 0.008062362670898438, 0.012677192687988281, 0.00874948501586914, 0.010973215103149414, 0.011322259902954102, 0.007950305938720703, 0.0068759918212890625, 0.00987696647644043, 0.02368760108947754, 0.009867429733276367, 0.0181884765625, 0.009355783462524414, 0.008716106414794922, 0.01039576530456543, 0.012044906616210938, 0.007239580154418945, 0.006773471832275391, 0.008678197860717773, 0.009432554244995117, 0.008569478988647461, 0.014094352722167969, 0.01750326156616211, 0.011461973190307617, 0.009229421615600586, 0.01024937629699707, 0.011978387832641602, 0.012392997741699219, 0.01081538200378418, 0.013619184494018555], [0.028092384338378906, 0.03876137733459473, 0.006852865219116211, 0.11121106147766113, 0.06385302543640137, 0.01953744888305664, 0.03674817085266113, 0.04781913757324219, 0.026830673217773438, 0.07193684577941895, 0.04545402526855469, 0.04111289978027344, 0.02848339080810547, 0.03335881233215332, 0.03751349449157715, 0.04510354995727539, 0.044371843338012695, 0.04896235466003418, 0.024967193603515625, 0.029149770736694336, 0.08249258995056152, 0.06191515922546387, 0.030023574829101562, 0.03285694122314453, 0.0467379093170166, 0.0868375301361084, 0.0465855598449707, 0.022999286651611328, 0.0680992603302002, 0.1844935417175293, 0.06301331520080566, 0.03908133506774902], 0.245589017868042], [13.322903633117676, 1.0407602787017822, [0.1433260440826416, 0.14382410049438477, 0.19676804542541504, 0.16753363609313965, 0.1784839630126953, 0.27025437355041504, 0.1886460781097412, 0.13361668586730957, 0.12985849380493164, 0.49913477897644043, 0.14557600021362305, 0.3381185531616211, 0.31710219383239746, 0.4307258129119873, 0.4313924312591553, 0.5397686958312988, 0.21853327751159668, 0.3189420700073242, 0.41869115829467773, 0.4297158718109131, 0.4400949478149414, 0.22684407234191895, 0.4291551113128662, 0.3300051689147949, 0.42664408683776855, 0.2247934341430664, 0.3119359016418457, 0.32276010513305664, 0.5451955795288086, 0.3069334030151367, 0.3301997184753418, 0.31849122047424316], [0.013628721237182617, 0.017288684844970703, 0.020209550857543945, 0.013959407806396484, 0.013653039932250977, 0.026601076126098633, 0.01463007926940918, 0.010740995407104492, 0.010314226150512695, 0.028690576553344727, 0.011297464370727539, 0.013438701629638672, 0.009837150573730469, 0.014700889587402344, 0.01882791519165039, 0.017116546630859375, 0.008203268051147461, 0.011275053024291992, 0.012538671493530273, 0.013748884201049805, 0.015970706939697266, 0.008170366287231445, 0.013710737228393555, 0.011759281158447266, 0.01269078254699707, 0.009312152862548828, 0.009717226028442383, 0.011111259460449219, 0.016627788543701172, 0.009587526321411133, 0.011847257614135742, 0.009902477264404297], [0.02766275405883789, 0.033873796463012695, 0.16095685958862305, 0.05964064598083496, 0.040125370025634766, 0.05536532402038574, 0.05731391906738281, 0.02073502540588379, 0.03492999076843262, 0.13502740859985352, 0.033707380294799805, 0.05935311317443848, 0.0632171630859375, 0.05846834182739258, 0.04359292984008789, 0.085784912109375, 0.03677725791931152, 0.0417172908782959, 0.06093001365661621, 0.030428647994995117, 0.03190469741821289, 0.018980026245117188, 0.016857624053955078, 0.025229454040527344, 0.07010173797607422, 0.1712486743927002, 0.017943382263183594, 0.03327059745788574, 0.033292293548583984, 0.028769969940185547, 0.05255532264709473, 0.02886795997619629], 0.3189210891723633], [13.03950572013855, 0.6982853412628174, [0.22137045860290527, 0.2820768356323242, 0.19115591049194336, 0.11981797218322754, 0.209763765335083, 0.19754409790039062, 0.14074277877807617, 0.17725062370300293, 0.2424607276916504, 0.5221703052520752, 0.4172379970550537, 0.43009185791015625, 0.7182796001434326, 0.11922645568847656, 0.5172405242919922, 0.30890607833862305, 0.4092257022857666, 0.2123427391052246, 0.4340837001800537, 0.23023486137390137, 0.31778693199157715, 0.40401172637939453, 0.41326308250427246, 0.4118814468383789, 0.40717172622680664, 0.4161405563354492, 0.30777931213378906, 0.2945713996887207, 0.30400633811950684, 0.21059107780456543, 0.5144267082214355, 0.3137085437774658], [0.016489028930664062, 0.03696084022521973, 0.01440286636352539, 0.00819253921508789, 0.015893220901489258, 0.014696359634399414, 0.011011838912963867, 0.01370692253112793, 0.018584012985229492, 0.016846895217895508, 0.014472723007202148, 0.0161740779876709, 0.022855758666992188, 0.008270978927612305, 0.014816522598266602, 0.011014938354492188, 0.01360464096069336, 0.009276151657104492, 0.015299320220947266, 0.009035348892211914, 0.010188579559326172, 0.012239694595336914, 0.013801813125610352, 0.014437675476074219, 0.013711929321289062, 0.01458740234375, 0.012430429458618164, 0.010087013244628906, 0.010073423385620117, 0.00942683219909668, 0.014982461929321289, 0.011692047119140625], [0.056027889251708984, 0.08897829055786133, 0.06971240043640137, 0.01711273193359375, 0.0283205509185791, 0.03927946090698242, 0.01078033447265625, 0.021490812301635742, 