{"shuffle_centroids_times": [0.26308417320251465], "map_iterdata_times": [0.9071927070617676], "create_map_data": [1.3725934028625488], "map_queries_times": [[[16.74155592918396, 0.6712994575500488, [0.8978486061096191, 0.42577552795410156, 0.3335556983947754, 0.3573606014251709, 0.5428957939147949, 0.7748253345489502, 1.0536880493164062, 0.5910704135894775, 0.9853129386901855, 1.3844795227050781, 0.697922945022583, 1.3622889518737793, 0.6761171817779541, 0.9020261764526367, 0.9007012844085693, 0.6205463409423828], [0.09842991828918457, 0.042729854583740234, 0.018411874771118164, 0.019753456115722656, 0.0201876163482666, 0.02442479133605957, 0.030549287796020508, 0.021593570709228516, 0.029792308807373047, 0.04206109046936035, 0.022624969482421875, 0.03891754150390625, 0.021971940994262695, 0.027209043502807617, 0.027521610260009766, 0.019227266311645508], [0.1373593807220459, 0.1468973159790039, 0.07431960105895996, 0.05965161323547363, 0.07060050964355469, 0.17348980903625488, 0.35494112968444824, 0.1359550952911377, 0.04899406433105469, 0.47260308265686035, 0.2207658290863037, 0.30961132049560547, 0.07482647895812988, 0.1675279140472412, 0.180861234664917, 0.09366202354431152], 0.3361210823059082], [12.644978761672974, 0.4719383716583252, [0.41415905952453613, 0.27953529357910156, 0.3513953685760498, 0.2970738410949707, 0.45293760299682617, 0.6785531044006348, 0.4224569797515869, 0.708824634552002, 0.6918125152587891, 0.6409647464752197, 1.3247077465057373, 0.3538551330566406, 0.5303468704223633, 0.6238210201263428, 1.082505226135254, 1.4192540645599365], [0.026229143142700195, 0.022696256637573242, 0.015000581741333008, 0.012221813201904297, 0.026278018951416016, 0.025005340576171875, 0.00944066047668457, 0.017283916473388672, 0.014383554458618164, 0.01511240005493164, 0.03752779960632324, 0.011316537857055664, 0.01120615005493164, 0.01444244384765625, 0.032327890396118164, 0.043530941009521484], [0.062470197677612305, 0.023187637329101562, 0.17652440071105957, 0.05960345268249512, 0.15593457221984863, 0.09851646423339844, 0.0715641975402832, 0.03678584098815918, 0.06286191940307617, 0.08768081665039062, 0.09492301940917969, 0.029993295669555664, 0.05941319465637207, 0.06585097312927246, 0.1303880214691162, 0.2355663776397705], 0.11533212661743164], [13.52172040939331, 0.4042823314666748, [0.44881772994995117, 0.6932735443115234, 0.43744754791259766, 0.7983081340789795, 0.5049159526824951, 0.6445121765136719, 1.0931146144866943, 1.087496280670166, 0.9749433994293213, 0.6117100715637207, 0.7348902225494385, 0.9406895637512207, 0.6201579570770264, 0.5189774036407471, 0.3875241279602051, 0.38324618339538574], [0.0336000919342041, 0.05932497978210449, 0.023993492126464844, 0.019576311111450195, 0.014050483703613281, 0.018517017364501953, 0.032816171646118164, 0.02926325798034668, 0.01994490623474121, 0.016304492950439453, 0.020620346069335938, 0.022391557693481445, 0.01406550407409668, 0.010378599166870117, 0.009189367294311523, 0.008299112319946289], [0.1555938720703125, 0.17781591415405273, 0.13331317901611328, 0.1752948760986328, 0.024060726165771484, 0.08306336402893066, 0.2666971683502197, 0.18126535415649414, 0.11304903030395508, 0.12492918968200684, 0.07713675498962402, 0.08729171752929688, 0.07131242752075195, 0.04755544662475586, 0.0263211727142334, 0.022199630737304688], 0.1179511547088623], [12.395022630691528, 0.3554089069366455, [0.339555025100708, 0.38444066047668457, 0.41094303131103516, 0.3725862503051758, 0.5457782745361328, 0.34995579719543457, 0.8924555778503418, 1.0151357650756836, 0.6843018531799316, 0.6978020668029785, 0.4704320430755615, 0.8640356063842773, 0.6769919395446777, 0.666327714920044, 0.5109570026397705, 1.4119203090667725], [0.027843475341796875, 0.03917360305786133, 0.029795169830322266, 0.01824355125427246, 0.04087090492248535, 0.023250341415405273, 0.028580188751220703, 0.031003952026367188, 0.02693915367126465, 0.02167677879333496, 0.017985105514526367, 0.024375200271606445, 0.02382349967956543, 0.02057051658630371, 0.017583131790161133, 0.05418109893798828], [0.06269621849060059, 0.07804393768310547, 0.054630279541015625, 0.07807540893554688, 0.1735522747039795, 0.06477546691894531, 0.16773319244384766, 0.040935516357421875, 0.10747790336608887, 0.06034398078918457, 0.042061805725097656, 0.054718971252441406, 0.0677492618560791, 0.059859514236450195, 0.031856536865234375, 0.04440641403198242], 0.11094403266906738]]], "map_execution": [19.60959768295288], "map_invoke": [[0.5905282497406006, 0.38970303535461426, 0.5007758140563965, 0.5845441818237305]], "create_reduce_data": [0.26208972930908203], "reduce_iterdata_times": [0.2582969665527344], "reduce_queries_times": [[0.37634921073913574]], "reduce_execution_times": [3.0805015563964844], "reduce_invoke": [[0.5364871025085449]], "divide_reduce_times": [0.00021409988403320312], "total_querying_times": [24.324997186660767],