{"shuffle_centroids_times": [0.03180289268493652], "map_iterdata_times": [0.29562902450561523], "create_map_data": [0.37310099601745605], "map_queries_times": [[[0.7622771263122559, 0.1658637523651123, [0.0503995418548584, 0.041742563247680664, 0.04483675956726074, 0.04122185707092285, 0.03999018669128418, 0.051110029220581055, 0.04824376106262207, 0.042267799377441406], [0.0009617805480957031, 0.0010263919830322266, 0.0012314319610595703, 0.0009500980377197266, 0.0010094642639160156, 0.0013880729675292969, 0.0014607906341552734, 0.0010824203491210938], [0.009510517120361328, 0.008133172988891602, 0.012901067733764648, 0.007158756256103516, 0.012760162353515625, 0.10678386688232422, 0.009682893753051758, 0.011985063552856445], 0.048499345779418945], [0.6299653053283691, 0.15549206733703613, [0.0384984016418457, 0.033707618713378906, 0.03563666343688965, 0.0360870361328125, 0.10866022109985352, 0.03214216232299805, 0.03264737129211426, 0.0352475643157959], [0.0009217262268066406, 0.0007688999176025391, 0.0007779598236083984, 0.0007889270782470703, 0.0010554790496826172, 0.0008707046508789062, 0.0009229183197021484, 0.0007560253143310547], [0.011717081069946289, 0.00907588005065918, 0.007470369338989258, 0.00977325439453125, 0.008928775787353516, 0.0075397491455078125, 0.009202241897583008, 0.007760047912597656], 0.043459415435791016], [0.6319482326507568, 0.14920759201049805, [0.04467630386352539, 0.03664541244506836, 0.03477144241333008, 0.03300738334655762, 0.03523087501525879, 0.047132015228271484, 0.03279614448547363, 0.0408170223236084], [0.0007240772247314453, 0.0008003711700439453, 0.0006918907165527344, 0.0006680488586425781, 0.0006663799285888672, 0.0009372234344482422, 0.0009489059448242188, 0.0008225440979003906], [0.01128077507019043, 0.005910396575927734, 0.007919073104858398, 0.008800745010375977, 0.07270956039428711, 0.005647897720336914, 0.0075876712799072266, 0.009476661682128906], 0.04201197624206543], [0.6229815483093262, 0.09403491020202637, [0.04567432403564453, 0.04496455192565918, 0.04044222831726074, 0.04773569107055664, 0.0495302677154541, 0.04748106002807617, 0.050423622131347656, 0.03729677200317383], [0.0009829998016357422, 0.001024007797241211, 0.0010614395141601562, 0.0010137557983398438, 0.0012123584747314453, 0.00112152099609375, 0.0011129379272460938, 0.0009179115295410156], [0.010367393493652344, 0.006930351257324219, 0.004633665084838867, 0.010838985443115234, 0.005198955535888672, 0.006605625152587891, 0.004894733428955078, 0.0020172595977783203], 0.10540032386779785]]], "map_execution": [3.2240653038024902], "map_invoke": [[0.6264815330505371, 0.4954805374145508, 0.4938814640045166, 0.6123018264770508]], "create_reduce_data": [0.19280624389648438], "reduce_iterdata_times": [0.19199728965759277], "reduce_queries_times": [[0.14314866065979004]], "reduce_execution_times": [3.098385810852051], "reduce_invoke": [[0.5576908588409424]], "divide_reduce_times": [0.00010585784912109375], "total_querying_times": [6.888464450836182], "recalls": [[100.0, 90.0, 100.0, 100.0, 80.0, 100.0, 90.0, 90.0, 90.0, 100.0, 100.0, 100.0, 100.0, 100.0, 90.0, 100.0, 80.0, 100.0, 100.0, 70.0, 100.0, 100.0, 100.0, 90.0, 100.0, 80.0, 80.0, 90.0, 80.0, 100.0, 90.0, 100.0, 100.0, 100.0, 90.0, 80.0, 100.0, 100.0, 100.0, 90.0, 90.0, 100.0, 100.0, 100.0, 100.0, 100.0, 100.0, 100.0, 100.0, 100.0, 70.0, 80.0, 100.0, 100.0, 80.0, 100.0, 100.0, 80.0, 100.0, 100.0, 100.0, 100.0, 100.0, 50.0, 100.0, 100.0, 100.0, 100.0, 90.0, 90.0, 100.0, 100.0, 100.0, 100.0, 100.0, 100.0, 100.0, 100.0, 100.0, 100.0, 100.0, 100.0, 100.0, 100.0, 100.0, 90.0, 100.0, 100.0, 100.0, 80.0, 100.0, 70.0, 100.0, 80.0, 100.0, 90.0, 100.0, 100.0, 90.0, 100.0, 100.0, 90.0, 100.0, 90.0, 80.0, 80.0, 100.0, 100.0, 60.0, 100.0, 100.0, 100.0, 90.0, 100.0, 100.0, 90.0, 100.0, 100.0, 100.0, 80.0, 100.0, 100.0, 90.0, 100.0, 90.0, 70.0, 100.0, 100.0, 70.0, 100.0, 90.0, 100.0, 80.0, 80.0, 100.0, 100.0, 100.0, 100.0, 100.0, 100.0, 100.0, 100.0, 100.0, 100.0, 80.0, 100.0, 80.0, 100.0, 100.0, 100.0, 100.0, 100.0, 100.0, 100.0, 100.0, 100.0, 100.0, 100.0, 100.0, 100.0, 100.0, 90.0, 90.0, 100.0, 90.0, 100.0, 100.0, 90.0, 100.0, 100.0, 100.0, 90.0, 100.0, 100.0, 100.0, 100.0, 100.0, 100.0, 100.0, 90.0, 90.0, 100.0, 100.0, 90.0, 100.0, 100.0, 100.0, 100.0, 70.0, 100.0, 100.0, 100.0, 100.0, 100.0, 70.0, 90.0, 100.0, 100.0, 100.0, 100.0, 90.0, 80.0, 90.0, 100.0, 80.0, 100.0, 100.0, 90.0, 100.0, 90.0, 100.0, 80.0, 80.0, 100.0, 100.0, 100.0, 100.0, 100.0, 100.0, 100.0, 90.0, 100.0, 100.0, 100.0, 90.0, 100.0, 80.0, 100.0, 90.0, 100.0, 100.0, 100.0, 100.0, 100.0, 100.0, 100.0, 100.0, 100.0, 70.0, 100.0, 100.0, 100.0, 100.0, 100.0, 100.0, 70.0, 100.0, 100.0, 90.0, 70.0, 100.0, 100.0, 80.0, 100.0, 100.0, 100.0, 80.0, 100.0, 100.0, 100.0, 100.0, 100.0, 100.0, 100.0, 90.0, 100.0, 100.0, 100.0, 90.0, 90.0, 100.0, 100.0, 90.0, 90.0, 100.0, 100.0, 100.0, 100.0, 90.0, 90.0, 90.0, 100.0, 90.0, 100.0, 70.0, 90.0, 100.0, 100.0, 100.0, 100.0, 100.0, 80.0, 100.0, 80.0, 80.0, 90.0, 100.0, 100.0, 100.0, 90.0, 100.0, 100.0, 100.0, 100.0, 90.0, 100.0, 100.0, 100.0, 100.0, 90.0, 80.0, 100.0, 100.0, 90.0, 100.0, 100.0, 90.0, 90.0, 100.0, 80.0, 100.0, 100.0, 100.0, 100.0, 100.0, 100.0, 100.0, 80.0, 100.0, 100.0, 70.0, 90.0, 100.0, 100.0, 80.0, 100.0, 100.0, 100.0, 100.0, 90.0, 100.0, 100.0, 100.0, 90.0, 100.0, 100.0, 100.0, 100.0, 100.0, 100.0, 100.0, 100.0, 100.0, 100.0, 70.0, 100.0, 100.0, 100.0, 100.0, 100.0, 100.0, 100.0, 100.0, 90.0, 100.0, 100.0, 100.0, 100.0, 100.0, 100.0, 90.0, 100.0, 100.0, 100.0, 80.0, 100.0, 100.0, 100.0, 100.0, 100.0, 100.0, 100.0, 100.0, 90.0, 100.0, 100.0, 90.0, 90.0, 100.0, 100.0, 100.0, 100.0, 100.0, 90.0, 100.0, 90.0, 100.0, 80.0, 90.0, 100.0, 100.0, 100.0, 100.0, 90.0, 100.0, 100.0, 80.0, 100.0, 100.0, 90.0, 100.0, 100.0, 100.0, 100.0, 100.0, 100.0, 90.0, 90.0, 100.0, 100.0, 100.0, 90.0, 100.0, 100.0, 100.0, 100.0, 70.0, 100.0, 80.0, 100.0, 100.0, 100.0, 90.0, 90.0, 90.0, 100.0, 100.0, 80.0, 100.0, 100.0, 80.0, 100.0, 100.0, 100.0, 100.0, 70.0, 100.0, 90.0, 100.0, 80.0, 100.0, 100.0, 90.0, 100.0, 100.0, 100.0, 100.0, 100.0, 90.0, 100.0, 100.0, 90.0, 100.0, 100.0, 100.0, 100.0, 100.0, 100.0, 90.0, 100.0, 100.0, 100.0, 90.0, 100.0, 100.0, 100.0, 100.0, 100.0, 90.0, 100.0, 100.0, 100.0, 90.0, 90.0, 80.0, 90.0, 100.0, 100.0, 100.0, 100.0, 80.0, 100.0, 100.0, 100.0, 100.0, 100.0, 90.0, 100.0, 100.0, 90.0, 100.0, 70.0, 100.0, 100.0, 80.0, 60.0, 100.0, 100.0, 90.0, 100.0, 100.0, 100.0, 100.0, 100.0, 100.0, 100.0, 100.0, 100.0, 100.0, 100.0, 80.0, 100.0, 100.0, 100.0, 90.0, 90.0, 100.0, 100.0, 100.0, 100.0, 100.0, 90.0, 70.0, 90.0, 60.0, 90.0, 100.0, 100.0, 100.0, 100.0, 100.0, 100.0, 100.0, 80.0, 90.0, 100.0, 100.0, 100.0, 100.0, 100.0, 100.0, 100.0, 100.0, 80.0, 90.0, 100.0, 100.0, 90.0, 100.0, 100.0, 100.0, 90.0, 100.0, 100.0, 90.0, 100.0, 90.0, 100.0, 90.0, 100.0, 80.0, 90.0, 90.0, 100.0, 100.0, 70.0, 100.0, 100.0, 80.0, 90.0, 100.0, 100.0, 100.0, 100.0, 100.0, 100.0, 80.0, 90.0, 100.0, 90.0, 100.0, 70.0, 90.0, 100.0, 100.0, 90.0, 100.0, 100.0, 90.0, 100.0, 100.0, 100.0, 100.0, 100.0, 100.0, 100.0, 100.0, 100.0, 80.0, 100.0, 100.0, 100.0, 100.0, 100.0, 90.0, 100.0, 90.0, 100.0, 100.0, 80.0, 80.0, 100.0, 100.0, 100.0, 100.0, 100.0, 100.0, 90.0, 100.0, 100.0, 90.0, 100.0, 100.0, 100.0, 100.0, 90.0, 100.0, 100.0, 100.0, 100.0, 90.0, 100.0, 100.0, 90.0, 100.0, 100.0, 100.0, 100.0, 100.0, 90.0, 100.0, 90.0, 90.0, 100.0, 100.0, 100.0, 100.0, 90.0, 100.0, 100.0, 100.0, 100.0, 100.0, 100.0, 90.0, 90.0, 80.0, 100.0, 100.0, 100.0, 100.0, 90.0, 100.0, 60.0, 100.0, 100.0, 100.0, 90.0, 100.0, 100.0, 100.0, 100.0, 80.0, 90.0, 90.0, 100.0, 90.0, 90.0, 90.0, 100.0, 90.0, 100.0, 100.0, 100.0, 100.0, 100.0, 100.0, 80.0, 80.0, 100.0, 100.0, 90.0, 100.0, 100.0, 100.0, 100.0, 90.0, 100.0, 90.0, 100.0, 100.0, 100.0, 90.0, 100.0, 100.0, 90.0, 80.0, 100.0, 100.0, 100.0, 90.0, 100.0, 100.0, 100.0, 100.0, 100.0, 100.0, 90.0, 90.0, 100.0, 100.0, 90.0, 100.0, 100.0, 100.0, 100.0, 100.0, 100.0, 100.0, 100.0, 100.0, 100.0, 