{"shuffle_centroids_times": [0.03961515426635742], "map_iterdata_times": [0.34679293632507324], "create_map_data": [0.4325881004333496], "map_queries_times": [[[1.1310946941375732, 0.2369837760925293, [0.040793418884277344, 0.03770327568054199, 0.03734183311462402, 0.039429426193237305, 0.03370523452758789, 0.03365039825439453, 0.039125919342041016, 0.03838181495666504, 0.03596234321594238, 0.13141298294067383, 0.036328792572021484, 0.038562774658203125, 0.040041446685791016, 0.0413820743560791, 0.03712272644042969, 0.030424833297729492], [0.0006833076477050781, 0.0007119178771972656, 0.0006775856018066406, 0.0007221698760986328, 0.0006666183471679688, 0.0005953311920166016, 0.000782012939453125, 0.000766754150390625, 0.0007398128509521484, 0.0010528564453125, 0.0008585453033447266, 0.0007610321044921875, 0.0007135868072509766, 0.0007476806640625, 0.0007719993591308594, 0.0008070468902587891], [0.0033583641052246094, 0.007556915283203125, 0.0061566829681396484, 0.002544403076171875, 0.012215375900268555, 0.0022301673889160156, 0.006716251373291016, 0.006127119064331055, 0.009853124618530273, 0.009330987930297852, 0.00635981559753418, 0.007605314254760742, 0.0050351619720458984, 0.0072743892669677734, 0.010694026947021484, 0.011377811431884766], 0.07614755630493164], [1.098557949066162, 0.22441816329956055, [0.04029345512390137, 0.03831148147583008, 0.037110090255737305, 0.049300193786621094, 0.04599595069885254, 0.03759312629699707, 0.10700702667236328, 0.038761138916015625, 0.05652165412902832, 0.03296494483947754, 0.0321345329284668, 0.0347902774810791, 0.05793571472167969, 0.030354738235473633, 0.031822919845581055, 0.036363840103149414], [0.0005731582641601562, 0.0005278587341308594, 0.0005242824554443359, 0.0005004405975341797, 0.0005762577056884766, 0.0004975795745849609, 0.0005767345428466797, 0.0007677078247070312, 0.0006778240203857422, 0.0005598068237304688, 0.0006575584411621094, 0.000629425048828125, 0.0006363391876220703, 0.0006010532379150391, 0.0006341934204101562, 0.0005450248718261719], [0.005862236022949219, 0.009773969650268555, 0.006362438201904297, 0.007798433303833008, 0.0036025047302246094, 0.006645917892456055, 0.0035746097564697266, 0.0061016082763671875, 0.00457453727722168, 0.0050258636474609375, 0.007996797561645508, 0.006772756576538086, 0.004316091537475586, 0.004462718963623047, 0.00603485107421875, 0.004251003265380859], 0.06414151191711426], [0.9602229595184326, 0.14839839935302734, [0.0419611930847168, 0.038040876388549805, 0.037850141525268555, 0.04178500175476074, 0.03442573547363281, 0.041057586669921875, 0.042177438735961914, 0.03666949272155762, 0.04045295715332031, 0.04183077812194824, 0.04087233543395996, 0.03423309326171875, 0.039775848388671875, 0.03680300712585449, 0.03769731521606445, 0.03737497329711914], [0.0004737377166748047, 0.0004868507385253906, 0.0005328655242919922, 0.0005176067352294922, 0.0005097389221191406, 0.0004956722259521484, 0.0004918575286865234, 0.0005276203155517578, 0.0005102157592773438, 0.0005171298980712891, 0.0004930496215820312, 0.00058746337890625, 0.0005512237548828125, 0.0005090236663818359, 0.0005815029144287109, 0.0007152557373046875], [0.0032470226287841797, 0.0027756690979003906, 0.0038671493530273438, 0.005814313888549805, 0.006962299346923828, 0.0034515857696533203, 0.0018591880798339844, 0.002181529998779297, 0.005346059799194336, 0.004728794097900391, 0.005749225616455078, 0.0063207149505615234, 0.004987955093383789, 0.0037839412689208984, 0.07232427597045898, 0.004057168960571289], 0.042763471603393555], [1.0128402709960938, 0.14269208908081055, [0.04653429985046387, 0.03954124450683594, 0.04531669616699219, 0.03898978233337402, 0.04259037971496582, 0.03918623924255371, 0.038576364517211914, 0.04546833038330078, 0.04600691795349121, 0.039946556091308594, 0.04479718208312988, 0.04552650451660156, 0.04107832908630371, 0.0377202033996582, 0.036142826080322266, 0.03560638427734375], [0.0006706714630126953, 0.0007128715515136719, 0.0007271766662597656, 0.0007183551788330078, 0.0006771087646484375, 0.0005917549133300781, 0.0007646083831787109, 0.000705718994140625, 0.0007281303405761719, 0.0006847381591796875, 0.0008141994476318359, 0.0006515979766845703, 0.0007071495056152344, 0.0005922317504882812, 0.0006158351898193359, 0.0006070137023925781], [0.004406452178955078, 0.003921985626220703, 0.004328727722167969, 0.006801128387451172, 0.003560304641723633, 0.007781982421875, 0.005094289779663086, 0.0076558589935302734, 0.0030183792114257812, 0.0043528079986572266, 0.005373716354370117, 0.0029823780059814453, 0.0028760433197021484, 0.0046079158782958984, 0.0009603500366210938, 0.0023572444915771484], 0.12597441673278809]]], "map_execution": [3.2216362953186035], "map_invoke": [[0.5558021068572998, 0.47773122787475586, 0.4679133892059326, 0.5866234302520752]], "create_reduce_data": [0.18417048454284668], "reduce_iterdata_times": [0.1825847625732422], "reduce_queries_times": [[0.15470504760742188]], "reduce_execution_times": [3.123863935470581], "reduce_invoke": [[0.6012845039367676]], "divide_reduce_times": [0.00011968612670898438], "total_querying_times": [6.962378740310669],