{"shuffle_centroids_times": [0.027797222137451172], "map_iterdata_times": [0.24646306037902832], "create_map_data": [0.32018423080444336], "map_queries_times": [[[0.5611932277679443, 0.12320637702941895, [0.04110002517700195, 0.03758573532104492, 0.04702305793762207, 0.039072275161743164, 0.03436446189880371, 0.037651777267456055, 0.05290031433105469, 0.03912925720214844], [0.0009005069732666016, 0.0009696483612060547, 0.0011892318725585938, 0.0009486675262451172, 0.0009520053863525391, 0.0012927055358886719, 0.001222372055053711, 0.0009336471557617188], [0.010695934295654297, 0.002698183059692383, 0.00971221923828125, 0.002889871597290039, 0.011025428771972656, 0.012291193008422852, 0.007088899612426758, 0.008300304412841797], 0.035985708236694336], [0.5390446186065674, 0.1092231273651123, [0.0510101318359375, 0.04410719871520996, 0.04535722732543945, 0.03818702697753906, 0.0449063777923584, 0.03877663612365723, 0.0426328182220459, 0.039545297622680664], [0.0009543895721435547, 0.0008344650268554688, 0.0008373260498046875, 0.0008499622344970703, 0.0007729530334472656, 0.0007870197296142578, 0.0008671283721923828, 0.0007038116455078125], [0.009152650833129883, 0.0070858001708984375, 0.0046062469482421875, 0.006252288818359375, 0.0066967010498046875, 0.0053102970123291016, 0.005679607391357422, 0.004602670669555664], 0.029242753982543945], [0.4997994899749756, 0.08582782745361328, [0.046167612075805664, 0.04874229431152344, 0.047659873962402344, 0.04384756088256836, 0.04116654396057129, 0.03941917419433594, 0.036641836166381836, 0.04307866096496582], [0.0007538795471191406, 0.0008661746978759766, 0.0007822513580322266, 0.0008032321929931641, 0.0008831024169921875, 0.0006906986236572266, 0.0006799697875976562, 0.0007326602935791016], [0.0030829906463623047, 0.0034933090209960938, 0.008376359939575195, 0.002204418182373047, 0.0054280757904052734, 0.0050427913665771484, 0.005202531814575195, 0.00464177131652832], 0.02352428436279297], [0.5049285888671875, 0.07683348655700684, [0.0417177677154541, 0.04812216758728027, 0.04567289352416992, 0.04449319839477539, 0.03781318664550781, 0.043886661529541016, 0.05096149444580078, 0.04543757438659668], [0.0009810924530029297, 0.0010819435119628906, 0.0012218952178955078, 0.0012183189392089844, 0.0010213851928710938, 0.0011234283447265625, 0.0009133815765380859, 0.0009796619415283203], [0.007249593734741211, 0.004581451416015625, 0.0036323070526123047, 0.006751298904418945, 0.008551359176635742, 0.0035181045532226562, 0.0040416717529296875, 0.0016624927520751953], 0.021395206451416016]]], "map_execution": [3.2300026416778564], "map_invoke": [[0.55533766746521, 0.5002596378326416, 0.49599528312683105, 0.5913045406341553]], "create_reduce_data": [0.18303132057189941], "reduce_iterdata_times": [0.1822056770324707], "reduce_queries_times": [[0.07931017875671387]], "reduce_execution_times": [3.1167783737182617], "reduce_invoke": [[0.5711774826049805]], "divide_reduce_times": [0.00010704994201660156], "total_querying_times": [6.850103855133057], "recalls": [[100.0, 90.0, 100.0, 100.0, 80.0, 100.0, 90.0, 90.0, 90.0, 100.0, 100.0, 100.0, 100.0, 100.0, 90.0, 100.0, 80.0, 100.0, 100.0, 70.0, 100.0, 100.0, 100.0, 90.0, 100.0, 80.0, 80.0, 90.0, 80.0, 100.0, 90.0, 100.0, 100.0, 100.0, 90.0, 80.0, 100.0, 100.0, 100.0, 90.0, 90.0, 100.0, 100.0, 100.0, 100.0, 100.0, 100.0, 100.0, 100.0, 100.0, 70.0, 80.0, 100.0, 100.0, 80.0, 100.0, 100.0, 80.0, 100.0, 100.0, 100.0, 100.0, 100.0, 50.0, 100.0, 100.0, 100.0, 100.0, 90.0, 90.0, 100.0, 100.0, 100.0, 100.0, 100.0, 100.0, 100.0, 100.0, 100.0, 100.0, 100.0, 100.0, 100.0, 100.0, 100.0, 90.0, 100.0, 100.0, 100.0, 80.0, 100.0, 70.0, 100.0, 70.0, 100.0, 90.0, 100.0, 100.0, 90.0, 100.0, 100.0, 90.0, 100.0, 90.0, 80.0, 80.0, 100.0, 100.0, 50.0, 100.0, 100.0, 100.0, 90.0, 100.0, 100.0, 90.0, 100.0, 100.0, 100.0, 80.0, 100.0, 100.0, 90.0, 100.0, 90.0, 70.0, 100.0, 100.0, 70.0, 100.0, 90.0, 100.0, 80.0, 80.0, 90.0, 90.0, 100.0, 100.0, 100.0, 100.0, 100.0, 100.0, 100.0, 100.0, 80.0, 100.0, 80.0, 100.0, 100.0, 100.0, 100.0, 100.0, 100.0, 100.0, 100.0, 100.0, 100.0, 100.0, 100.0, 100.0, 100.0, 90.0, 90.0, 100.0, 90.0, 100.0, 100.0, 90.0, 100.0, 100.0, 100.0, 90.0, 100.0, 100.0, 100.0, 100.0, 100.0, 100.0, 100.0, 90.0, 90.0, 100.0, 100.0, 90.0, 100.0, 100.0, 100.0, 100.0, 70.0, 100.0, 100.0, 100.0, 100.0, 100.0, 70.0, 90.0, 100.0, 100.0, 100.0, 100.0, 90.0, 80.0, 80.0, 100.0, 80.0, 100.0, 100.0, 90.0, 100.0, 90.0, 100.0, 80.0, 70.0, 100.0, 100.0, 100.0, 100.0, 100.0, 100.0, 100.0, 90.0, 100.0, 100.0, 100.0, 90.0, 100.0, 80.0, 100.0, 90.0, 100.0, 100.0, 100.0, 100.0, 100.0, 100.0, 100.0, 100.0, 100.0, 70.0, 100.0, 100.0, 100.0, 100.0, 100.0, 100.0, 70.0, 100.0, 100.0, 90.0, 70.0, 100.0, 100.0, 80.0, 100.0, 100.0, 100.0, 80.0, 100.0, 100.0, 100.0, 100.0, 100.0, 100.0, 100.0, 90.0, 100.0, 100.0, 100.0, 90.0, 90.0, 100.0, 100.0, 90.0, 90.0, 100.0, 100.0, 100.0, 100.0, 90.0, 90.0, 90.0, 100.0, 90.0, 100.0, 70.0, 90.0, 100.0, 100.0, 100.0, 100.0, 100.0, 80.0, 100.0, 80.0, 80.0, 90.0, 100.0, 100.0, 100.0, 90.0, 100.0, 100.0, 100.0, 100.0, 90.0, 100.0, 100.0, 100.0, 100.0, 90.0, 80.0, 100.0, 100.0, 90.0, 100.0, 100.0, 90.0, 90.0, 100.0, 80.0, 100.0, 100.0, 100.0, 100.0, 100.0, 100.0, 100.0, 80.0, 100.0, 100.0, 70.0, 90.0, 100.0, 100.0, 80.0, 100.0, 100.0, 100.0, 100.0, 90.0, 100.0, 100.0, 100.0, 90.0, 100.0, 100.0, 100.0, 100.0, 100.0, 100.0, 100.0, 100.0, 100.0, 100.0, 70.0, 100.0, 100.0, 100.0, 100.0, 90.0, 100.0, 100.0, 100.0, 90.0, 100.0, 100.0, 100.0, 100.0, 100.0, 100.0, 90.0, 100.0, 100.0, 100.0, 80.0, 100.0, 100.0, 100.0, 100.0, 100.0, 100.0, 100.0, 100.0, 90.0, 100.0, 100.0, 90.0, 90.0, 100.0, 100.0, 100.0, 100.0, 100.0, 90.0, 100.0, 90.0, 100.0, 80.0, 90.0, 100.0, 100.0, 100.0, 100.0, 90.0, 100.0, 100.0, 80.0, 100.0, 100.0, 90.0, 100.0, 100.0, 100.0, 100.0, 100.0, 100.0, 90.0, 90.0, 100.0, 100.0, 100.0, 90.0, 100.0, 100.0, 100.0, 100.0, 70.0, 100.0, 80.0, 100.0, 100.0, 100.0, 90.0, 90.0, 90.0, 100.0, 100.0, 80.0, 100.0, 100.0, 80.0, 100.0, 100.0, 100.0, 100.0, 70.0, 100.0, 90.0, 100.0, 80.0, 100.0, 100.0, 90.0, 100.0, 100.0, 100.0, 100.0, 100.0, 90.0, 100.0, 100.0, 90.0, 100.0, 100.0, 100.0, 100.0, 100.0, 100.0, 90.0, 100.0, 100.0, 100.0, 90.0, 100.0, 100.0, 100.0, 100.0, 100.0, 90.0, 100.0, 100.0, 100.0, 90.0, 90.0, 80.0, 90.0, 100.0, 100.0, 100.0, 100.0, 80.0, 100.0, 100.0, 100.0, 100.0, 100.0, 90.0, 100.0, 100.0, 90.0, 100.0, 70.0, 100.0, 100.0, 80.0, 60.0, 100.0, 100.0, 90.0, 90.0, 100.0, 100.0, 100.0, 100.0, 100.0, 100.0, 100.0, 100.0, 100.0, 100.0, 80.0, 100.0, 100.0, 100.0, 90.0, 90.0, 100.0, 100.0, 100.0, 100.0, 100.0, 90.0, 70.0, 90.0, 60.0, 90.0, 100.0, 100.0, 100.0, 100.0, 100.0, 100.0, 100.0, 80.0, 90.0, 100.0, 100.0, 100.0, 100.0, 100.0, 100.0, 100.0, 100.0, 80.0, 90.0, 100.0, 100.0, 90.0, 100.0, 100.0, 100.0, 90.0, 100.0, 100.0, 90.0, 100.0, 90.0, 100.0, 90.0, 100.0, 80.0, 90.0, 90.0, 100.0, 90.0, 70.0, 100.0, 100.0, 80.0, 90.0, 100.0, 100.0, 100.0, 100.0, 100.0, 100.0, 80.0, 90.0, 100.0, 90.0, 100.0, 70.0, 90.0, 100.0, 100.0, 90.0, 100.0, 100.0, 90.0, 100.0, 100.0, 100.0, 100.0, 100.0, 100.0, 100.0, 100.0, 100.0, 80.0, 100.0, 100.0, 100.0, 100.0, 100.0, 90.0, 100.0, 90.0, 100.0, 100.0, 80.0, 80.0, 100.0, 100.0, 100.0, 100.0, 100.0, 100.0, 90.0, 100.0, 100.0, 90.0, 100.0, 100.0, 100.0, 100.0, 90.0, 100.0, 100.0, 100.0, 100.0, 90.0, 100.0, 100.0, 90.0, 100.0, 100.0, 100.0, 100.0, 100.0, 90.0, 100.0, 90.0, 90.0, 100.0, 100.0, 100.0, 100.0, 90.0, 100.0, 100.0, 100.0, 100.0, 100.0, 100.0, 90.0, 90.0, 80.0, 100.0, 100.0, 100.0, 100.0, 90.0, 100.0, 60.0, 100.0, 100.0, 100.0, 90.0, 100.0, 100.0, 100.0, 100.0, 80.0, 90.0, 90.0, 100.0, 90.0, 80.0, 90.0, 100.0, 90.0, 100.0, 100.0, 100.0, 100.0, 100.0, 100.0, 80.0, 80.0, 100.0, 100.0, 90.0, 100.0, 100.0, 100.0, 100.0, 90.0, 100.0, 90.0, 100.0, 100.0, 100.0, 90.0, 100.0, 100.0, 90.0, 80.0, 100.0, 100.0, 100.0, 90.0, 100.0, 100.0, 100.0, 100.0, 100.0, 100.0, 90.0, 90.0, 100.0, 100.0, 90.0, 100.0, 100.0, 100.0, 100.0, 100.0, 100.0, 100.0, 100.0, 