{"shuffle_centroids_times": [0.02779674530029297], "map_iterdata_times": [0.25844550132751465], "create_map_data": [0.33216357231140137], "map_queries_times": [[[0.6007616519927979, 0.11170697212219238, [0.04414534568786621, 0.040574073791503906, 0.04561352729797363, 0.04632925987243652, 0.044179439544677734, 0.04209327697753906, 0.04019618034362793, 0.03988480567932129], [0.0007061958312988281, 0.0007665157318115234, 0.0009500980377197266, 0.0006744861602783203, 0.0007307529449462891, 0.001176595687866211, 0.0009145736694335938, 0.0008640289306640625], [0.004659891128540039, 0.002067089080810547, 0.00776982307434082, 0.0021886825561523438, 0.07170248031616211, 0.009626150131225586, 0.005088329315185547, 0.006035327911376953], 0.03005504608154297], [0.6480648517608643, 0.1279923915863037, [0.05122494697570801, 0.0382075309753418, 0.041257381439208984, 0.04932284355163574, 0.04075908660888672, 0.04192233085632324, 0.04033994674682617, 0.03555583953857422], [0.0012967586517333984, 0.0010302066802978516, 0.0011696815490722656, 0.0011751651763916016, 0.0013492107391357422, 0.0011293888092041016, 0.00113677978515625, 0.000982522964477539], [0.007970809936523438, 0.008730649948120117, 0.0052411556243896484, 0.08855223655700684, 0.006993293762207031, 0.006323814392089844, 0.0070362091064453125, 0.006087064743041992], 0.03521084785461426], [0.6117322444915771, 0.10423803329467773, [0.044580936431884766, 0.04030942916870117, 0.039229631423950195, 0.045957088470458984, 0.045201778411865234, 0.0432126522064209, 0.0377345085144043, 0.03861355781555176], [0.0011553764343261719, 0.0010416507720947266, 0.0009479522705078125, 0.001016378402709961, 0.0013000965118408203, 0.0008988380432128906, 0.0009119510650634766, 0.0012209415435791016], [0.009349584579467773, 0.004075288772583008, 0.00802922248840332, 0.003121614456176758, 0.008093595504760742, 0.007581949234008789, 0.08861207962036133, 0.0062525272369384766], 0.02897930145263672], [0.5246338844299316, 0.06825423240661621, [0.04419898986816406, 0.04873180389404297, 0.03710746765136719, 0.04458785057067871, 0.04194140434265137, 0.037372589111328125, 0.04462385177612305, 0.038919925689697266], [0.0007348060607910156, 0.0008373260498046875, 0.0009138584136962891, 0.000911712646484375, 0.0008282661437988281, 0.0008320808410644531, 0.0006968975067138672, 0.0007603168487548828], [0.005871295928955078, 0.0062694549560546875, 0.002666950225830078, 0.0031976699829101562, 0.006928205490112305, 0.0026793479919433594, 0.0031108856201171875, 0.0011777877807617188], 0.08042144775390625]]], "map_execution": [3.2518274784088135], "map_invoke": [[0.5249404907226562, 0.569298267364502, 0.6071069240570068, 0.5121769905090332]], "create_reduce_data": [0.20109915733337402], "reduce_iterdata_times": [0.20032858848571777], "reduce_queries_times": [[0.14531397819519043]], "reduce_execution_times": [3.0886411666870117], "reduce_invoke": [[0.5403151512145996]], "divide_reduce_times": [0.00010704994201660156], "total_querying_times": [6.873838663101196], "recalls": [[100.0, 90.0, 100.0, 100.0, 80.0, 100.0, 90.0, 90.0, 90.0, 100.0, 100.0, 100.0, 100.0, 100.0, 90.0, 100.0, 80.0, 100.0, 100.0, 70.0, 100.0, 100.0, 100.0, 90.0, 100.0, 80.0, 80.0, 90.0, 80.0, 100.0, 90.0, 100.0, 100.0, 100.0, 90.0, 80.0, 100.0, 100.0, 100.0, 90.0, 90.0, 100.0, 100.0, 100.0, 100.0, 100.0, 100.0, 100.0, 100.0, 100.0, 70.0, 80.0, 100.0, 100.0, 80.0, 100.0, 100.0, 80.0, 100.0, 100.0, 100.0, 100.0, 100.0, 50.0, 100.0, 100.0, 100.0, 100.0, 90.0, 90.0, 100.0, 100.0, 100.0, 100.0, 100.0, 100.0, 100.0, 100.0, 100.0, 100.0, 100.0, 100.0, 100.0, 100.0, 100.0, 90.0, 100.0, 100.0, 100.0, 80.0, 100.0, 70.0, 100.0, 70.0, 100.0, 90.0, 100.0, 100.0, 90.0, 100.0, 100.0, 90.0, 100.0, 90.0, 80.0, 80.0, 100.0, 100.0, 50.0, 100.0, 100.0, 100.0, 90.0, 100.0, 100.0, 90.0, 100.0, 100.0, 100.0, 80.0, 100.0, 100.0, 90.0, 100.0, 90.0, 70.0, 100.0, 100.0, 70.0, 100.0, 90.0, 100.0, 80.0, 80.0, 90.0, 90.0, 100.0, 100.0, 100.0, 100.0, 100.0, 100.0, 100.0, 100.0, 80.0, 100.0, 80.0, 100.0, 100.0, 100.0, 100.0, 100.0, 100.0, 100.0, 100.0, 100.0, 100.0, 100.0, 100.0, 100.0, 100.0, 90.0, 90.0, 100.0, 90.0, 100.0, 100.0, 90.0, 100.0, 100.0, 100.0, 90.0, 100.0, 100.0, 100.0, 100.0, 100.0, 100.0, 100.0, 90.0, 90.0, 100.0, 100.0, 90.0, 100.0, 100.0, 100.0, 100.0, 70.0, 100.0, 100.0, 100.0, 100.0, 100.0, 70.0, 90.0, 100.0, 100.0, 100.0, 100.0, 90.0, 80.0, 80.0, 100.0, 80.0, 100.0, 100.0, 90.0, 100.0, 90.0, 100.0, 80.0, 70.0, 100.0, 100.0, 100.0, 100.0, 100.0, 100.0, 100.0, 90.0, 100.0, 100.0, 100.0, 90.0, 100.0, 80.0, 100.0, 90.0, 100.0, 100.0, 100.0, 100.0, 100.0, 100.0, 100.0, 100.0, 100.0, 70.0, 100.0, 100.0, 100.0, 100.0, 100.0, 100.0, 70.0, 100.0, 100.0, 90.0, 70.0, 100.0, 100.0, 80.0, 100.0, 100.0, 100.0, 80.0, 100.0, 100.0, 100.0, 100.0, 100.0, 100.0, 100.0, 90.0, 100.0, 100.0, 100.0, 90.0, 90.0, 100.0, 100.0, 90.0, 90.0, 100.0, 100.0, 100.0, 100.0, 90.0, 90.0, 90.0, 100.0, 90.0, 100.0, 70.0, 90.0, 100.0, 100.0, 100.0, 100.0, 100.0, 80.0, 100.0, 80.0, 80.0, 90.0, 100.0, 100.0, 100.0, 90.0, 100.0, 100.0, 100.0, 100.0, 90.0, 100.0, 100.0, 100.0, 100.0, 90.0, 80.0, 100.0, 100.0, 90.0, 100.0, 100.0, 90.0, 90.0, 100.0, 80.0, 100.0, 100.0, 100.0, 100.0, 100.0, 100.0, 100.0, 80.0, 100.0, 100.0, 70.0, 90.0, 100.0, 100.0, 80.0, 100.0, 100.0, 100.0, 100.0, 90.0, 100.0, 100.0, 100.0, 90.0, 100.0, 100.0, 100.0, 100.0, 100.0, 100.0, 100.0, 100.0, 100.0, 100.0, 70.0, 100.0, 100.0, 100.0, 100.0, 90.0, 100.0, 100.0, 100.0, 90.0, 100.0, 100.0, 100.0, 100.0, 100.0, 100.0, 90.0, 100.0, 100.0, 100.0, 80.0, 100.0, 100.0, 100.0, 100.0, 100.0, 100.0, 100.0, 100.0, 90.0, 100.0, 100.0, 90.0, 90.0, 100.0, 100.0, 100.0, 100.0, 100.0, 90.0, 100.0, 90.0, 100.0, 80.0, 90.0, 100.0, 100.0, 100.0, 100.0, 90.0, 100.0, 100.0, 80.0, 100.0, 100.0, 90.0, 100.0, 100.0, 100.0, 100.0, 100.0, 100.0, 90.0, 90.0, 100.0, 100.0, 100.0, 90.0, 100.0, 100.0, 100.0, 100.0, 70.0, 100.0, 80.0, 100.0, 100.0, 100.0, 90.0, 90.0, 90.0, 100.0, 100.0, 80.0, 100.0, 100.0, 80.0, 100.0, 100.0, 100.0, 100.0, 70.0, 100.0, 90.0, 100.0, 80.0, 100.0, 100.0, 90.0, 100.0, 100.0, 100.0, 100.0, 100.0, 90.0, 100.0, 100.0, 90.0, 100.0, 100.0, 100.0, 100.0, 100.0, 100.0, 90.0, 100.0, 100.0, 100.0, 90.0, 100.0, 100.0, 100.0, 100.0, 100.0, 90.0, 100.0, 100.0, 100.0, 90.0, 90.0, 80.0, 90.0, 100.0, 100.0, 100.0, 100.0, 80.0, 100.0, 100.0, 100.0, 100.0, 100.0, 90.0, 100.0, 100.0, 90.0, 100.0, 70.0, 100.0, 100.0, 80.0, 60.0, 100.0, 100.0, 90.0, 90.0, 100.0, 100.0, 100.0, 100.0, 100.0, 100.0, 100.0, 100.0, 100.0, 100.0, 80.0, 100.0, 100.0, 100.0, 90.0, 90.0, 100.0, 100.0, 100.0, 100.0, 100.0, 90.0, 70.0, 90.0, 60.0, 90.0, 100.0, 100.0, 100.0, 100.0, 100.0, 100.0, 100.0, 80.0, 90.0, 100.0, 100.0, 100.0, 100.0, 100.0, 100.0, 100.0, 100.0, 80.0, 90.0, 100.0, 100.0, 90.0, 100.0, 100.0, 100.0, 90.0, 100.0, 100.0, 90.0, 100.0, 90.0, 100.0, 90.0, 100.0, 80.0, 90.0, 90.0, 100.0, 90.0, 70.0, 100.0, 100.0, 80.0, 90.0, 100.0, 100.0, 100.0, 100.0, 100.0, 100.0, 80.0, 90.0, 100.0, 90.0, 100.0, 70.0, 90.0, 100.0, 100.0, 90.0, 100.0, 100.0, 90.0, 100.0, 100.0, 100.0, 100.0, 100.0, 100.0, 100.0, 100.0, 100.0, 80.0, 100.0, 100.0, 100.0, 100.0, 100.0, 90.0, 100.0, 90.0, 100.0, 100.0, 80.0, 80.0, 100.0, 100.0, 100.0, 100.0, 100.0, 100.0, 90.0, 100.0, 100.0, 90.0, 100.0, 100.0, 100.0, 100.0, 90.0, 100.0, 100.0, 100.0, 100.0, 90.0, 100.0, 100.0, 90.0, 100.0, 100.0, 100.0, 100.0, 100.0, 90.0, 100.0, 90.0, 90.0, 100.0, 100.0, 100.0, 100.0, 90.0, 100.0, 100.0, 100.0, 100.0, 100.0, 100.0, 90.0, 90.0, 80.0, 100.0, 100.0, 100.0, 100.0, 90.0, 100.0, 60.0, 100.0, 100.0, 100.0, 90.0, 100.0, 100.0, 100.0, 100.0, 80.0, 90.0, 90.0, 100.0, 90.0, 80.0, 90.0, 100.0, 90.0, 100.0, 100.0, 100.0, 100.0, 100.0, 100.0, 80.0, 80.0, 100.0, 100.0, 90.0, 100.0, 100.0, 100.0, 100.0, 90.0, 100.0, 90.0, 100.0, 100.0, 100.0, 90.0, 100.0, 100.0, 90.0, 80.0, 100.0, 100.0, 100.0, 90.0, 100.0, 100.0, 100.0, 100.0, 100.0, 100.0, 90.0, 90.0, 100.0, 100.0, 90.0, 100.0, 100.0, 100.0, 100.0, 100.0, 100.0, 100.0, 100.0, 100.0, 