{"shuffle_centroids_times": [0.024709224700927734], "map_iterdata_times": [0.16602253913879395], "create_map_data": [0.23583531379699707], "map_queries_times": [[[0.30196189880371094, 0.0489959716796875, [0.049980878829956055, 0.04988694190979004, 0.06006360054016113, 0.04977273941040039], [0.002462148666381836, 0.002271890640258789, 0.002683401107788086, 0.0018393993377685547], [0.005869865417480469, 0.0030410289764404297, 0.008851051330566406, 0.005133152008056641], 0.011067628860473633], [0.2649965286254883, 0.043222665786743164, [0.04954171180725098, 0.048526763916015625, 0.048313140869140625, 0.04161524772644043], [0.002624988555908203, 0.0019347667694091797, 0.0017046928405761719, 0.0015354156494140625], [0.007130622863769531, 0.003061532974243164, 0.004336357116699219, 0.0032167434692382812], 0.008188247680664062], [0.2743875980377197, 0.04286026954650879, [0.05577492713928223, 0.04826664924621582, 0.04877305030822754, 0.05160117149353027], [0.0017445087432861328, 0.0016198158264160156, 0.0014569759368896484, 0.0013458728790283203], [0.004737377166748047, 0.0035505294799804688, 0.0034303665161132812, 0.002506732940673828], 0.006671905517578125], [0.31054019927978516, 0.06072545051574707, [0.06861996650695801, 0.04757356643676758, 0.053945302963256836, 0.05027270317077637], [0.0021054744720458984, 0.0016427040100097656, 0.0015625953674316406, 0.0011134147644042969], [0.00686335563659668, 0.003171205520629883, 0.003951072692871094, 0.0015425682067871094], 0.007413625717163086]]], "map_execution": [3.104613780975342], "map_invoke": [[0.5640802383422852, 0.5546014308929443, 0.48311710357666016, 0.4532473087310791]], "create_reduce_data": [0.41292262077331543], "reduce_iterdata_times": [0.41222095489501953], "reduce_queries_times": [[0.05687379837036133]], "reduce_execution_times": [3.164555072784424], "reduce_invoke": [[0.5869917869567871]], "divide_reduce_times": [0.0001087188720703125], "total_querying_times": [6.9180357456207275], "recalls": [[100.0, 100.0, 100.0, 80.0, 100.0, 100.0, 90.0, 90.0, 90.0, 100.0, 100.0, 90.0, 100.0, 100.0, 100.0, 100.0, 80.0, 100.0, 100.0, 100.0, 100.0, 100.0, 100.0, 100.0, 90.0, 80.0, 100.0, 90.0, 80.0, 100.0, 70.0, 100.0, 80.0, 100.0, 100.0, 90.0, 100.0, 100.0, 100.0, 80.0, 90.0, 100.0, 100.0, 100.0, 90.0, 80.0, 100.0, 90.0, 90.0, 80.0, 90.0, 90.0, 100.0, 100.0, 90.0, 100.0, 100.0, 80.0, 100.0, 100.0, 100.0, 100.0, 100.0, 60.0, 100.0, 100.0, 90.0, 90.0, 90.0, 80.0, 100.0, 100.0, 90.0, 100.0, 100.0, 100.0, 90.0, 100.0, 90.0, 100.0, 90.0, 100.0, 100.0, 100.0, 90.0, 100.0, 100.0, 100.0, 100.0, 100.0, 100.0, 40.0, 90.0, 80.0, 100.0, 90.0, 100.0, 90.0, 50.0, 100.0, 90.0, 90.0, 100.0, 70.0, 80.0, 80.0, 100.0, 100.0, 40.0, 100.0, 90.0, 90.0, 70.0, 100.0, 100.0, 90.0, 100.0, 100.0, 100.0, 70.0, 100.0, 100.0, 100.0, 100.0, 90.0, 100.0, 100.0, 90.0, 90.0, 90.0, 90.0, 100.0, 90.0, 80.0, 100.0, 80.0, 100.0, 100.0, 90.0, 100.0, 90.0, 90.0, 100.0, 100.0, 70.0, 100.0, 90.0, 100.0, 70.0, 100.0, 100.0, 100.0, 100.0, 80.0, 100.0, 100.0, 100.0, 100.0, 100.0, 100.0, 100.0, 100.0, 100.0, 100.0, 100.0, 70.0, 100.0, 80.0, 70.0, 70.0, 100.0, 80.0, 100.0, 90.0, 90.0, 100.0, 100.0, 100.0, 100.0, 80.0, 100.0, 100.0, 100.0, 100.0, 100.0, 90.0, 100.0, 100.0, 80.0, 100.0, 90.0, 100.0, 70.0, 100.0, 90.0, 80.0, 70.0, 100.0, 100.0, 70.0, 100.0, 80.0, 100.0, 80.0, 90.0, 90.0, 100.0, 100.0, 100.0, 90.0, 100.0, 100.0, 60.0, 100.0, 100.0, 100.0, 100.0, 100.0, 100.0, 100.0, 100.0, 100.0, 100.0, 100.0, 100.0, 90.0, 100.0, 100.0, 100.0, 100.0, 100.0, 80.0, 90.0, 90.0, 100.0, 70.0, 80.0, 100.0, 90.0, 100.0, 100.0, 100.0, 80.0, 100.0, 100.0, 80.0, 100.0, 100.0, 100.0, 80.0, 100.0, 100.0, 100.0, 100.0, 90.0, 90.0, 90.0, 100.0, 100.0, 100.0, 90.0, 100.0, 100.0, 100.0, 80.0, 60.0, 100.0, 100.0, 90.0, 80.0, 100.0, 100.0, 100.0, 100.0, 90.0, 80.0, 100.0, 90.0, 100.0, 100.0, 100.0, 90.0, 100.0, 100.0, 90.0, 90.0, 80.0, 100.0, 100.0, 100.0, 100.0, 80.0, 100.0, 70.0, 80.0, 90.0, 70.0, 100.0, 100.0, 100.0, 90.0, 100.0, 100.0, 80.0, 90.0, 90.0, 100.0, 90.0, 100.0, 90.0, 80.0, 90.0, 100.0, 100.0, 100.0, 90.0, 100.0, 100.0, 100.0, 70.0, 100.0, 100.0, 100.0, 100.0, 100.0, 100.0, 100.0, 80.0, 100.0, 100.0, 50.0, 90.0, 100.0, 100.0, 90.0, 100.0, 100.0, 70.0, 100.0, 100.0, 100.0, 100.0, 100.0, 100.0, 100.0, 100.0, 100.0, 100.0, 90.0, 100.0, 100.0, 100.0, 100.0, 80.0, 100.0, 100.0, 90.0, 80.0, 100.0, 90.0, 100.0, 90.0, 100.0, 100.0, 90.0, 90.0, 100.0, 100.0, 100.0, 90.0, 80.0, 90.0, 100.0, 100.0, 80.0, 100.0, 80.0, 100.0, 100.0, 100.0, 90.0, 70.0, 100.0, 90.0, 70.0, 100.0, 80.0, 100.0, 100.0, 100.0, 100.0, 90.0, 90.0, 100.0, 100.0, 90.0, 90.0, 90.0, 90.0, 100.0, 50.0, 100.0, 100.0, 100.0, 100.0, 100.0, 100.0, 100.0, 100.0, 90.0, 100.0, 80.0, 100.0, 100.0, 100.0, 100.0, 100.0, 80.0, 100.0, 100.0, 100.0, 90.0, 100.0, 100.0, 100.0, 100.0, 70.0, 90.0, 100.0, 100.0, 100.0, 100.0, 100.0, 100.0, 100.0, 100.0, 70.0, 60.0, 100.0, 80.0, 80.0, 100.0, 90.0, 90.0, 100.0, 100.0, 100.0, 90.0, 100.0, 100.0, 90.0, 100.0, 100.0, 70.0, 80.0, 100.0, 90.0, 100.0, 90.0, 100.0, 100.0, 90.0, 100.0, 100.0, 100.0, 80.0, 90.0, 100.0, 60.0, 90.0, 100.0, 100.0, 100.0, 100.0, 100.0, 100.0, 100.0, 100.0, 100.0, 100.0, 100.0, 80.0, 80.0, 90.0, 90.0, 70.0, 100.0, 100.0, 100.0, 90.0, 90.0, 100.0, 100.0, 100.0, 80.0, 100.0, 90.0, 100.0, 100.0, 100.0, 80.0, 80.0, 100.0, 100.0, 60.0, 60.0, 100.0, 90.0, 90.0, 80.0, 100.0, 100.0, 80.0, 90.0, 100.0, 100.0, 100.0, 100.0, 80.0, 100.0, 80.0, 100.0, 100.0, 100.0, 100.0, 90.0, 100.0, 100.0, 100.0, 90.0, 100.0, 80.0, 60.0, 100.0, 70.0, 100.0, 90.0, 90.0, 100.0, 100.0, 100.0, 100.0, 100.0, 90.0, 100.0, 100.0, 100.0, 100.0, 100.0, 100.0, 90.0, 100.0, 70.0, 100.0, 90.0, 100.0, 100.0, 100.0, 90.0, 100.0, 100.0, 70.0, 100.0, 100.0, 90.0, 100.0, 100.0, 100.0, 90.0, 100.0, 100.0, 60.0, 90.0, 80.0, 60.0, 90.0, 100.0, 80.0, 50.0, 70.0, 90.0, 90.0, 100.0, 100.0, 100.0, 90.0, 90.0, 90.0, 100.0, 90.0, 90.0, 80.0, 70.0, 100.0, 100.0, 90.0, 100.0, 100.0, 80.0, 80.0, 100.0, 100.0, 90.0, 100.0, 100.0, 100.0, 100.0, 100.0, 100.0, 100.0, 100.0, 100.0, 100.0, 100.0, 90.0, 100.0, 80.0, 100.0, 100.0, 70.0, 100.0, 100.0, 90.0, 100.0, 100.0, 100.0, 100.0, 80.0, 100.0, 100.0, 90.0, 100.0, 100.0, 100.0, 100.0, 90.0, 100.0, 100.0, 100.0, 100.0, 100.0, 100.0, 80.0, 90.0, 100.0, 100.0, 90.0, 100.0, 100.0, 80.0, 100.0, 100.0, 100.0, 100.0, 100.0, 100.0, 100.0, 80.0, 100.0, 100.0, 100.0, 100.0, 100.0, 100.0, 100.0, 80.0, 100.0, 70.0, 100.0, 100.0, 100.0, 100.0, 80.0, 100.0, 100.0, 90.0, 100.0, 100.0, 70.0, 100.0, 70.0, 90.0, 90.0, 90.0, 80.0, 100.0, 100.0, 70.0, 80.0, 90.0, 100.0, 100.0, 100.0, 80.0, 100.0, 100.0, 100.0, 90.0, 80.0, 100.0, 90.0, 70.0, 100.0, 100.0, 80.0, 100.0, 100.0, 100.0, 100.0, 100.0, 100.0, 100.0, 100.0, 90.0, 90.0, 90.0, 100.0, 100.0, 100.0, 90.0, 100.0, 70.0, 100.0, 100.0, 100.0, 100.0, 100.0, 80.0, 100.0, 100.0, 90.0, 100.0, 100.0, 100.0, 80.0, 100.0, 100.0, 100.0, 100.0, 100.0, 80.0, 100.0, 90.0, 100.0, 100.0, 100.0, 100.0, 100.0, 100.0, 100.0, 90.0, 90.0, 100.0, 100.0, 100.0, 80.0, 100.0, 100.0, 90.0, 100.0, 100.0, 90.0, 90.0, 90.0, 90.0, 100.0, 100.0, 100.0, 100.0, 70.0, 80.0, 100.0, 70.0, 100.0, 100.0, 100.0, 100.0, 70.0, 60.0, 100.0, 100.0, 100.0, 90.0, 80.0, 100.0, 100.0, 100.0, 100.0, 90.0, 100.0, 100.0, 100.0, 50.0, 90.0, 70.0, 100.0, 100.0, 100.0, 100.0, 100.0, 90.0, 80.0, 100.0, 100.0, 60.0, 100.0, 70.0, 100.0, 100.0, 100.0, 100.0, 80.0, 60.0, 100.0, 80.0, 100.0, 90.0, 100.0, 90.0, 90.0, 80.0, 90.0, 100.0, 100.0, 80.0, 100.0, 90.0, 100.0, 90.0, 90.0, 100.0, 90.0, 100.0, 90.0, 70.0, 90.0, 100.0, 100.0, 100.0, 100.0, 100.0, 90.0, 80.0, 100.0, 100.0, 100.0, 100.0, 100.0, 80.0, 80.0, 80.0, 90.0, 100.0, 100.0, 100.0, 100.0, 90.0, 100.0, 100.0, 100.0, 90.0, 100.0, 90.0, 100.0, 100.0, 100.0, 100.0, 100.0, 90.0, 100.0, 100.0, 90.0, 100.0, 100.0, 100.0, 100.0, 100.0, 100.0, 100.0, 100.0, 100.0, 100.0, 90.0, 90.0, 80.0, 90.0, 100.0, 90.0, 90.0, 100.0, 100.0, 100.0, 40.0, 100.0, 100.0, 80.0, 100.0, 100.0, 80.0, 100.0, 100.0, 80.0, 100.0, 100.0, 70.0, 90.0, 100.0, 100.0, 