{"shuffle_centroids_times": [0.02822136878967285], "map_iterdata_times": [0.1746056079864502], "create_map_data": [0.24845647811889648], "map_queries_times": [[[0.3507997989654541, 0.09527587890625, [0.04754376411437988, 0.045397043228149414, 0.05808687210083008, 0.05236196517944336], [0.0013251304626464844, 0.0012698173522949219, 0.0019221305847167969, 0.0012977123260498047], [0.0036385059356689453, 0.0060160160064697266, 0.013206243515014648, 0.007543325424194336], 0.015877485275268555], [0.35438013076782227, 0.07568120956420898, [0.053987741470336914, 0.05216646194458008, 0.04953622817993164, 0.0523219108581543], [0.001941680908203125, 0.0020296573638916016, 0.0017266273498535156, 0.0020499229431152344], [0.011887788772583008, 0.0070078372955322266, 0.01276254653930664, 0.010287284851074219], 0.020946502685546875], [0.297865629196167, 0.05800056457519531, [0.05426836013793945, 0.041883230209350586, 0.054160356521606445, 0.05169415473937988], [0.0015447139739990234, 0.00115966796875, 0.0017371177673339844, 0.0012650489807128906], [0.004375934600830078, 0.0035245418548583984, 0.0071790218353271484, 0.004843711853027344], 0.012188196182250977], [0.3015167713165283, 0.05807805061340332, [0.05923295021057129, 0.051732540130615234, 0.050943613052368164, 0.04225039482116699], [0.0024535655975341797, 0.0017609596252441406, 0.0021927356719970703, 0.0015058517456054688], [0.008691787719726562, 0.004168510437011719, 0.004362344741821289, 0.003665924072265625], 0.010417461395263672]]], "map_execution": [3.1184277534484863], "map_invoke": [[0.4859731197357178, 0.5822131633758545, 0.4984560012817383, 0.5755255222320557]], "create_reduce_data": [0.24234604835510254], "reduce_iterdata_times": [0.24148297309875488], "reduce_queries_times": [[0.07656431198120117]], "reduce_execution_times": [3.10176944732666], "reduce_invoke": [[0.5527224540710449]], "divide_reduce_times": [0.00010991096496582031], "total_querying_times": [6.71110987663269], "recalls": [[100.0, 100.0, 100.0, 80.0, 100.0, 100.0, 90.0, 90.0, 90.0, 100.0, 100.0, 90.0, 100.0, 100.0, 100.0, 100.0, 80.0, 100.0, 100.0, 100.0, 100.0, 100.0, 100.0, 100.0, 90.0, 80.0, 100.0, 90.0, 100.0, 100.0, 70.0, 100.0, 80.0, 100.0, 100.0, 100.0, 100.0, 100.0, 100.0, 80.0, 90.0, 100.0, 100.0, 100.0, 90.0, 90.0, 100.0, 90.0, 90.0, 80.0, 90.0, 90.0, 100.0, 100.0, 100.0, 100.0, 100.0, 100.0, 100.0, 100.0, 100.0, 100.0, 100.0, 60.0, 100.0, 100.0, 100.0, 90.0, 90.0, 80.0, 100.0, 100.0, 90.0, 100.0, 100.0, 100.0, 100.0, 100.0, 90.0, 100.0, 90.0, 100.0, 100.0, 100.0, 90.0, 100.0, 100.0, 100.0, 100.0, 100.0, 100.0, 60.0, 100.0, 80.0, 100.0, 90.0, 100.0, 100.0, 80.0, 100.0, 90.0, 90.0, 100.0, 80.0, 80.0, 90.0, 100.0, 100.0, 80.0, 100.0, 90.0, 90.0, 70.0, 100.0, 100.0, 90.0, 100.0, 100.0, 100.0, 70.0, 100.0, 100.0, 100.0, 100.0, 90.0, 100.0, 100.0, 90.0, 90.0, 90.0, 90.0, 100.0, 90.0, 80.0, 100.0, 80.0, 100.0, 100.0, 90.0, 100.0, 90.0, 90.0, 100.0, 100.0, 70.0, 100.0, 90.0, 100.0, 100.0, 100.0, 100.0, 100.0, 100.0, 80.0, 100.0, 100.0, 100.0, 100.0, 100.0, 100.0, 100.0, 100.0, 100.0, 100.0, 100.0, 100.0, 100.0, 80.0, 70.0, 90.0, 100.0, 80.0, 100.0, 100.0, 100.0, 100.0, 100.0, 100.0, 100.0, 80.0, 100.0, 100.0, 100.0, 100.0, 100.0, 90.0, 100.0, 100.0, 80.0, 100.0, 90.0, 100.0, 80.0, 100.0, 90.0, 90.0, 90.0, 100.0, 100.0, 70.0, 100.0, 80.0, 100.0, 100.0, 90.0, 100.0, 100.0, 100.0, 100.0, 90.0, 100.0, 100.0, 100.0, 100.0, 100.0, 100.0, 100.0, 100.0, 100.0, 100.0, 100.0, 100.0, 100.0, 100.0, 100.0, 90.0, 100.0, 100.0, 100.0, 100.0, 100.0, 90.0, 90.0, 100.0, 100.0, 90.0, 90.0, 100.0, 90.0, 100.0, 100.0, 100.0, 100.0, 100.0, 100.0, 80.0, 100.0, 100.0, 100.0, 80.0, 100.0, 100.0, 100.0, 100.0, 90.0, 90.0, 90.0, 100.0, 100.0, 100.0, 100.0, 100.0, 100.0, 100.0, 80.0, 90.0, 100.0, 100.0, 90.0, 80.0, 100.0, 100.0, 100.0, 100.0, 90.0, 100.0, 100.0, 100.0, 100.0, 100.0, 100.0, 90.0, 100.0, 100.0, 90.0, 100.0, 80.0, 100.0, 100.0, 100.0, 100.0, 80.0, 100.0, 70.0, 80.0, 90.0, 80.0, 100.0, 100.0, 100.0, 90.0, 100.0, 100.0, 80.0, 90.0, 90.0, 100.0, 100.0, 100.0, 90.0, 80.0, 90.0, 100.0, 100.0, 100.0, 90.0, 100.0, 100.0, 100.0, 70.0, 100.0, 100.0, 100.0, 100.0, 100.0, 100.0, 100.0, 90.0, 100.0, 100.0, 100.0, 100.0, 100.0, 100.0, 90.0, 100.0, 100.0, 70.0, 100.0, 100.0, 100.0, 100.0, 100.0, 100.0, 100.0, 100.0, 100.0, 100.0, 90.0, 100.0, 100.0, 100.0, 100.0, 80.0, 100.0, 100.0, 90.0, 90.0, 100.0, 100.0, 100.0, 90.0, 100.0, 100.0, 90.0, 90.0, 100.0, 100.0, 100.0, 90.0, 90.0, 100.0, 100.0, 100.0, 100.0, 100.0, 80.0, 100.0, 100.0, 100.0, 90.0, 100.0, 100.0, 90.0, 70.0, 100.0, 80.0, 100.0, 100.0, 100.0, 100.0, 90.0, 90.0, 100.0, 100.0, 90.0, 90.0, 90.0, 90.0, 100.0, 70.0, 100.0, 100.0, 100.0, 100.0, 100.0, 100.0, 100.0, 100.0, 90.0, 100.0, 80.0, 100.0, 100.0, 100.0, 100.0, 100.0, 80.0, 100.0, 100.0, 100.0, 90.0, 100.0, 100.0, 100.0, 100.0, 90.0, 90.0, 100.0, 100.0, 100.0, 100.0, 100.0, 100.0, 100.0, 100.0, 70.0, 90.0, 100.0, 80.0, 100.0, 100.0, 90.0, 100.0, 100.0, 100.0, 100.0, 90.0, 100.0, 100.0, 90.0, 100.0, 100.0, 80.0, 80.0, 100.0, 100.0, 100.0, 100.0, 100.0, 100.0, 90.0, 100.0, 100.0, 100.0, 100.0, 90.0, 100.0, 100.0, 90.0, 100.0, 100.0, 100.0, 100.0, 100.0, 100.0, 100.0, 100.0, 100.0, 100.0, 100.0, 80.0, 90.0, 100.0, 90.0, 70.0, 100.0, 100.0, 100.0, 90.0, 90.0, 100.0, 100.0, 100.0, 80.0, 100.0, 90.0, 100.0, 100.0, 100.0, 90.0, 100.0, 100.0, 100.0, 90.0, 60.0, 100.0, 90.0, 100.0, 100.0, 100.0, 100.0, 100.0, 100.0, 100.0, 100.0, 100.0, 100.0, 80.0, 100.0, 80.0, 100.0, 100.0, 100.0, 100.0, 90.0, 100.0, 100.0, 100.0, 100.0, 100.0, 90.0, 70.0, 100.0, 70.0, 100.0, 100.0, 90.0, 100.0, 100.0, 100.0, 100.0, 100.0, 90.0, 100.0, 100.0, 100.0, 100.0, 100.0, 100.0, 90.0, 100.0, 80.0, 100.0, 90.0, 100.0, 100.0, 100.0, 90.0, 100.0, 100.0, 80.0, 100.0, 100.0, 90.0, 100.0, 100.0, 100.0, 90.0, 100.0, 100.0, 60.0, 90.0, 80.0, 90.0, 90.0, 100.0, 80.0, 70.0, 80.0, 90.0, 90.0, 100.0, 100.0, 100.0, 100.0, 90.0, 90.0, 100.0, 90.0, 90.0, 100.0, 80.0, 100.0, 100.0, 100.0, 100.0, 100.0, 80.0, 100.0, 100.0, 100.0, 90.0, 100.0, 100.0, 100.0, 100.0, 100.0, 100.0, 100.0, 100.0, 100.0, 100.0, 100.0, 90.0, 100.0, 100.0, 100.0, 100.0, 80.0, 100.0, 100.0, 90.0, 100.0, 100.0, 100.0, 100.0, 100.0, 100.0, 100.0, 90.0, 100.0, 100.0, 100.0, 100.0, 90.0, 100.0, 100.0, 100.0, 100.0, 100.0, 100.0, 80.0, 90.0, 100.0, 100.0, 90.0, 100.0, 100.0, 80.0, 100.0, 100.0, 100.0, 100.0, 100.0, 100.0, 100.0, 90.0, 100.0, 100.0, 100.0, 100.0, 100.0, 100.0, 100.0, 90.0, 100.0, 70.0, 100.0, 100.0, 100.0, 100.0, 80.0, 100.0, 100.0, 90.0, 100.0, 100.0, 100.0, 100.0, 80.0, 90.0, 90.0, 90.0, 80.0, 100.0, 100.0, 70.0, 80.0, 90.0, 100.0, 100.0, 100.0, 90.0, 100.0, 100.0, 100.0, 90.0, 80.0, 100.0, 90.0, 70.0, 100.0, 100.0, 80.0, 100.0, 100.0, 100.0, 100.0, 100.0, 100.0, 100.0, 100.0, 90.0, 90.0, 90.0, 100.0, 100.0, 100.0, 90.0, 100.0, 80.0, 100.0, 100.0, 100.0, 100.0, 100.0, 80.0, 100.0, 100.0, 90.0, 100.0, 100.0, 100.0, 80.0, 100.0, 100.0, 100.0, 100.0, 100.0, 100.0, 100.0, 90.0, 100.0, 100.0, 100.0, 100.0, 100.0, 100.0, 100.0, 90.0, 90.0, 100.0, 100.0, 100.0, 90.0, 100.0, 100.0, 90.0, 100.0, 100.0, 100.0, 90.0, 90.0, 90.0, 100.0, 100.0, 100.0, 100.0, 70.0, 80.0, 100.0, 90.0, 100.0, 100.0, 100.0, 100.0, 70.0, 60.0, 100.0, 100.0, 100.0, 90.0, 90.0, 100.0, 100.0, 100.0, 100.0, 100.0, 100.0, 100.0, 100.0, 90.0, 90.0, 70.0, 100.0, 100.0, 100.0, 100.0, 100.0, 90.0, 80.0, 100.0, 100.0, 60.0, 100.0, 70.0, 100.0, 100.0, 100.0, 100.0, 80.0, 60.0, 100.0, 100.0, 100.0, 90.0, 100.0, 90.0, 90.0, 80.0, 90.0, 100.0, 100.0, 80.0, 100.0, 100.0, 100.0, 100.0, 90.0, 100.0, 90.0, 100.0, 90.0, 70.0, 90.0, 100.0, 100.0, 100.0, 100.0, 100.0, 90.0, 90.0, 100.0, 100.0, 100.0, 100.0, 100.0, 80.0, 90.0, 80.0, 90.0, 100.0, 100.0, 100.0, 100.0, 90.0, 100.0, 100.0, 100.0, 90.0, 100.0, 100.0, 100.0, 100.0, 100.0, 100.0, 100.0, 90.0, 100.0, 100.0, 100.0, 100.0, 100.0, 100.0, 100.0, 100.0, 100.0, 100.0, 100.0, 100.0, 100.0, 90.0, 100.0, 80.0, 100.0, 100.0, 90.0, 90.0, 100.0, 100.0, 100.0, 50.0, 100.0, 100.0, 100.0, 100.0, 100.0, 100.0, 100.0, 