{"shuffle_centroids_times": [0.024274587631225586], "map_iterdata_times": [0.14766693115234375], "create_map_data": [0.21872448921203613], "map_queries_times": [[[0.3838992118835449, 0.02951836585998535, [0.05151987075805664, 0.049195289611816406, 0.03282427787780762, 0.045339107513427734, 0.04312491416931152, 0.03836870193481445, 0.030946016311645508, 0.04634213447570801], [0.0013301372528076172, 0.0011706352233886719, 0.0010557174682617188, 0.0010428428649902344, 0.0009391307830810547, 0.0009615421295166016, 0.0007507801055908203, 0.0009591579437255859], [0.0008571147918701172, 0.0005784034729003906, 0.0005342960357666016, 0.0008490085601806641, 0.0006072521209716797, 0.0005240440368652344, 0.0005750656127929688, 0.0007674694061279297], 0.0031690597534179688], [0.451413631439209, 0.04175758361816406, [0.07486629486083984, 0.04404783248901367, 0.04226803779602051, 0.047061920166015625, 0.04876708984375, 0.04182934761047363, 0.04154634475708008, 0.047152042388916016], [0.0023772716522216797, 0.0019450187683105469, 0.0011599063873291016, 0.0012943744659423828, 0.0009913444519042969, 0.001222372055053711, 0.0010390281677246094, 0.0009138584136962891], [0.0012359619140625, 0.0009286403656005859, 0.0010771751403808594, 0.0009171962738037109, 0.0006711483001708984, 0.0007669925689697266, 0.0008199214935302734, 0.0006949901580810547], 0.0040013790130615234], [0.4067976474761963, 0.03366971015930176, [0.04345965385437012, 0.044226646423339844, 0.050972938537597656, 0.04531216621398926, 0.04108262062072754, 0.04236197471618652, 0.0438690185546875, 0.04327225685119629], [0.0017044544219970703, 0.0018815994262695312, 0.0009715557098388672, 0.0009818077087402344, 0.0011458396911621094, 0.001287221908569336, 0.00106048583984375, 0.0009970664978027344], [0.0011372566223144531, 0.0008175373077392578, 0.0006961822509765625, 0.0006108283996582031, 0.0008192062377929688, 0.000667572021484375, 0.0007569789886474609, 0.0007131099700927734], 0.0022580623626708984], [0.3827090263366699, 0.028717756271362305, [0.05001688003540039, 0.04353976249694824, 0.04249453544616699, 0.036481380462646484, 0.04543018341064453, 0.04207301139831543, 0.040320634841918945, 0.03908061981201172], [0.0014505386352539062, 0.0012748241424560547, 0.0009634494781494141, 0.0011324882507324219, 0.0007991790771484375, 0.0007350444793701172, 0.0007240772247314453, 0.0007791519165039062], [0.0009686946868896484, 0.0006625652313232422, 0.0005502700805664062, 0.0006518363952636719, 0.0006513595581054688, 0.000553131103515625, 0.00039577484130859375, 0.0004961490631103516], 0.001710653305053711]]], "map_execution": [3.0982511043548584], "map_invoke": [[0.4923098087310791, 0.5842843055725098, 0.5892534255981445, 0.5008363723754883]], "create_reduce_data": [0.17910051345825195], "reduce_iterdata_times": [0.17831206321716309], "reduce_queries_times": [[0.04352211952209473]], "reduce_execution_times": [3.176636219024658], "reduce_invoke": [[0.6262292861938477]], "divide_reduce_times": [0.0001232624053955078], "total_querying_times": [6.672835826873779], "recalls": [[80.0, 90.0, 90.0, 30.0, 80.0, 70.0, 90.0, 40.0, 40.0, 60.0, 40.0, 90.0, 100.0, 100.0, 90.0, 100.0, 20.0, 100.0, 50.0, 60.0, 100.0, 100.0, 100.0, 80.0, 40.0, 50.0, 80.0, 90.0, 80.0, 90.0, 50.0, 50.0, 30.0, 70.0, 50.0, 80.0, 30.0, 100.0, 80.0, 70.0, 50.0, 100.0, 40.0, 100.0, 100.0, 20.0, 40.0, 50.0, 50.0, 50.0, 70.0, 80.0, 60.0, 30.0, 30.0, 80.0, 100.0, 40.0, 100.0, 100.0, 60.0, 80.0, 40.0, 20.0, 60.0, 100.0, 50.0, 50.0, 70.0, 70.0, 10.0, 80.0, 60.0, 100.0, 70.0, 70.0, 70.0, 100.0, 90.0, 70.0, 20.0, 100.0, 100.0, 90.0, 40.0, 20.0, 100.0, 100.0, 100.0, 80.0, 10.0, 10.0, 100.0, 10.0, 80.0, 20.0, 100.0, 90.0, 50.0, 100.0, 90.0, 70.0, 80.0, 70.0, 10.0, 50.0, 70.0, 100.0, 30.0, 100.0, 50.0, 10.0, 50.0, 70.0, 30.0, 90.0, 100.0, 10.0, 20.0, 70.0, 100.0, 100.0, 90.0, 100.0, 50.0, 70.0, 80.0, 90.0, 70.0, 30.0, 20.0, 50.0, 0.0, 60.0, 40.0, 30.0, 100.0, 40.0, 80.0, 60.0, 40.0, 40.0, 100.0, 100.0, 70.0, 30.0, 80.0, 30.0, 40.0, 100.0, 90.0, 100.0, 70.0, 30.0, 90.0, 100.0, 30.0, 80.0, 100.0, 50.0, 90.0, 90.0, 70.0, 100.0, 50.0, 60.0, 80.0, 50.0, 60.0, 50.0, 50.0, 50.0, 100.0, 90.0, 80.0, 100.0, 70.0, 20.0, 100.0, 90.0, 70.0, 50.0, 40.0, 80.0, 80.0, 70.0, 100.0, 90.0, 70.0, 50.0, 70.0, 100.0, 20.0, 100.0, 70.0, 50.0, 50.0, 100.0, 100.0, 20.0, 70.0, 70.0, 0.0, 30.0, 80.0, 70.0, 40.0, 10.0, 40.0, 30.0, 100.0, 80.0, 40.0, 100.0, 90.0, 30.0, 90.0, 100.0, 50.0, 10.0, 80.0, 100.0, 60.0, 30.0, 70.0, 50.0, 70.0, 20.0, 60.0, 100.0, 100.0, 0.0, 30.0, 20.0, 80.0, 20.0, 30.0, 30.0, 60.0, 80.0, 40.0, 100.0, 10.0, 100.0, 40.0, 70.0, 70.0, 100.0, 70.0, 70.0, 70.0, 100.0, 40.0, 100.0, 30.0, 100.0, 80.0, 100.0, 100.0, 40.0, 80.0, 0.0, 100.0, 80.0, 70.0, 0.0, 70.0, 90.0, 60.0, 20.0, 50.0, 70.0, 90.0, 80.0, 20.0, 90.0, 100.0, 80.0, 90.0, 90.0, 60.0, 60.0, 50.0, 10.0, 70.0, 60.0, 60.0, 100.0, 60.0, 100.0, 100.0, 40.0, 10.0, 70.0, 60.0, 80.0, 40.0, 100.0, 100.0, 10.0, 100.0, 20.0, 50.0, 70.0, 60.0, 100.0, 40.0, 80.0, 90.0, 50.0, 80.0, 70.0, 90.0, 20.0, 70.0, 70.0, 50.0, 60.0, 100.0, 40.0, 100.0, 60.0, 100.0, 90.0, 40.0, 100.0, 100.0, 20.0, 70.0, 40.0, 60.0, 70.0, 100.0, 90.0, 40.0, 70.0, 60.0, 70.0, 90.0, 80.0, 100.0, 100.0, 40.0, 70.0, 60.0, 100.0, 20.0, 60.0, 60.0, 80.0, 90.0, 90.0, 30.0, 20.0, 70.0, 50.0, 100.0, 90.0, 90.0, 70.0, 80.0, 10.0, 60.0, 20.0, 50.0, 100.0, 30.0, 0.0, 80.0, 50.0, 30.0, 10.0, 70.0, 50.0, 20.0, 100.0, 80.0, 100.0, 100.0, 10.0, 50.0, 20.0, 100.0, 90.0, 100.0, 100.0, 40.0, 90.0, 40.0, 70.0, 90.0, 50.0, 100.0, 40.0, 40.0, 60.0, 90.0, 80.0, 90.0, 90.0, 30.0, 80.0, 100.0, 50.0, 40.0, 0.0, 50.0, 50.0, 100.0, 90.0, 70.0, 100.0, 60.0, 50.0, 100.0, 50.0, 90.0, 60.0, 100.0, 80.0, 40.0, 80.0, 90.0, 60.0, 20.0, 80.0, 40.0, 100.0, 70.0, 100.0, 60.0, 100.0, 80.0, 90.0, 90.0, 50.0, 80.0, 70.0, 100.0, 50.0, 50.0, 80.0, 30.0, 90.0, 100.0, 70.0, 70.0, 20.0, 30.0, 80.0, 60.0, 100.0, 20.0, 10.0, 90.0, 70.0, 70.0, 40.0, 0.0, 100.0, 100.0, 60.0, 20.0, 100.0, 100.0, 80.0, 90.0, 70.0, 50.0, 0.0, 90.0, 100.0, 80.0, 20.0, 100.0, 100.0, 30.0, 100.0, 90.0, 100.0, 100.0, 20.0, 90.0, 60.0, 70.0, 70.0, 100.0, 100.0, 100.0, 100.0, 60.0, 70.0, 100.0, 100.0, 50.0, 60.0, 20.0, 100.0, 90.0, 90.0, 50.0, 70.0, 100.0, 100.0, 20.0, 30.0, 100.0, 50.0, 20.0, 0.0, 40.0, 100.0, 60.0, 30.0, 10.0, 30.0, 90.0, 100.0, 50.0, 100.0, 70.0, 70.0, 10.0, 100.0, 40.0, 60.0, 20.0, 100.0, 100.0, 40.0, 90.0, 80.0, 10.0, 50.0, 0.0, 90.0, 50.0, 30.0, 90.0, 100.0, 100.0, 60.0, 70.0, 70.0, 80.0, 100.0, 60.0, 80.0, 100.0, 40.0, 50.0, 100.0, 0.0, 80.0, 50.0, 100.0, 90.0, 50.0, 80.0, 80.0, 100.0, 0.0, 100.0, 60.0, 70.0, 0.0, 70.0, 100.0, 40.0, 100.0, 50.0, 60.0, 70.0, 50.0, 10.0, 50.0, 50.0, 100.0, 10.0, 60.0, 100.0, 30.0, 100.0, 60.0, 30.0, 0.0, 40.0, 60.0, 40.0, 40.0, 40.0, 30.0, 60.0, 100.0, 100.0, 80.0, 60.0, 100.0, 90.0, 40.0, 100.0, 90.0, 70.0, 40.0, 60.0, 90.0, 100.0, 100.0, 30.0, 100.0, 100.0, 40.0, 70.0, 100.0, 50.0, 50.0, 50.0, 100.0, 50.0, 50.0, 70.0, 10.0, 20.0, 20.0, 70.0, 20.0, 100.0, 40.0, 100.0, 50.0, 0.0, 80.0, 100.0, 20.0, 70.0, 60.0, 100.0, 20.0, 0.0, 20.0, 90.0, 50.0, 90.0, 50.0, 90.0, 100.0, 80.0, 80.0, 70.0, 70.0, 40.0, 90.0, 90.0, 100.0, 90.0, 100.0, 90.0, 30.0, 100.0, 100.0, 80.0, 80.0, 90.0, 70.0, 50.0, 20.0, 50.0, 50.0, 100.0, 60.0, 100.0, 50.0, 70.0, 30.0, 90.0, 70.0, 50.0, 90.0, 100.0, 100.0, 30.0, 20.0, 80.0, 90.0, 10.0, 40.0, 50.0, 40.0, 90.0, 70.0, 40.0, 50.0, 100.0, 100.0, 100.0, 80.0, 100.0, 30.0, 70.0, 80.0, 60.0, 80.0, 30.0, 90.0, 100.0, 80.0, 90.0, 90.0, 90.0, 80.0, 90.0, 30.0, 80.0, 80.0, 90.0, 30.0, 60.0, 100.0, 100.0, 40.0, 50.0, 30.0, 40.0, 60.0, 90.0, 40.0, 100.0, 50.0, 90.0, 70.0, 90.0, 90.0, 100.0, 100.0, 60.0, 60.0, 60.0, 40.0, 80.0, 100.0, 30.0, 100.0, 50.0, 90.0, 100.0, 100.0, 90.0, 60.0, 100.0, 100.0, 50.0, 80.0, 100.0, 90.0, 40.0, 70.0, 50.0, 100.0, 100.0, 90.0, 80.0, 30.0, 80.0, 30.0, 90.0, 90.0, 60.0, 100.0, 100.0, 60.0, 60.0, 100.0, 0.0, 30.0, 80.0, 40.0, 30.0, 80.0, 60.0, 100.0, 100.0, 80.0, 30.0, 50.0, 50.0, 40.0, 30.0, 10.0, 90.0, 90.0, 60.0, 30.0, 40.0, 80.0, 