{"shuffle_centroids_times": [0.026128292083740234], "map_iterdata_times": [0.20730042457580566], "create_map_data": [0.27939295768737793], "map_queries_times": [[[0.3026456832885742, 0.05779862403869629, [0.04504132270812988, 0.04906511306762695, 0.05557870864868164, 0.045754194259643555], [0.0010647773742675781, 0.001210927963256836, 0.0018262863159179688, 0.0012290477752685547], [0.0032682418823242188, 0.0056192874908447266, 0.013354301452636719, 0.006644487380981445], 0.015157461166381836], [0.32058167457580566, 0.0641937255859375, [0.05305624008178711, 0.05128026008605957, 0.04618239402770996, 0.05178976058959961], [0.0013740062713623047, 0.0018029212951660156, 0.0013718605041503906, 0.0014717578887939453], [0.007165670394897461, 0.007564067840576172, 0.009075164794921875, 0.00757145881652832], 0.016640186309814453], [0.31639862060546875, 0.06296205520629883, [0.0501246452331543, 0.04627037048339844, 0.057491302490234375, 0.05191159248352051], [0.0014989376068115234, 0.0017693042755126953, 0.0023827552795410156, 0.0016350746154785156], [0.005435466766357422, 0.0041141510009765625, 0.009234428405761719, 0.00871586799621582], 0.01280832290649414], [0.29647135734558105, 0.061299800872802734, [0.0537266731262207, 0.048415184020996094, 0.05029702186584473, 0.043671607971191406], [0.0015323162078857422, 0.0022351741790771484, 0.002089977264404297, 0.0015635490417480469], [0.007422208786010742, 0.0048067569732666016, 0.004525423049926758, 0.0034089088439941406], 0.011433839797973633]]], "map_execution": [3.1943652629852295], "map_invoke": [[0.5434718132019043, 0.5777685642242432, 0.6321978569030762, 0.6452555656433105]], "create_reduce_data": [0.2522313594818115], "reduce_iterdata_times": [0.25148653984069824], "reduce_queries_times": [[0.14776158332824707]], "reduce_execution_times": [3.1317474842071533], "reduce_invoke": [[0.5794386863708496]], "divide_reduce_times": [0.00010204315185546875], "total_querying_times": [6.857839345932007], "recalls": [[100.0, 100.0, 100.0, 80.0, 100.0, 100.0, 90.0, 90.0, 90.0, 100.0, 100.0, 90.0, 100.0, 100.0, 100.0, 100.0, 80.0, 100.0, 100.0, 100.0, 100.0, 100.0, 100.0, 100.0, 90.0, 80.0, 100.0, 90.0, 100.0, 100.0, 70.0, 100.0, 80.0, 100.0, 100.0, 100.0, 100.0, 100.0, 100.0, 80.0, 90.0, 100.0, 100.0, 100.0, 90.0, 90.0, 100.0, 90.0, 90.0, 80.0, 90.0, 90.0, 100.0, 100.0, 100.0, 100.0, 100.0, 100.0, 100.0, 100.0, 100.0, 100.0, 100.0, 60.0, 100.0, 100.0, 100.0, 90.0, 90.0, 80.0, 100.0, 100.0, 90.0, 100.0, 100.0, 100.0, 100.0, 100.0, 90.0, 100.0, 90.0, 100.0, 100.0, 100.0, 90.0, 100.0, 100.0, 100.0, 100.0, 100.0, 100.0, 60.0, 100.0, 80.0, 100.0, 90.0, 100.0, 100.0, 80.0, 100.0, 90.0, 90.0, 100.0, 80.0, 80.0, 90.0, 100.0, 100.0, 80.0, 100.0, 90.0, 90.0, 70.0, 100.0, 100.0, 90.0, 100.0, 100.0, 100.0, 70.0, 100.0, 100.0, 100.0, 100.0, 90.0, 100.0, 100.0, 90.0, 90.0, 90.0, 90.0, 100.0, 90.0, 80.0, 100.0, 80.0, 100.0, 100.0, 90.0, 100.0, 90.0, 90.0, 100.0, 100.0, 70.0, 100.0, 90.0, 100.0, 100.0, 100.0, 100.0, 100.0, 100.0, 80.0, 100.0, 100.0, 100.0, 100.0, 100.0, 100.0, 100.0, 100.0, 100.0, 100.0, 100.0, 100.0, 100.0, 80.0, 70.0, 90.0, 100.0, 80.0, 100.0, 100.0, 100.0, 100.0, 100.0, 100.0, 100.0, 80.0, 100.0, 100.0, 100.0, 100.0, 100.0, 90.0, 100.0, 100.0, 80.0, 100.0, 90.0, 100.0, 80.0, 100.0, 90.0, 90.0, 90.0, 100.0, 100.0, 70.0, 100.0, 80.0, 100.0, 100.0, 90.0, 100.0, 100.0, 100.0, 100.0, 90.0, 100.0, 100.0, 100.0, 100.0, 100.0, 100.0, 100.0, 100.0, 100.0, 100.0, 100.0, 100.0, 100.0, 100.0, 100.0, 90.0, 100.0, 100.0, 100.0, 100.0, 100.0, 90.0, 90.0, 100.0, 100.0, 90.0, 90.0, 100.0, 90.0, 100.0, 100.0, 100.0, 100.0, 100.0, 100.0, 80.0, 100.0, 100.0, 100.0, 80.0, 100.0, 100.0, 100.0, 100.0, 90.0, 90.0, 90.0, 100.0, 100.0, 100.0, 100.0, 100.0, 100.0, 100.0, 80.0, 90.0, 100.0, 100.0, 90.0, 80.0, 100.0, 100.0, 100.0, 100.0, 90.0, 100.0, 100.0, 100.0, 100.0, 100.0, 100.0, 90.0, 100.0, 100.0, 90.0, 100.0, 80.0, 100.0, 100.0, 100.0, 100.0, 80.0, 100.0, 70.0, 80.0, 90.0, 80.0, 100.0, 100.0, 100.0, 90.0, 100.0, 100.0, 80.0, 90.0, 90.0, 100.0, 100.0, 100.0, 90.0, 80.0, 90.0, 100.0, 100.0, 100.0, 90.0, 100.0, 100.0, 100.0, 70.0, 100.0, 100.0, 100.0, 100.0, 100.0, 100.0, 100.0, 90.0, 100.0, 100.0, 100.0, 100.0, 100.0, 100.0, 90.0, 100.0, 100.0, 70.0, 100.0, 100.0, 100.0, 100.0, 100.0, 100.0, 100.0, 100.0, 100.0, 100.0, 90.0, 100.0, 100.0, 100.0, 100.0, 80.0, 100.0, 100.0, 90.0, 90.0, 100.0, 100.0, 100.0, 90.0, 100.0, 100.0, 90.0, 90.0, 100.0, 100.0, 100.0, 90.0, 90.0, 100.0, 100.0, 100.0, 100.0, 100.0, 80.0, 100.0, 100.0, 100.0, 90.0, 100.0, 100.0, 90.0, 70.0, 100.0, 80.0, 100.0, 100.0, 100.0, 100.0, 90.0, 90.0, 100.0, 100.0, 90.0, 90.0, 90.0, 90.0, 100.0, 70.0, 100.0, 100.0, 100.0, 100.0, 100.0, 100.0, 100.0, 100.0, 90.0, 100.0, 80.0, 100.0, 100.0, 100.0, 100.0, 100.0, 80.0, 100.0, 100.0, 100.0, 90.0, 100.0, 100.0, 100.0, 100.0, 90.0, 90.0, 100.0, 100.0, 100.0, 100.0, 100.0, 100.0, 100.0, 100.0, 70.0, 90.0, 100.0, 80.0, 100.0, 100.0, 90.0, 100.0, 100.0, 100.0, 100.0, 90.0, 100.0, 100.0, 90.0, 100.0, 100.0, 80.0, 80.0, 100.0, 100.0, 100.0, 100.0, 100.0, 100.0, 90.0, 100.0, 100.0, 100.0, 100.0, 90.0, 100.0, 100.0, 90.0, 100.0, 100.0, 100.0, 100.0, 100.0, 100.0, 100.0, 100.0, 100.0, 100.0, 100.0, 80.0, 90.0, 100.0, 90.0, 70.0, 100.0, 100.0, 100.0, 90.0, 90.0, 100.0, 100.0, 100.0, 80.0, 100.0, 90.0, 100.0, 100.0, 100.0, 90.0, 100.0, 100.0, 100.0, 90.0, 60.0, 100.0, 90.0, 100.0, 100.0, 100.0, 100.0, 100.0, 100.0, 100.0, 100.0, 100.0, 100.0, 80.0, 100.0, 80.0, 100.0, 100.0, 100.0, 100.0, 90.0, 100.0, 100.0, 100.0, 100.0, 100.0, 90.0, 70.0, 100.0, 70.0, 100.0, 100.0, 90.0, 100.0, 100.0, 100.0, 100.0, 100.0, 90.0, 100.0, 100.0, 100.0, 100.0, 100.0, 100.0, 90.0, 100.0, 80.0, 100.0, 90.0, 100.0, 100.0, 100.0, 90.0, 100.0, 100.0, 80.0, 100.0, 100.0, 90.0, 100.0, 100.0, 100.0, 90.0, 100.0, 100.0, 60.0, 90.0, 80.0, 90.0, 90.0, 100.0, 80.0, 70.0, 80.0, 90.0, 90.0, 100.0, 100.0, 100.0, 100.0, 90.0, 90.0, 100.0, 90.0, 90.0, 100.0, 80.0, 100.0, 100.0, 100.0, 100.0, 100.0, 80.0, 100.0, 100.0, 100.0, 90.0, 100.0, 100.0, 100.0, 100.0, 100.0, 100.0, 100.0, 100.0, 100.0, 100.0, 100.0, 90.0, 100.0, 100.0, 100.0, 100.0, 80.0, 100.0, 100.0, 90.0, 100.0, 100.0, 100.0, 100.0, 100.0, 100.0, 100.0, 90.0, 100.0, 100.0, 100.0, 100.0, 90.0, 100.0, 100.0, 100.0, 100.0, 100.0, 100.0, 80.0, 90.0, 100.0, 100.0, 90.0, 100.0, 100.0, 80.0, 100.0, 100.0, 100.0, 100.0, 100.0, 100.0, 100.0, 90.0, 100.0, 100.0, 100.0, 100.0, 100.0, 100.0, 100.0, 90.0, 100.0, 70.0, 100.0, 100.0, 100.0, 100.0, 80.0, 100.0, 100.0, 90.0, 100.0, 100.0, 100.0, 100.0, 80.0, 90.0, 90.0, 90.0, 80.0, 100.0, 100.0, 70.0, 80.0, 90.0, 100.0, 100.0, 100.0, 90.0, 100.0, 100.0, 100.0, 90.0, 80.0, 100.0, 90.0, 70.0, 100.0, 100.0, 80.0, 100.0, 100.0, 100.0, 100.0, 100.0, 100.0, 100.0, 100.0, 90.0, 90.0, 90.0, 100.0, 100.0, 100.0, 90.0, 100.0, 80.0, 100.0, 100.0, 100.0, 100.0, 100.0, 80.0, 100.0, 100.0, 90.0, 100.0, 100.0, 100.0, 80.0, 100.0, 100.0, 100.0, 100.0, 100.0, 100.0, 100.0, 90.0, 100.0, 100.0, 100.0, 100.0, 100.0, 100.0, 100.0, 90.0, 90.0, 100.0, 100.0, 100.0, 90.0, 100.0, 100.0, 90.0, 100.0, 100.0, 100.0, 90.0, 90.0, 90.0, 100.0, 100.0, 100.0, 100.0, 70.0, 80.0, 100.0, 90.0, 100.0, 100.0, 100.0, 100.0, 70.0, 60.0, 100.0, 100.0, 100.0, 90.0, 90.0, 100.0, 100.0, 100.0, 100.0, 100.0, 100.0, 100.0, 100.0, 90.0, 90.0, 70.0, 100.0, 100.0, 100.0, 100.0, 100.0, 90.0, 80.0, 100.0, 100.0, 60.0, 100.0, 70.0, 100.0, 100.0, 100.0, 100.0, 80.0, 60.0, 100.0, 100.0, 100.0, 90.0, 100.0, 90.0, 90.0, 80.0, 90.0, 100.0, 100.0, 80.0, 100.0, 100.0, 100.0, 100.0, 90.0, 100.0, 90.0, 100.0, 90.0, 70.0, 90.0, 100.0, 100.0, 100.0, 100.0, 100.0, 90.0, 90.0, 100.0, 100.0, 100.0, 100.0, 100.0, 80.0, 90.0, 80.0, 90.0, 100.0, 100.0, 100.0, 100.0, 90.0, 100.0, 100.0, 100.0, 90.0, 100.0, 100.0, 100.0, 100.0, 100.0, 100.0, 100.0, 90.0, 100.0, 100.0, 100.0, 100.0, 100.0, 100.0, 100.0, 100.0, 100.0, 100.0, 100.0, 100.0, 100.0, 90.0, 100.0, 80.0, 100.0, 100.0, 90.0, 90.0, 100.0, 100.0, 100.0, 50.0, 100.0, 100.0, 100.0, 100.0, 100.0, 100.0, 