{"shuffle_centroids_times": [0.04410123825073242], "map_iterdata_times": [0.8967781066894531], "create_map_data": [1.0542283058166504], "map_queries_times": [[[1.478151798248291, 0.5007743835449219, [0.041605234146118164, 0.04175066947937012, 0.04138994216918945, 0.039766788482666016, 0.051148176193237305, 0.03899574279785156, 0.04129314422607422, 0.03514575958251953, 0.0401308536529541, 0.037378787994384766, 0.040535688400268555, 0.0415349006652832, 0.03922438621520996, 0.04122471809387207, 0.04550671577453613, 0.03869462013244629], [0.0007395744323730469, 0.0006923675537109375, 0.0006709098815917969, 0.0007531642913818359, 0.0007147789001464844, 0.0006315708160400391, 0.0008389949798583984, 0.0007348060607910156, 0.0008363723754882812, 0.0008356571197509766, 0.0007071495056152344, 0.0007233619689941406, 0.0006580352783203125, 0.000690460205078125, 0.0007083415985107422, 0.0007524490356445312], [0.018202781677246094, 0.010869503021240234, 0.012089252471923828, 0.010636329650878906, 0.011435747146606445, 0.011976003646850586, 0.01086282730102539, 0.01279759407043457, 0.010893583297729492, 0.011560678482055664, 0.01307821273803711, 0.010788917541503906, 0.011193275451660156, 0.011627435684204102, 0.010653972625732422, 0.011714696884155273], 0.11986970901489258], [1.3983752727508545, 0.43277406692504883, [0.04154348373413086, 0.04643416404724121, 0.03553032875061035, 0.0424351692199707, 0.046094655990600586, 0.04591703414916992, 0.04279613494873047, 0.03847074508666992, 0.03808999061584473, 0.07818388938903809, 0.04825949668884277, 0.03467106819152832, 0.04492998123168945, 0.04906296730041504, 0.038726806640625, 0.03943300247192383], [0.0005691051483154297, 0.0005419254302978516, 0.0005676746368408203, 0.0005342960357666016, 0.0006213188171386719, 0.0005593299865722656, 0.0005702972412109375, 0.0005536079406738281, 0.0006051063537597656, 0.000518798828125, 0.0006358623504638672, 0.0006074905395507812, 0.0005621910095214844, 0.0006144046783447266, 0.0005693435668945312, 0.0005221366882324219], [0.013165473937988281, 0.008861303329467773, 0.00977015495300293, 0.008441448211669922, 0.009182214736938477, 0.010000467300415039, 0.008769035339355469, 0.009432554244995117, 0.008270025253295898, 0.008140325546264648, 0.009245872497558594, 0.009042501449584961, 0.007964372634887695, 0.010499954223632812, 0.00840306282043457, 0.008936643600463867], 0.0976417064666748], [1.5023438930511475, 0.5020675659179688, [0.05054283142089844, 0.04938673973083496, 0.04279780387878418, 0.05719470977783203, 0.03953361511230469, 0.04680681228637695, 0.03534388542175293, 0.039399147033691406, 0.03545570373535156, 0.03945422172546387, 0.04915356636047363, 0.032732248306274414, 0.03889751434326172, 0.03474617004394531, 0.038072824478149414, 0.043730974197387695], [0.0007703304290771484, 0.0007922649383544922, 0.0006535053253173828, 0.0007967948913574219, 0.0006740093231201172, 0.0007429122924804688, 0.0007073879241943359, 0.0008018016815185547, 0.0007448196411132812, 0.0006625652313232422, 0.0006575584411621094, 0.0006964206695556641, 0.0007600784301757812, 0.0006477832794189453, 0.0006721019744873047, 0.0006690025329589844], [0.01693868637084961, 0.012151718139648438, 0.012346029281616211, 0.010701417922973633, 0.011852264404296875, 0.012349843978881836, 0.011119604110717773, 0.0123138427734375, 0.010792255401611328, 0.010946512222290039, 0.011852741241455078, 0.011658906936645508, 0.011298894882202148, 0.012916088104248047, 0.014378786087036133, 0.011626482009887695], 0.1202082633972168], [1.2673637866973877, 0.4394702911376953, [0.036337852478027344, 0.0366363525390625, 0.035816192626953125, 0.03609204292297363, 0.03956866264343262, 0.03313136100769043, 0.041489362716674805, 0.041819095611572266, 0.04262232780456543, 0.03357076644897461, 0.03373003005981445, 0.035166263580322266, 0.035951852798461914, 0.029706239700317383, 0.032991886138916016, 0.031064510345458984], [0.0004994869232177734, 0.0006368160247802734, 0.0006067752838134766, 0.0006883144378662109, 0.0005433559417724609, 0.0005993843078613281, 0.0006449222564697266, 0.0005793571472167969, 0.0006210803985595703, 0.0005593299865722656, 0.0005629062652587891, 0.0005819797515869141, 0.0005512237548828125, 0.0006206035614013672, 0.0005869865417480469, 0.0005693435668945312], [0.013478279113769531, 0.009021282196044922, 0.009036540985107422, 0.008214712142944336, 0.00853276252746582, 0.00931859016418457, 0.009385108947753906, 0.009366989135742188, 0.008313179016113281, 0.008097410202026367, 0.00964212417602539, 0.00880885124206543, 0.008666515350341797, 0.009528636932373047, 0.008032798767089844, 0.008773326873779297], 0.09642291069030762]]], "map_execution": [5.129500865936279], "map_invoke": [[0.4582788944244385, 0.40488266944885254, 0.4960484504699707, 0.40353846549987793]], "create_reduce_data": [0.23614144325256348], "reduce_iterdata_times": [0.23523640632629395], "reduce_queries_times": [[0.16147756576538086]], "reduce_execution_times": [3.2001821994781494], "reduce_invoke": [[0.5620822906494141]], "divide_reduce_times": [0.00012540817260742188], "total_querying_times": [9.620178461074829],