{"shuffle_centroids_times": [0.03726935386657715], "map_iterdata_times": [0.9577805995941162], "create_map_data": [1.0411615371704102], "map_queries_times": [[[1.4117112159729004, 0.338334321975708, [0.03992891311645508, 0.048427581787109375, 0.048681020736694336, 0.04380226135253906, 0.03992962837219238, 0.0412142276763916, 0.04356956481933594, 0.0386960506439209, 0.06709814071655273, 0.060092926025390625, 0.041019439697265625, 0.0391995906829834, 0.04103589057922363, 0.03481554985046387, 0.04109454154968262, 0.04864001274108887], [0.0006856918334960938, 0.0007147789001464844, 0.0007243156433105469, 0.0007653236389160156, 0.0007479190826416016, 0.0006768703460693359, 0.0008535385131835938, 0.0007951259613037109, 0.0008306503295898438, 0.0008437633514404297, 0.0007364749908447266, 0.0007722377777099609, 0.000705718994140625, 0.0006971359252929688, 0.0007443428039550781, 0.0007894039154052734], [0.006078481674194336, 0.014915227890014648, 0.010306119918823242, 0.004083156585693359, 0.012040138244628906, 0.005531787872314453, 0.010892868041992188, 0.010097742080688477, 0.012407302856445312, 0.01150655746459961, 0.011112213134765625, 0.011962652206420898, 0.009811639785766602, 0.009709835052490234, 0.012277364730834961, 0.011063814163208008], 0.18012237548828125], [1.2607827186584473, 0.32368969917297363, [0.045833587646484375, 0.0401310920715332, 0.03788328170776367, 0.03806447982788086, 0.03539705276489258, 0.040723323822021484, 0.037026405334472656, 0.03841257095336914, 0.04319143295288086, 0.03785824775695801, 0.036867380142211914, 0.03807401657104492, 0.03942418098449707, 0.0430150032043457, 0.04036140441894531, 0.0344386100769043], [0.0006177425384521484, 0.0006315708160400391, 0.0006000995635986328, 0.0005462169647216797, 0.0006237030029296875, 0.0005822181701660156, 0.0005784034729003906, 0.0005650520324707031, 0.0005872249603271484, 0.0005407333374023438, 0.0006930828094482422, 0.0006241798400878906, 0.0005507469177246094, 0.00072479248046875, 0.0005505084991455078, 0.0005695819854736328], [0.01274561882019043, 0.009518861770629883, 0.010638713836669922, 0.008620738983154297, 0.0067937374114990234, 0.009891748428344727, 0.00809168815612793, 0.009003877639770508, 0.008799552917480469, 0.008091211318969727, 0.009308099746704102, 0.010729074478149414, 0.007251262664794922, 0.00759434700012207, 0.009294748306274414, 0.007915496826171875], 0.1564028263092041], [1.058213233947754, 0.2510387897491455, [0.039844512939453125, 0.03145718574523926, 0.04009556770324707, 0.04125189781188965, 0.039806365966796875, 0.03471064567565918, 0.031023025512695312, 0.03937077522277832, 0.037880897521972656, 0.037268877029418945, 0.03478693962097168, 0.04248356819152832, 0.0362095832824707, 0.039214134216308594, 0.04071331024169922, 0.04616212844848633], [0.0005624294281005859, 0.0006577968597412109, 0.000579833984375, 0.0006339550018310547, 0.0005488395690917969, 0.00063323974609375, 0.0005524158477783203, 0.0006415843963623047, 0.0006432533264160156, 0.000553131103515625, 0.0005309581756591797, 0.0006186962127685547, 0.000568389892578125, 0.0005369186401367188, 0.0005614757537841797, 0.000553131103515625], [0.005881309509277344, 0.007799625396728516, 0.010306835174560547, 0.00790095329284668, 0.008544921875, 0.008770227432250977, 0.004013538360595703, 0.0048999786376953125, 0.007904767990112305, 0.008000612258911133, 0.007914543151855469, 0.006898403167724609, 0.00542140007019043, 0.004548788070678711, 0.0046427249908447266, 0.005756378173828125], 0.0762183666229248], [1.0141637325286865, 0.18601417541503906, [0.04498696327209473, 0.04294753074645996, 0.04250907897949219, 0.042372941970825195, 0.037880897521972656, 0.04341697692871094, 0.04009652137756348, 0.037886619567871094, 0.042619943618774414, 0.032555580139160156, 0.03588581085205078, 0.038816213607788086, 0.04682135581970215, 0.04572796821594238, 0.034828901290893555, 0.04412412643432617], [0.0005745887756347656, 0.0006821155548095703, 0.0007941722869873047, 0.0006563663482666016, 0.00074005126953125, 0.0006906986236572266, 0.0006935596466064453, 0.0007662773132324219, 0.0007357597351074219, 0.0006787776947021484, 0.0007603168487548828, 0.0007832050323486328, 0.0007755756378173828, 0.0008089542388916016, 0.0007026195526123047, 0.0007450580596923828], [0.007742881774902344, 0.005802154541015625, 0.006867885589599609, 0.005514621734619141, 0.0041124820709228516, 0.008083820343017578, 0.008693218231201172, 0.010376453399658203, 0.007560014724731445, 0.008339881896972656, 0.0048525333404541016, 0.006268739700317383, 0.005087852478027344, 0.004734039306640625, 0.004468679428100586, 0.001577138900756836], 0.06287932395935059]]], "map_execution": [3.164534330368042], "map_invoke": [[0.6122517585754395, 0.5103979110717773, 0.5205497741699219, 0.6250860691070557]], "create_reduce_data": [0.1828291416168213], "reduce_iterdata_times": [0.18198466300964355], "reduce_queries_times": [[0.07061314582824707]], "reduce_execution_times": [3.0763003826141357], "reduce_invoke": [[0.537895917892456]], "divide_reduce_times": [9.298324584960938e-05], "total_querying_times": [7.464918613433838],