{"shuffle_centroids_times": [0.03264904022216797], "map_iterdata_times": [0.14917540550231934], "create_map_data": [0.22838807106018066], "map_queries_times": [[[0.7051692008972168, 0.02905106544494629, [0.05286002159118652, 0.04304385185241699, 0.03773689270019531, 0.0440523624420166, 0.03889727592468262, 0.042958736419677734, 0.04056835174560547, 0.037261247634887695, 0.03513193130493164, 0.0422511100769043, 0.04427194595336914, 0.03630661964416504, 0.04030203819274902, 0.03333544731140137, 0.044632673263549805, 0.037032127380371094], [0.0007696151733398438, 0.000762939453125, 0.0007531642913818359, 0.0009002685546875, 0.000682830810546875, 0.0007662773132324219, 0.0008523464202880859, 0.0007510185241699219, 0.0009610652923583984, 0.0008175373077392578, 0.0007526874542236328, 0.0008037090301513672, 0.0007526874542236328, 0.0008141994476318359, 0.0008311271667480469, 0.0007231235504150391], [0.0008933544158935547, 0.000522613525390625, 0.0006010532379150391, 0.0005524158477783203, 0.0004718303680419922, 0.0006003379821777344, 0.0006155967712402344, 0.00048828125, 0.0005767345428466797, 0.00045943260192871094, 0.0006995201110839844, 0.00054168701171875, 0.0004944801330566406, 0.00047326087951660156, 0.0004818439483642578, 0.0005288124084472656], 0.0036711692810058594], [0.6774916648864746, 0.02815842628479004, [0.0431218147277832, 0.0442197322845459, 0.03456830978393555, 0.03807377815246582, 0.039901018142700195, 0.042246341705322266, 0.036151885986328125, 0.03975629806518555, 0.04576849937438965, 0.04425668716430664, 0.036285400390625, 0.03664398193359375, 0.03253173828125, 0.03761124610900879, 0.036226749420166016, 0.04218482971191406], [0.0006144046783447266, 0.0007398128509521484, 0.0007326602935791016, 0.0006742477416992188, 0.0006258487701416016, 0.0007119178771972656, 0.0008285045623779297, 0.0007584095001220703, 0.0006132125854492188, 0.0006794929504394531, 0.0006527900695800781, 0.0006773471832275391, 0.00063323974609375, 0.0006611347198486328, 0.0006289482116699219, 0.0006048679351806641], [0.0006251335144042969, 0.0003521442413330078, 0.0003581047058105469, 0.0004334449768066406, 0.0004227161407470703, 0.0005371570587158203, 0.0003418922424316406, 0.0004801750183105469, 0.0003790855407714844, 0.0004892349243164062, 0.00044226646423339844, 0.0004718303680419922, 0.0003910064697265625, 0.00041103363037109375, 0.0004229545593261719, 0.0003790855407714844], 0.0019173622131347656], [0.6874094009399414, 0.029885530471801758, [0.04053306579589844, 0.03841686248779297, 0.03389549255371094, 0.034071922302246094, 0.044120073318481445, 0.04054570198059082, 0.05290937423706055, 0.04061627388000488, 0.03417229652404785, 0.04083395004272461, 0.03731560707092285, 0.040810346603393555, 0.04018044471740723, 0.04219174385070801, 0.037065982818603516, 0.0367426872253418], [0.0006926059722900391, 0.0008237361907958984, 0.0010349750518798828, 0.0007510185241699219, 0.0007634162902832031, 0.0008184909820556641, 0.000667572021484375, 0.0008559226989746094, 0.0007271766662597656, 0.0006692409515380859, 0.0007190704345703125, 0.0006923675537109375, 0.0008378028869628906, 0.0008652210235595703, 0.0008275508880615234, 0.0009105205535888672], [0.0009508132934570312, 0.0004398822784423828, 0.000492095947265625, 0.0003886222839355469, 0.0005857944488525391, 0.0005524158477783203, 0.00048279762268066406, 0.00043082237243652344, 0.0005514621734619141, 0.0005247592926025391, 0.0004265308380126953, 0.00041794776916503906, 0.0004394054412841797, 0.00046753883361816406, 0.0004940032958984375, 0.0004563331604003906], 0.0022509098052978516], [0.6762995719909668, 0.027223825454711914, [0.04131317138671875, 0.04384326934814453, 0.05082249641418457, 0.03453373908996582, 0.0440213680267334, 0.04220700263977051, 0.03884077072143555, 0.034102439880371094, 0.04074215888977051, 0.04197072982788086, 0.041285037994384766, 0.040435075759887695, 0.03206133842468262, 0.03572249412536621, 0.03577852249145508, 0.03406119346618652], [0.0006086826324462891, 0.0006780624389648438, 0.0005929470062255859, 0.0006382465362548828, 0.0006670951843261719, 0.0006017684936523438, 0.0005915164947509766, 0.0005919933319091797, 0.0006241798400878906, 0.0006015300750732422, 0.0006322860717773438, 0.0006096363067626953, 0.0006113052368164062, 0.0006175041198730469, 0.0006663799285888672, 0.0006847381591796875], [0.0006895065307617188, 0.0003917217254638672, 0.00035452842712402344, 0.00034689903259277344, 0.00034737586975097656, 0.0004241466522216797, 0.00032520294189453125, 0.000396728515625, 0.0003809928894042969, 0.0003464221954345703, 0.00032711029052734375, 0.000293731689453125, 0.00030422210693359375, 0.0003428459167480469, 0.000308990478515625, 0.00022912025451660156], 0.0014264583587646484]]], "map_execution": [3.1012022495269775], "map_invoke": [[0.5928709506988525, 0.4953625202178955, 0.5672926902770996, 0.4993016719818115]], "create_reduce_data": [0.10132932662963867], "reduce_iterdata_times": [0.10056352615356445], "reduce_queries_times": [[0.047727346420288086]], "reduce_execution_times": [3.215207099914551], "reduce_invoke": [[0.6904935836791992]], "divide_reduce_times": [0.00012063980102539062], "total_querying_times": [6.646247625350952],