{"shuffle_centroids_times": [0.030568599700927734], "map_iterdata_times": [0.14806842803955078], "create_map_data": [0.22508811950683594], "map_queries_times": [[[0.6818320751190186, 0.03503251075744629, [0.04744863510131836, 0.0428464412689209, 0.044507741928100586, 0.03321242332458496, 0.03139448165893555, 0.04252505302429199, 0.035578250885009766, 0.03289651870727539, 0.04217052459716797, 0.03916621208190918, 0.039550065994262695, 0.03510308265686035, 0.04878664016723633, 0.03754901885986328, 0.03924250602722168, 0.03647351264953613], [0.000986337661743164, 0.0008604526519775391, 0.0005970001220703125, 0.0005960464477539062, 0.0004744529724121094, 0.0005171298980712891, 0.0005977153778076172, 0.0005638599395751953, 0.0005962848663330078, 0.0006051063537597656, 0.0005319118499755859, 0.00048613548278808594, 0.0005190372467041016, 0.0005543231964111328, 0.0005867481231689453, 0.0005304813385009766], [0.0006668567657470703, 0.0003826618194580078, 0.0004069805145263672, 0.00041413307189941406, 0.0003592967987060547, 0.0004088878631591797, 0.0004105567932128906, 0.0003948211669921875, 0.00040650367736816406, 0.0003294944763183594, 0.0004591941833496094, 0.0003542900085449219, 0.0003039836883544922, 0.0003685951232910156, 0.0003578662872314453, 0.00040531158447265625], 0.002232789993286133], [0.6682460308074951, 0.028613567352294922, [0.04126572608947754, 0.0344393253326416, 0.04457569122314453, 0.03722214698791504, 0.03828573226928711, 0.04343533515930176, 0.03857779502868652, 0.03475356101989746, 0.04275822639465332, 0.04455971717834473, 0.03960275650024414, 0.034915924072265625, 0.032125234603881836, 0.03426218032836914, 0.041413307189941406, 0.03418922424316406], [0.0011510848999023438, 0.0013167858123779297, 0.00070953369140625, 0.0006814002990722656, 0.0006096363067626953, 0.0008766651153564453, 0.0009174346923828125, 0.0008025169372558594, 0.0006277561187744141, 0.000713348388671875, 0.0006318092346191406, 0.0006899833679199219, 0.0006895065307617188, 0.0006799697875976562, 0.0006237030029296875, 0.0006265640258789062], [0.0009331703186035156, 0.0004229545593261719, 0.0004253387451171875, 0.0005238056182861328, 0.00046372413635253906, 0.0006353855133056641, 0.0003447532653808594, 0.0005676746368408203, 0.00043702125549316406, 0.0006010532379150391, 0.0004620552062988281, 0.0005435943603515625, 0.0004265308380126953, 0.0005824565887451172, 0.0005083084106445312, 0.0004324913024902344], 0.0025022029876708984], [0.6687757968902588, 0.03518271446228027, [0.03672170639038086, 0.037652015686035156, 0.04616975784301758, 0.03835129737854004, 0.0391542911529541, 0.04542803764343262, 0.03849625587463379, 0.03934955596923828, 0.03235816955566406, 0.03717684745788574, 0.03741002082824707, 0.03340339660644531, 0.037500619888305664, 0.04320859909057617, 0.035533905029296875, 0.03696775436401367], [0.0009405612945556641, 0.000990152359008789, 0.00072479248046875, 0.0005757808685302734, 0.0005767345428466797, 0.0005939006805419922, 0.0005214214324951172, 0.0005905628204345703, 0.0005521774291992188, 0.000553131103515625, 0.0005426406860351562, 0.0005273818969726562, 0.0006768703460693359, 0.0006730556488037109, 0.0005810260772705078, 0.0006589889526367188], [0.0007750988006591797, 0.00036835670471191406, 0.00037217140197753906, 0.00030040740966796875, 0.0004947185516357422, 0.0003745555877685547, 0.00038123130798339844, 0.0003466606140136719, 0.0004146099090576172, 0.00042438507080078125, 0.0003349781036376953, 0.0002932548522949219, 0.0003733634948730469, 0.0003726482391357422, 0.0004019737243652344, 0.000335693359375], 0.0019843578338623047], [0.6935937404632568, 0.03092217445373535, [0.040476083755493164, 0.04207444190979004, 0.03738117218017578, 0.03677797317504883, 0.04004502296447754, 0.0395350456237793, 0.03817558288574219, 0.04127836227416992, 0.04785585403442383, 0.04114484786987305, 0.03621530532836914, 0.043498992919921875, 0.04368925094604492, 0.03684043884277344, 0.038221120834350586, 0.037314414978027344], [0.00103759765625, 0.0011188983917236328, 0.0006301403045654297, 0.0007276535034179688, 0.0007429122924804688, 0.0006730556488037109, 0.0007443428039550781, 0.0006701946258544922, 0.0006649494171142578, 0.0006043910980224609, 0.0006494522094726562, 0.0006074905395507812, 0.000640869140625, 0.000652313232421875, 0.0007026195526123047, 0.0008351802825927734], [0.0009315013885498047, 0.0004374980926513672, 0.000431060791015625, 0.00043892860412597656, 0.0004239082336425781, 0.0004780292510986328, 0.0003654956817626953, 0.00043702125549316406, 0.0004894733428955078, 0.00037360191345214844, 0.0004551410675048828, 0.0003540515899658203, 0.000396728515625, 0.0004062652587890625, 0.0003955364227294922, 0.0002765655517578125], 0.0032584667205810547]]], "map_execution": [3.190572500228882], "map_invoke": [[0.5494921207427979, 0.6249592304229736, 0.555415153503418, 0.6879374980926514]], "create_reduce_data": [0.16004347801208496], "reduce_iterdata_times": [0.15923237800598145], "reduce_queries_times": [[0.0449676513671875]], "reduce_execution_times": [3.232668876647949], "reduce_invoke": [[0.6943588256835938]], "divide_reduce_times": [0.00010776519775390625], "total_querying_times": [6.808480978012085],