{"shuffle_centroids_times": [0.12491011619567871], "map_iterdata_times": [0.3251075744628906], "create_map_data": [0.49839019775390625], "map_queries_times": [[[15.16956090927124, 0.2579958438873291, [0.7691652774810791, 0.39934468269348145, 0.23053717613220215, 0.5290124416351318, 0.6363239288330078, 0.7497823238372803, 0.9896631240844727, 0.6634383201599121, 0.9063091278076172, 1.4395525455474854, 0.6628129482269287, 1.336927890777588, 0.6510601043701172, 0.9261226654052734, 0.8823721408843994, 0.6378843784332275], [0.10454869270324707, 0.022784948348999023, 0.01717519760131836, 0.01842212677001953, 0.019533872604370117, 0.022957801818847656, 0.03372550010681152, 0.020502328872680664, 0.028032302856445312, 0.05051898956298828, 0.022026777267456055, 0.052176475524902344, 0.021673202514648438, 0.026698589324951172, 0.026967525482177734, 0.018552303314208984], [0.05126166343688965, 0.055526018142700195, 0.02840423583984375, 0.029735088348388672, 0.024920225143432617, 0.07837581634521484, 0.09006834030151367, 0.04783487319946289, 0.01724529266357422, 0.13291597366333008, 0.056676387786865234, 0.09226870536804199, 0.030752182006835938, 0.056058406829833984, 0.05788826942443848, 0.04077768325805664], 0.07801246643066406], [13.760101318359375, 0.20013070106506348, [0.23371553421020508, 0.23456144332885742, 0.2243204116821289, 0.32604193687438965, 0.8878791332244873, 1.0838367938995361, 0.5228898525238037, 0.8311018943786621, 0.4054410457611084, 0.8565194606781006, 0.9348287582397461, 0.9770736694335938, 0.6230418682098389, 0.969106912612915, 1.4002189636230469, 1.1864702701568604], [0.024800777435302734, 0.014172792434692383, 0.01459050178527832, 0.017596721649169922, 0.022945880889892578, 0.02414536476135254, 0.011823415756225586, 0.01563429832458496, 0.009185791015625, 0.017383813858032227, 0.017411470413208008, 0.021113872528076172, 0.011566162109375, 0.02027297019958496, 0.0341951847076416, 0.022194385528564453], [0.03648781776428223, 0.060172319412231445, 0.034868478775024414, 0.021252870559692383, 0.05815005302429199, 0.09223175048828125, 0.02362966537475586, 0.03401041030883789, 0.02108144760131836, 0.034865617752075195, 0.03865861892700195, 0.05114269256591797, 0.027872800827026367, 0.0808863639831543, 0.059355735778808594, 0.07216215133666992], 0.05490517616271973], [10.225780963897705, 0.16060304641723633, [0.2630650997161865, 0.19019293785095215, 0.29721593856811523, 0.15646934509277344, 0.5340332984924316, 0.5898890495300293, 0.7268640995025635, 1.2805912494659424, 0.39943361282348633, 0.5045850276947021, 0.6151199340820312, 0.7153558731079102, 0.38860154151916504, 0.4035060405731201, 0.7075786590576172, 0.8375074863433838], [0.029764652252197266, 0.011316776275634766, 0.020967721939086914, 0.01103973388671875, 0.015281438827514648, 0.013437271118164062, 0.015156984329223633, 0.03186154365539551, 0.009018898010253906, 0.011086225509643555, 0.014110803604125977, 0.014313936233520508, 0.008352279663085938, 0.010633230209350586, 0.013433456420898438, 0.019757986068725586], [0.024943113327026367, 0.008474588394165039, 0.03804898262023926, 0.026889801025390625, 0.012530803680419922, 0.02603435516357422, 0.03455209732055664, 0.026903152465820312, 0.011937141418457031, 0.024515628814697266, 0.03190779685974121, 0.02116847038269043, 0.011795759201049805, 0.014768600463867188, 0.04990863800048828, 0.05104374885559082], 0.04622602462768555], [13.473282098770142, 0.13841748237609863, [0.24989700317382812, 0.2541947364807129, 0.34260034561157227, 1.3418707847595215, 1.1031215190887451, 0.8775818347930908, 0.525606632232666, 0.6666975021362305, 0.7331418991088867, 0.9700412750244141, 0.5212216377258301, 0.6238307952880859, 0.6355671882629395, 0.8410191535949707, 0.5163772106170654, 1.443765640258789], [0.027851343154907227, 0.018829822540283203, 0.028528451919555664, 0.039933204650878906, 0.02290654182434082, 0.019806385040283203, 0.013010263442993164, 0.01472330093383789, 0.01482391357421875, 0.02252054214477539, 0.011147022247314453, 0.012500762939453125, 0.014503717422485352, 0.017052173614501953, 0.011849641799926758, 0.038217782974243164], [0.03492474555969238, 0.029323339462280273, 0.040537118911743164, 0.06896567344665527, 0.030127525329589844, 0.06127357482910156, 0.010181665420532227, 0.030766010284423828, 0.03741884231567383, 0.03828120231628418, 0.018761873245239258, 0.02747201919555664, 0.03673076629638672, 0.019282102584838867, 0.013446569442749023, 0.014867544174194336], 0.037848711013793945]]], "map_execution": [18.29299306869507], "map_invoke": [[0.5871765613555908, 0.5209786891937256, 0.5466618537902832, 0.5160181522369385]], "create_reduce_data": [0.14379024505615234], "reduce_iterdata_times": [0.1419355869293213], "reduce_queries_times": [[0.1926741600036621]], "reduce_execution_times": [3.0761749744415283], "reduce_invoke": [[0.4422624111175537]], "divide_reduce_times": [9.250640869140625e-05], "total_querying_times": [22.011441230773926],