{"shuffle_centroids_times": [0.11513996124267578], "map_iterdata_times": [0.35322999954223633], "create_map_data": [0.516883134841919], "map_queries_times": [[[14.797348499298096, 0.31177282333374023, [0.6253831386566162, 0.2575678825378418, 0.31946444511413574, 0.6103832721710205, 0.6347048282623291, 0.816237211227417, 0.9455037117004395, 0.6218984127044678, 0.9407801628112793, 1.3778600692749023, 0.7308356761932373, 1.2704389095306396, 0.7149217128753662, 0.8671061992645264, 0.9193079471588135, 0.6043322086334229], [0.0775918960571289, 0.015255212783813477, 0.011424064636230469, 0.012693166732788086, 0.013149261474609375, 0.015684843063354492, 0.022716522216796875, 0.013596534729003906, 0.018877506256103516, 0.03582310676574707, 0.014795064926147461, 0.03734326362609863, 0.014500617980957031, 0.018319129943847656, 0.018148183822631836, 0.012396574020385742], [0.05130600929260254, 0.057955026626586914, 0.026131868362426758, 0.03140616416931152, 0.024309396743774414, 0.0658564567565918, 0.1026296615600586, 0.05200004577636719, 0.012259721755981445, 0.16420722007751465, 0.05139946937561035, 0.1166536808013916, 0.039285898208618164, 0.062357187271118164, 0.05971121788024902, 0.0406951904296875], 0.06576156616210938], [13.987711906433105, 0.3260316848754883, [0.2788546085357666, 0.26851391792297363, 0.2659115791320801, 0.2919936180114746, 0.6629254817962646, 1.0471150875091553, 0.5555009841918945, 0.7624666690826416, 0.4123203754425049, 0.8626055717468262, 0.8572244644165039, 1.069016695022583, 0.5350320339202881, 1.0577545166015625, 1.3320939540863037, 1.1741247177124023], [0.03520345687866211, 0.021420955657958984, 0.021134376525878906, 0.025550365447998047, 0.032782554626464844, 0.03485465049743652, 0.017818212509155273, 0.023128509521484375, 0.013472557067871094, 0.025671005249023438, 0.025578737258911133, 0.0305941104888916, 0.01691412925720215, 0.029221773147583008, 0.04916977882385254, 0.033196210861206055], [0.04310345649719238, 0.06693029403686523, 0.02923440933227539, 0.031114816665649414, 0.058470726013183594, 0.08025789260864258, 0.029839277267456055, 0.033934831619262695, 0.026770591735839844, 0.034809112548828125, 0.03481578826904297, 0.050122976303100586, 0.027780771255493164, 0.07183384895324707, 0.056147098541259766, 0.0628821849822998], 0.06789994239807129], [10.443013191223145, 0.2577986717224121, [0.2650127410888672, 0.1930088996887207, 0.2881205081939697, 0.15224051475524902, 0.44701075553894043, 0.6506154537200928, 0.7134666442871094, 1.2816574573516846, 0.4134194850921631, 0.5098421573638916, 0.6288573741912842, 0.7182159423828125, 0.3007364273071289, 0.5078999996185303, 0.7191126346588135, 0.8516216278076172], [0.03174257278442383, 0.01148080825805664, 0.034621477127075195, 0.009082317352294922, 0.0215911865234375, 0.013885736465454102, 0.015269756317138672, 0.0347137451171875, 0.008662939071655273, 0.013520479202270508, 0.017340660095214844, 0.014296531677246094, 0.008618354797363281, 0.010649919509887695, 0.014342784881591797, 0.022711992263793945], [0.03245401382446289, 0.008011341094970703, 0.030519962310791016, 0.03039407730102539, 0.013721466064453125, 0.03035593032836914, 0.03468632698059082, 0.024469852447509766, 0.016891956329345703, 0.024778366088867188, 0.029103994369506836, 0.020505905151367188, 0.012169361114501953, 0.018509864807128906, 0.05902433395385742, 0.0559544563293457], 0.044936180114746094], [13.126833200454712, 0.21988129615783691, [0.22853350639343262, 0.24417471885681152, 0.3262162208557129, 1.2967326641082764, 1.0541622638702393, 0.8381452560424805, 0.5157413482666016, 0.7135026454925537, 0.7216501235961914, 0.9563798904418945, 0.504744291305542, 0.6059496402740479, 0.6174197196960449, 0.8264493942260742, 0.5069501399993896, 1.4390854835510254], [0.026751279830932617, 0.018529653549194336, 0.04259824752807617, 0.037514448165893555, 0.02158188819885254, 0.018169879913330078, 0.011127233505249023, 0.013909578323364258, 0.014033079147338867, 0.019269704818725586, 0.01089167594909668, 0.011701583862304688, 0.01651144027709961, 0.015569210052490234, 0.011252641677856445, 0.03387737274169922], [0.027224063873291016, 0.027286529541015625, 0.045023441314697266, 0.0552983283996582, 0.03632616996765137, 0.06592464447021484, 0.012066125869750977, 0.02311396598815918, 0.027219772338867188, 0.02329230308532715, 0.01859283447265625, 0.0373077392578125, 0.02539801597595215, 0.015411853790283203, 0.011425971984863281, 0.013955831527709961], 0.03694748878479004]]], "map_execution": [18.331956148147583], "map_invoke": [[0.45130157470703125, 0.529728889465332, 0.44949936866760254, 0.4522438049316406]], "create_reduce_data": [0.14931178092956543], "reduce_iterdata_times": [0.14725303649902344], "reduce_queries_times": [[0.07360100746154785]], "reduce_execution_times": [3.066450834274292], "reduce_invoke": [[0.5479652881622314]], "divide_reduce_times": [5.53131103515625e-05], "total_querying_times": [22.06465792655945],