{"shuffle_centroids_times": [0.11895275115966797], "map_iterdata_times": [0.5560674667358398], "create_map_data": [0.7232134342193604], "map_queries_times": [[[16.113723754882812, 0.3968334197998047, [0.7647833824157715, 0.41800642013549805, 0.2513117790222168, 0.5598239898681641, 0.671745777130127, 0.7929131984710693, 0.9254484176635742, 0.6878762245178223, 1.00724458694458, 1.366992712020874, 0.7836198806762695, 1.2539877891540527, 0.774791955947876, 0.8413522243499756, 0.9611344337463379, 0.580599308013916], [0.1020047664642334, 0.022328853607177734, 0.017241477966308594, 0.018553733825683594, 0.01914501190185547, 0.022899866104125977, 0.028859853744506836, 0.020030498504638672, 0.028131723403930664, 0.040770530700683594, 0.021895647048950195, 0.03896617889404297, 0.02125096321105957, 0.027083635330200195, 0.02713608741760254, 0.018477916717529297], [0.14635682106018066, 0.07159161567687988, 0.04705381393432617, 0.0523219108581543, 0.04803800582885742, 0.07421541213989258, 0.09556460380554199, 0.05949759483337402, 0.07273125648498535, 0.15136003494262695, 0.05979037284851074, 0.13108611106872559, 0.05986309051513672, 0.08368086814880371, 0.0816495418548584, 0.04691791534423828], 0.11769986152648926], [14.745562553405762, 0.3520209789276123, [0.2602694034576416, 0.25023531913757324, 0.2292766571044922, 0.3169677257537842, 0.7695810794830322, 1.0836422443389893, 0.622889518737793, 0.7556219100952148, 0.4243485927581787, 0.8767788410186768, 0.8785147666931152, 1.0899057388305664, 0.6273188591003418, 0.9730386734008789, 1.4529812335968018, 1.0938584804534912], [0.022867202758789062, 0.014831304550170898, 0.015380144119262695, 0.017625093460083008, 0.02229452133178711, 0.02470111846923828, 0.012206554412841797, 0.016343116760253906, 0.009441137313842773, 0.01801753044128418, 0.017696619033813477, 0.02122330665588379, 0.011816024780273438, 0.020012378692626953, 0.033960819244384766, 0.02280139923095703], [0.054190635681152344, 0.06505393981933594, 0.06262588500976562, 0.06623053550720215, 0.0943000316619873, 0.12642455101013184, 0.04515194892883301, 0.05669379234313965, 0.0258636474609375, 0.08843064308166504, 0.0861504077911377, 0.11488175392150879, 0.03887534141540527, 0.11292028427124023, 0.14811205863952637, 0.12347269058227539], 0.09430432319641113], [12.059515476226807, 0.35248327255249023, [0.22466111183166504, 0.1863718032836914, 0.23519086837768555, 0.1537461280822754, 0.1672191619873047, 0.40915393829345703, 0.8680596351623535, 0.3964121341705322, 0.6363046169281006, 0.9534094333648682, 0.43449854850769043, 0.7327549457550049, 0.7376217842102051, 0.7262101173400879, 1.42044997215271, 1.1664602756500244], [0.023576736450195312, 0.011211156845092773, 0.013447046279907227, 0.01027679443359375, 0.008757591247558594, 0.011922359466552734, 0.022335052490234375, 0.00795602798461914, 0.013577938079833984, 0.018723249435424805, 0.010494232177734375, 0.013129949569702148, 0.015134334564208984, 0.014188528060913086, 0.042572021484375, 0.021071195602416992], [0.05392765998840332, 0.05068182945251465, 0.04455256462097168, 0.0435636043548584, 0.03550386428833008, 0.047235965728759766, 0.07649517059326172, 0.025583505630493164, 0.05620980262756348, 0.08703088760375977, 0.03418231010437012, 0.05635237693786621, 0.07631802558898926, 0.0679330825805664, 0.1284949779510498, 0.10299134254455566], 0.09438657760620117], [13.28975772857666, 0.3520851135253906, [0.3209035396575928, 0.23921537399291992, 0.21908259391784668, 0.27605366706848145, 0.49448132514953613, 0.7232792377471924, 1.2730023860931396, 1.035170316696167, 0.8194699287414551, 0.8132445812225342, 0.3938326835632324, 0.6985282897949219, 0.49774837493896484, 0.5928335189819336, 1.3493077754974365, 0.7420105934143066], [0.035651445388793945, 0.014898061752319336, 0.014219045639038086, 0.013634204864501953, 0.01131892204284668, 0.016277313232421875, 0.030577898025512695, 0.022711515426635742, 0.01871967315673828, 0.016295909881591797, 0.008951902389526367, 0.01496434211730957, 0.011932849884033203, 0.011436223983764648, 0.03071737289428711, 0.014931440353393555], [0.08170723915100098, 0.06674385070800781, 0.05962562561035156, 0.04736495018005371, 0.036452293395996094, 0.08326292037963867, 0.10073399543762207, 0.0993657112121582, 0.09462571144104004, 0.06497335433959961, 0.0453341007232666, 0.06106400489807129, 0.03370523452758789, 0.03858494758605957, 0.09409070014953613, 0.04526376724243164], 0.09462141990661621]]], "map_execution": [20.165011882781982], "map_invoke": [[0.5636506080627441, 0.4877915382385254, 0.4644484519958496, 0.48897480964660645]], "create_reduce_data": [0.15527963638305664], "reduce_iterdata_times": [0.15397381782531738], "reduce_queries_times": [[0.15987348556518555]], "reduce_execution_times": [3.0876340866088867], "reduce_invoke": [[0.5917081832885742]], "divide_reduce_times": [5.125999450683594e-05], "total_querying_times": [24.131190538406372],