{"shuffle_centroids_times": [0.12594890594482422], "map_iterdata_times": [0.5578939914703369], "create_map_data": [0.7320647239685059], "map_queries_times": [[[15.2185378074646, 0.34155726432800293, [0.6523807048797607, 0.2180936336517334, 0.3908700942993164, 0.5914855003356934, 0.6039652824401855, 0.8076708316802979, 0.932448148727417, 0.6661763191223145, 0.9297289848327637, 1.3640341758728027, 0.7143001556396484, 1.2586801052093506, 0.7082149982452393, 0.9201266765594482, 0.8231363296508789, 0.6085741519927979], [0.07332181930541992, 0.0148162841796875, 0.011458873748779297, 0.012926101684570312, 0.013128280639648438, 0.016129493713378906, 0.01986551284790039, 0.013598918914794922, 0.01888298988342285, 0.02676677703857422, 0.01514291763305664, 0.025220870971679688, 0.014185428619384766, 0.01805877685546875, 0.018448829650878906, 0.012923479080200195], [0.1584334373474121, 0.0726778507232666, 0.04894447326660156, 0.05159568786621094, 0.06073880195617676, 0.07557415962219238, 0.09831857681274414, 0.05828142166137695, 0.06436419486999512, 0.1808795928955078, 0.05843162536621094, 0.14315080642700195, 0.053131103515625, 0.0946955680847168, 0.08619284629821777, 0.04395174980163574], 0.09569787979125977], [14.897746324539185, 0.3448352813720703, [0.23652219772338867, 0.31714487075805664, 0.23489642143249512, 0.2621877193450928, 0.8741409778594971, 1.1094253063201904, 0.5301713943481445, 0.7544560432434082, 0.4194297790527344, 0.9577462673187256, 0.8657865524291992, 0.9966955184936523, 0.6441342830657959, 0.9864528179168701, 1.3734171390533447, 1.205308437347412], [0.02332472801208496, 0.014972448348999023, 0.014429330825805664, 0.018039703369140625, 0.022295713424682617, 0.023815393447875977, 0.012176752090454102, 0.01629471778869629, 0.00946807861328125, 0.022800922393798828, 0.01869797706604004, 0.025651216506958008, 0.012328386306762695, 0.02034473419189453, 0.03546428680419922, 0.023318767547607422], [0.052263498306274414, 0.07136154174804688, 0.05596446990966797, 0.07169699668884277, 0.10177826881408691, 0.13060736656188965, 0.039691925048828125, 0.06822967529296875, 0.028347253799438477, 0.09243369102478027, 0.08759260177612305, 0.11185431480407715, 0.04277539253234863, 0.11133265495300293, 0.1563115119934082, 0.1348400115966797], 0.0957486629486084], [12.29529356956482, 0.38572001457214355, [0.2804117202758789, 0.21570849418640137, 0.3679170608520508, 0.18965792655944824, 0.16249942779541016, 0.21224570274353027, 0.6911170482635498, 0.42704153060913086, 0.6371955871582031, 0.8714900016784668, 0.5265617370605469, 0.6428263187408447, 0.7607767581939697, 0.7311139106750488, 1.4676218032836914, 1.0996110439300537], [0.031424760818481445, 0.01645040512084961, 0.01988673210144043, 0.015010833740234375, 0.012909650802612305, 0.01741933822631836, 0.03249669075012207, 0.012059688568115234, 0.02047586441040039, 0.02658987045288086, 0.01625514030456543, 0.020375967025756836, 0.02315497398376465, 0.020987272262573242, 0.058034420013427734, 0.0324246883392334], [0.049056291580200195, 0.03811812400817871, 0.046955108642578125, 0.03918051719665527, 0.03895688056945801, 0.04300212860107422, 0.0747077465057373, 0.029150724411010742, 0.048438310623168945, 0.07978010177612305, 0.05330920219421387, 0.06333732604980469, 0.05735063552856445, 0.06452107429504395, 0.1204075813293457, 0.09503698348999023], 0.11964201927185059], [13.37162160873413, 0.35312819480895996, [0.3318328857421875, 0.2435452938079834, 0.27930235862731934, 0.21358561515808105, 0.6238498687744141, 0.6247835159301758, 1.2171502113342285, 1.0555932521820068, 0.9405128955841064, 0.7381830215454102, 0.4020400047302246, 0.7214310169219971, 0.5116629600524902, 0.6028909683227539, 1.3643810749053955, 0.7334022521972656], [0.03875899314880371, 0.014992952346801758, 0.01378941535949707, 0.013336658477783203, 0.011524438858032227, 0.016216039657592773, 0.030679702758789062, 0.022642135620117188, 0.018341779708862305, 0.01700568199157715, 0.009054899215698242, 0.01531076431274414, 0.012058258056640625, 0.011831998825073242, 0.03722500801086426, 0.014829635620117188], [0.09058594703674316, 0.05680131912231445, 0.05603814125061035, 0.0492243766784668, 0.03522753715515137, 0.06583309173583984, 0.08736014366149902, 0.10429072380065918, 0.09030008316040039, 0.061728715896606445, 0.023311138153076172, 0.07078266143798828, 0.03128409385681152, 0.0378875732421875, 0.09241533279418945, 0.04321551322937012], 0.09459304809570312]]], "map_execution": [17.17128825187683], "map_invoke": [[0.5226016044616699, 0.526740550994873, 0.6083862781524658, 0.5293657779693604]], "create_reduce_data": [0.16242027282714844], "reduce_iterdata_times": [0.16057515144348145], "reduce_queries_times": [[0.1516892910003662]], "reduce_execution_times": [3.0719199180603027], "reduce_invoke": [[0.534635066986084]], "divide_reduce_times": [5.14984130859375e-05], "total_querying_times": [21.137744903564453],