{"shuffle_centroids_times": [0.13043546676635742], "map_iterdata_times": [0.8213300704956055], "create_map_data": [1.072770118713379], "map_queries_times": [[[17.024313926696777, 0.6650731563568115, [0.2577817440032959, 0.22663164138793945, 0.20043468475341797, 0.18604803085327148, 0.3327209949493408, 0.16535305976867676, 0.1419212818145752, 0.2895622253417969, 0.38590478897094727, 0.2785799503326416, 0.19527649879455566, 0.5086019039154053, 0.487135648727417, 0.4988102912902832, 0.7338540554046631, 0.28623318672180176, 0.3953855037689209, 0.19968795776367188, 0.29552316665649414, 0.6090915203094482, 0.3010706901550293, 0.5040147304534912, 0.3016173839569092, 0.5284755229949951, 0.6059310436248779, 0.3059353828430176, 0.394667387008667, 0.5062932968139648, 0.28670668601989746, 0.5199611186981201, 0.38938021659851074, 0.38507819175720215], [0.02315378189086914, 0.017536640167236328, 0.014821767807006836, 0.013970613479614258, 0.02129817008972168, 0.012396812438964844, 0.011669158935546875, 0.011532783508300781, 0.01324462890625, 0.009078502655029297, 0.007890939712524414, 0.015286922454833984, 0.013639688491821289, 0.016544342041015625, 0.022756576538085938, 0.009773492813110352, 0.012166500091552734, 0.0064809322357177734, 0.010585308074951172, 0.01729726791381836, 0.011456489562988281, 0.015392780303955078, 0.00910806655883789, 0.01695871353149414, 0.01720118522644043, 0.012251615524291992, 0.011515140533447266, 0.014607429504394531, 0.009755134582519531, 0.01791071891784668, 0.011411905288696289, 0.011080503463745117], [0.025107622146606445, 0.02978372573852539, 0.02370929718017578, 0.0376737117767334, 0.02107834815979004, 0.026107072830200195, 0.037471771240234375, 0.02566695213317871, 0.03478598594665527, 0.02756977081298828, 0.022785663604736328, 0.04269552230834961, 0.0355374813079834, 0.047327280044555664, 0.022212982177734375, 0.03088974952697754, 0.03679847717285156, 0.018677234649658203, 0.03430318832397461, 0.0541074275970459, 0.032579898834228516, 0.05981779098510742, 0.026862621307373047, 0.036054372787475586, 0.04247164726257324, 0.030629873275756836, 0.03374004364013672, 0.05031561851501465, 0.03212118148803711, 0.048003435134887695, 0.03408384323120117, 0.032358646392822266], 0.21721363067626953], [15.200107097625732, 0.5740063190460205, [0.15218257904052734, 0.24457168579101562, 0.1973130702972412, 0.10803866386413574, 0.10564208030700684, 0.17757534980773926, 0.10378861427307129, 0.3974630832672119, 0.40123844146728516, 0.31290674209594727, 0.286602258682251, 0.38158583641052246, 0.3812277317047119, 0.3944423198699951, 0.2876715660095215, 0.28240299224853516, 0.4988253116607666, 0.49172282218933105, 0.3004124164581299, 0.48505234718322754, 0.5013370513916016, 0.307666540145874, 0.5294570922851562, 0.38568639755249023, 0.374788761138916, 0.27863454818725586, 0.3913002014160156, 0.18158221244812012, 0.652658224105835, 0.4972243309020996, 0.492767333984375, 0.1885981559753418], [0.008661270141601562, 0.020781517028808594, 0.011455535888671875, 0.006613016128540039, 0.0055658817291259766, 0.010811328887939453, 0.006232023239135742, 0.010741233825683594, 0.009762287139892578, 0.0060482025146484375, 0.007709980010986328, 0.007628202438354492, 0.008153438568115234, 0.009099006652832031, 0.00682377815246582, 0.005847454071044922, 0.010175466537475586, 0.009899616241455078, 0.008429527282714844, 0.009093523025512695, 0.011647224426269531, 0.005799531936645508, 0.010961771011352539, 0.008679628372192383, 0.007493734359741211, 0.006909370422363281, 0.009013652801513672, 0.005143880844116211, 0.01345968246459961, 0.010001420974731445, 0.009920835494995117, 0.00555419921875], [0.03302168846130371, 0.057961463928222656, 0.0490570068359375, 0.03145551681518555, 0.020396709442138672, 0.03212475776672363, 0.0198516845703125, 0.026984691619873047, 0.035349369049072266, 0.013176918029785156, 0.01717686653137207, 0.03164339065551758, 0.030622005462646484, 0.03136253356933594, 0.033620595932006836, 0.019314050674438477, 0.04481625556945801, 0.028733253479003906, 0.03903055191040039, 0.01977849006652832, 0.03928661346435547, 0.022618770599365234, 0.03426861763000488, 0.019152164459228516, 0.02187347412109375, 0.03171396255493164, 0.035613298416137695, 0.019544363021850586, 0.05461001396179199, 0.03632926940917969, 0.037122488021850586, 0.017748117446899414], 0.17059874534606934], [14.33149528503418, 0.5287959575653076, [0.1354377269744873, 0.10309100151062012, 0.13398218154907227, 0.14620494842529297, 0.10630249977111816, 0.15208792686462402, 0.12241005897521973, 0.12062883377075195, 0.45960116386413574, 0.30777621269226074, 0.3978297710418701, 0.2946434020996094, 0.3963468074798584, 0.28884363174438477, 0.4967329502105713, 0.4021894931793213, 0.2785220146179199, 0.4008927345275879, 0.39859557151794434, 0.3958587646484375, 0.28777170181274414, 0.6760613918304443, 0.5144186019897461, 0.4076075553894043, 0.2866017818450928, 0.4038848876953125, 0.28529930114746094, 0.39643001556396484, 0.3964061737060547, 0.4040100574493408, 0.28110313415527344, 0.5458579063415527], [0.007686138153076172, 0.006428241729736328, 0.00784158706665039, 0.009861469268798828, 0.006417036056518555, 0.01053619384765625, 0.007170915603637695, 0.0071604251861572266, 0.008794784545898438, 0.009009122848510742, 0.008042573928833008, 0.006884574890136719, 0.0076787471771240234, 0.0065343379974365234, 0.009264230728149414, 0.009410619735717773, 0.006134033203125, 0.00895833969116211, 0.008598566055297852, 0.007706642150878906, 0.00654292106628418, 0.016695022583007812, 0.010043621063232422, 0.008551597595214844, 0.00630640983581543, 0.008116960525512695, 0.005667448043823242, 0.008136272430419922, 0.008188247680664062, 0.008994340896606445, 0.0048291683197021484, 0.011214256286621094], [0.025244474411010742, 0.0163729190826416, 0.026694059371948242, 0.029169797897338867, 0.02048659324645996, 0.03389620780944824, 0.012017250061035156, 0.029457807540893555, 0.026233911514282227, 0.03441500663757324, 0.02715015411376953, 0.02265000343322754, 0.02720189094543457, 0.018706321716308594, 0.02581334114074707, 0.04039812088012695, 0.02452397346496582, 0.037229061126708984, 0.024567604064941406, 0.026545047760009766, 0.011755704879760742, 0.0264585018157959, 0.012634754180908203, 0.01895308494567871, 0.01568889617919922, 0.021396160125732422, 0.012827873229980469, 0.029386043548583984, 0.04117989540100098, 0.042603254318237305, 0.011914253234863281, 0.022464513778686523], 0.15463948249816895], [14.387901067733765, 0.3501720428466797, [0.10419988632202148, 0.12425708770751953, 0.14301395416259766, 0.15585613250732422, 0.16426658630371094, 0.2501358985900879, 0.13971781730651855, 0.4096207618713379, 0.40064287185668945, 0.49907541275024414, 0.1953134536743164, 0.18850970268249512, 0.3868401050567627, 0.5131328105926514, 0.44481420516967773, 0.2932918071746826, 0.28977060317993164, 0.4981064796447754, 0.6062242984771729, 0.40980982780456543, 0.6261687278747559, 0.7109475135803223, 0.19193267822265625, 0.5021636486053467, 0.2965059280395508, 0.2875027656555176, 0.3919968605041504, 0.2826361656188965, 0.30750393867492676, 0.4999215602874756, 0.34839797019958496, 0.4955556392669678], [0.0045642852783203125, 0.009848356246948242, 0.008508920669555664, 0.010783910751342773, 0.009149312973022461, 0.022321701049804688, 0.007990837097167969, 0.0170896053314209, 0.008425235748291016, 0.009326696395874023, 0.00525355339050293, 0.005175352096557617, 0.008342504501342773, 0.015631437301635742, 0.009233951568603516, 0.0066831111907958984, 0.007102012634277344, 0.009296894073486328, 0.012182474136352539, 0.010202884674072266, 0.012948036193847656, 0.013974428176879883, 0.006136178970336914, 0.012126445770263672, 0.007091522216796875, 0.00574493408203125, 0.008878946304321289, 0.006637096405029297, 0.007773160934448242, 0.00933527946472168, 0.008373737335205078, 0.009094953536987305], [0.004919290542602539, 0.01824355125427246, 0.008742332458496094, 0.01685166358947754, 0.03637194633483887, 0.017800569534301758, 