{"shuffle_centroids_times": [0.1252424716949463], "map_iterdata_times": [0.36562657356262207], "create_map_data": [0.5392313003540039], "map_queries_times": [[[14.673139095306396, 0.31750988960266113, [0.21442532539367676, 0.18962717056274414, 0.16512513160705566, 0.1623241901397705, 0.21187233924865723, 0.3176448345184326, 0.30669140815734863, 0.4036884307861328, 0.41279172897338867, 0.292191743850708, 0.19023942947387695, 0.5135626792907715, 0.5155260562896729, 0.513787031173706, 0.739363431930542, 0.3060753345489502, 0.39377713203430176, 0.10385322570800781, 0.3920574188232422, 0.5278441905975342, 0.3507211208343506, 0.5179197788238525, 0.29404425621032715, 0.6157345771789551, 0.5167930126190186, 0.39490771293640137, 0.39503955841064453, 0.41245412826538086, 0.36583447456359863, 0.5400590896606445, 0.3979673385620117, 0.2968893051147461], [0.020878314971923828, 0.011854171752929688, 0.009816646575927734, 0.00908517837524414, 0.014750957489013672, 0.008278369903564453, 0.007819890975952148, 0.007785320281982422, 0.008634567260742188, 0.0060536861419677734, 0.005446910858154297, 0.011971473693847656, 0.008789539337158203, 0.011832237243652344, 0.017615079879760742, 0.006485700607299805, 0.008337974548339844, 0.004311084747314453, 0.007188558578491211, 0.011648893356323242, 0.007554054260253906, 0.010245800018310547, 0.006047964096069336, 0.011344671249389648, 0.01140284538269043, 0.008002758026123047, 0.008123159408569336, 0.010496139526367188, 0.006496906280517578, 0.011759042739868164, 0.007480144500732422, 0.007151126861572266], [0.0075762271881103516, 0.009009599685668945, 0.0061757564544677734, 0.015257835388183594, 0.006307363510131836, 0.008449316024780273, 0.014686107635498047, 0.008849382400512695, 0.012536764144897461, 0.017446517944335938, 0.008406877517700195, 0.0184481143951416, 0.013901233673095703, 0.018134117126464844, 0.0073795318603515625, 0.011498689651489258, 0.013562202453613281, 0.003592967987060547, 0.014526844024658203, 0.024959325790405273, 0.01767420768737793, 0.024451494216918945, 0.0067059993743896484, 0.007969856262207031, 0.013850212097167969, 0.010458707809448242, 0.015542984008789062, 0.021211862564086914, 0.013048410415649414, 0.029267549514770508, 0.017894268035888672, 0.013256072998046875], 0.07456016540527344], [14.540174007415771, 0.2949690818786621, [0.1301283836364746, 0.11922764778137207, 0.10479521751403809, 0.14839982986450195, 0.15675640106201172, 0.15911197662353516, 0.18666458129882812, 0.1772780418395996, 0.13721513748168945, 0.13077235221862793, 0.304105281829834, 0.7282443046569824, 0.3965728282928467, 0.5205581188201904, 0.4112517833709717, 0.39689111709594727, 0.39618921279907227, 0.40782690048217773, 0.2956056594848633, 0.2914106845855713, 0.38938140869140625, 0.39980006217956543, 0.39951276779174805, 0.5277242660522461, 0.6166884899139404, 0.5143768787384033, 0.3967628479003906, 0.45881128311157227, 0.604285478591919, 0.5322237014770508, 0.5008354187011719, 0.6073765754699707], [0.012185096740722656, 0.009036779403686523, 0.0054395198822021484, 0.012549638748168945, 0.013168811798095703, 0.011863470077514648, 0.015039205551147461, 0.013990163803100586, 0.011138916015625, 0.009967803955078125, 0.013621330261230469, 0.03230452537536621, 0.012204170227050781, 0.018496274948120117, 0.012399911880493164, 0.011236906051635742, 0.013913869857788086, 0.015067815780639648, 0.009387016296386719, 0.008870124816894531, 0.011770009994506836, 0.013175487518310547, 0.012533187866210938, 0.020003080368041992, 0.018657922744750977, 0.016049861907958984, 0.01316690444946289, 0.014896869659423828, 0.01700758934020996, 0.017267227172851562, 0.014532804489135742, 0.019229412078857422], [0.009073257446289062, 0.012042999267578125, 0.0024871826171875, 0.00894474983215332, 0.01716017723083496, 0.006912946701049805, 0.012127399444580078, 0.01566338539123535, 0.008544445037841797, 0.01857447624206543, 0.014039993286132812, 0.009538412094116211, 0.008924484252929688, 0.009491205215454102, 0.010048866271972656, 0.01544332504272461, 0.012375354766845703, 0.01317453384399414, 0.007905960083007812, 0.008812904357910156, 0.021909713745117188, 0.01616954803466797, 0.009003877639770508, 0.011305809020996094, 0.012998819351196289, 0.02116537094116211, 0.01198267936706543, 0.007793426513671875, 0.019874095916748047, 0.02299809455871582, 0.016107797622680664, 0.009726285934448242], 0.05994677543640137], [12.397647380828857, 0.25032496452331543, [0.11592626571655273, 0.10573840141296387, 0.16001081466674805, 0.1298813819885254, 0.14494562149047852, 0.22092342376708984, 0.15215587615966797, 0.10550880432128906, 0.28196001052856445, 0.7145042419433594, 0.2849881649017334, 0.3976726531982422, 0.291370153427124, 0.4857501983642578, 0.3940861225128174, 0.4931943416595459, 0.27676939964294434, 0.29016733169555664, 0.3826558589935303, 0.38885068893432617, 0.4926130771636963, 0.28539276123046875, 0.39117860794067383, 0.28610754013061523, 0.3807039260864258, 0.28455185890197754, 0.27851033210754395, 0.3808765411376953, 0.4875626564025879, 0.2786896228790283, 0.3829231262207031, 0.279543399810791], [0.008307456970214844, 0.008470296859741211, 0.013480186462402344, 0.008162736892700195, 0.009153604507446289, 0.017923831939697266, 0.00949859619140625, 0.006280660629272461, 0.0068323612213134766, 0.015549421310424805, 0.007369518280029297, 0.008656501770019531, 0.0068438053131103516, 0.009188413619995117, 0.010052680969238281, 0.010515213012695312, 0.005138397216796875, 0.00767827033996582, 0.008049964904785156, 0.00894308090209961, 0.01066279411315918, 0.005227088928222656, 0.009436368942260742, 0.008007287979125977, 0.007818460464477539, 0.005937337875366211, 0.006585359573364258, 0.007462501525878906, 0.01069188117980957, 0.005950212478637695, 0.007669210433959961, 0.006366729736328125], [0.00557398796081543, 0.007040977478027344, 0.015944957733154297, 0.012984037399291992, 0.008066415786743164, 0.01236724853515625, 0.01217794418334961, 0.00520777702331543, 0.006261587142944336, 0.028415441513061523, 0.009151220321655273, 0.012583017349243164, 0.012003898620605469, 0.010834217071533203, 0.011518478393554688, 0.019214153289794922, 0.005652666091918945, 0.007727861404418945, 0.011907100677490234, 0.00534367561340332, 0.00713658332824707, 0.00318145751953125, 0.00403141975402832, 0.004219770431518555, 0.013312816619873047, 0.010689020156860352, 0.003599405288696289, 0.006206035614013672, 0.006100893020629883, 0.004668712615966797, 0.009363889694213867, 0.005906105041503906], 0.053160667419433594], [12.818517446517944, 0.2021195888519287, [0.16464471817016602, 0.21461796760559082, 0.1576378345489502, 0.10340213775634766, 0.16707992553710938, 0.15213847160339355, 0.11053299903869629, 0.3726656436920166, 0.5035936832427979, 0.4938492774963379, 0.4774906635284424, 0.4873626232147217, 0.6134204864501953, 0.18648242950439453, 0.4980900287628174, 0.28647470474243164, 0.38982677459716797, 0.28543615341186523, 0.396151065826416, 0.27852487564086914, 0.2802865505218506, 0.38269925117492676, 0.38762378692626953, 0.4000818729400635, 0.3936576843261719, 0.48900771141052246, 0.2973458766937256, 0.2834298610687256, 0.28588247299194336, 0.28388094902038574, 0.4948086738586426, 0.302365779876709], [0.017339229583740234, 0.01727771759033203, 0.009502649307250977, 0.005338430404663086, 0.010443925857543945, 0.009162425994873047, 0.00706791877746582, 0.008751630783081055, 0.011732816696166992, 0.010816574096679688, 0.009364843368530273, 0.010371685028076172, 0.014229774475097656, 0.00545191764831543, 0.009939432144165039, 0.007072925567626953, 0.008483171463012695, 0.006101846694946289, 0.009698629379272461, 0.005852460861206055, 0.006818294525146484, 0.008155107498168945, 0.008773088455200195, 0.009485721588134766, 0.009046316146850586, 0.009412288665771484, 0.007828235626220703, 0.006801128387451172, 0.006647825241088867, 0.006227254867553711, 0.010011672973632812, 0.00793147087097168], [0.011265039443969727, 0.017470598220825195, 0.013918399810791016, 