{"shuffle_centroids_times": [0.1252899169921875], "map_iterdata_times": [0.32544398307800293], "create_map_data": [0.4987339973449707], "map_queries_times": [[[15.244609117507935, 0.2578585147857666, [0.7690322399139404, 0.29652905464172363, 0.21829605102539062, 0.6477980613708496, 0.6527328491210938, 0.7583737373352051, 0.990412712097168, 0.6697852611541748, 0.8964014053344727, 1.4463939666748047, 0.6663174629211426, 1.337355375289917, 0.6613197326660156, 0.912440299987793, 0.886016845703125, 0.6494669914245605], [0.1043541431427002, 0.022748947143554688, 0.017385005950927734, 0.018731355667114258, 0.019565582275390625, 0.023000240325927734, 0.03394770622253418, 0.020246267318725586, 0.028125762939453125, 0.05127573013305664, 0.02163100242614746, 0.03847050666809082, 0.021367788314819336, 0.026764869689941406, 0.02709650993347168, 0.018462657928466797], [0.04795670509338379, 0.05695796012878418, 0.028186559677124023, 0.028057575225830078, 0.029825448989868164, 0.07781744003295898, 0.0938560962677002, 0.05102062225341797, 0.018277883529663086, 0.1372988224029541, 0.06212353706359863, 0.09568309783935547, 0.03244590759277344, 0.05373072624206543, 0.0633096694946289, 0.04121875762939453], 0.07796263694763184], [13.70863676071167, 0.20267653465270996, [0.2445375919342041, 0.2317659854888916, 0.23334312438964844, 0.24827289581298828, 0.8785340785980225, 1.0983412265777588, 0.527756929397583, 0.8408982753753662, 0.41039180755615234, 0.8529081344604492, 0.8568243980407715, 1.0686044692993164, 0.5327904224395752, 1.0562858581542969, 1.3597781658172607, 1.1739921569824219], [0.02515125274658203, 0.014655351638793945, 0.014418601989746094, 0.017931222915649414, 0.022951364517211914, 0.023209810256958008, 0.012161731719970703, 0.015529632568359375, 0.008912801742553711, 0.017689943313598633, 0.017991065979003906, 0.02181267738342285, 0.012173652648925781, 0.020520687103271484, 0.03518795967102051, 0.023166179656982422], [0.03734397888183594, 0.06090497970581055, 0.034787893295288086, 0.024665355682373047, 0.05312967300415039, 0.08842349052429199, 0.027580738067626953, 0.03774237632751465, 0.021532297134399414, 0.02898406982421875, 0.028703927993774414, 0.05342245101928711, 0.023095130920410156, 0.0808863639831543, 0.061057329177856445, 0.07745862007141113], 0.05436205863952637], [10.438906908035278, 0.16159462928771973, [0.2836439609527588, 0.19463086128234863, 0.29387450218200684, 0.1491107940673828, 0.5247523784637451, 0.6246809959411621, 0.7691905498504639, 1.1869301795959473, 0.4039897918701172, 0.5134599208831787, 0.7219829559326172, 0.6230649948120117, 0.4051241874694824, 0.5036520957946777, 0.6278214454650879, 0.8595738410949707], [0.030040502548217773, 0.011768579483032227, 0.021348237991333008, 0.0092620849609375, 0.015458822250366211, 0.015044212341308594, 0.015084028244018555, 0.03261756896972656, 0.01020669937133789, 0.01120758056640625, 0.01386260986328125, 0.014098405838012695, 0.008301258087158203, 0.011039972305297852, 0.014535665512084961, 0.022185087203979492], [0.024630069732666016, 0.008801698684692383, 0.03988194465637207, 0.031247377395629883, 0.012889385223388672, 0.029474496841430664, 0.03370356559753418, 0.0385744571685791, 0.01663804054260254, 0.037531375885009766, 0.04040932655334473, 0.025594234466552734, 0.01415872573852539, 0.017384767532348633, 0.047406673431396484, 0.05019736289978027], 0.04471182823181152], [13.176292181015015, 0.13709449768066406, [0.23583221435546875, 0.2533574104309082, 0.3086380958557129, 1.311279296875, 1.0778136253356934, 0.9495656490325928, 0.5252854824066162, 0.6249597072601318, 0.7192625999450684, 0.9664621353149414, 0.533440113067627, 0.6157574653625488, 0.6251723766326904, 0.8326423168182373, 0.5151016712188721, 1.414219617843628], [0.027316570281982422, 0.018718481063842773, 0.028089046478271484, 0.03717184066772461, 0.020810604095458984, 0.02035665512084961, 0.011008024215698242, 0.013566970825195312, 0.01446223258972168, 0.022689104080200195, 0.011058568954467773, 0.011409282684326172, 0.013170719146728516, 0.016260385513305664, 0.011336565017700195, 0.0361025333404541], [0.039705753326416016, 0.026635408401489258, 0.037967681884765625, 0.06741976737976074, 0.02561187744140625, 0.04971742630004883, 0.011190414428710938, 0.029394865036010742, 0.021387577056884766, 0.03713345527648926, 0.016077041625976562, 0.02806997299194336, 0.023990154266357422, 0.016207456588745117, 0.010796546936035156, 0.015038251876831055], 0.038085222244262695]]], "map_execution": [18.295310497283936], "map_invoke": [[0.5780560970306396, 0.5384657382965088, 0.551598310470581, 0.4805440902709961]], "create_reduce_data": [0.17223477363586426], "reduce_iterdata_times": [0.1703777313232422], "reduce_queries_times": [[0.18049287796020508]], "reduce_execution_times": [3.071941375732422], "reduce_invoke": [[0.5721225738525391]], "divide_reduce_times": [8.130073547363281e-05], "total_querying_times": [22.038302421569824],