{"shuffle_centroids_times": [0.13670015335083008], "map_iterdata_times": [0.8293719291687012], "create_map_data": [1.0867958068847656], "map_queries_times": [[[16.53760552406311, 0.5987896919250488, [0.21017813682556152, 0.23271584510803223, 0.16527724266052246, 0.2369396686553955, 0.21463632583618164, 0.13845252990722656, 0.20607924461364746, 0.3873286247253418, 0.3892171382904053, 0.2771739959716797, 0.27579593658447266, 0.49855995178222656, 0.4020578861236572, 0.5916836261749268, 0.7167837619781494, 0.2839376926422119, 0.3998837471008301, 0.11458897590637207, 0.3896446228027344, 0.5180168151855469, 0.39746522903442383, 0.5069711208343506, 0.29154157638549805, 0.5078220367431641, 0.5231881141662598, 0.40020298957824707, 0.3877573013305664, 0.49561238288879395, 0.28714513778686523, 0.5274643898010254, 0.39363837242126465, 0.39011144638061523], [0.016828060150146484, 0.012038946151733398, 0.010550498962402344, 0.010076284408569336, 0.015248775482177734, 0.008779764175415039, 0.008208751678466797, 0.008368492126464844, 0.009131669998168945, 0.006928682327270508, 0.006049394607543945, 0.010897636413574219, 0.009719133377075195, 0.011690616607666016, 0.016013383865356445, 0.006745576858520508, 0.00832223892211914, 0.00466609001159668, 0.0075571537017822266, 0.01200723648071289, 0.007914066314697266, 0.010814666748046875, 0.006569385528564453, 0.011418342590332031, 0.01138615608215332, 0.008361101150512695, 0.007780551910400391, 0.009943246841430664, 0.006803274154663086, 0.012822151184082031, 0.008220195770263672, 0.0080718994140625], [0.02215886116027832, 0.026048660278320312, 0.026533126831054688, 0.04873371124267578, 0.014937162399291992, 0.02246403694152832, 0.0396885871887207, 0.03652191162109375, 0.03688693046569824, 0.029900550842285156, 0.033959150314331055, 0.05589461326599121, 0.03343009948730469, 0.0454099178314209, 0.019026517868041992, 0.04132390022277832, 0.03144049644470215, 0.012223482131958008, 0.03891730308532715, 0.057761192321777344, 0.03467416763305664, 0.055802106857299805, 0.026723146438598633, 0.03192281723022461, 0.04224038124084473, 0.03371930122375488, 0.03357815742492676, 0.04582047462463379, 0.031380653381347656, 0.05231046676635742, 0.03338003158569336, 0.03781771659851074], 0.1835005283355713], [16.117643117904663, 0.6659541130065918, [0.15409302711486816, 0.2747669219970703, 0.3123350143432617, 0.12274003028869629, 0.11467456817626953, 0.20151567459106445, 0.1152794361114502, 0.19640779495239258, 0.39731454849243164, 0.19839191436767578, 0.39138126373291016, 0.3160877227783203, 0.3992030620574951, 0.39553403854370117, 0.29659008979797363, 0.296550989151001, 0.5063998699188232, 0.4064452648162842, 0.3941514492034912, 0.40168023109436035, 0.6056504249572754, 0.28359270095825195, 0.5027239322662354, 0.3981599807739258, 0.38269925117492676, 0.2891533374786377, 0.3991243839263916, 0.19146203994750977, 0.6531233787536621, 0.5261664390563965, 0.47740793228149414, 0.20331287384033203], [0.012291669845581055, 0.028506040573120117, 0.01770472526550293, 0.010006427764892578, 0.008580446243286133, 0.015645742416381836, 0.009464263916015625, 0.015987396240234375, 0.01430654525756836, 0.008911848068237305, 0.011000871658325195, 0.011403799057006836, 0.011995792388916016, 0.013377189636230469, 0.010302543640136719, 0.008847475051879883, 0.015623807907104492, 0.014010429382324219, 0.012369155883789062, 0.013243436813354492, 0.017157793045043945, 0.00919198989868164, 0.01627326011657715, 0.013123273849487305, 0.011060476303100586, 0.009598493576049805, 0.01297140121459961, 0.007689476013183594, 0.019160985946655273, 0.014945268630981445, 0.014706134796142578, 0.007535696029663086], [0.03473949432373047, 0.05161786079406738, 0.04613041877746582, 0.030364274978637695, 0.02701115608215332, 0.030429840087890625, 0.023676395416259766, 0.03503251075744629, 0.03827619552612305, 0.020463228225708008, 0.02766108512878418, 0.03509974479675293, 0.036653995513916016, 0.040064334869384766, 0.029407262802124023, 0.02234625816345215, 0.054018259048461914, 0.03554201126098633, 0.04053306579589844, 0.027007341384887695, 0.03826546669006348, 0.027850866317749023, 0.036522626876831055, 0.02506852149963379, 0.021697044372558594, 0.031475067138671875, 0.030876636505126953, 0.020380735397338867, 0.05095672607421875, 0.0363767147064209, 0.03461718559265137, 0.025020122528076172], 0.2109224796295166], [14.26193618774414, 0.5258345603942871, [0.14027667045593262, 0.12234163284301758, 0.12580490112304688, 0.13528060913085938, 0.10323452949523926, 0.15771913528442383, 0.12018609046936035, 0.12384986877441406, 0.38414764404296875, 0.3515620231628418, 0.3877527713775635, 0.37033796310424805, 0.37652158737182617, 0.2753305435180664, 0.38564395904541016, 0.483752965927124, 0.2703828811645508, 0.3820927143096924, 0.382427453994751, 0.37894129753112793, 0.28358006477355957, 0.6638684272766113, 0.48410820960998535, 0.3798332214355469, 0.2741413116455078, 0.38119006156921387, 0.2669806480407715, 0.3865365982055664, 0.39267754554748535, 0.4807450771331787, 0.18273210525512695, 0.5970728397369385], [0.008144617080688477, 0.006718158721923828, 0.008260250091552734, 0.010575294494628906, 0.0065975189208984375, 0.010806798934936523, 0.0073812007904052734, 0.0073642730712890625, 0.009044170379638672, 0.00876617431640625, 0.0077588558197021484, 0.006463766098022461, 0.007989883422851562, 0.006182193756103516, 0.009832620620727539, 0.009085416793823242, 0.005910158157348633, 0.00876927375793457, 0.00839543342590332, 0.0076830387115478516, 0.0067098140716552734, 0.017203569412231445, 0.0101776123046875, 0.008908748626708984, 0.006350517272949219, 0.008808612823486328, 0.0058536529541015625, 0.0084075927734375, 0.008370637893676758, 0.009220123291015625, 0.004963397979736328, 0.011084556579589844], [0.029275894165039062, 0.015402555465698242, 0.03516268730163574, 0.04024338722229004, 0.021372556686401367, 0.023411035537719727, 0.012404441833496094, 0.027121782302856445, 0.021244049072265625, 0.028689146041870117, 0.038144826889038086, 0.01981949806213379, 0.036590576171875, 0.019763946533203125, 0.03731727600097656, 0.03858232498168945, 0.018123865127563477, 0.026328563690185547, 0.020972728729248047, 0.029376745223999023, 0.01231837272644043, 0.029508352279663086, 0.012719154357910156, 0.020428895950317383, 0.01650857925415039, 0.0289309024810791, 0.013077259063720703, 0.0335688591003418, 0.0336298942565918, 0.03563976287841797, 0.012417316436767578, 0.021913528442382812], 0.15197253227233887], [14.187981367111206, 0.34560298919677734, [0.10517597198486328, 0.126694917678833, 0.12759923934936523, 0.1516733169555664, 0.13762688636779785, 0.24927234649658203, 0.13752007484436035, 0.4257795810699463, 0.4884812831878662, 0.4001045227050781, 0.27779197692871094, 0.14830422401428223, 0.38390564918518066, 0.6037135124206543, 0.39154577255249023, 0.29369568824768066, 0.2821180820465088, 0.4954226016998291, 0.5128448009490967, 0.5071890354156494, 0.6174044609069824, 0.6277554035186768, 0.298262357711792, 0.4960520267486572, 0.29051756858825684, 0.17984700202941895, 0.47882556915283203, 0.20263981819152832, 0.39659786224365234, 0.40335988998413086, 0.4396193027496338, 0.40300965309143066], [0.004207134246826172, 0.009623289108276367, 0.008265495300292969, 0.010612726211547852, 0.00916600227355957, 0.0229341983795166, 0.008087158203125, 0.017490625381469727, 0.008570671081542969, 0.009208202362060547, 0.005260467529296875, 0.004933834075927734, 0.008086919784545898, 0.015672922134399414, 0.009061336517333984, 0.0065457820892333984, 0.006979942321777344, 0.009624242782592773, 0.012498855590820312, 0.009795427322387695, 0.012755870819091797, 0.013912677764892578, 0.006212949752807617, 0.012206077575683594, 0.006722450256347656, 0.005429983139038086, 0.008771419525146484, 0.0061495304107666016, 0.007690906524658203, 0.009259700775146484, 0.008183002471923828, 0.008770465850830078], [0.00528717041015625, 0.019437789916992188, 0.010215282440185547, 0.017269372940063477, 0.04094815254211426, 