{"shuffle_centroids_times": [0.12929511070251465], "map_iterdata_times": [0.5820086002349854], "create_map_data": [0.7598698139190674], "map_queries_times": [[[16.52321171760559, 0.5793852806091309, [0.2547578811645508, 0.2324838638305664, 0.19718194007873535, 0.21109509468078613, 0.2664456367492676, 0.1584184169769287, 0.15587282180786133, 0.30240654945373535, 0.41122007369995117, 0.30183839797973633, 0.1971452236175537, 0.5158307552337646, 0.5134315490722656, 0.5192816257476807, 0.662381649017334, 0.32047605514526367, 0.4172637462615967, 0.20333600044250488, 0.3202049732208252, 0.5522475242614746, 0.41840457916259766, 0.4937152862548828, 0.30039405822753906, 0.5473659038543701, 0.5547082424163818, 0.42015719413757324, 0.31455278396606445, 0.4650740623474121, 0.34288883209228516, 0.5539429187774658, 0.4203031063079834, 0.32297539710998535], [0.025966405868530273, 0.01781010627746582, 0.015041351318359375, 0.014176368713378906, 0.021329641342163086, 0.012561559677124023, 0.011783123016357422, 0.011824369430541992, 0.013143777847290039, 0.008978605270385742, 0.008255958557128906, 0.015568256378173828, 0.013733863830566406, 0.01662755012512207, 0.022818803787231445, 0.00983119010925293, 0.012326955795288086, 0.006561279296875, 0.010735511779785156, 0.017487525939941406, 0.011624574661254883, 0.015362262725830078, 0.009278297424316406, 0.016741275787353516, 0.017116785049438477, 0.012268781661987305, 0.011304378509521484, 0.014432191848754883, 0.009812593460083008, 0.01794147491455078, 0.011399507522583008, 0.01140737533569336], [0.018204212188720703, 0.01810765266418457, 0.017705917358398438, 0.029407501220703125, 0.01354217529296875, 0.014425039291381836, 0.03276681900024414, 0.022182226181030273, 0.03392195701599121, 0.029101133346557617, 0.017402172088623047, 0.04770684242248535, 0.0300900936126709, 0.03285384178161621, 0.01338338851928711, 0.02581787109375, 0.022532939910888672, 0.010310888290405273, 0.036054372787475586, 0.04535484313964844, 0.0339655876159668, 0.04678511619567871, 0.01753830909729004, 0.024126291275024414, 0.030188560485839844, 0.021547555923461914, 0.030651092529296875, 0.03892064094543457, 0.03427910804748535, 0.03864264488220215, 0.031167030334472656, 0.02761054039001465], 0.16548967361450195], [14.451371669769287, 0.4663364887237549, [0.18705201148986816, 0.22024869918823242, 0.19050097465515137, 0.10288596153259277, 0.10461854934692383, 0.17676687240600586, 0.10555315017700195, 0.4137144088745117, 0.4101674556732178, 0.2869858741760254, 0.3895857334136963, 0.28852367401123047, 0.43206048011779785, 0.4021725654602051, 0.29039454460144043, 0.28447842597961426, 0.5033102035522461, 0.4080545902252197, 0.397815465927124, 0.49957895278930664, 0.5130269527435303, 0.29125428199768066, 0.5102856159210205, 0.3952043056488037, 0.29844141006469727, 0.29579997062683105, 0.4958155155181885, 0.1940453052520752, 0.6231484413146973, 0.5058639049530029, 0.41965579986572266, 0.2784135341644287], [0.010223388671875, 0.021514177322387695, 0.011700630187988281, 0.006621837615966797, 0.006295919418334961, 0.010738134384155273, 0.00640106201171875, 0.010567903518676758, 0.009536504745483398, 0.005764007568359375, 0.007380247116088867, 0.007788896560668945, 0.007812023162841797, 0.008418560028076172, 0.006699323654174805, 0.006090641021728516, 0.009967327117919922, 0.009341239929199219, 0.007946014404296875, 0.008676290512084961, 0.011491775512695312, 0.005929708480834961, 0.01111149787902832, 0.00878000259399414, 0.00738978385925293, 0.00673222541809082, 0.008647680282592773, 0.005553245544433594, 0.012931346893310547, 0.009894371032714844, 0.009502172470092773, 0.005391120910644531], [0.03697800636291504, 0.04777979850769043, 0.0334928035736084, 0.025302648544311523, 0.012980461120605469, 0.016415834426879883, 0.011736631393432617, 0.013306379318237305, 0.03235673904418945, 0.007983922958374023, 0.00943899154663086, 0.021061182022094727, 0.03408670425415039, 0.03649306297302246, 0.017245054244995117, 0.011842489242553711, 0.03529214859008789, 0.022431612014770508, 0.0331883430480957, 0.01001739501953125, 0.026912212371826172, 0.02589249610900879, 0.02579331398010254, 0.014366626739501953, 0.011626482009887695, 0.027013778686523438, 0.01489710807800293, 0.01338338851928711, 0.03888821601867676, 0.020529747009277344, 0.01890397071838379, 0.013823509216308594], 0.12067437171936035], [13.368002891540527, 0.36705899238586426, [0.12007379531860352, 0.1008446216583252, 0.12964773178100586, 0.13900375366210938, 0.15449786186218262, 0.15570950508117676, 0.12201189994812012, 0.15456748008728027, 0.40201568603515625, 0.3098750114440918, 0.6444799900054932, 0.3126981258392334, 0.4037356376647949, 0.39716148376464844, 0.29070425033569336, 0.392824649810791, 0.29227280616760254, 0.40259861946105957, 0.39763951301574707, 0.2785522937774658, 0.19466090202331543, 0.28403210639953613, 0.383838415145874, 0.39652395248413086, 0.39180612564086914, 0.39569544792175293, 0.28685498237609863, 0.4069557189941406, 0.3923459053039551, 0.6218581199645996, 0.41292238235473633, 0.5293962955474854], [0.007808685302734375, 0.004317760467529297, 0.00945281982421875, 0.008936882019042969, 0.011141061782836914, 0.009229421615600586, 0.0074291229248046875, 0.009701013565063477, 0.023111820220947266, 0.008644580841064453, 0.01764082908630371, 0.008557558059692383, 0.007809162139892578, 0.009812355041503906, 0.006829023361206055, 0.008428573608398438, 0.006997585296630859, 0.010533809661865234, 0.009151220321655273, 0.005556821823120117, 0.005234241485595703, 0.006841421127319336, 0.008016824722290039, 0.009557485580444336, 0.00871896743774414, 0.009127378463745117, 0.0064089298248291016, 0.009196043014526367, 0.008070230484008789, 0.014429330825805664, 0.009025096893310547, 0.011703014373779297], [0.019496440887451172, 0.0032465457916259766, 0.012348413467407227, 0.006803989410400391, 0.012611150741577148, 0.02464461326599121, 0.008703470230102539, 0.01923966407775879, 0.014795780181884766, 0.013928890228271484, 0.010921716690063477, 0.009979009628295898, 0.02392888069152832, 0.01793527603149414, 0.008661031723022461, 0.01712799072265625, 0.01390695571899414, 0.01793050765991211, 0.03864645957946777, 0.012850522994995117, 0.005373239517211914, 0.008994340896606445, 0.014946460723876953, 0.0227510929107666, 0.0165708065032959, 0.014963388442993164, 0.013462066650390625, 0.020148277282714844, 0.01145172119140625, 0.012303829193115234, 0.01571965217590332, 0.015749216079711914], 0.08591914176940918], [13.660088777542114, 0.23895859718322754, [0.2174220085144043, 0.25289463996887207, 0.21749019622802734, 0.10519266128540039, 0.13092422485351562, 0.14261579513549805, 0.44552087783813477, 0.28602123260498047, 0.401287317276001, 0.5008022785186768, 0.4001593589782715, 0.28435635566711426, 0.5036745071411133, 0.2980351448059082, 0.6109657287597656, 0.2774231433868408, 0.38946962356567383, 0.2907083034515381, 0.48921751976013184, 0.2908315658569336, 0.28693270683288574, 0.3730332851409912, 0.533313512802124, 0.10489082336425781, 0.40474700927734375, 0.3967170715332031, 0.38940858840942383, 0.4888324737548828, 0.39614105224609375, 0.27953505516052246, 0.3973724842071533, 0.4903435707092285], [0.021718978881835938, 0.01078939437866211, 0.013414621353149414, 0.006722927093505859, 0.008288383483886719, 0.009129047393798828, 0.014658212661743164, 0.006323575973510742, 0.009930849075317383, 0.009374618530273438, 0.00994729995727539, 0.006833791732788086, 0.009645223617553711, 0.00710606575012207, 0.013667583465576172, 0.006310462951660156, 0.008200645446777344, 0.005533933639526367, 0.010423660278320312, 0.007968664169311523, 0.006490945816040039, 0.006668806076049805, 0.008574247360229492, 0.0052335262298583984, 0.010375738143920898, 0.00912785530090332, 0.007469892501831055, 0.009845495223999023, 0.009574174880981445, 0.0064923763275146484, 0.008840322494506836, 0.009732484817504883], [0.014482736587524414, 0.012217998504638672, 0.011543035507202148, 0.014923572540283203, 0.017815828323364258, 