{"shuffle_centroids_times": [0.13915753364562988], "map_iterdata_times": [0.8267860412597656], "create_map_data": [1.0864601135253906], "map_queries_times": [[[16.313283920288086, 0.6698946952819824, [0.2205977439880371, 0.20461177825927734, 0.15946674346923828, 0.15298962593078613, 0.2241983413696289, 0.1399860382080078, 0.29286980628967285, 0.38959622383117676, 0.39110398292541504, 0.3043532371520996, 0.1887187957763672, 0.5020482540130615, 0.4826700687408447, 0.5009603500366211, 0.7348957061767578, 0.28275156021118164, 0.39289045333862305, 0.19146394729614258, 0.29311227798461914, 0.6003928184509277, 0.29541540145874023, 0.5114448070526123, 0.281874418258667, 0.5937070846557617, 0.5123631954193115, 0.3929593563079834, 0.3830578327178955, 0.41255950927734375, 0.32118678092956543, 0.5994505882263184, 0.3841578960418701, 0.29993271827697754], [0.017363786697387695, 0.012656450271606445, 0.01025390625, 0.009363174438476562, 0.014418840408325195, 0.008360147476196289, 0.00769805908203125, 0.00805807113647461, 0.009269475936889648, 0.006292581558227539, 0.005619525909423828, 0.010631561279296875, 0.009590387344360352, 0.011605501174926758, 0.01614069938659668, 0.00696873664855957, 0.00839090347290039, 0.004295825958251953, 0.0073316097259521484, 0.011986494064331055, 0.007648468017578125, 0.010602951049804688, 0.006365776062011719, 0.01172780990600586, 0.011490106582641602, 0.008823871612548828, 0.007643222808837891, 0.009658575057983398, 0.006433010101318359, 0.011925220489501953, 0.007297992706298828, 0.007445573806762695], [0.022883176803588867, 0.032143354415893555, 0.020636320114135742, 0.03664898872375488, 0.016410112380981445, 0.022086381912231445, 0.034322261810302734, 0.023094654083251953, 0.03722882270812988, 0.030427217483520508, 0.02122211456298828, 0.04429030418395996, 0.0467832088470459, 0.05048394203186035, 0.020566940307617188, 0.03239917755126953, 0.035954952239990234, 0.015081167221069336, 0.026230335235595703, 0.04926729202270508, 0.03118419647216797, 0.0533905029296875, 0.02224564552307129, 0.038779258728027344, 0.04700970649719238, 0.030057191848754883, 0.03038620948791504, 0.03932046890258789, 0.04024791717529297, 0.047365427017211914, 0.027245521545410156, 0.0386197566986084], 0.1822197437286377], [15.051928758621216, 0.658820629119873, [0.13892745971679688, 0.2205488681793213, 0.17952942848205566, 0.10453534126281738, 0.10376405715942383, 0.16659927368164062, 0.1044459342956543, 0.3894798755645752, 0.3927903175354004, 0.2719080448150635, 0.37552762031555176, 0.2869575023651123, 0.45052528381347656, 0.38268613815307617, 0.2813892364501953, 0.2777690887451172, 0.49174046516418457, 0.40050268173217773, 0.3876473903656006, 0.4845614433288574, 0.4985389709472656, 0.27298665046691895, 0.4989049434661865, 0.3881089687347412, 0.379058837890625, 0.2788560390472412, 0.3859589099884033, 0.27288365364074707, 0.6202065944671631, 0.4883460998535156, 0.3970606327056885, 0.2892289161682129], [0.008362293243408203, 0.02088785171508789, 0.011465072631835938, 0.006304025650024414, 0.005689144134521484, 0.010318279266357422, 0.006081342697143555, 0.010544061660766602, 0.009506464004516602, 0.005976438522338867, 0.007108449935913086, 0.007401704788208008, 0.007748842239379883, 0.008737325668334961, 0.006646394729614258, 0.005936145782470703, 0.010047435760498047, 0.009678363800048828, 0.008183956146240234, 0.009122133255004883, 0.011425971984863281, 0.006072521209716797, 0.010788917541503906, 0.00864553451538086, 0.007569789886474609, 0.006723880767822266, 0.008920907974243164, 0.004999876022338867, 0.012598037719726562, 0.009845495223999023, 0.009639739990234375, 0.0051000118255615234], [0.028823375701904297, 0.044635772705078125, 0.04461336135864258, 0.028148651123046875, 0.0178680419921875, 0.028011560440063477, 0.0165860652923584, 0.026018381118774414, 0.04074835777282715, 0.014748334884643555, 0.018113136291503906, 0.029428720474243164, 0.035212039947509766, 0.03846907615661621, 0.02103281021118164, 0.018961429595947266, 0.03203272819519043, 0.03976893424987793, 0.036319732666015625, 0.02575397491455078, 0.045714616775512695, 0.02494525909423828, 0.041487693786621094, 0.020743131637573242, 0.02055525779724121, 0.031617164611816406, 0.035146236419677734, 0.018879175186157227, 0.04730701446533203, 0.02879643440246582, 0.034860849380493164, 0.018397092819213867], 0.171065092086792], [14.626571893692017, 0.6414074897766113, [0.15688371658325195, 0.10769462585449219, 0.14295625686645508, 0.16010689735412598, 0.11049675941467285, 0.18231511116027832, 0.13624167442321777, 0.14203214645385742, 0.16007280349731445, 0.3999481201171875, 0.3979299068450928, 0.28307032585144043, 0.3914005756378174, 0.29369449615478516, 0.4074108600616455, 0.4968419075012207, 0.1868600845336914, 0.45305609703063965, 0.3939080238342285, 0.3946800231933594, 0.28615236282348633, 0.6810035705566406, 0.5003845691680908, 0.3939847946166992, 0.2952570915222168, 0.39760351181030273, 0.29053521156311035, 0.39241981506347656, 0.389934778213501, 0.3961446285247803, 0.28284621238708496, 0.5355269908905029], [0.008378744125366211, 0.006970405578613281, 0.008501291275024414, 0.010939598083496094, 0.007072925567626953, 0.011315107345581055, 0.007503986358642578, 0.007992029190063477, 0.009737730026245117, 0.009406089782714844, 0.008465290069580078, 0.007162332534790039, 0.008137226104736328, 0.00649714469909668, 0.009755849838256836, 0.009596109390258789, 0.006279706954956055, 0.009188652038574219, 0.009027242660522461, 0.008080005645751953, 0.007112026214599609, 0.01731705665588379, 0.010252952575683594, 0.008723735809326172, 0.0063855648040771484, 0.008933544158935547, 0.0061452388763427734, 0.008824825286865234, 0.008682012557983398, 0.009590625762939453, 0.005301713943481445, 0.011871099472045898], [0.037068843841552734, 0.014965534210205078, 0.02944469451904297, 0.03356599807739258, 0.027060508728027344, 0.02256464958190918, 0.01279592514038086, 0.0271148681640625, 0.02795696258544922, 0.026332616806030273, 0.03734731674194336, 0.036081552505493164, 0.03962445259094238, 0.021032094955444336, 0.03566575050354004, 0.0439605712890625, 0.022248506546020508, 0.036609649658203125, 0.030727386474609375, 0.03958249092102051, 0.012938261032104492, 0.03116011619567871, 0.011865377426147461, 0.01634049415588379, 0.015423059463500977, 0.025673627853393555, 0.010724067687988281, 0.03755354881286621, 0.03666567802429199, 0.026477336883544922, 0.01294708251953125, 0.03697037696838379], 0.15300607681274414], [15.172923803329468, 0.4806339740753174, [0.10571980476379395, 0.12571382522583008, 0.14564299583435059, 0.1653745174407959, 0.18387341499328613, 0.29754161834716797, 0.1489121913909912, 0.24422526359558105, 0.4162027835845947, 0.41895484924316406, 0.19529175758361816, 0.295849084854126, 0.3074197769165039, 0.6253612041473389, 0.4199662208557129, 0.31978535652160645, 0.301006555557251, 0.4114549160003662, 0.6316277980804443, 0.43891143798828125, 0.6436669826507568, 0.6452410221099854, 0.3017306327819824, 0.4256465435028076, 0.32067251205444336, 0.30100512504577637, 0.4271125793457031, 0.21572065353393555, 0.41712284088134766, 0.43416476249694824, 0.36716485023498535, 0.5327560901641846], [0.005614757537841797, 0.01385045051574707, 0.012569189071655273, 0.015418529510498047, 0.013881683349609375, 0.03194069862365723, 0.012252569198608398, 0.024361610412597656, 0.012533187866210938, 0.013887166976928711, 0.007918596267700195, 0.006791114807128906, 0.011537551879882812, 0.017342567443847656, 0.013443231582641602, 0.009430646896362305, 0.00987386703491211, 0.01387476921081543, 0.018032550811767578, 0.015012979507446289, 0.01907944679260254, 0.020999431610107422, 0.00895071029663086, 0.015492439270019531, 0.009671211242675781, 0.0077972412109375, 0.012530088424682617, 0.009264707565307617, 0.011212587356567383, 0.013654708862304688, 0.012473583221435547, 0.013427019119262695], [0.005882978439331055, 0.024624347686767578, 0.01255488395690918, 0.02341461181640625, 0.03658795356750488, 