{"load_dataset_centroids": [1.8730340003967285, 0.42743730545043945, 3.075599670410156e-05, 1.4419915676116943, 0.003573894500732422], "global_index_centroids": 0.1868600845336914, "distribute_vectors_centroids": [2.6109914779663086, 2.6150693893432617, 2.2082717418670654, 2.4371795654296875, 2.729461908340454, 2.5509488582611084, 2.30818247795105, 2.291841506958008, 2.5294530391693115, 2.629696846008301, 2.1542439460754395, 2.6730780601501465, 2.6655335426330566, 2.692939043045044, 2.669219732284546, 2.3995048999786377], "distribute_vectors_invocation_centroids": [1.164795160293579, 1.1968920230865479, 1.0130136013031006, 1.1753380298614502, 1.098221778869629, 1.1224591732025146, 1.1034317016601562, 1.0555429458618164, 1.0259430408477783, 1.1457295417785645, 0.9842507839202881, 1.146308183670044, 1.1248750686645508, 1.113954782485962, 1.152667760848999, 1.1031174659729004], "total_generated_vectors": 100000, "generated_vectors": [9864, 8128, 6401, 6654, 5934, 7994, 5621, 5603, 8644, 4988, 4100, 6862, 6502, 5424, 3564, 3717], "avg_generated_vectors": 6250, "std_dev_generated_vectors": 1778.1437512192315, "generate_index_centroids": [1.45045804977417, 1.490253210067749, 1.0169799327850342, 0.963019609451294, 1.4228367805480957, 1.0058116912841797, 0.9895029067993164, 1.0935065746307373, 1.177692174911499, 1.4015281200408936, 1.2667458057403564, 0.8798544406890869, 1.068878412246704, 1.0323138236999512, 1.1332447528839111, 1.3499014377593994], "generate_index_invocation_centroids": [1.118811845779419, 1.0772464275360107, 1.0843479633331299, 1.0783774852752686, 1.0591833591461182, 0.9344897270202637, 1.0184886455535889, 0.9558296203613281, 1.0812511444091797, 0.9910295009613037, 1.0941803455352783, 1.0573368072509766, 1.0752809047698975, 0.9168531894683838, 1.0768687725067139, 0.9261844158172607], "total_indexing_centroids": 12.509858846664429, "shuffle_centroids_times": [], "map_iterdata_times": [], "create_map_data": [], "map_queries_times": [], "map_execution": [], "map_invoke": [], "create_reduce_data": [], "reduce_iterdata_times": [], "reduce_queries_times": [], "reduce_execution_times": [], "reduce_invoke": [], "divide_reduce_times": [], "total_querying_times": [], "recalls": [], "distribute_vectors_centroids_mean": 2.510351002216339, "generate_index_centroids_mean": 1.1714079827070236, "params": {"dataset": "deep_100k", "features": 96, "k_search": 10, "num_index": 16, "replication_threshold": 1.0, "num_centroids_search": 1, "k": 512, "kmeans_version": "unbalanced", "n_probe": 32, "query_batch_size": 4, "implementation": "centroids", "indexing_memory": 10240, "search_map_memory": 8192, "search_reduce_memory": 2048}}