{"load_dataset_centroids": [1.874497413635254, 0.4309728145599365, 3.0517578125e-05, 1.4399476051330566, 0.0035462379455566406], "global_index_centroids": 0.3781454563140869, "distribute_vectors_centroids": [4.161150693893433, 3.9717886447906494, 4.667511224746704, 4.282402753829956, 4.034077882766724, 4.604757785797119, 4.70802116394043, 4.418043613433838, 4.415690660476685, 4.006581544876099, 4.701571941375732, 4.452215671539307, 4.4981689453125, 4.458041191101074, 4.577071666717529, 5.021655559539795], "distribute_vectors_invocation_centroids": [0.9611597061157227, 1.0175151824951172, 1.1274387836456299, 1.0930283069610596, 1.0174872875213623, 1.1187808513641357, 1.1573333740234375, 1.0804615020751953, 1.1131949424743652, 0.9385156631469727, 1.1614046096801758, 0.9907448291778564, 0.9740176200866699, 0.9982547760009766, 1.0983166694641113, 1.1567518711090088], "total_generated_vectors": 100000, "generated_vectors": [1491, 1486, 1190, 911, 2034, 1557, 1448, 1338, 1266, 1808, 1288, 1237, 1300, 1867, 1170, 1768, 1819, 1438, 2319, 1506, 2068, 1820, 1428, 1448, 2051, 1507, 1509, 1533, 1035, 2625, 1310, 1641, 1995, 2472, 1563, 1074, 1841, 1282, 2313, 1865, 1457, 1604, 1189, 1094, 1653, 1938, 1124, 1478, 1040, 1336, 1278, 1108, 2253, 1459, 1588, 1643, 1813, 1820, 1676, 1210, 1886, 1503, 923, 1306], "avg_generated_vectors": 1562.5, "std_dev_generated_vectors": 378.3777402090592, "generate_index_centroids": [2.806917190551758, 3.161860942840576, 3.0242044925689697, 2.9522805213928223, 2.753441572189331, 2.9497807025909424, 2.9790501594543457, 2.8666157722473145, 2.692894697189331, 3.3762526512145996, 2.6709001064300537, 2.582289457321167, 3.339311361312866, 2.5770277976989746, 2.7882823944091797, 2.5051794052124023], "generate_index_invocation_centroids": [0.9371578693389893, 1.0938193798065186, 1.0384986400604248, 1.0886337757110596, 0.9922034740447998, 1.0683724880218506, 0.9214422702789307, 1.114833116531372, 1.0637907981872559, 0.9995181560516357, 0.9883780479431152, 0.9198017120361328, 1.062166690826416, 0.9636635780334473, 1.0930278301239014, 0.9607806205749512], "total_indexing_centroids": 16.73247480392456, "shuffle_centroids_times": [], "map_iterdata_times": [], "create_map_data": [], "map_queries_times": [], "map_execution": [], "map_invoke": [], "create_reduce_data": [], "reduce_iterdata_times": [], "reduce_queries_times": [], "reduce_execution_times": [], "reduce_invoke": [], "divide_reduce_times": [], "total_querying_times": [], "recalls": [], "distribute_vectors_centroids_mean": 4.436171934008598, "generate_index_centroids_mean": 2.8766430765390396, "params": {"dataset": "deep_100k", "features": 96, "k_search": 10, "num_index": 64, "replication_threshold": 1.0, "num_centroids_search": 1, "k": 512, "kmeans_version": "unbalanced", "n_probe": 32, "query_batch_size": 16, "implementation": "centroids", "indexing_memory": 10240, "search_map_memory": 8192, "search_reduce_memory": 2048}}