{"load_dataset_centroids": [1.8905634880065918, 0.4204397201538086, 3.314018249511719e-05, 1.466475009918213, 0.003615140914916992], "global_index_centroids": 0.2705354690551758, "distribute_vectors_centroids": [2.7028722763061523, 2.4948556423187256, 2.3087916374206543, 2.260681390762329, 2.502150535583496, 2.5292515754699707, 2.550574779510498, 2.5811917781829834, 2.6743409633636475, 2.2781989574432373, 2.1893367767333984, 2.7736597061157227, 2.674070119857788, 2.809267520904541, 2.5538599491119385, 2.3213953971862793], "distribute_vectors_invocation_centroids": [1.1745684146881104, 1.1607871055603027, 1.1147708892822266, 1.0193614959716797, 1.1299324035644531, 1.1539602279663086, 1.1751713752746582, 1.2048044204711914, 1.2123303413391113, 1.0311837196350098, 1.0580155849456787, 1.2078921794891357, 1.2104976177215576, 1.1878502368927002, 1.1479430198669434, 1.042935848236084], "total_generated_vectors": 100000, "generated_vectors": [9864, 8128, 6401, 6654, 5934, 7994, 5621, 5603, 8644, 4988, 4100, 6862, 6502, 5424, 3564, 3717], "avg_generated_vectors": 6250, "std_dev_generated_vectors": 1778.1437512192315, "generate_index_centroids": [1.5113108158111572, 1.3436038494110107, 1.0126230716705322, 0.9731180667877197, 1.4694774150848389, 1.155132532119751, 1.0845811367034912, 1.3218450546264648, 1.1823046207427979, 1.1631920337677002, 1.2979168891906738, 1.0313830375671387, 0.9891719818115234, 1.037731409072876, 1.3018739223480225, 1.5469138622283936], "generate_index_invocation_centroids": [0.9474263191223145, 0.9778003692626953, 0.8516809940338135, 0.942218542098999, 0.9413914680480957, 0.9613096714019775, 0.9658160209655762, 0.9932601451873779, 0.9595019817352295, 0.868480920791626, 0.9560832977294922, 0.9383203983306885, 0.851426362991333, 0.8601713180541992, 0.9837143421173096, 0.9721665382385254], "total_indexing_centroids": 13.59992265701294, "shuffle_centroids_times": [], "map_iterdata_times": [], "create_map_data": [], "map_queries_times": [], "map_execution": [], "map_invoke": [], "create_reduce_data": [], "reduce_iterdata_times": [], "reduce_queries_times": [], "reduce_execution_times": [], "reduce_invoke": [], "divide_reduce_times": [], "total_querying_times": [], "recalls": [], "distribute_vectors_centroids_mean": 2.51278118789196, "generate_index_centroids_mean": 1.2138862311840057, "params": {"dataset": "deep_100k", "features": 96, "k_search": 10, "num_index": 16, "replication_threshold": 1.0, "num_centroids_search": 1, "k": 512, "kmeans_version": "unbalanced", "n_probe": 32, "query_batch_size": 4, "implementation": "centroids", "indexing_memory": 10240, "search_map_memory": 8192, "search_reduce_memory": 2048}}