{"load_dataset_centroids": [1.8767385482788086, 0.4386017322540283, 3.0517578125e-05, 1.4345266819000244, 0.0035791397094726562], "global_index_centroids": 0.27473998069763184, "distribute_vectors_centroids": [3.7980732917785645, 3.5803792476654053, 3.7684638500213623, 3.8172454833984375, 3.8890578746795654, 3.434314012527466, 3.7341325283050537, 3.9969863891601562, 3.6109700202941895, 3.8801870346069336, 3.7448229789733887, 3.813356637954712, 3.776854991912842, 3.9511945247650146, 3.5636074542999268, 3.899521589279175], "distribute_vectors_invocation_centroids": [1.181382417678833, 1.0895240306854248, 1.0545852184295654, 1.1833949089050293, 1.162198781967163, 1.0169548988342285, 1.1459286212921143, 1.1241087913513184, 1.0447587966918945, 1.1193914413452148, 1.0122523307800293, 0.9972660541534424, 1.0980565547943115, 1.1417827606201172, 1.1352224349975586, 1.119513750076294], "total_generated_vectors": 100000, "generated_vectors": [1945, 3917, 3394, 3863, 1062, 3278, 2954, 3442, 3705, 2715, 4006, 2066, 4405, 2610, 2183, 3430, 3205, 4731, 3635, 4751, 3613, 2943, 2937, 2579, 1699, 3123, 3754, 1745, 4250, 3166, 2870, 2024], "avg_generated_vectors": 3125, "std_dev_generated_vectors": 903.4758329059839, "generate_index_centroids": [1.7362918853759766, 1.9202659130096436, 1.829472541809082, 1.5655665397644043, 1.8121318817138672, 1.6821367740631104, 1.5339679718017578, 1.601106882095337, 1.6408076286315918, 1.842517614364624, 1.6210944652557373, 2.163297176361084, 1.4703443050384521, 1.6287567615509033, 1.97625732421875, 1.6576128005981445], "generate_index_invocation_centroids": [0.9544596672058105, 1.0732746124267578, 1.0924007892608643, 1.097623348236084, 1.067582368850708, 1.0120482444763184, 1.0396614074707031, 1.0075469017028809, 1.0585851669311523, 1.067488670349121, 1.0125212669372559, 1.0358898639678955, 0.9340245723724365, 0.9906821250915527, 1.0650866031646729, 1.1007192134857178], "total_indexing_centroids": 14.590442895889282, "shuffle_centroids_times": [], "map_iterdata_times": [], "create_map_data": [], "map_queries_times": [], "map_execution": [], "map_invoke": [], "create_reduce_data": [], "reduce_iterdata_times": [], "reduce_queries_times": [], "reduce_execution_times": [], "reduce_invoke": [], "divide_reduce_times": [], "total_querying_times": [], "recalls": [], "distribute_vectors_centroids_mean": 3.766197994351387, "generate_index_centroids_mean": 1.7301017791032791, "params": {"dataset": "deep_100k", "features": 96, "k_search": 10, "num_index": 32, "replication_threshold": 1.0, "num_centroids_search": 1, "k": 512, "kmeans_version": "unbalanced", "n_probe": 32, "query_batch_size": 8, "implementation": "centroids", "indexing_memory": 10240, "search_map_memory": 8192, "search_reduce_memory": 2048}}