{"shuffle_centroids_times": [[]], "map_iterdata_times": [0.13422942161560059], "map_queries_times": [[[4.885504245758057, 0.04535937309265137, [0.3197472095489502, 0.3136739730834961, 0.35933661460876465, 0.3042888641357422, 0.38788509368896484, 0.6810672283172607, 0.6558654308319092, 0.774838924407959], [0.043360233306884766, 0.04265546798706055, 0.027476787567138672, 0.042853355407714844, 0.026636362075805664, 0.042618513107299805, 0.024250507354736328, 0.024564027786254883], [0.09554886817932129, 0.09456467628479004, 0.09098005294799805, 0.09113931655883789, 0.09389400482177734, 0.08814740180969238, 0.09437346458435059, 0.08976626396179199], 0.0305025577545166], [4.756108999252319, 0.0400700569152832, [0.3056364059448242, 0.29314637184143066, 0.2791478633880615, 0.2864813804626465, 0.4023323059082031, 0.6443755626678467, 0.6436500549316406, 0.7407946586608887], [0.04200172424316406, 0.042562007904052734, 0.02646040916442871, 0.0421595573425293, 0.025903701782226562, 0.04180169105529785, 0.025797605514526367, 0.041396141052246094], [0.18926548957824707, 0.08822941780090332, 0.08814382553100586, 0.08937764167785645, 0.08627700805664062, 0.0886387825012207, 0.08668351173400879, 0.08579659461975098], 0.029872655868530273], [4.780443429946899, 0.04108023643493652, [0.34845829010009766, 0.33556246757507324, 0.3171100616455078, 0.3227119445800781, 0.3362104892730713, 0.7250456809997559, 0.6359636783599854, 0.6622231006622314], [0.045499324798583984, 0.045436859130859375, 0.024468183517456055, 0.024570703506469727, 0.024216890335083008, 0.02446269989013672, 0.024569272994995117, 0.024423599243164062], [0.09775137901306152, 0.08497285842895508, 0.09187126159667969, 0.09624123573303223, 0.09115910530090332, 0.08775091171264648, 0.093963623046875, 0.13927292823791504], 0.03534078598022461], [4.857929944992065, 0.04111790657043457, [0.3027520179748535, 0.28192806243896484, 0.27262353897094727, 0.2631552219390869, 0.6797053813934326, 0.6655006408691406, 0.7442212104797363, 0.6168339252471924], [0.03244352340698242, 0.032074689865112305, 0.01676464080810547, 0.016357421875, 0.01714301109313965, 0.016955852508544922, 0.016451120376586914, 0.017045259475708008], [0.10129690170288086, 0.09261298179626465, 0.08771848678588867, 0.09293889999389648, 0.08915495872497559, 0.09134173393249512, 0.09658360481262207, 0.14459896087646484], 0.028512001037597656], [4.817046403884888, 0.04358482360839844, [0.29465317726135254, 0.2807140350341797, 0.2717149257659912, 0.2780344486236572, 0.5643248558044434, 0.6830613613128662, 0.673593282699585, 0.666327714920044], [0.03243827819824219, 0.03237724304199219, 0.01666259765625, 0.017441749572753906, 0.01734757423400879, 0.016567230224609375, 0.016445636749267578, 0.017080068588256836], [0.10540938377380371, 0.10116839408874512, 0.10247015953063965, 0.1001732349395752, 0.10272097587585449, 0.10180139541625977, 0.10503888130187988, 0.14708304405212402], 0.028711795806884766], [4.879743576049805, 0.04841947555541992, [0.32262110710144043, 0.28365254402160645, 0.27468276023864746, 0.2726588249206543, 0.5773866176605225, 0.6530764102935791, 0.6613795757293701, 0.7618203163146973], [0.04213213920593262, 0.0419316291809082, 0.023546934127807617, 0.023335695266723633, 0.023497819900512695, 0.023301124572753906, 0.023389816284179688, 0.023521900177001953], [0.09222650527954102, 0.09417343139648438, 0.08774232864379883, 0.0872504711151123, 0.09263229370117188, 0.09120750427246094, 0.08861398696899414, 0.13537979125976562], 0.03006768226623535], [4.8120810985565186, 0.048746347427368164, [0.30318355560302734, 0.28252434730529785, 0.31817102432250977, 0.2847466468811035, 0.45161008834838867, 0.7502989768981934, 0.6481175422668457, 0.6826066970825195], [0.03294491767883301, 0.033274173736572266, 0.01953268051147461, 0.033512115478515625, 0.01893448829650879, 0.03325819969177246, 0.017034292221069336, 0.017405033111572266], [0.09909605979919434, 0.10629534721374512, 0.10044479370117188, 0.10248851776123047, 0.09701800346374512, 0.09985923767089844, 0.10316824913024902, 0.09942269325256348], 0.028235673904418945], [4.822121620178223, 0.04066801071166992, [0.29387879371643066, 0.2925238609313965, 0.28026318550109863, 0.28038692474365234, 0.46256017684936523, 0.6619298458099365, 0.6573169231414795, 0.677814245223999], [0.03342628479003906, 0.03375983238220215, 0.01979851722717285, 0.03351712226867676, 0.01876211166381836, 0.033172607421875, 0.01940631866455078, 0.03313899040222168], [0.19734835624694824, 0.0998079776763916, 0.1059882640838623, 0.10064458847045898, 0.10282492637634277, 0.10690474510192871, 0.10110163688659668, 0.10767436027526855], 0.027401447296142578]]], "reduce_iterdata_times": [0.31234240531921387], "reduce_queries_times": [[0.22989249229431152]], "total_querying_times": [10.767346620559692],