{"shuffle_centroids_times": [[]], "map_iterdata_times": [0.11231660842895508], "map_queries_times": [[[11.664696216583252, 0.05949568748474121, [0.20957684516906738, 0.2789738178253174, 0.24036192893981934, 0.16918134689331055, 0.18345904350280762, 0.18245673179626465, 0.1701664924621582, 0.16992568969726562, 0.16909265518188477, 0.1657712459564209, 0.16223478317260742, 0.4234180450439453, 0.3381223678588867, 0.3314645290374756, 0.3346693515777588, 0.42684268951416016, 0.3267827033996582, 0.379910945892334, 0.3426699638366699, 0.32797765731811523, 0.34881067276000977, 0.33409905433654785, 0.4131181240081787, 0.3327317237854004, 0.33269405364990234, 0.33709001541137695, 0.42367982864379883, 0.3447146415710449, 0.33823513984680176, 0.33534669876098633, 0.3357224464416504, 0.42989134788513184], [0.02258133888244629, 0.023586750030517578, 0.013314008712768555, 0.013438224792480469, 0.013467550277709961, 0.013268232345581055, 0.01339268684387207, 0.013611316680908203, 0.013314247131347656, 0.012898683547973633, 0.013247966766357422, 0.013248920440673828, 0.013150453567504883, 0.012708187103271484, 0.013092041015625, 0.013275861740112305, 0.013348817825317383, 0.013410091400146484, 0.013283967971801758, 0.013281106948852539, 0.013399362564086914, 0.013336896896362305, 0.013214111328125, 0.01322484016418457, 0.013170003890991211, 0.013208627700805664, 0.012796163558959961, 0.012996912002563477, 0.012777090072631836, 0.013192415237426758, 0.012802600860595703, 0.013184070587158203], [0.042340993881225586, 0.04062843322753906, 0.04267430305480957, 0.044891357421875, 0.04592084884643555, 0.04261183738708496, 0.040903568267822266, 0.03876900672912598, 0.03915739059448242, 0.04068350791931152, 0.03791379928588867, 0.042800188064575195, 0.03809547424316406, 0.03926515579223633, 0.041138410568237305, 0.04229140281677246, 0.03943371772766113, 0.04108905792236328, 0.04118919372558594, 0.04543328285217285, 0.043523550033569336, 0.04375767707824707, 0.042191505432128906, 0.04117846488952637, 0.03803873062133789, 0.03992295265197754, 0.04061317443847656, 0.03728294372558594, 0.03933262825012207, 0.04240846633911133, 0.03693580627441406, 0.0388336181640625], 0.21215581893920898], [11.181303977966309, 0.05222582817077637, [0.19187331199645996, 0.2810096740722656, 0.16272759437561035, 0.154541015625, 0.16811871528625488, 0.17879557609558105, 0.17711925506591797, 0.1607494354248047, 0.22481322288513184, 0.16237640380859375, 0.1617732048034668, 0.30914974212646484, 0.30369138717651367, 0.3255503177642822, 0.3980886936187744, 0.32224488258361816, 0.31286072731018066, 0.3070099353790283, 0.3199937343597412, 0.40404438972473145, 0.3152580261230469, 0.319812536239624, 0.4039158821105957, 0.31804656982421875, 0.30567097663879395, 0.396359920501709, 0.3101470470428467, 0.32488059997558594, 0.3201022148132324, 0.40990447998046875, 0.31725454330444336, 0.31676602363586426], [0.02261638641357422, 0.023250102996826172, 0.01591014862060547, 0.02292656898498535, 0.0129852294921875, 0.013306140899658203, 0.013309478759765625, 0.013310909271240234, 0.012778282165527344, 0.013303041458129883, 0.013188600540161133, 0.0133209228515625, 0.012963056564331055, 0.013344764709472656, 0.014716148376464844, 0.013506889343261719, 0.012749910354614258, 0.01334524154663086, 0.01311349868774414, 0.013043880462646484, 0.013156652450561523, 0.013406753540039062, 0.01344442367553711, 0.013163566589355469, 0.013196468353271484, 0.013248682022094727, 0.013253450393676758, 0.01351475715637207, 0.013371467590332031, 0.013477325439453125, 0.013309478759765625, 0.013238191604614258], [0.03993391990661621, 0.04049396514892578, 0.04219770431518555, 0.03977227210998535, 0.03775501251220703, 0.04292798042297363, 0.040912628173828125, 0.04315614700317383, 0.03854084014892578, 0.040437936782836914, 0.0461878776550293, 0.03912472724914551, 0.041547298431396484, 0.04002833366394043, 0.04449462890625, 0.04168438911437988, 0.08774805068969727, 0.0394136905670166, 0.04040789604187012, 0.04169821739196777, 0.03845977783203125, 0.040937185287475586, 0.04079413414001465, 0.04215717315673828, 0.046613454818725586, 0.03827548027038574, 0.04188132286071777, 0.040305376052856445, 0.0397944450378418, 0.04104471206665039, 0.042313575744628906, 0.04778552055358887], 0.21843838691711426], [11.355548620223999, 0.0485842227935791, [0.20894885063171387, 0.2777421474456787, 0.18001008033752441, 0.16801142692565918, 0.1588730812072754, 0.17046785354614258, 0.1698307991027832, 0.16306042671203613, 0.16726016998291016, 0.17619729042053223, 0.22508788108825684, 0.39319419860839844, 0.3113715648651123, 0.31827497482299805, 0.4004945755004883, 0.30730271339416504, 0.32957911491394043, 0.3168168067932129, 0.3996436595916748, 0.3172566890716553, 0.3159327507019043, 0.40656304359436035, 0.31484293937683105, 0.3901503086090088, 0.31111836433410645, 0.3176250457763672, 0.4174630641937256, 0.32300376892089844, 0.3164393901824951, 0.40499448776245117, 0.3121159076690674, 0.3170762062072754], [0.0223085880279541, 0.02330470085144043, 0.013288497924804688, 0.013123273849487305, 0.012710094451904297, 0.012553691864013672, 0.012908220291137695, 0.013025999069213867, 0.013008594512939453, 0.013176918029785156, 0.013166189193725586, 0.013006925582885742, 0.012806415557861328, 0.013226509094238281, 0.01323556900024414, 0.013235330581665039, 0.013227462768554688, 0.013063907623291016, 0.013076543807983398, 0.01302480697631836, 0.013270378112792969, 0.013131141662597656, 0.01307368278503418, 0.012960195541381836, 0.013283729553222656, 0.013210535049438477, 0.013161659240722656, 0.012631654739379883, 0.013386726379394531, 0.01355600357055664, 0.01304006576538086, 0.01320195198059082], [0.04438972473144531, 0.04385113716125488, 0.042859792709350586, 0.03696799278259277, 0.03912496566772461, 0.03883552551269531, 0.03983950614929199, 0.038755178451538086, 0.03931450843811035, 0.040282487869262695, 0.04598426818847656, 0.03958940505981445, 0.039453744888305664, 0.042205810546875, 0.04172039031982422, 0.040572166442871094, 0.09021329879760742, 0.04034113883972168, 0.039484262466430664, 0.04058265686035156, 0.04144454002380371, 0.042711496353149414, 0.04006385803222656, 0.03954172134399414, 0.040372371673583984, 0.03758358955383301, 0.04167318344116211, 0.0403749942779541, 0.040451765060424805, 0.04288148880004883, 0.036780595779418945, 0.040255069732666016], 0.2129650115966797], [11.568545579910278, 0.07480072975158691, [0.21311306953430176, 0.28720808029174805, 0.16887998580932617, 0.16413450241088867, 0.16662144660949707, 0.1668226718902588, 0.1657717227935791, 0.16429543495178223, 0.15255188941955566, 0.1663665771484375, 0.4183826446533203, 0.22878766059875488, 0.32474780082702637, 0.32631349563598633, 0.40999889373779297, 0.32227492332458496, 0.3307933807373047, 0.3216097354888916, 0.40199708938598633, 0.31266164779663086, 0.32106924057006836, 0.4180424213409424, 0.3221168518066406, 0.31864023208618164, 0.41559481620788574, 0.33527112007141113, 0.3140082359313965, 0.40998339653015137, 0.3170928955078125, 0.32322168350219727, 0.4109687805175781, 0.33898496627807617], [0.02278757095336914, 0.023277759552001953, 0.014335155487060547, 0.02304220199584961, 0.013233423233032227, 0.013140439987182617, 0.013020038604736328, 0.013283729553222656, 0.013096332550048828, 0.012822866439819336, 0.01323556900024414, 0.01335453987121582, 0.013126611709594727, 0.013389110565185547, 0.013280868530273438, 0.013671398162841797, 0.01313018798828125, 0.013226032257080078, 0.013073205947875977, 0.013174772262573242, 0.013136148452758789, 0.013258934020996094, 0.013207674026489258, 0.013216733932495117, 0.013153076171875, 0.013123273849487305, 0.013371706008911133, 0.013259410858154297, 0.013173103332519531, 0.013343334197998047, 0.013396024703979492, 0.013481378555297852], [0.04264640808105469, 0.03981471061706543, 0.04763436317443848, 0.04046940803527832, 0.03789520263671875, 0.03864908218383789, 0.03949880599975586, 0.040285587310791016, 0.04034233093261719, 