{"shuffle_centroids_times": [[]], "map_iterdata_times": [0.11117219924926758], "map_queries_times": [[[11.1462984085083, 0.050463199615478516, [0.3517746925354004, 0.32352209091186523, 0.3742203712463379, 0.3187978267669678, 0.2912318706512451, 0.6662671566009521, 0.6240706443786621, 0.6411893367767334, 0.6469120979309082, 0.731273889541626, 0.6319606304168701, 0.6410486698150635, 0.642650842666626, 0.64560866355896, 0.7251584529876709, 0.6372244358062744], [0.043428659439086914, 0.04364800453186035, 0.027589082717895508, 0.043234825134277344, 0.02688431739807129, 0.043198347091674805, 0.027141094207763672, 0.04305148124694824, 0.027071475982666016, 0.04360651969909668, 0.026995182037353516, 0.042836904525756836, 0.02476048469543457, 0.024677753448486328, 0.024617433547973633, 0.024741411209106445], [0.09881114959716797, 0.09888744354248047, 0.10186314582824707, 0.09240460395812988, 0.09473490715026855, 0.09644579887390137, 0.09442591667175293, 0.09883952140808105, 0.10295820236206055, 0.09815549850463867, 0.09888124465942383, 0.09142708778381348, 0.1416304111480713, 0.09124469757080078, 0.10593676567077637, 0.08902335166931152], 0.06955909729003906], [11.179481744766235, 0.03986334800720215, [0.32050514221191406, 0.2890141010284424, 0.2736961841583252, 0.2732725143432617, 0.4668388366699219, 0.6475632190704346, 0.6458489894866943, 0.6597564220428467, 0.7449936866760254, 0.649240255355835, 0.653710126876831, 0.7528955936431885, 0.6506943702697754, 0.6613078117370605, 0.7439060211181641, 0.6595878601074219], [0.04183244705200195, 0.04222583770751953, 0.02592611312866211, 0.04173564910888672, 0.026169300079345703, 0.04168534278869629, 0.023995399475097656, 0.024119853973388672, 0.024880170822143555, 0.023899078369140625, 0.02375006675720215, 0.024428367614746094, 0.02355790138244629, 0.02422189712524414, 0.023931026458740234, 0.024233579635620117], [0.19207167625427246, 0.08712363243103027, 0.08764505386352539, 0.08751034736633301, 0.08827424049377441, 0.08751511573791504, 0.09304356575012207, 0.09467005729675293, 0.08948421478271484, 0.08759093284606934, 0.09219861030578613, 0.08987879753112793, 0.08548855781555176, 0.08551812171936035, 0.08470368385314941, 0.08602786064147949], 0.06725573539733887], [11.445095539093018, 0.0472111701965332, [0.30943989753723145, 0.3013176918029785, 0.28348660469055176, 0.2816503047943115, 0.47618579864501953, 0.68196702003479, 0.6680104732513428, 0.7809457778930664, 0.6681854724884033, 0.6773018836975098, 0.6675863265991211, 0.6994643211364746, 0.6734373569488525, 0.6816678047180176, 0.6734285354614258, 0.7146553993225098], [0.03320598602294922, 0.0333101749420166, 0.01914834976196289, 0.03256368637084961, 0.019271135330200195, 0.03279590606689453, 0.018793106079101562, 0.034317731857299805, 0.02035975456237793, 0.032684326171875, 0.018343687057495117, 0.03397846221923828, 0.01890850067138672, 0.033597469329833984, 0.017052173614501953, 0.01730823516845703], [0.18614625930786133, 0.10328269004821777, 0.09702730178833008, 0.10248970985412598, 0.10358762741088867, 0.10273218154907227, 0.0966341495513916, 0.10510969161987305, 0.0986635684967041, 0.09860801696777344, 0.09380388259887695, 0.09891247749328613, 0.09327530860900879, 0.10149908065795898, 0.0994725227355957, 0.10327649116516113], 0.058807373046875], [11.307452201843262, 0.043621063232421875, [0.2921626567840576, 0.28104424476623535, 0.3340458869934082, 0.27181267738342285, 0.4501309394836426, 0.7426393032073975, 0.6435987949371338, 0.7484800815582275, 0.6436672210693359, 0.7419679164886475, 0.6439268589019775, 0.7375433444976807, 0.6537878513336182, 0.6493301391601562, 0.6557276248931885, 0.7434816360473633], [0.033614158630371094, 0.03308558464050293, 0.02019524574279785, 0.03387022018432617, 0.017479419708251953, 0.017197370529174805, 0.017074108123779297, 0.01774001121520996, 0.01718616485595703, 0.017716407775878906, 0.016793012619018555, 0.0171201229095459, 0.017273426055908203, 0.01714920997619629, 0.017334938049316406, 0.01735520362854004], [0.09937405586242676, 0.1001744270324707, 0.10178518295288086, 0.10149669647216797, 0.10541510581970215, 0.10268139839172363, 0.09588742256164551, 0.09248757362365723, 0.10221338272094727, 0.09986019134521484, 0.09278035163879395, 0.10466766357421875, 0.13846206665039062, 0.1035163402557373, 0.10170364379882812, 0.0993051528930664], 0.06027340888977051]]], "reduce_iterdata_times": [0.19694113731384277], "reduce_queries_times": [[0.19082427024841309]], "total_querying_times": [17.686342239379883],