{"shuffle_centroids_times": [[]], "map_iterdata_times": [0.11511993408203125], "map_queries_times": [[[4.807534456253052, 0.048996925354003906, [0.3021869659423828, 0.27515316009521484, 0.28583312034606934, 0.2969789505004883, 0.4187748432159424, 0.6866481304168701, 0.674515962600708, 0.6615548133850098], [0.03206777572631836, 0.03355288505554199, 0.02007436752319336, 0.0338129997253418, 0.01905965805053711, 0.033438682556152344, 0.019116640090942383, 0.03372311592102051], [0.18993663787841797, 0.1083986759185791, 0.10058164596557617, 0.11226129531860352, 0.09684610366821289, 0.09593653678894043, 0.10136675834655762, 0.09873604774475098], 0.02788257598876953], [4.798282861709595, 0.04154396057128906, [0.3134632110595703, 0.2690129280090332, 0.27646374702453613, 0.26194310188293457, 0.6255624294281006, 0.8529043197631836, 0.5936868190765381, 0.5484285354614258], [0.032822370529174805, 0.03302431106567383, 0.016880273818969727, 0.016840219497680664, 0.019135475158691406, 0.032592058181762695, 0.017225027084350586, 0.016721010208129883], [0.09845137596130371, 0.09681391716003418, 0.10791707038879395, 0.09705495834350586, 0.10246014595031738, 0.1025545597076416, 0.0937340259552002, 0.10272598266601562], 0.02821803092956543], [4.875330924987793, 0.039803266525268555, [0.3278024196624756, 0.2993762493133545, 0.27425122261047363, 0.28319692611694336, 0.5659847259521484, 0.7106473445892334, 0.7025489807128906, 0.6943333148956299], [0.04185891151428223, 0.04195213317871094, 0.02358555793762207, 0.02385115623474121, 0.02646017074584961, 0.04178118705749512, 0.023741483688354492, 0.023847341537475586], [0.08997821807861328, 0.08469629287719727, 0.08612298965454102, 0.09100103378295898, 0.08738946914672852, 0.08484148979187012, 0.08935689926147461, 0.08740067481994629], 0.029420137405395508], [4.819586992263794, 0.04107356071472168, [0.3733499050140381, 0.3158273696899414, 0.31034183502197266, 0.31452202796936035, 0.30176568031311035, 0.682715892791748, 0.6641943454742432, 0.6619136333465576], [0.04504108428955078, 0.04522275924682617, 0.02788710594177246, 0.04568028450012207, 0.02701258659362793, 0.04526400566101074, 0.026908397674560547, 0.04585981369018555], [0.1990361213684082, 0.08897805213928223, 0.08873629570007324, 0.08225774765014648, 0.0911867618560791, 0.08617591857910156, 0.08664107322692871, 0.08719468116760254], 0.03469228744506836], [4.897894620895386, 0.04008364677429199, [0.3144192695617676, 0.29692888259887695, 0.2837378978729248, 0.2873654365539551, 0.40744924545288086, 0.708798885345459, 0.6263105869293213, 0.7922210693359375], [0.0415806770324707, 0.042236328125, 0.026569843292236328, 0.04219818115234375, 0.025635242462158203, 0.04188656806945801, 0.025690555572509766, 0.041419267654418945], [0.1963965892791748, 0.09012389183044434, 0.09205937385559082, 0.08908486366271973, 0.08962821960449219, 0.09274077415466309, 0.08798837661743164, 0.08613419532775879], 0.02910447120666504], [4.8720784187316895, 0.05057501792907715, [0.30906057357788086, 0.27071642875671387, 0.2792496681213379, 0.26248741149902344, 0.5986804962158203, 0.6942086219787598, 0.667905330657959, 0.7352781295776367], [0.033948659896850586, 0.033458709716796875, 0.016992568969726562, 0.016637563705444336, 0.017101049423217773, 0.01788020133972168, 0.016705036163330078, 0.016292572021484375], [0.10142636299133301, 0.10076618194580078, 0.10526585578918457, 0.09790253639221191, 0.10322785377502441, 0.10036396980285645, 0.10151314735412598, 0.09574079513549805], 0.02858734130859375], [4.736696720123291, 0.040250301361083984, [0.30936145782470703, 0.3026614189147949, 0.28298211097717285, 0.27911853790283203, 0.47315287590026855, 0.7081508636474609, 0.6594207286834717, 0.6514377593994141], [0.04357481002807617, 0.04282569885253906, 0.024430513381958008, 0.024367809295654297, 0.024019241333007812, 0.023975849151611328, 0.02446579933166504, 0.024913549423217773], [0.09629392623901367, 0.09283661842346191, 0.09605121612548828, 0.0959477424621582, 0.09952521324157715, 0.0956578254699707, 0.09343218803405762, 0.09626412391662598], 0.031469106674194336], [4.774348974227905, 0.04466748237609863, [0.28728318214416504, 0.27427029609680176, 0.26314306259155273, 0.26706933975219727, 0.46443819999694824, 0.6679573059082031, 0.6662509441375732, 0.7398273944854736], [0.03214597702026367, 0.032300710678100586, 0.018837928771972656, 0.0328364372253418, 0.01833319664001465, 0.032943010330200195, 0.019138813018798828, 0.03252601623535156], [0.1729743480682373, 0.0923004150390625, 0.0964505672454834, 0.10097861289978027, 0.10032296180725098, 0.099212646484375, 0.09701848030090332, 0.093505859375], 0.027510404586791992]]], "reduce_iterdata_times": [0.28073954582214355], "reduce_queries_times": [[0.18214011192321777]], "total_querying_times": [10.721861600875854],