{"shuffle_centroids_times": [[]], "map_iterdata_times": [0.10567736625671387], "map_queries_times": [[[10.67722463607788, 0.041330814361572266, [0.3802196979522705, 0.4447615146636963, 0.42057275772094727, 0.4879574775695801, 0.48834896087646484, 0.3461134433746338, 0.387866735458374, 0.36074256896972656, 0.5892195701599121, 0.5452921390533447, 0.6405370235443115, 0.6880857944488525, 0.656569242477417, 0.653714656829834, 0.6369218826293945, 0.6899325847625732], [0.06596064567565918, 0.03494739532470703, 0.019367218017578125, 0.03446388244628906, 0.01979231834411621, 0.03260350227355957, 0.019318819046020508, 0.03385639190673828, 0.01932382583618164, 0.033648014068603516, 0.01951146125793457, 0.03390693664550781, 0.019184350967407227, 0.03393149375915527, 0.019548892974853516, 0.034482479095458984], [0.09895634651184082, 0.10758209228515625, 0.09723591804504395, 0.1013784408569336, 0.10349559783935547, 0.10058116912841797, 0.10539579391479492, 0.09946775436401367, 0.10637712478637695, 0.10097455978393555, 0.1000053882598877, 0.11437034606933594, 0.1122591495513916, 0.1038053035736084, 0.11644363403320312, 0.11751580238342285], 0.05891060829162598], [11.24097228050232, 0.04319882392883301, [0.44522786140441895, 0.3769700527191162, 0.44960832595825195, 0.36701130867004395, 0.4767343997955322, 0.3728020191192627, 0.5242443084716797, 0.632246732711792, 0.7178044319152832, 0.6325879096984863, 0.7284250259399414, 0.6809618473052979, 0.6484982967376709, 0.6020016670227051, 0.680281400680542, 0.6686825752258301], [0.04340815544128418, 0.04303169250488281, 0.027904033660888672, 0.04336190223693848, 0.02674722671508789, 0.04353141784667969, 0.02483963966369629, 0.02532029151916504, 0.02513742446899414, 0.025339126586914062, 0.024812936782836914, 0.02481698989868164, 0.024640798568725586, 0.02497076988220215, 0.024826765060424805, 0.025228023529052734], [0.10074639320373535, 0.09552979469299316, 0.1015784740447998, 0.09685492515563965, 0.09353303909301758, 0.09274673461914062, 0.0959923267364502, 0.09909629821777344, 0.10380077362060547, 0.10311746597290039, 0.10122156143188477, 0.09895086288452148, 0.1593773365020752, 0.0986795425415039, 0.10593819618225098, 0.09933257102966309], 0.0690605640411377], [10.89829707145691, 0.10612201690673828, [0.41664981842041016, 0.594632625579834, 0.3888697624206543, 0.35692477226257324, 0.38094353675842285, 0.38189029693603516, 0.37155580520629883, 0.3966796398162842, 0.6990451812744141, 0.6596710681915283, 0.6616291999816895, 0.782841682434082, 0.6125051975250244, 0.7675721645355225, 0.6568796634674072, 0.6821210384368896], [0.07627511024475098, 0.0434114933013916, 0.026105642318725586, 0.04213714599609375, 0.023810625076293945, 0.02358269691467285, 0.023632049560546875, 0.023896217346191406, 0.023652315139770508, 0.023763656616210938, 0.02374744415283203, 0.023770570755004883, 0.02370166778564453, 0.023894071578979492, 0.023564577102661133, 0.023744583129882812], [0.09683918952941895, 0.09031176567077637, 0.09421801567077637, 0.0969095230102539, 0.08926558494567871, 0.08709979057312012, 0.08995819091796875, 0.08567261695861816, 0.08524656295776367, 0.08819007873535156, 0.09444212913513184, 0.08401966094970703, 0.08926558494567871, 0.09421491622924805, 0.08686518669128418, 0.08921527862548828], 0.06693768501281738], [11.294925212860107, 0.04058837890625, [0.546830415725708, 0.37792062759399414, 0.41475796699523926, 0.40384697914123535, 0.4147202968597412, 0.3872029781341553, 0.6379425525665283, 0.6235880851745605, 0.6817765235900879, 0.6788561344146729, 0.7372143268585205, 0.6657392978668213, 0.743436336517334, 0.6647403240203857, 0.6353540420532227, 0.7238109111785889], [0.03288078308105469, 0.03269147872924805, 0.018985986709594727, 0.02943277359008789, 0.017366409301757812, 0.017067432403564453, 0.016803503036499023, 0.016706466674804688, 0.017528533935546875, 0.016819000244140625, 0.017152070999145508, 0.016843318939208984, 0.01749253273010254, 0.01671290397644043, 0.01654362678527832, 0.017047643661499023], [0.10043811798095703, 0.1075594425201416, 0.10130763053894043, 0.1004953384399414, 0.09211540222167969, 0.09795403480529785, 0.10040426254272461, 0.09389233589172363, 0.0946359634399414, 0.09934115409851074, 0.0895833969116211, 0.0912630558013916, 0.10111689567565918, 0.09234809875488281, 0.08660507202148438, 0.09047651290893555], 0.05874514579772949]]], "reduce_iterdata_times": [0.21906471252441406], "reduce_queries_times": [[0.17510151863098145]], "total_querying_times": [16.640094757080078],