{"shuffle_centroids_times": [[]], "map_iterdata_times": [0.11409759521484375], "map_queries_times": [[[4.730142831802368, 0.03866434097290039, [0.19509053230285645, 0.1641552448272705, 0.16718053817749023, 0.16936588287353516, 0.1756610870361328, 0.15648245811462402, 0.17325592041015625, 0.1721022129058838, 0.17009329795837402, 0.16653847694396973, 0.15153098106384277, 0.3121523857116699, 0.3221421241760254, 0.31269049644470215, 0.32619166374206543, 0.31368207931518555], [0.0139923095703125, 0.013865470886230469, 0.007828950881958008, 0.0077097415924072266, 0.00765228271484375, 0.007701396942138672, 0.008363008499145508, 0.0081787109375, 0.008075237274169922, 0.007981538772583008, 0.00793600082397461, 0.007844686508178711, 0.008024215698242188, 0.008022308349609375, 0.008117437362670898, 0.008255481719970703], [0.06926369667053223, 0.06052041053771973, 0.060072898864746094, 0.04716968536376953, 0.05971670150756836, 0.06835436820983887, 0.06469941139221191, 0.0585789680480957, 0.05670356750488281, 0.06655406951904297, 0.05939126014709473, 0.06241774559020996, 0.11336255073547363, 0.05719280242919922, 0.06489825248718262, 0.06549501419067383], 0.06902098655700684], [4.721954107284546, 0.04739236831665039, [0.19353342056274414, 0.18763065338134766, 0.16412830352783203, 0.16673660278320312, 0.16813278198242188, 0.18277621269226074, 0.17558073997497559, 0.17247271537780762, 0.17055511474609375, 0.17647719383239746, 0.1720876693725586, 0.3060111999511719, 0.32584285736083984, 0.4027822017669678, 0.31621861457824707, 0.3145260810852051], [0.02342057228088379, 0.024283409118652344, 0.013010263442993164, 0.013421773910522461, 0.013649225234985352, 0.013666152954101562, 0.013830423355102539, 0.013530969619750977, 0.013541460037231445, 0.013585329055786133, 0.013465404510498047, 0.013576030731201172, 0.013456344604492188, 0.013497352600097656, 0.013634204864501953, 0.013300180435180664], [0.0462946891784668, 0.042469024658203125, 0.1208963394165039, 0.039015769958496094, 0.05020022392272949, 0.043477535247802734, 0.040918588638305664, 0.04676175117492676, 0.04314565658569336, 0.04212379455566406, 0.04031038284301758, 0.04114389419555664, 0.04360079765319824, 0.04323577880859375, 0.040825605392456055, 0.04239463806152344], 0.07516884803771973], [4.989035606384277, 0.04697823524475098, [0.20278358459472656, 0.18611717224121094, 0.1752488613128662, 0.1727612018585205, 0.1796419620513916, 0.18221497535705566, 0.17539596557617188, 0.18323731422424316, 0.17725753784179688, 0.17832207679748535, 0.2624936103820801, 0.32503461837768555, 0.3218038082122803, 0.4104292392730713, 0.31851863861083984, 0.42183494567871094], [0.024708986282348633, 0.023823022842407227, 0.013303279876708984, 0.013602733612060547, 0.013241291046142578, 0.013445615768432617, 0.013517379760742188, 0.013278961181640625, 0.013368606567382812, 0.01340627670288086, 0.014275550842285156, 0.01326751708984375, 0.013168096542358398, 0.013150215148925781, 0.01316213607788086, 0.013509511947631836], [0.043395280838012695, 0.048122406005859375, 0.04494786262512207, 0.04836440086364746, 0.04205012321472168, 0.042673587799072266, 0.04744553565979004, 0.04499053955078125, 0.09953832626342773, 0.042211055755615234, 0.04183030128479004, 0.04212450981140137, 0.04031062126159668, 0.041997432708740234, 0.04317283630371094, 0.043427467346191406], 0.07593250274658203], [4.837862253189087, 0.04733920097351074, [0.20022869110107422, 0.18828463554382324, 0.17598795890808105, 0.17340993881225586, 0.17575883865356445, 0.16750478744506836, 0.16632747650146484, 0.16936445236206055, 0.16927266120910645, 0.16927742958068848, 0.22599244117736816, 0.4031968116760254, 0.31720781326293945, 0.40433549880981445, 0.3110339641571045, 0.32320237159729004], [0.023614883422851562, 0.02345871925354004, 0.013269901275634766, 0.01340794563293457, 0.013339519500732422, 0.013245105743408203, 0.013116121292114258, 0.013307571411132812, 0.013457298278808594, 0.013248443603515625, 0.013182640075683594, 0.013326168060302734, 0.013277292251586914, 0.01272726058959961, 0.013038158416748047, 0.01316213607788086], [0.04601263999938965, 0.04257988929748535, 0.041028738021850586, 0.038706302642822266, 0.043547630310058594, 0.0424954891204834, 0.04204154014587402, 0.04275774955749512, 0.10387420654296875, 0.04353213310241699, 0.04056119918823242, 0.041771650314331055, 0.04338669776916504, 0.03865313529968262, 0.044370412826538086, 0.0475308895111084], 0.07491207122802734], [4.758749961853027, 0.05097150802612305, [0.19929194450378418, 0.19210600852966309, 0.18104076385498047, 0.24868202209472656, 0.16646599769592285, 0.18005895614624023, 0.18769192695617676, 0.17655062675476074, 0.17862534523010254, 0.1672220230102539, 0.18838167190551758, 0.23185205459594727, 0.5033352375030518, 0.18030190467834473, 0.40330958366394043, 0.312300443649292], [0.023724794387817383, 0.02357649803161621, 0.013431787490844727, 0.013638734817504883, 0.013517379760742188, 0.013731002807617188, 0.013673782348632812, 0.013728141784667969, 0.013649225234985352, 0.013643980026245117, 0.013665199279785156, 0.013796806335449219, 0.013554811477661133, 0.013880252838134766, 0.013525247573852539, 0.01358342170715332], [0.04586195945739746, 0.0443115234375, 0.0410921573638916, 0.040350914001464844, 0.041079044342041016, 0.041091203689575195, 0.04259538650512695, 0.04639124870300293, 0.04921746253967285, 0.041542768478393555, 0.04276847839355469, 0.05008339881896973, 0.04182291030883789, 0.04225802421569824, 0.04301619529724121, 0.040863990783691406], 0.07768106460571289], [4.719329118728638, 0.04781007766723633, [0.16635537147521973, 0.15700078010559082, 0.14683747291564941, 0.1532454490661621, 0.14655303955078125, 0.14514732360839844, 0.14976191520690918, 0.14716649055480957, 0.14963245391845703, 0.2969989776611328, 0.38330960273742676, 0.3827087879180908, 0.29915761947631836, 0.38215065002441406, 0.3833904266357422, 0.298919677734375], [0.01648259162902832, 0.017904996871948242, 0.008997917175292969, 0.009122848510742188, 0.009542226791381836, 0.009037256240844727, 0.008901357650756836, 0.009066581726074219, 0.009218215942382812, 0.009148359298706055, 0.009181499481201172, 0.009166717529296875, 0.009077787399291992, 0.009144067764282227, 0.009241104125976562, 0.009488821029663086], [0.04630732536315918, 0.04169654846191406, 0.03006744384765625, 0.034888267517089844, 0.04948759078979492, 0.04361701011657715, 0.03613734245300293, 0.03885388374328613, 0.0361328125, 0.0448763370513916, 0.02946949005126953, 0.037137746810913086, 0.04313468933105469, 0.04438209533691406, 0.07349824905395508, 0.02749323844909668], 0.06310081481933594], [4.732743740081787, 0.032980918884277344, [0.19285321235656738, 0.17736530303955078, 0.17446613311767578, 0.17958498001098633, 0.17230868339538574, 0.17058229446411133, 0.16680407524108887, 0.17635726928710938, 0.16897082328796387, 0.16658973693847656, 0.2357616424560547, 0.3927302360534668, 0.3086073398590088, 0.436037540435791, 0.3091411590576172, 0.3101315498352051], [0.02309274673461914, 0.023415088653564453, 0.012931346893310547, 0.013156652450561523, 0.013076543807983398, 0.0133056640625, 0.012998819351196289, 0.01329946517944336, 0.013265609741210938, 0.013396501541137695, 0.01327657699584961, 0.013057231903076172, 0.013061285018920898, 0.01325082778930664, 0.013214111328125, 0.013496160507202148], [0.04453563690185547, 0.040442466735839844, 0.041257381439208984, 0.0405731201171875, 0.03974437713623047, 0.040395259857177734, 0.041536808013916016, 0.041220664978027344, 0.039418697357177734, 0.040155649185180664, 0.03713583946228027, 0.038033485412597656, 0.04178285598754883, 0.04076266288757324, 0.044199228286743164, 0.04153323173522949], 0.07724809646606445], [4.952559232711792, 0.04493451118469238, [0.18764805793762207, 0.1719808578491211, 0.16037321090698242, 0.15557122230529785, 0.15893030166625977, 0.15182042121887207, 0.1716012954711914, 0.17052388191223145, 0.15192770957946777, 0.3099353313446045, 0.30691051483154297, 0.40303802490234375, 