{"shuffle_centroids_times": [[]], "map_iterdata_times": [0.10672974586486816], "map_queries_times": [[[4.499640464782715, 0.04803872108459473, [0.20800304412841797, 0.1669166088104248, 0.18227100372314453, 0.2793557643890381, 0.20777583122253418, 0.2121748924255371, 0.301957368850708, 0.18804430961608887, 0.17676711082458496, 0.19527459144592285, 0.20585894584655762, 0.19266891479492188, 0.18065309524536133, 0.1791069507598877, 0.2624192237854004, 0.3236086368560791], [0.023633718490600586, 0.02352762222290039, 0.013196945190429688, 0.014083623886108398, 0.013679742813110352, 0.013244867324829102, 0.013543367385864258, 0.013454437255859375, 0.013178586959838867, 0.013193130493164062, 0.013407707214355469, 0.013329744338989258, 0.01337432861328125, 0.013442516326904297, 0.013596773147583008, 0.013557195663452148], [0.045717477798461914, 0.04491472244262695, 0.040426015853881836, 0.04312920570373535, 0.04273223876953125, 0.0382990837097168, 0.0460052490234375, 0.04036903381347656, 0.03916335105895996, 0.040631771087646484, 0.04092907905578613, 0.04490971565246582, 0.04333353042602539, 0.040819406509399414, 0.04407238960266113, 0.03994441032409668], 0.07770323753356934], [4.683601140975952, 0.03752946853637695, [0.2946326732635498, 0.17459368705749512, 0.17606544494628906, 0.1627662181854248, 0.16994976997375488, 0.1719679832458496, 0.16131901741027832, 0.18480396270751953, 0.17842698097229004, 0.19585323333740234, 0.20793771743774414, 0.183180570602417, 0.20558738708496094, 0.3747274875640869, 0.33657312393188477, 0.25437283515930176], [0.0136260986328125, 0.014078855514526367, 0.007800579071044922, 0.007682085037231445, 0.00759124755859375, 0.0077059268951416016, 0.008124828338623047, 0.008080244064331055, 0.008221864700317383, 0.007753610610961914, 0.008305788040161133, 0.00810861587524414, 0.0073375701904296875, 0.007979631423950195, 0.007862329483032227, 0.008119821548461914], [0.05296730995178223, 0.06620049476623535, 0.057273149490356445, 0.053475379943847656, 0.05738234519958496, 0.07001161575317383, 0.06349611282348633, 0.06563687324523926, 0.06307268142700195, 0.06613540649414062, 0.06868934631347656, 0.06717610359191895, 0.06621360778808594, 0.061869144439697266, 0.06780457496643066, 0.06284403800964355], 0.06451559066772461], [4.476643085479736, 0.06421685218811035, [0.18519186973571777, 0.14774727821350098, 0.17620563507080078, 0.1761622428894043, 0.18191981315612793, 0.2443370819091797, 0.14330434799194336, 0.17569470405578613, 0.17035222053527832, 0.16613411903381348, 0.17578506469726562, 0.17171335220336914, 0.43197011947631836, 0.3400583267211914, 0.33959531784057617, 0.3776426315307617], [0.017024993896484375, 0.016919374465942383, 0.00871586799621582, 0.008847236633300781, 0.008983135223388672, 0.008877038955688477, 0.009043455123901367, 0.008964061737060547, 0.008883476257324219, 0.009225606918334961, 0.008962392807006836, 0.008691549301147461, 0.008802652359008789, 0.00936436653137207, 0.009442567825317383, 0.009181976318359375], [0.04278302192687988, 0.03750729560852051, 0.04222822189331055, 0.03203916549682617, 0.04248762130737305, 0.03559517860412598, 0.03929948806762695, 0.03771352767944336, 0.03868603706359863, 0.033986806869506836, 0.03285694122314453, 0.033922433853149414, 0.042708396911621094, 0.029461145401000977, 0.03144955635070801, 0.036940574645996094], 0.0588374137878418], [4.678211450576782, 0.03950786590576172, [0.20856404304504395, 0.16536974906921387, 0.17974543571472168, 0.21822357177734375, 0.17936348915100098, 0.16162467002868652, 0.18488502502441406, 0.2743058204650879, 0.1733412742614746, 0.17448973655700684, 0.18984293937683105, 0.16300082206726074, 0.3529672622680664, 0.4204826354980469, 0.27806854248046875, 0.37189340591430664], [0.02188897132873535, 0.02245926856994629, 0.012780904769897461, 0.012835264205932617, 0.012904644012451172, 0.012816190719604492, 0.012868881225585938, 0.013046741485595703, 0.01283407211303711, 0.012923002243041992, 0.01296234130859375, 0.01288914680480957, 0.013105392456054688, 0.012751340866088867, 0.012816429138183594, 0.013018608093261719], [0.04316401481628418, 0.04128289222717285, 0.03924560546875, 0.038411617279052734, 0.03885936737060547, 0.038587093353271484, 0.043737173080444336, 0.03868675231933594, 0.04046034812927246, 0.03908205032348633, 0.03728842735290527, 0.043451786041259766, 0.039104461669921875, 0.044426679611206055, 0.04186868667602539, 0.04186654090881348], 0.0679008960723877], [4.356436014175415, 0.0737459659576416, [0.22408580780029297, 0.19450998306274414, 0.2424030303955078, 0.16719460487365723, 0.16707634925842285, 0.18778610229492188, 0.1767899990081787, 0.1813969612121582, 0.19404101371765137, 0.18391013145446777, 0.19133257865905762, 0.20083856582641602, 0.1864004135131836, 0.23540234565734863, 0.25745058059692383, 0.3235642910003662], [0.023663043975830078, 0.023647546768188477, 0.013212919235229492, 0.013805389404296875, 0.013044595718383789, 0.013274908065795898, 0.013363838195800781, 0.013369321823120117, 0.013151884078979492, 0.013357162475585938, 0.013021230697631836, 0.013510465621948242, 0.013367176055908203, 0.013396501541137695, 0.013747930526733398, 0.013669490814208984], [0.04734063148498535, 0.04138946533203125, 0.043077707290649414, 0.041967153549194336, 0.04220938682556152, 0.04038047790527344, 0.0392155647277832, 0.04035615921020508, 0.04084634780883789, 0.04049396514892578, 0.03748154640197754, 0.04125475883483887, 0.0416874885559082, 0.04033493995666504, 0.03991532325744629, 0.03829312324523926], 0.0774545669555664], [4.91947340965271, 0.04925394058227539, [0.20272469520568848, 0.19902300834655762, 0.197462797164917, 0.20174050331115723, 0.19206762313842773, 0.18594098091125488, 0.20015406608581543, 0.2001655101776123, 0.19471406936645508, 0.17527127265930176, 0.17944550514221191, 0.18998193740844727, 0.5381731986999512, 0.1988821029663086, 0.274280309677124, 0.46900177001953125], [0.023144006729125977, 0.023700475692749023, 0.013293743133544922, 0.013247013092041016, 0.013125896453857422, 0.013192176818847656, 0.013364315032958984, 0.013448953628540039, 0.01318812370300293, 0.01326441764831543, 0.013202190399169922, 0.013349056243896484, 0.01337122917175293, 0.013437986373901367, 0.013009786605834961, 0.013410091400146484], [0.04426693916320801, 0.04150223731994629, 0.04140639305114746, 0.04018402099609375, 0.0467376708984375, 0.04253888130187988, 0.04457855224609375, 0.04571127891540527, 0.09860897064208984, 0.04613828659057617, 0.04402041435241699, 0.041544437408447266, 0.050328969955444336, 0.048262834548950195, 0.04146456718444824, 0.04417157173156738], 0.0767817497253418], [4.461249351501465, 0.04885673522949219, [0.204603910446167, 0.1934962272644043, 0.18241453170776367, 0.19685912132263184, 0.18346261978149414, 0.2300891876220703, 0.2679421901702881, 0.20287847518920898, 0.20460820198059082, 0.23725199699401855, 0.16850495338439941, 0.17278528213500977, 0.20272040367126465, 0.20168352127075195, 0.2421095371246338, 0.31935787200927734], [0.023956298828125, 0.023897647857666016, 0.013604164123535156, 0.013451337814331055, 0.013568401336669922, 0.013419389724731445, 0.013252019882202148, 0.013486862182617188, 0.013267278671264648, 0.014710664749145508, 0.013291358947753906, 0.013468027114868164, 0.013257741928100586, 0.013487100601196289, 0.013492107391357422, 0.013444662094116211], [0.047522544860839844, 0.04054427146911621, 0.04273223876953125, 0.04199075698852539, 0.04284811019897461, 0.04177236557006836, 0.048491477966308594, 0.04240107536315918, 0.04170799255371094, 0.04181241989135742, 0.03999972343444824, 0.04261970520019531, 0.042180776596069336, 0.04216718673706055, 0.04717898368835449, 0.0427088737487793], 0.07568764686584473], [4.866775274276733, 0.046726226806640625, [0.2717764377593994, 0.18040060997009277, 0.19843292236328125, 0.26464247703552246, 0.19851112365722656, 0.18094205856323242, 0.272998571395874, 0.19610857963562012, 0.24927544593811035, 0.20405316352844238, 0.1992185115814209, 0.202927827835083, 