{"shuffle_centroids_times": [[]], "map_iterdata_times": [0.14258360862731934], "map_queries_times": [[[5.635920286178589, 0.03804183006286621, [0.34180736541748047, 0.279571533203125, 0.24120068550109863, 0.28261423110961914, 0.2737586498260498, 0.28669071197509766, 0.26167726516723633, 0.2694833278656006, 0.24484753608703613, 0.2984774112701416, 0.23501849174499512, 0.26663970947265625, 0.25411367416381836, 0.2320694923400879, 0.42172670364379883, 0.3796977996826172], [0.023740053176879883, 0.02389836311340332, 0.013469696044921875, 0.01352071762084961, 0.013070821762084961, 0.01356959342956543, 0.01292109489440918, 0.013396263122558594, 0.013288497924804688, 0.013380765914916992, 0.013466119766235352, 0.013334512710571289, 0.013239383697509766, 0.013470888137817383, 0.0134429931640625, 0.013212203979492188], [0.050690412521362305, 0.05397820472717285, 0.048084259033203125, 0.041543006896972656, 0.041924238204956055, 0.043050289154052734, 0.04035663604736328, 0.04489278793334961, 0.04638051986694336, 0.04655814170837402, 0.042980194091796875, 0.042087554931640625, 0.04558873176574707, 0.03923606872558594, 0.04676103591918945, 0.04253387451171875], 0.07721686363220215], [5.8958659172058105, 0.04151606559753418, [0.2711043357849121, 0.2957432270050049, 0.27286553382873535, 0.2483689785003662, 0.23843789100646973, 0.2639439105987549, 0.38236546516418457, 0.3087892532348633, 0.3999183177947998, 0.2362816333770752, 0.25325846672058105, 0.31720447540283203, 0.24888181686401367, 0.26857829093933105, 0.3712313175201416, 0.29404735565185547], [0.013776779174804688, 0.013766288757324219, 0.007430076599121094, 0.009658098220825195, 0.007421731948852539, 0.007374286651611328, 0.007973909378051758, 0.007851362228393555, 0.007810831069946289, 0.0076656341552734375, 0.007884740829467773, 0.0077667236328125, 0.0076220035552978516, 0.008047819137573242, 0.007800102233886719, 0.007582902908325195], [0.055443763732910156, 0.06424307823181152, 0.0599672794342041, 0.06347322463989258, 0.05491518974304199, 0.07104253768920898, 0.062413692474365234, 0.06537652015686035, 0.05694723129272461, 0.05604672431945801, 0.061350345611572266, 0.06583499908447266, 0.05301642417907715, 0.05756402015686035, 0.06835150718688965, 0.056580305099487305], 0.07315969467163086], [6.135021924972534, 0.04164910316467285, [0.4418489933013916, 0.31100893020629883, 0.30252838134765625, 0.34299278259277344, 0.2662501335144043, 0.33928346633911133, 0.46085166931152344, 0.25187134742736816, 0.3310072422027588, 0.27979016304016113, 0.3628883361816406, 0.31499290466308594, 0.2351689338684082, 0.27529001235961914, 0.2795093059539795, 0.2647378444671631], [0.023213624954223633, 0.02345108985900879, 0.013077735900878906, 0.013151168823242188, 0.013453960418701172, 0.013057231903076172, 0.013190269470214844, 0.013189554214477539, 0.013326883316040039, 0.01328134536743164, 0.012966394424438477, 0.013387918472290039, 0.012989282608032227, 0.013329744338989258, 0.013330936431884766, 0.013061285018920898], [0.04559803009033203, 0.0429537296295166, 0.03820681571960449, 0.04043269157409668, 0.040691375732421875, 0.04337906837463379, 0.04104757308959961, 0.04612612724304199, 0.0477137565612793, 0.040247201919555664, 0.041118621826171875, 0.042711734771728516, 0.042174577713012695, 0.09078860282897949, 0.04159045219421387, 0.04151606559753418], 0.07541584968566895], [5.794701337814331, 0.05930972099304199, [0.3445870876312256, 0.338930606842041, 0.31992626190185547, 0.32365918159484863, 0.21828484535217285, 0.40539026260375977, 0.29451870918273926, 0.3568732738494873, 0.21932744979858398, 0.31398487091064453, 0.3315098285675049, 0.26871633529663086, 0.31575560569763184, 0.2730064392089844, 0.3252847194671631, 0.24527335166931152], [0.01689767837524414, 0.01761174201965332, 0.008595943450927734, 0.008475542068481445, 0.008778572082519531, 0.008721113204956055, 0.008808135986328125, 0.008871793746948242, 0.00876760482788086, 0.008870601654052734, 0.009012937545776367, 0.009010791778564453, 0.008774042129516602, 0.009067535400390625, 0.008687496185302734, 0.008947134017944336], [0.034838199615478516, 0.030571699142456055, 0.03024768829345703, 0.03109908103942871, 0.026430845260620117, 0.03070807456970215, 0.034893035888671875, 0.03685903549194336, 0.03858351707458496, 0.0861351490020752, 0.04766583442687988, 0.04259037971496582, 0.027157068252563477, 0.0428314208984375, 0.04431414604187012, 0.03985714912414551], 0.05750322341918945], [5.76482081413269, 0.0545194149017334, [0.4417996406555176, 0.24421262741088867, 0.3041040897369385, 0.2525482177734375, 0.29074716567993164, 0.30281996726989746, 0.2566390037536621, 0.2834932804107666, 0.24012398719787598, 0.2424299716949463, 0.2554783821105957, 0.24471473693847656, 0.32974958419799805, 0.36319613456726074, 0.24322295188903809, 0.3033132553100586], [0.023654699325561523, 0.023661136627197266, 0.013282299041748047, 0.013394594192504883, 0.013460874557495117, 0.01368856430053711, 0.013610363006591797, 0.013518571853637695, 0.013485908508300781, 0.013594627380371094, 0.013547897338867188, 0.013414144515991211, 0.01338052749633789, 0.013595342636108398, 0.013337373733520508, 0.013531684875488281], [0.04902768135070801, 0.0503995418548584, 0.04525017738342285, 0.13035964965820312, 0.04478168487548828, 0.04640984535217285, 0.04222583770751953, 0.04461932182312012, 0.043216705322265625, 0.04204440116882324, 0.04378008842468262, 0.04546403884887695, 0.041004180908203125, 0.03961610794067383, 0.046654462814331055, 0.04310345649719238], 0.07739400863647461], [5.764277935028076, 0.04763913154602051, [0.4020371437072754, 0.23762941360473633, 0.2910611629486084, 0.22655940055847168, 0.308499813079834, 0.27355337142944336, 0.30382704734802246, 0.25954222679138184, 0.36927032470703125, 0.377016544342041, 0.36371397972106934, 0.2960538864135742, 0.24127721786499023, 0.2769465446472168, 0.2561485767364502, 0.24688506126403809], [0.02346348762512207, 0.02370619773864746, 0.014185190200805664, 0.013623476028442383, 0.013353586196899414, 0.01357269287109375, 0.013329744338989258, 0.013475894927978516, 0.013342142105102539, 0.013588190078735352, 0.013437032699584961, 0.013522863388061523, 0.013377666473388672, 0.01367044448852539, 0.013300657272338867, 0.014173507690429688], [0.04352879524230957, 0.04153013229370117, 0.04471945762634277, 0.050728559494018555, 0.039507150650024414, 0.0399167537689209, 0.0412135124206543, 0.041634559631347656, 0.04415392875671387, 0.04213857650756836, 0.038167715072631836, 0.042231082916259766, 0.040368080139160156, 0.041352033615112305, 0.0399174690246582, 0.03996157646179199], 0.07820820808410645], [5.974089860916138, 0.048754215240478516, [0.40543222427368164, 0.38902926445007324, 0.2689366340637207, 0.26609253883361816, 0.393052339553833, 0.3200044631958008, 0.27651214599609375, 0.2882826328277588, 0.23229455947875977, 0.29053497314453125, 0.2914397716522217, 0.47193431854248047, 0.24957513809204102, 0.30362796783447266, 0.24527430534362793, 0.24702715873718262], [0.022092580795288086, 0.02180004119873047, 0.012753009796142578, 0.012888193130493164, 0.012766361236572266, 0.013010740280151367, 0.012908458709716797, 0.012965679168701172, 0.012789249420166016, 0.012942075729370117, 0.012825965881347656, 0.013074874877929688, 0.012578487396240234, 0.012606382369995117, 0.01245880126953125, 0.012852668762207031], [0.03899025917053223, 0.043694496154785156, 0.039441585540771484, 0.03937888145446777, 0.03961014747619629, 0.03894519805908203, 0.04037165641784668, 0.04055953025817871, 0.04798579216003418, 0.09328436851501465, 0.036772966384887695, 0.0416874885559082, 0.03795361518859863, 0.03936505317687988, 0.04053926467895508, 0.03753232955932617], 0.0666658878326416], [5.650500059127808, 0.04479622840881348, [0.3860647678375244, 0.25632286071777344, 0.27849292755126953, 0.2856462001800537, 0.23068594932556152, 0.22942876815795898, 0.26706838607788086, 0.4215102195739746, 0.3055291175842285, 0.28349781036376953, 0.24791264533996582, 0.2635622024536133, 