{"shuffle_centroids_times": [[]], "map_iterdata_times": [0.13584136962890625], "map_queries_times": [[[11.231135606765747, 0.03416275978088379, [0.346405029296875, 0.3119230270385742, 0.2947063446044922, 0.31569957733154297, 0.3839223384857178, 0.8685219287872314, 0.4537835121154785, 0.6638522148132324, 0.6755173206329346, 0.6786167621612549, 0.671058177947998, 0.6859698295593262, 0.6894207000732422, 0.6635854244232178, 0.6701750755310059, 0.6691122055053711], [0.0325465202331543, 0.033068180084228516, 0.017597436904907227, 0.01747417449951172, 0.020170927047729492, 0.03421521186828613, 0.017154693603515625, 0.01772594451904297, 0.01743912696838379, 0.017250776290893555, 0.017922163009643555, 0.05051994323730469, 0.017484426498413086, 0.016919374465942383, 0.017219066619873047, 0.017148733139038086], [0.10805773735046387, 0.11068058013916016, 0.11728453636169434, 0.1135869026184082, 0.10416841506958008, 0.10878562927246094, 0.11550569534301758, 0.09888458251953125, 0.10610127449035645, 0.09917378425598145, 0.10552835464477539, 0.10494279861450195, 0.09802889823913574, 0.09662342071533203, 0.1386275291442871, 0.10911321640014648], 0.05755949020385742], [11.546800374984741, 0.04265952110290527, [0.32384490966796875, 0.2971353530883789, 0.2869424819946289, 0.28051185607910156, 0.5578169822692871, 0.6670844554901123, 0.688011646270752, 0.7092089653015137, 0.6829533576965332, 0.6877245903015137, 0.6898980140686035, 0.6896829605102539, 0.6897695064544678, 0.6781115531921387, 0.7781219482421875, 0.6771237850189209], [0.033831119537353516, 0.03343558311462402, 0.017491579055786133, 0.0170748233795166, 0.01683783531188965, 0.01708817481994629, 0.01639270782470703, 0.016968965530395508, 0.016609668731689453, 0.0174405574798584, 0.016906261444091797, 0.0168759822845459, 0.016640901565551758, 0.017129182815551758, 0.01740550994873047, 0.016877174377441406], [0.11555957794189453, 0.10660624504089355, 0.10963726043701172, 0.10893034934997559, 0.10181236267089844, 0.14470911026000977, 0.1001441478729248, 0.10163378715515137, 0.09549570083618164, 0.10843753814697266, 0.09591174125671387, 0.10386490821838379, 0.11579537391662598, 0.09645414352416992, 0.1102747917175293, 0.09592151641845703], 0.10379385948181152], [11.247131586074829, 0.04907584190368652, [0.34723997116088867, 0.3234288692474365, 0.31307387351989746, 0.31623029708862305, 0.3192105293273926, 0.4819502830505371, 0.6071949005126953, 0.7100987434387207, 0.7208642959594727, 0.6950199604034424, 0.7198715209960938, 0.7056682109832764, 0.6909377574920654, 0.6970295906066895, 0.7070574760437012, 0.7022695541381836], [0.0445256233215332, 0.043573617935180664, 0.02479863166809082, 0.024554729461669922, 0.024307966232299805, 0.024300575256347656, 0.02446770668029785, 0.024654150009155273, 0.023995161056518555, 0.02439737319946289, 0.024466514587402344, 0.024500370025634766, 0.02440047264099121, 0.024359941482543945, 0.024550437927246094, 0.02450251579284668], [0.10053563117980957, 0.09441614151000977, 0.10205626487731934, 0.09867572784423828, 0.0965738296508789, 0.14919185638427734, 0.09707880020141602, 0.09586286544799805, 0.0953981876373291, 0.09485840797424316, 0.09261775016784668, 0.09724259376525879, 0.09232354164123535, 0.09188413619995117, 0.0927891731262207, 0.0989980697631836], 0.11985063552856445], [11.27129077911377, 0.0377500057220459, [0.3527998924255371, 0.3108174800872803, 0.27234864234924316, 0.2890899181365967, 0.4972343444824219, 0.6983964443206787, 0.5772848129272461, 0.7867333889007568, 0.6667513847351074, 0.6768052577972412, 0.6722714900970459, 0.6697709560394287, 0.7535231113433838, 0.672243595123291, 0.6788733005523682, 0.7257184982299805], [0.04126596450805664, 0.04192781448364258, 0.023453474044799805, 0.0235288143157959, 0.026549577713012695, 0.04180097579956055, 0.024013996124267578, 0.024005413055419922, 0.024179935455322266, 0.024005413055419922, 0.023932456970214844, 0.02364325523376465, 0.023862600326538086, 0.023639678955078125, 0.023583650588989258, 0.02420186996459961], [0.094573974609375, 0.0887303352355957, 0.08428716659545898, 0.08750438690185547, 0.09174990653991699, 0.09405183792114258, 0.0882422924041748, 0.09252810478210449, 0.08834290504455566, 0.09078025817871094, 0.08437943458557129, 0.0901799201965332, 0.09284758567810059, 0.08680200576782227, 0.08842182159423828, 0.08675122261047363], 0.06491971015930176]]], "reduce_iterdata_times": [0.2007284164428711], "reduce_queries_times": [[0.0691232681274414]], "total_querying_times": [18.638699531555176],