{"load_dataset_centroids": [150.22154879570007, 23.21715021133423, 5.364418029785156e-05, 126.73233723640442, 0.2720072269439697], "global_index_centroids": 8.489463090896606, "distribute_vectors_centroids": [88.08214044570923, 119.34652256965637, 118.15231442451477, 88.64224195480347, 88.65025639533997, 117.69948983192444, 118.52947878837585, 87.30317544937134, 115.76655912399292, 126.9184103012085, 88.21648502349854, 87.31719756126404, 87.47768235206604, 91.87908363342285, 90.69062829017639, 119.20298051834106], "distribute_vectors_invocation_centroids": [1.3221735954284668, 1.4727284908294678, 1.4853777885437012, 1.3771777153015137, 1.337881088256836, 1.4453551769256592, 1.5227034091949463, 1.3358533382415771, 1.4909734725952148, 1.4319725036621094, 1.3231282234191895, 1.4226140975952148, 1.296701192855835, 1.3366401195526123, 1.3013453483581543, 1.5076513290405273], "total_generated_vectors": 9990000, "generated_vectors": [328842, 389049, 390025, 271915, 358486, 262123, 329087, 204367, 331336, 455712, 351590, 236034, 430347, 215635, 280194, 349290, 237995, 444537, 287471, 418398, 218660, 358541, 281683, 217367, 315893, 273113, 397500, 288324, 317863, 250799, 359583, 138241], "avg_generated_vectors": 312187.5, "std_dev_generated_vectors": 77428.68991821838, "generate_index_centroids": [47.7517831325531, 51.46410346031189, 41.871984243392944, 52.27645945549011, 48.28105592727661, 70.514981508255, 43.375001668930054, 52.84900975227356, 65.10201811790466, 69.38294672966003, 38.24060344696045, 52.05302095413208, 49.42757487297058, 49.90519618988037, 53.153409004211426, 52.387399673461914], "generate_index_invocation_centroids": [0.9937913417816162, 1.0639729499816895, 1.0134363174438477, 1.0622577667236328, 0.9336302280426025, 1.0610685348510742, 0.932440996170044, 0.927147388458252, 1.0498766899108887, 1.0532851219177246, 0.8874061107635498, 0.9317915439605713, 0.930997371673584, 0.9063856601715088, 0.9244458675384521, 1.0540950298309326], "total_indexing_centroids": 387.3783826828003, "shuffle_centroids_times": [], "map_iterdata_times": [], "create_map_data": [], "map_queries_times": [], "map_execution": [], "map_invoke": [], "create_reduce_data": [], "reduce_iterdata_times": [], "reduce_queries_times": [], "reduce_execution_times": [], "reduce_invoke": [], "divide_reduce_times": [], "total_querying_times": [], "recalls": [], "distribute_vectors_centroids_mean": 102.11716541647911, "generate_index_centroids_mean": 52.37728425860405, "params": {"dataset": "deep", "features": 96, "k_search": 10, "num_index": 32, "replication_threshold": 1.0, "num_centroids_search": 1, "k": 512, "kmeans_version": "unbalanced", "n_probe": 32, "query_batch_size": 8, "implementation": "centroids", "indexing_memory": 10240, "search_map_memory": 8192, "search_reduce_memory": 2048}}