{"load_dataset_centroids": [149.77634716033936, 20.53014850616455, 5.316734313964844e-05, 128.96956944465637, 0.27657532691955566], "global_index_centroids": 10.147275447845459, "distribute_vectors_centroids": [89.60895681381226, 88.70376944541931, 118.41369819641113, 90.51115584373474, 119.06685090065002, 122.96633720397949, 94.72896575927734, 88.66779065132141, 89.34224271774292, 116.04764080047607, 88.42530035972595, 118.44529747962952, 118.01414561271667, 85.85757088661194, 89.83009123802185, 90.2455096244812], "distribute_vectors_invocation_centroids": [1.398306131362915, 1.3907394409179688, 1.4745655059814453, 1.3809270858764648, 1.4855866432189941, 1.5152645111083984, 1.3836901187896729, 1.3383030891418457, 1.3659605979919434, 1.506579875946045, 1.4434142112731934, 1.5098729133605957, 1.487297773361206, 1.3912672996520996, 1.328507423400879, 1.394639015197754], "total_generated_vectors": 9990000, "generated_vectors": [138847, 116573, 117721, 101243, 203891, 186191, 127575, 108277, 192969, 128158, 127781, 210464, 202272, 133069, 83163, 171521, 284074, 135661, 167740, 151633, 380294, 103553, 147567, 271253, 181425, 101177, 170874, 268257, 169991, 144462, 134597, 207810, 237876, 122879, 248439, 172605, 128819, 77280, 218817, 148928, 134620, 190732, 108169, 123780, 99437, 78687, 110400, 154489, 93345, 266923, 136191, 124900, 139415, 166525, 168118, 129570, 140833, 71832, 183835, 146951, 109079, 105722, 128954, 151767], "avg_generated_vectors": 156093.75, "std_dev_generated_vectors": 57227.36965102103, "generate_index_centroids": [42.51061415672302, 60.55382776260376, 77.32035994529724, 84.06221413612366, 54.300782680511475, 49.54626774787903, 92.6776032447815, 48.118560791015625, 52.683993101119995, 52.02377247810364, 48.0866641998291, 50.38076186180115, 46.07841968536377, 42.49986267089844, 50.164995431900024, 98.17559838294983], "generate_index_invocation_centroids": [1.0091369152069092, 1.0936260223388672, 1.113626480102539, 1.1159846782684326, 1.1202287673950195, 0.9633512496948242, 1.1347191333770752, 0.9821956157684326, 1.0091235637664795, 1.0930113792419434, 0.9516832828521729, 0.9969847202301025, 0.9779994487762451, 0.9899337291717529, 1.0285890102386475, 1.054386854171753], "total_indexing_centroids": 411.229944229126, "shuffle_centroids_times": [], "map_iterdata_times": [], "create_map_data": [], "map_queries_times": [], "map_execution": [], "map_invoke": [], "create_reduce_data": [], "reduce_iterdata_times": [], "reduce_queries_times": [], "reduce_execution_times": [], "reduce_invoke": [], "divide_reduce_times": [], "total_querying_times": [], "recalls": [], "distribute_vectors_centroids_mean": 100.55470772087574, "generate_index_centroids_mean": 59.32401864230633, "params": {"dataset": "deep", "features": 96, "k_search": 10, "num_index": 64, "replication_threshold": 1.0, "num_centroids_search": 1, "k": 512, "kmeans_version": "unbalanced", "n_probe": 32, "query_batch_size": 16, "implementation": "centroids", "indexing_memory": 10240, "search_map_memory": 8192, "search_reduce_memory": 2048}}