{"load_dataset_centroids": [151.81769061088562, 22.954490661621094, 5.698204040527344e-05, 128.58706092834473, 0.27608156204223633], "global_index_centroids": 8.777644872665405, "distribute_vectors_centroids": [86.44081783294678, 88.54164218902588, 117.26548790931702, 90.97330975532532, 114.48290538787842, 88.2297773361206, 117.24449443817139, 86.69692134857178, 116.6636130809784, 88.21021604537964, 86.76511263847351, 86.36848020553589, 87.38042116165161, 115.8563346862793, 116.85971593856812, 115.6094183921814], "distribute_vectors_invocation_centroids": [1.3355357646942139, 1.3588426113128662, 1.4320216178894043, 1.3578298091888428, 1.4180140495300293, 1.3164420127868652, 1.4252197742462158, 1.306931972503662, 1.4886305332183838, 1.3461732864379883, 1.2738561630249023, 1.3117549419403076, 1.347825050354004, 1.4163329601287842, 1.4226698875427246, 1.476043939590454], "total_generated_vectors": 9990000, "generated_vectors": [328842, 389049, 390025, 271915, 358486, 262123, 329087, 204367, 331336, 455712, 351590, 236034, 430347, 215635, 280194, 349290, 237995, 444537, 287471, 418398, 218660, 358541, 281683, 217367, 315893, 273113, 397500, 288324, 317863, 250799, 359583, 138241], "avg_generated_vectors": 312187.5, "std_dev_generated_vectors": 77428.68991821838, "generate_index_centroids": [54.756957054138184, 50.28520631790161, 42.32982110977173, 52.0899019241333, 58.49181270599365, 57.36268329620361, 53.19383192062378, 57.42770504951477, 54.07427525520325, 55.71493649482727, 38.155643701553345, 46.943379402160645, 48.586241483688354, 50.06280755996704, 52.60230898857117, 43.5387966632843], "generate_index_invocation_centroids": [1.106055498123169, 1.0913796424865723, 1.0592658519744873, 1.0683717727661133, 1.0795481204986572, 0.9749062061309814, 1.0814752578735352, 1.0600481033325195, 1.0134038925170898, 0.9352719783782959, 0.941864013671875, 0.9661753177642822, 0.9438610076904297, 0.937544584274292, 0.9535586833953857, 0.9465723037719727], "total_indexing_centroids": 366.36209201812744, "shuffle_centroids_times": [], "map_iterdata_times": [], "create_map_data": [], "map_queries_times": [], "map_execution": [], "map_invoke": [], "create_reduce_data": [], "reduce_iterdata_times": [], "reduce_queries_times": [], "reduce_execution_times": [], "reduce_invoke": [], "divide_reduce_times": [], "total_querying_times": [], "recalls": [], "distribute_vectors_centroids_mean": 100.22429177165031, "generate_index_centroids_mean": 50.976019307971, "params": {"dataset": "deep", "features": 96, "k_search": 10, "num_index": 32, "replication_threshold": 1.0, "num_centroids_search": 1, "k": 512, "kmeans_version": "unbalanced", "n_probe": 32, "query_batch_size": 8, "implementation": "centroids", "indexing_memory": 10240, "search_map_memory": 8192, "search_reduce_memory": 2048}}