{"load_dataset_centroids": 219.35878133773804, "global_index_centroids": 2.4723944664001465, "distribute_vectors_centroids": [66.21610498428345, 81.6189181804657, 95.95408391952515, 96.34972262382507, 96.17284369468689, 80.65261173248291, 80.97546672821045, 79.72659468650818, 84.31330013275146, 82.32880306243896, 80.15651154518127, 95.4216091632843, 90.3143138885498, 96.48727250099182, 79.84324049949646, 82.18711614608765, 84.67120599746704, 98.854172706604, 96.86651635169983, 81.90322661399841, 95.61573147773743, 29.089884042739868], "generate_index_centroids": [39.384687662124634, 57.3131799697876, 68.05244088172913, 62.03537178039551, 76.09822797775269, 56.3716402053833, 63.773118019104004, 60.452749490737915, 48.331199169158936, 45.42073893547058, 51.84048795700073, 49.48581838607788, 42.38822317123413, 69.17992091178894, 25.190394401550293, 17.134343147277832], "total_indexing_centroids": 429.01518845558167, "shuffle_centroids_times": [], "map_iterdata_times": [], "map_queries_times": [], "reduce_iterdata_times": [], "reduce_queries_times": [], "total_querying_times": [], "recalls": [], "distribute_vectors_centroids_mean": 84.35087503086437, "generate_index_centroids_mean": 52.02828387916088, "params": {"dataset": "deep", "features": 96, "k_search": 10, "num_index": 16, "num_centroids_search": 4, "k": 512, "n_probe": 32, "query_batch_size": 4, "indexing_memory": 10240, "search_map_memory": 9216, "search_reduce_memory": 2048}}