{"load_dataset_centroids": 219.4044315814972, "global_index_centroids": 3.0595128536224365, "distribute_vectors_centroids": [71.34257793426514, 76.31943416595459, 76.28125023841858, 88.9481782913208, 92.14025688171387, 76.08051705360413, 89.48759841918945, 94.32990837097168, 88.03912329673767, 102.43382835388184, 103.09192442893982, 78.81594443321228, 89.14818453788757, 95.06293487548828, 88.453533411026, 87.72575259208679, 104.93648838996887, 104.89588522911072, 91.16738700866699, 88.66383385658264, 92.16373682022095, 45.171568393707275], "generate_index_centroids": [79.4068078994751, 79.51286816596985, 57.90274906158447, 51.216732025146484, 54.14096665382385, 53.729599952697754, 61.64984440803528, 50.24698615074158, 51.05764842033386, 64.71823287010193, 63.574150800704956, 66.66599893569946, 49.230304479599, 56.97315692901611, 46.206770181655884, 67.8061842918396], "total_indexing_centroids": 437.58448481559753, "shuffle_centroids_times": [], "map_iterdata_times": [], "map_queries_times": [], "reduce_iterdata_times": [], "reduce_queries_times": [], "total_querying_times": [], "recalls": [], "distribute_vectors_centroids_mean": 87.48635668104345, "generate_index_centroids_mean": 59.62743757665157, "params": {"dataset": "deep", "features": 96, "k_search": 10, "num_index": 128, "num_centroids_search": 4, "k": 512, "n_probe": 32, "query_batch_size": 4, "indexing_memory": 10240, "search_map_memory": 9216, "search_reduce_memory": 2048}}