{"load_dataset_centroids": 218.24410152435303, "global_index_centroids": 2.5950422286987305, "distribute_vectors_centroids": [89.75426173210144, 90.62560725212097, 73.18405628204346, 85.20582270622253, 71.54096817970276, 86.52986717224121, 81.66176319122314, 86.93188977241516, 84.55847191810608, 90.69332599639893, 100.26055335998535, 101.30019474029541, 72.89070534706116, 89.31897473335266, 68.85615801811218, 95.72168374061584, 84.84319138526917, 100.48961925506592, 100.35669708251953, 103.71301221847534, 87.84724020957947, 38.7552216053009], "generate_index_centroids": [46.88388109207153, 42.29244875907898, 80.16762590408325, 81.90729331970215, 53.0886504650116, 56.37202000617981, 88.2831199169159, 48.127341508865356, 43.52394461631775, 45.073962688446045, 44.044546127319336, 48.24292778968811, 48.1306586265564, 43.746399879455566, 56.10827708244324, 67.12201118469238], "total_indexing_centroids": 443.03805470466614, "shuffle_centroids_times": [], "map_iterdata_times": [], "map_queries_times": [], "reduce_iterdata_times": [], "reduce_queries_times": [], "total_querying_times": [], "recalls": [], "distribute_vectors_centroids_mean": 85.68360390446402, "generate_index_centroids_mean": 55.81969431042671, "params": {"dataset": "deep", "features": 96, "k_search": 10, "num_index": 64, "num_centroids_search": 4, "k": 512, "n_probe": 32, "query_batch_size": 4, "indexing_memory": 10240, "search_map_memory": 9216, "search_reduce_memory": 2048}}