{"load_dataset_centroids": [148.55038166046143, 28.662960529327393, 5.316734313964844e-05, 119.85415410995483, 0.033213138580322266], "global_index_centroids": 15.117459297180176, "distribute_vectors_centroids": [115.21191883087158, 130.40872597694397, 127.76680207252502, 124.08043646812439, 128.06062030792236, 128.21058535575867, 126.04482936859131, 117.0081696510315, 114.75875401496887, 117.80138778686523, 101.57990908622742, 117.88360977172852, 113.89878392219543, 96.64283180236816, 141.40293192863464, 121.49827408790588], "distribute_vectors_invocation_centroids": [1.202226161956787, 1.364950180053711, 1.3185229301452637, 1.2903010845184326, 1.318861484527588, 1.3081040382385254, 1.3009400367736816, 1.2958743572235107, 1.222688913345337, 1.213742971420288, 1.2037146091461182, 1.2819185256958008, 1.2015280723571777, 1.2327311038970947, 1.336052417755127, 1.2667160034179688], "total_generated_vectors": 1000000, "generated_vectors": [7493, 10962, 11280, 3354, 8723, 10270, 11662, 3879, 8158, 13168, 7907, 3981, 7668, 9241, 9760, 7483, 10526, 17237, 7813, 11326, 20908, 9095, 6621, 8028, 12836, 18523, 5968, 4418, 4192, 8393, 6779, 10755, 6223, 7482, 4976, 10993, 11805, 4147, 12414, 7533, 6341, 4599, 5684, 17991, 7841, 9325, 6478, 10274, 5904, 3668, 5881, 9726, 8208, 4223, 9056, 11955, 7510, 11910, 4004, 10670, 13523, 8154, 4102, 5497, 9366, 6281, 8175, 8072, 10954, 7173, 8082, 14829, 9384, 5611, 3837, 6097, 18566, 8859, 6184, 6730, 11275, 5184, 8797, 4491, 18543, 5522, 8693, 8022, 8294, 9191, 3010, 8555, 8303, 13971, 7100, 9591, 4316, 7795, 18794, 8011, 17888, 2633, 4178, 12514, 11809, 2999, 9245, 3889, 3295, 2557, 11773, 5466, 7573, 6813, 3776, 1746, 1168, 4249, 1369, 1983, 3721, 1990, 1874, 1295, 1867, 69, 52, 47], "avg_generated_vectors": 7812.5, "std_dev_generated_vectors": 4280.665983213654, "generate_index_centroids": [42.85114669799805, 57.571954011917114, 44.780970335006714, 70.29895806312561, 84.9517469406128, 64.64969420433044, 73.76466083526611, 67.42060017585754, 60.6501088142395, 71.37559819221497, 64.02377414703369, 46.027544021606445, 81.5608811378479, 92.78924512863159, 52.0050094127655, 44.90671992301941], "generate_index_invocation_centroids": [0.8838975429534912, 0.8588714599609375, 0.8595881462097168, 0.9429464340209961, 0.9250802993774414, 0.8759257793426514, 0.9578924179077148, 0.9461958408355713, 0.957965612411499, 0.9910976886749268, 0.9410946369171143, 0.9431142807006836, 0.9072856903076172, 1.0765373706817627, 0.9842970371246338, 0.9156651496887207], "total_indexing_centroids": 426.9114441871643, "shuffle_centroids_times": [], "map_iterdata_times": [], "create_map_data": [], "map_queries_times": [], "map_execution": [], "map_invoke": [], "create_reduce_data": [], "reduce_iterdata_times": [], "reduce_queries_times": [], "reduce_execution_times": [], "reduce_invoke": [], "divide_reduce_times": [], "total_querying_times": [], "recalls": [], "distribute_vectors_centroids_mean": 120.14116065204144, "generate_index_centroids_mean": 63.72678825259209, "params": {"dataset": "gist", "features": 960, "k_search": 10, "num_index": 128, "replication_threshold": 1.0, "num_centroids_search": 1, "k": 512, "kmeans_version": "unbalanced", "n_probe": 32, "query_batch_size": 32, "implementation": "centroids", "indexing_memory": 10240, "search_map_memory": 8192, "search_reduce_memory": 2048}}