{"load_dataset_centroids": [148.7784903049469, 28.20939350128174, 5.054473876953125e-05, 120.53667521476746, 0.03237032890319824], "global_index_centroids": 14.93931269645691, "distribute_vectors_centroids": [113.76825714111328, 112.00547075271606, 111.84272789955139, 121.79341149330139, 112.37314081192017, 126.84896087646484, 96.17362213134766, 124.81708097457886, 113.1311583518982, 122.38940739631653, 122.48313355445862, 113.86834383010864, 112.282475233078, 124.55380320549011, 96.66664266586304, 125.95702004432678], "distribute_vectors_invocation_centroids": [1.165090560913086, 1.1669714450836182, 1.1369483470916748, 1.1866679191589355, 1.1578326225280762, 1.2974836826324463, 1.20619797706604, 1.257930040359497, 1.1874191761016846, 1.3194694519042969, 1.2330527305603027, 1.1723995208740234, 1.1911320686340332, 1.22371506690979, 1.1599414348602295, 1.3023223876953125], "total_generated_vectors": 1000000, "generated_vectors": [7493, 10962, 11280, 3354, 8723, 10270, 11662, 3879, 8158, 13168, 7907, 3981, 7668, 9241, 9760, 7483, 10526, 17237, 7813, 11326, 20908, 9095, 6621, 8028, 12836, 18523, 5968, 4418, 4192, 8393, 6779, 10755, 6223, 7482, 4976, 10993, 11805, 4147, 12414, 7533, 6341, 4599, 5684, 17991, 7841, 9325, 6478, 10274, 5904, 3668, 5881, 9726, 8208, 4223, 9056, 11955, 7510, 11910, 4004, 10670, 13523, 8154, 4102, 5497, 9366, 6281, 8175, 8072, 10954, 7173, 8082, 14829, 9384, 5611, 3837, 6097, 18566, 8859, 6184, 6730, 11275, 5184, 8797, 4491, 18543, 5522, 8693, 8022, 8294, 9191, 3010, 8555, 8303, 13971, 7100, 9591, 4316, 7795, 18794, 8011, 17888, 2633, 4178, 12514, 11809, 2999, 9245, 3889, 3295, 2557, 11773, 5466, 7573, 6813, 3776, 1746, 1168, 4249, 1369, 1983, 3721, 1990, 1874, 1295, 1867, 69, 52, 47], "avg_generated_vectors": 7812.5, "std_dev_generated_vectors": 4280.665983213654, "generate_index_centroids": [34.98631548881531, 59.796541690826416, 45.5501434803009, 63.4878876209259, 65.54715538024902, 59.787355184555054, 68.37342262268066, 58.79266858100891, 52.88102912902832, 67.79021525382996, 88.89679193496704, 43.188530683517456, 75.75256657600403, 61.374170541763306, 57.66521430015564, 49.18790006637573], "generate_index_invocation_centroids": [0.9209001064300537, 1.0094144344329834, 1.0369608402252197, 1.0042436122894287, 0.943458080291748, 0.9850666522979736, 1.0004866123199463, 0.9530739784240723, 0.9502170085906982, 1.0243680477142334, 0.9938187599182129, 0.9690001010894775, 0.9566848278045654, 1.0335583686828613, 0.9514288902282715, 1.0248100757598877], "total_indexing_centroids": 406.91920351982117, "shuffle_centroids_times": [], "map_iterdata_times": [], "create_map_data": [], "map_queries_times": [], "map_execution": [], "map_invoke": [], "create_reduce_data": [], "reduce_iterdata_times": [], "reduce_queries_times": [], "reduce_execution_times": [], "reduce_invoke": [], "divide_reduce_times": [], "total_querying_times": [], "recalls": [], "distribute_vectors_centroids_mean": 115.68466602265835, "generate_index_centroids_mean": 59.56611928343773, "params": {"dataset": "gist", "features": 960, "k_search": 10, "num_index": 128, "replication_threshold": 1.0, "num_centroids_search": 1, "k": 512, "kmeans_version": "unbalanced", "n_probe": 32, "query_batch_size": 32, "implementation": "centroids", "indexing_memory": 10240, "search_map_memory": 8192, "search_reduce_memory": 2048}}