{"load_dataset_centroids": [147.7579128742218, 27.532430171966553, 4.76837158203125e-05, 120.19331169128418, 0.03212285041809082], "global_index_centroids": 5.29879093170166, "distribute_vectors_centroids": [109.95412397384644, 117.17264652252197, 99.7868242263794, 111.27388262748718, 99.26159620285034, 102.25199389457703, 111.87926530838013, 111.73148727416992, 99.74444580078125, 112.46623206138611, 111.74233055114746, 113.65231013298035, 101.57494044303894, 98.79137682914734, 112.21362972259521, 111.37045097351074], "distribute_vectors_invocation_centroids": [1.2510266304016113, 1.2399520874023438, 1.107640027999878, 1.274545669555664, 1.1839115619659424, 1.1294605731964111, 1.263542890548706, 1.253983497619629, 1.1573643684387207, 1.28474760055542, 1.2244055271148682, 1.321974277496338, 1.1253621578216553, 1.123473882675171, 1.2778830528259277, 1.2625417709350586], "total_generated_vectors": 1000000, "generated_vectors": [109040, 48035, 138994, 96768, 100669, 48501, 26401, 76045, 56328, 71546, 126882, 48540, 12588, 20334, 19282, 47], "avg_generated_vectors": 62500, "std_dev_generated_vectors": 42455.84712773181, "generate_index_centroids": [79.18064856529236, 43.623886823654175, 0.4426991939544678, 49.66277837753296, 99.57219529151917, 17.9789137840271, 43.42964577674866, 128.88927626609802, 23.27184796333313, 104.12388491630554, 16.028299808502197, 12.069432020187378, 61.48122048377991, 82.53622722625732, 38.390952825546265, 64.2317841053009], "generate_index_invocation_centroids": [0.9929041862487793, 1.096186876296997, 1.0769178867340088, 1.0742614269256592, 1.0571579933166504, 1.067601203918457, 1.0594801902770996, 1.0830979347229004, 1.079002857208252, 0.9713399410247803, 0.9904670715332031, 1.0770037174224854, 0.9587266445159912, 1.0056076049804688, 0.9859025478363037, 1.0884041786193848], "total_indexing_centroids": 428.25901985168457, "shuffle_centroids_times": [], "map_iterdata_times": [], "create_map_data": [], "map_queries_times": [], "map_execution": [], "map_invoke": [], "create_reduce_data": [], "reduce_iterdata_times": [], "reduce_queries_times": [], "reduce_execution_times": [], "reduce_invoke": [], "divide_reduce_times": [], "total_querying_times": [], "recalls": [], "distribute_vectors_centroids_mean": 107.80422103404999, "generate_index_centroids_mean": 54.05710583925247, "params": {"dataset": "gist", "features": 960, "k_search": 10, "num_index": 16, "replication_threshold": 1.0, "num_centroids_search": 1, "k": 512, "kmeans_version": "unbalanced", "n_probe": 32, "query_batch_size": 4, "implementation": "centroids", "indexing_memory": 10240, "search_map_memory": 8192, "search_reduce_memory": 2048}}