{"load_dataset_centroids": [150.05524468421936, 28.059462547302246, 5.888938903808594e-05, 121.96351718902588, 0.032205820083618164], "global_index_centroids": 14.904439926147461, "distribute_vectors_centroids": [92.838871717453, 118.59893131256104, 110.50313520431519, 109.95302605628967, 122.50289273262024, 115.00261735916138, 128.50361585617065, 123.48486566543579, 112.32017397880554, 124.78690338134766, 113.70002508163452, 97.46844291687012, 113.12189030647278, 123.28397512435913, 125.72215056419373, 112.57197093963623], "distribute_vectors_invocation_centroids": [1.187946081161499, 1.1938843727111816, 1.1691820621490479, 1.1460602283477783, 1.2752726078033447, 1.1540412902832031, 1.3060216903686523, 1.2547593116760254, 1.1829285621643066, 1.305772304534912, 1.1578400135040283, 1.2023215293884277, 1.271911382675171, 1.2158942222595215, 1.3152122497558594, 1.206101894378662], "total_generated_vectors": 1000000, "generated_vectors": [7493, 10962, 11280, 3354, 8723, 10270, 11662, 3879, 8158, 13168, 7907, 3981, 7668, 9241, 9760, 7483, 10526, 17237, 7813, 11326, 20908, 9095, 6621, 8028, 12836, 18523, 5968, 4418, 4192, 8393, 6779, 10755, 6223, 7482, 4976, 10993, 11805, 4147, 12414, 7533, 6341, 4599, 5684, 17991, 7841, 9325, 6478, 10274, 5904, 3668, 5881, 9726, 8208, 4223, 9056, 11955, 7510, 11910, 4004, 10670, 13523, 8154, 4102, 5497, 9366, 6281, 8175, 8072, 10954, 7173, 8082, 14829, 9384, 5611, 3837, 6097, 18566, 8859, 6184, 6730, 11275, 5184, 8797, 4491, 18543, 5522, 8693, 8022, 8294, 9191, 3010, 8555, 8303, 13971, 7100, 9591, 4316, 7795, 18794, 8011, 17888, 2633, 4178, 12514, 11809, 2999, 9245, 3889, 3295, 2557, 11773, 5466, 7573, 6813, 3776, 1746, 1168, 4249, 1369, 1983, 3721, 1990, 1874, 1295, 1867, 69, 52, 47], "avg_generated_vectors": 7812.5, "std_dev_generated_vectors": 4280.665983213654, "generate_index_centroids": [41.006083250045776, 55.11531615257263, 46.01206660270691, 63.90108132362366, 64.98615884780884, 62.75506830215454, 70.29714870452881, 56.156662702560425, 55.309176445007324, 61.71102547645569, 83.86404967308044, 44.183279514312744, 79.83073115348816, 60.118276834487915, 56.80332589149475, 48.912198066711426], "generate_index_invocation_centroids": [1.0049571990966797, 1.01873779296875, 1.129974126815796, 1.0574579238891602, 1.0060853958129883, 1.0252776145935059, 1.114518642425537, 1.0173718929290771, 1.032891035079956, 1.0280709266662598, 1.0508620738983154, 1.0470898151397705, 0.9966344833374023, 1.0587503910064697, 1.0202081203460693, 1.1429147720336914], "total_indexing_centroids": 404.1818654537201, "shuffle_centroids_times": [], "map_iterdata_times": [], "create_map_data": [], "map_queries_times": [], "map_execution": [], "map_invoke": [], "create_reduce_data": [], "reduce_iterdata_times": [], "reduce_queries_times": [], "reduce_execution_times": [], "reduce_invoke": [], "divide_reduce_times": [], "total_querying_times": [], "recalls": [], "distribute_vectors_centroids_mean": 115.27271801233292, "generate_index_centroids_mean": 59.435103058815, "params": {"dataset": "gist", "features": 960, "k_search": 10, "num_index": 128, "replication_threshold": 1.0, "num_centroids_search": 1, "k": 512, "kmeans_version": "unbalanced", "n_probe": 32, "query_batch_size": 32, "implementation": "centroids", "indexing_memory": 10240, "search_map_memory": 8192, "search_reduce_memory": 2048}}