{"load_dataset_centroids": [149.14647483825684, 27.950836658477783, 5.817413330078125e-05, 121.16328740119934, 0.03229212760925293], "global_index_centroids": 14.951542139053345, "distribute_vectors_centroids": [94.27754735946655, 111.21604299545288, 119.77489709854126, 111.88421249389648, 111.00412011146545, 110.48625373840332, 116.4050521850586, 122.29679942131042, 95.25583386421204, 126.47899961471558, 111.02364039421082, 118.63273930549622, 110.18707776069641, 124.1081976890564, 126.01052689552307, 121.02667999267578], "distribute_vectors_invocation_centroids": [1.1261188983917236, 1.1216719150543213, 1.215834617614746, 1.152334451675415, 1.091526746749878, 1.1199285984039307, 1.1246488094329834, 1.1940076351165771, 1.0834739208221436, 1.1862709522247314, 1.1161415576934814, 1.1721270084381104, 1.166738510131836, 1.2615489959716797, 1.2399201393127441, 1.2090277671813965], "total_generated_vectors": 1000000, "generated_vectors": [7493, 10962, 11280, 3354, 8723, 10270, 11662, 3879, 8158, 13168, 7907, 3981, 7668, 9241, 9760, 7483, 10526, 17237, 7813, 11326, 20908, 9095, 6621, 8028, 12836, 18523, 5968, 4418, 4192, 8393, 6779, 10755, 6223, 7482, 4976, 10993, 11805, 4147, 12414, 7533, 6341, 4599, 5684, 17991, 7841, 9325, 6478, 10274, 5904, 3668, 5881, 9726, 8208, 4223, 9056, 11955, 7510, 11910, 4004, 10670, 13523, 8154, 4102, 5497, 9366, 6281, 8175, 8072, 10954, 7173, 8082, 14829, 9384, 5611, 3837, 6097, 18566, 8859, 6184, 6730, 11275, 5184, 8797, 4491, 18543, 5522, 8693, 8022, 8294, 9191, 3010, 8555, 8303, 13971, 7100, 9591, 4316, 7795, 18794, 8011, 17888, 2633, 4178, 12514, 11809, 2999, 9245, 3889, 3295, 2557, 11773, 5466, 7573, 6813, 3776, 1746, 1168, 4249, 1369, 1983, 3721, 1990, 1874, 1295, 1867, 69, 52, 47], "avg_generated_vectors": 7812.5, "std_dev_generated_vectors": 4280.665983213654, "generate_index_centroids": [39.64481234550476, 59.31912612915039, 46.010552644729614, 64.80996298789978, 64.51005744934082, 70.62482380867004, 66.52989983558655, 62.952322244644165, 55.39709734916687, 60.96192264556885, 60.383631229400635, 44.66992926597595, 70.95582509040833, 62.41767406463623, 62.404364824295044, 59.98309540748596], "generate_index_invocation_centroids": [1.0086190700531006, 1.0252354145050049, 1.11185884475708, 1.1259925365447998, 0.9988358020782471, 1.1632039546966553, 1.0040199756622314, 1.162926435470581, 1.0042343139648438, 1.05265474319458, 0.9658627510070801, 1.016556739807129, 0.932861328125, 1.0190255641937256, 1.014904260635376, 1.08851957321167], "total_indexing_centroids": 388.3129572868347, "shuffle_centroids_times": [], "map_iterdata_times": [], "create_map_data": [], "map_queries_times": [], "map_execution": [], "map_invoke": [], "create_reduce_data": [], "reduce_iterdata_times": [], "reduce_queries_times": [], "reduce_execution_times": [], "reduce_invoke": [], "divide_reduce_times": [], "total_querying_times": [], "recalls": [], "distribute_vectors_centroids_mean": 114.37928880751133, "generate_index_centroids_mean": 59.473443582654, "params": {"dataset": "gist", "features": 960, "k_search": 10, "num_index": 128, "replication_threshold": 1.0, "num_centroids_search": 1, "k": 512, "kmeans_version": "unbalanced", "n_probe": 32, "query_batch_size": 32, "implementation": "centroids", "indexing_memory": 10240, "search_map_memory": 8192, "search_reduce_memory": 2048}}