{"load_dataset_centroids": [168.85243344306946, 42.74479126930237, 4.7206878662109375e-05, 126.07470560073853, 0.03288865089416504], "global_index_centroids": 6.478029251098633, "distribute_vectors_centroids": [117.25680661201477, 130.3372187614441, 130.27130246162415, 120.0959243774414, 119.28043627738953, 102.30843353271484, 121.26468777656555, 131.58241486549377, 117.1762022972107, 132.71572947502136, 99.99763631820679, 128.74807739257812, 117.80758309364319, 118.41552209854126, 119.12776207923889, 127.80222773551941], "distribute_vectors_invocation_centroids": [1.1372928619384766, 1.2814743518829346, 1.2495694160461426, 1.1430156230926514, 1.1603162288665771, 1.2609477043151855, 1.1827976703643799, 1.2548422813415527, 1.2317500114440918, 1.2950694561004639, 1.098447561264038, 1.2279856204986572, 1.2111997604370117, 1.211578130722046, 1.2417263984680176, 1.2484543323516846], "total_generated_vectors": 1000000, "generated_vectors": [34278, 83072, 9067, 54142, 44928, 22583, 66379, 39959, 36146, 27746, 38910, 43811, 27814, 44187, 45742, 10996, 17761, 35062, 5049, 31026, 14667, 87750, 10991, 18977, 37083, 18727, 61729, 11188, 7891, 12253, 77, 9], "avg_generated_vectors": 31250, "std_dev_generated_vectors": 22449.188115213834, "generate_index_centroids": [113.96369242668152, 25.029985666275024, 7.792933702468872, 93.12683749198914, 15.059093713760376, 31.954960584640503, 16.45216941833496, 69.39377212524414, 52.51216244697571, 55.31643629074097, 64.6671531200409, 31.81499171257019, 97.78871726989746, 79.30308556556702, 64.01153516769409, 59.39227771759033], "generate_index_invocation_centroids": [1.0028929710388184, 0.9551815986633301, 1.0429754257202148, 1.0379714965820312, 1.046515941619873, 0.9819581508636475, 0.9795429706573486, 1.0225200653076172, 1.049898386001587, 1.0736181735992432, 1.0862810611724854, 0.9952282905578613, 0.9923162460327148, 0.9865772724151611, 0.9993865489959717, 1.0108487606048584], "total_indexing_centroids": 448.7854163646698, "shuffle_centroids_times": [], "map_iterdata_times": [], "create_map_data": [], "map_queries_times": [], "map_execution": [], "map_invoke": [], "create_reduce_data": [], "reduce_iterdata_times": [], "reduce_queries_times": [], "reduce_execution_times": [], "reduce_invoke": [], "divide_reduce_times": [], "total_querying_times": [], "recalls": [], "distribute_vectors_centroids_mean": 120.88674782216549, "generate_index_centroids_mean": 54.84873777627945, "params": {"dataset": "gist", "features": 960, "k_search": 10, "num_index": 32, "replication_threshold": 1.0, "num_centroids_search": 1, "k": 512, "kmeans_version": "unbalanced", "n_probe": 32, "query_batch_size": 8, "implementation": "centroids", "indexing_memory": 10240, "search_map_memory": 8192, "search_reduce_memory": 2048}}