{"shuffle_centroids_times": [[]], "map_iterdata_times": [0.22553610801696777], "map_queries_times": [[[5.471625089645386, 0.19149470329284668, [0.4099314212799072, 0.33994579315185547, 0.3440225124359131, 0.4226813316345215, 0.349123477935791, 0.35330677032470703, 0.3566093444824219, 0.34050416946411133], [0.026825904846191406, 0.02382969856262207, 0.013429880142211914, 0.013968706130981445, 0.013089895248413086, 0.01342153549194336, 0.013263702392578125, 0.013459920883178711], [0.29270339012145996, 0.26496171951293945, 0.26091742515563965, 0.2756021022796631, 0.2716670036315918, 0.27366018295288086, 0.270582914352417, 0.2907290458679199], 0.03179788589477539], [5.106745481491089, 0.2251911163330078, [0.3957188129425049, 0.3579738140106201, 0.3622868061065674, 0.44275712966918945, 0.33623600006103516, 0.34897398948669434, 0.4144101142883301, 0.5808734893798828], [0.046957969665527344, 0.04283857345581055, 0.02436375617980957, 0.02533245086669922, 0.025026798248291016, 0.025201797485351562, 0.026194095611572266, 0.025061607360839844], [0.18044376373291016, 0.1690046787261963, 0.17740297317504883, 0.16193747520446777, 0.1666412353515625, 0.16536736488342285, 0.17500710487365723, 0.16966629028320312], 0.03575921058654785], [5.138697147369385, 0.22281479835510254, [0.37355828285217285, 0.35036420822143555, 0.3437471389770508, 0.39519190788269043, 0.31655335426330566, 0.31928539276123047, 0.5901257991790771, 0.6812725067138672], [0.046476125717163086, 0.042191267013549805, 0.024667024612426758, 0.025249242782592773, 0.024830102920532227, 0.024712085723876953, 0.024565458297729492, 0.02480292320251465], [0.1696317195892334, 0.1643829345703125, 0.15818357467651367, 0.15930628776550293, 0.1627826690673828, 0.15792202949523926, 0.15298914909362793, 0.14912104606628418], 0.03386330604553223], [5.049941539764404, 0.2042844295501709, [0.29651546478271484, 0.2713949680328369, 0.5283799171447754, 0.26395106315612793, 0.2636275291442871, 0.4649043083190918, 0.6359505653381348, 0.6387324333190918], [0.03314805030822754, 0.030069589614868164, 0.016536235809326172, 0.016260862350463867, 0.016864299774169922, 0.017358779907226562, 0.01628732681274414, 0.016656160354614258], [0.1600041389465332, 0.16264128684997559, 0.16228437423706055, 0.1677713394165039, 0.1648235321044922, 0.1632237434387207, 0.15220165252685547, 0.15865540504455566], 0.027316808700561523], [4.975822925567627, 0.2289266586303711, [0.4047434329986572, 0.3361093997955322, 0.31955718994140625, 0.3121612071990967, 0.30986857414245605, 0.31091809272766113, 0.45858335494995117, 0.6487653255462646], [0.04792618751525879, 0.043059349060058594, 0.024649858474731445, 0.024771690368652344, 0.024926424026489258, 0.024968624114990234, 0.024962186813354492, 0.024901390075683594], [0.17865300178527832, 0.16650652885437012, 0.17488431930541992, 0.1671445369720459, 0.17414164543151855, 0.17151570320129395, 0.16971707344055176, 0.16897034645080566], 0.03434872627258301], [5.051104545593262, 0.21829891204833984, [0.34760046005249023, 0.3088338375091553, 0.2969827651977539, 0.3068060874938965, 0.30954623222351074, 0.4019160270690918, 0.6449732780456543, 0.6488873958587646], [0.043473005294799805, 0.03952145576477051, 0.023842573165893555, 0.024042367935180664, 0.024243593215942383, 0.024031877517700195, 0.023703813552856445, 0.024120330810546875], [0.17138671875, 0.15999102592468262, 0.16290926933288574, 0.16751480102539062, 0.16443729400634766, 0.15900802612304688, 0.16701817512512207, 0.1582810878753662], 0.029628276824951172], [4.959697246551514, 0.23198604583740234, [0.3909003734588623, 0.38469791412353516, 0.35654568672180176, 0.3405263423919678, 0.3661940097808838, 0.333463191986084, 0.33353304862976074, 0.5675451755523682], [0.04768633842468262, 0.04281473159790039, 0.024881362915039062, 0.02482151985168457, 0.02488851547241211, 0.026468753814697266, 0.02475571632385254, 0.025400161743164062], [0.18699288368225098, 0.16655206680297852, 0.1808938980102539, 0.1728529930114746, 0.16969847679138184, 0.17108654975891113, 0.16640567779541016, 0.16382384300231934], 0.03416132926940918], [5.142441511154175, 0.22506451606750488, [0.3941633701324463, 0.355435848236084, 0.337446928024292, 0.43209385871887207, 0.3494277000427246, 0.3460228443145752, 0.5092618465423584, 0.5920779705047607], [0.04667472839355469, 0.04237937927246094, 0.0251162052154541, 0.024873733520507812, 0.02482318878173828, 0.025222063064575195, 0.025133609771728516, 0.024895191192626953], [0.16974639892578125, 0.1588425636291504, 0.1687767505645752, 0.16581177711486816, 0.16797161102294922, 0.16362619400024414, 0.16354894638061523, 0.16666102409362793], 0.03722333908081055]]], "reduce_iterdata_times": [0.1620955467224121], "reduce_queries_times": [[0.21039223670959473]], "total_querying_times": [11.889586925506592],