{"shuffle_centroids_times": [[]], "map_iterdata_times": [0.25395631790161133], "map_queries_times": [[[12.399049282073975, 0.22647976875305176, [0.2969396114349365, 0.26526522636413574, 0.26961803436279297, 0.29343509674072266, 0.2185657024383545, 0.29778099060058594, 0.2843489646911621, 0.21491122245788574, 0.20236754417419434, 0.35372090339660645, 0.20767569541931152, 0.2823927402496338, 0.22602510452270508, 0.2861924171447754, 0.316481351852417, 0.2326509952545166, 0.22831344604492188, 0.24743437767028809, 0.25405287742614746, 0.2645385265350342, 0.20878028869628906, 0.32999134063720703, 0.2022995948791504, 0.280200719833374, 0.22711491584777832, 0.30765366554260254, 0.31037354469299316, 0.22970843315124512, 0.2366933822631836, 0.2446753978729248, 0.22516298294067383, 0.2123878002166748], [0.02407097816467285, 0.020564794540405273, 0.013205528259277344, 0.013076305389404297, 0.013531923294067383, 0.013305902481079102, 0.013348817825317383, 0.012942790985107422, 0.01332545280456543, 0.012939929962158203, 0.013109445571899414, 0.01324915885925293, 0.013471841812133789, 0.01317143440246582, 0.013225793838500977, 0.013188600540161133, 0.013275384902954102, 0.013371944427490234, 0.01335000991821289, 0.013077259063720703, 0.013063907623291016, 0.013475656509399414, 0.012989521026611328, 0.013139963150024414, 0.013022184371948242, 0.012996912002563477, 0.013200521469116211, 0.013373374938964844, 0.013297796249389648, 0.013367176055908203, 0.013074636459350586, 0.013306379318237305], [0.10419869422912598, 0.10437178611755371, 0.10938096046447754, 0.10403919219970703, 0.10162496566772461, 0.10553884506225586, 0.10550856590270996, 0.10536670684814453, 0.09876704216003418, 0.10290980339050293, 0.10290861129760742, 0.0960226058959961, 0.09336972236633301, 0.09867429733276367, 0.10683608055114746, 0.10070061683654785, 0.09744668006896973, 0.104583740234375, 0.10300874710083008, 0.09848952293395996, 0.10072803497314453, 0.10371661186218262, 0.10064363479614258, 0.10171675682067871, 0.09447574615478516, 0.0975186824798584, 0.16191768646240234, 0.10758757591247559, 0.10510897636413574, 0.09827852249145508, 0.10286521911621094, 0.09827947616577148], 0.15675139427185059], [13.018121242523193, 0.22625160217285156, [0.2933497428894043, 0.3206644058227539, 0.2770497798919678, 0.2759521007537842, 0.2581818103790283, 0.23421835899353027, 0.20946764945983887, 0.2575223445892334, 0.2722463607788086, 0.29955458641052246, 0.24213457107543945, 0.28234076499938965, 0.4989149570465088, 0.22745275497436523, 0.3515946865081787, 0.25760507583618164, 0.28705430030822754, 0.19124436378479004, 0.21507048606872559, 0.2343604564666748, 0.25287365913391113, 0.380626916885376, 0.2265455722808838, 0.32114338874816895, 0.1968214511871338, 0.2599654197692871, 0.429732084274292, 0.29066038131713867, 0.22331476211547852, 0.24082469940185547, 0.2717599868774414, 0.24968934059143066], [0.024608612060546875, 0.020457744598388672, 0.013144254684448242, 0.013313531875610352, 0.013821840286254883, 0.013609170913696289, 0.013207197189331055, 0.01343536376953125, 0.013575077056884766, 0.013365507125854492, 0.013208866119384766, 0.013043880462646484, 0.013023853302001953, 0.013382196426391602, 0.013278961181640625, 0.013166427612304688, 0.013201713562011719, 0.013483047485351562, 0.013367891311645508, 0.013225317001342773, 0.013172626495361328, 0.013214826583862305, 0.013338327407836914, 0.013269424438476562, 0.013139724731445312, 0.013055562973022461, 0.013530731201171875, 0.012837648391723633, 0.013052701950073242, 0.01334524154663086, 0.013227701187133789, 0.013395309448242188], [0.1149144172668457, 0.10332584381103516, 0.10679817199707031, 0.09941792488098145, 0.10243511199951172, 0.1087946891784668, 0.10517168045043945, 0.10335731506347656, 0.10355353355407715, 0.10121607780456543, 0.09808349609375, 0.1103363037109375, 0.10324573516845703, 0.10006070137023926, 0.10335922241210938, 0.10347867012023926, 0.0982356071472168, 0.09746456146240234, 0.10389542579650879, 0.10398173332214355, 0.10526657104492188, 0.09917259216308594, 0.09839534759521484, 0.10100889205932617, 0.09950375556945801, 0.09870791435241699, 0.17027616500854492, 0.10028243064880371, 0.10485506057739258, 0.10115885734558105, 0.10251903533935547, 0.10982227325439453], 0.1559455394744873], [12.744033813476562, 0.24370384216308594, [0.24205446243286133, 0.2296278476715088, 0.23642492294311523, 0.3598802089691162, 0.263242244720459, 0.22800493240356445, 0.33765745162963867, 0.3419184684753418, 0.24675655364990234, 0.22923922538757324, 0.2531461715698242, 0.3024306297302246, 0.2984638214111328, 0.2622702121734619, 0.27245354652404785, 0.28617024421691895, 0.392972469329834, 0.20901823043823242, 0.23059749603271484, 0.23721742630004883, 0.2564125061035156, 0.20072245597839355, 0.2541220188140869, 0.22731280326843262, 0.3743560314178467, 0.250751256942749, 0.23227977752685547, 0.30309247970581055, 0.2655060291290283, 0.2743551731109619, 0.20015883445739746, 0.28737711906433105], [0.024408817291259766, 0.02010798454284668, 0.013246536254882812, 0.013133049011230469, 0.012693166732788086, 0.013047933578491211, 0.01296544075012207, 0.013096094131469727, 0.013277292251586914, 0.01292276382446289, 0.013049840927124023, 0.013161420822143555, 0.013117074966430664, 0.013187170028686523, 0.013472795486450195, 0.013381004333496094, 0.013258218765258789, 0.013242959976196289, 0.013384819030761719, 0.012996912002563477, 0.013220787048339844, 0.013252735137939453, 0.013391733169555664, 0.013043880462646484, 0.013253450393676758, 0.013205289840698242, 0.013246297836303711, 0.013283967971801758, 0.01309514045715332, 0.012851715087890625, 0.013190031051635742, 0.013094902038574219], [0.1054086685180664, 0.10086965560913086, 0.10245609283447266, 0.10025882720947266, 0.10988688468933105, 0.10476016998291016, 0.10397171974182129, 0.10547232627868652, 0.10423159599304199, 0.10630369186401367, 0.09517788887023926, 0.10376691818237305, 0.10397124290466309, 0.10274720191955566, 0.09719538688659668, 0.09965372085571289, 0.10399818420410156, 0.1024022102355957, 0.10150790214538574, 0.10122179985046387, 0.10237002372741699, 0.09679412841796875, 0.10674095153808594, 0.10092544555664062, 0.11049270629882812, 0.10140204429626465, 0.15654683113098145, 0.10049057006835938, 0.10078263282775879, 0.10008859634399414, 0.09691309928894043, 0.09286880493164062], 0.15302681922912598], [12.961493968963623, 0.2271125316619873, [0.2736039161682129, 0.2366166114807129, 0.23700928688049316, 0.21915650367736816, 0.34606170654296875, 0.2225639820098877, 0.2496776580810547, 0.3868708610534668, 0.21902990341186523, 0.2234053611755371, 0.23007440567016602, 0.317734956741333, 0.20925664901733398, 0.22491741180419922, 0.27283787727355957, 0.42534923553466797, 0.49671244621276855, 0.3609659671783447, 0.25579214096069336, 0.23110413551330566, 0.26670217514038086, 0.22539305686950684, 0.31688404083251953, 0.2895364761352539, 0.27637600898742676, 0.205336332321167, 0.2459399700164795, 0.20183658599853516, 0.22905802726745605, 0.26016664505004883, 0.39006924629211426, 0.28226733207702637], [0.025036334991455078, 0.021102190017700195, 0.013472557067871094, 0.013093709945678711, 0.013207435607910156, 0.01304769515991211, 0.013124942779541016, 0.013307332992553711, 0.013190507888793945, 0.013064861297607422, 0.013284444808959961, 0.01318049430847168, 0.013275861740112305, 0.013244152069091797, 0.013045787811279297, 0.01313638687133789, 0.013395309448242188, 0.013458728790283203, 0.013214588165283203, 0.013034582138061523, 0.012968778610229492, 0.013204813003540039, 0.013436317443847656, 0.013288736343383789, 0.013290166854858398, 0.013192415237426758, 0.01315927505493164, 0.01304483413696289, 0.012983560562133789, 0.013331413269042969, 0.01339101791381836, 0.013197898864746094], [0.11160588264465332, 0.10438847541809082, 0.10204529762268066, 0.10564374923706055, 0.1014103889465332, 0.10448575019836426, 0.09572386741638184, 0.09775447845458984, 0.09972953796386719, 0.10049057006835938, 