{"shuffle_centroids_times": [[]], "map_iterdata_times": [0.25184082984924316], "map_queries_times": [[[5.108384609222412, 0.2231144905090332, [0.3486316204071045, 0.3295600414276123, 0.3228793144226074, 0.4124476909637451, 0.330244779586792, 0.32268285751342773, 0.5707311630249023, 0.6667189598083496], [0.04650163650512695, 0.04254341125488281, 0.02451801300048828, 0.0254518985748291, 0.02446460723876953, 0.02464771270751953, 0.024564504623413086, 0.024572372436523438], [0.1713566780090332, 0.1637279987335205, 0.16860413551330566, 0.15964031219482422, 0.16224193572998047, 0.1552565097808838, 0.15814638137817383, 0.1706831455230713], 0.03435325622558594], [5.086668252944946, 0.19090056419372559, [0.38494229316711426, 0.3360617160797119, 0.3123471736907959, 0.36643362045288086, 0.2984273433685303, 0.3136708736419678, 0.3286926746368408, 0.32410764694213867], [0.02767324447631836, 0.023555755615234375, 0.012868642807006836, 0.013445377349853516, 0.013247013092041016, 0.013066768646240234, 0.013265132904052734, 0.013034343719482422], [0.26610684394836426, 0.26492929458618164, 0.2543492317199707, 0.24187707901000977, 0.2620663642883301, 0.26922106742858887, 0.25120019912719727, 0.2581467628479004], 0.03291797637939453], [5.055425405502319, 0.20226764678955078, [0.2847750186920166, 0.27809596061706543, 0.26925134658813477, 0.260786771774292, 0.37392258644104004, 0.6421205997467041, 0.6369874477386475, 0.6303741931915283], [0.03343343734741211, 0.03047800064086914, 0.016576290130615234, 0.017035484313964844, 0.016815185546875, 0.016981124877929688, 0.0162811279296875, 0.015891551971435547], [0.1652078628540039, 0.1578059196472168, 0.15637516975402832, 0.15446019172668457, 0.15270018577575684, 0.162841796875, 0.13950634002685547, 0.1965043544769287], 0.02785015106201172], [5.113808870315552, 0.22803974151611328, [0.3797032833099365, 0.337355375289917, 0.3200199604034424, 0.32309746742248535, 0.31891751289367676, 0.3247494697570801, 0.5629923343658447, 0.7048182487487793], [0.0464777946472168, 0.04301333427429199, 0.024970531463623047, 0.025182485580444336, 0.025013446807861328, 0.025191545486450195, 0.02498006820678711, 0.024928569793701172], [0.1713573932647705, 0.17261266708374023, 0.16385340690612793, 0.1676340103149414, 0.16365838050842285, 0.16135001182556152, 0.16428661346435547, 0.1742994785308838], 0.03518342971801758], [5.096053600311279, 0.2168569564819336, [0.336118221282959, 0.318439245223999, 0.30968403816223145, 0.3031637668609619, 0.2902560234069824, 0.4524538516998291, 0.635488748550415, 0.6206779479980469], [0.04293084144592285, 0.039992570877075195, 0.024210453033447266, 0.023806095123291016, 0.023967742919921875, 0.023730993270874023, 0.024068117141723633, 0.023975849151611328], [0.16275596618652344, 0.15596508979797363, 0.16573452949523926, 0.16503643989562988, 0.16527056694030762, 0.1693589687347412, 0.16214632987976074, 0.2100660800933838], 0.029793739318847656], [5.094875335693359, 0.22163701057434082, [0.37100720405578613, 0.3286862373352051, 0.32918715476989746, 0.3252716064453125, 0.32094311714172363, 0.3191702365875244, 0.5666699409484863, 0.6556782722473145], [0.046562910079956055, 0.042221784591674805, 0.0243837833404541, 0.024597883224487305, 0.02566695213317871, 0.02480769157409668, 0.025011062622070312, 0.02562427520751953], [0.17227387428283691, 0.15884160995483398, 0.1676785945892334, 0.2481248378753662, 0.16753149032592773, 0.15450429916381836, 0.1613469123840332, 0.15259361267089844], 0.03474283218383789], [5.1544647216796875, 0.22617340087890625, [0.3774068355560303, 0.3732919692993164, 0.3468151092529297, 0.41768407821655273, 0.3608720302581787, 0.33962535858154297, 0.39256739616394043, 0.6822667121887207], [0.04789590835571289, 0.042293548583984375, 0.024869441986083984, 0.025507688522338867, 0.025401830673217773, 0.02496790885925293, 0.025211811065673828, 0.024826765060424805], [0.18622279167175293, 0.1607668399810791, 0.1775672435760498, 0.16333484649658203, 0.1653118133544922, 0.17456626892089844, 0.17170238494873047, 0.1609511375427246], 0.03623628616333008], [4.9994401931762695, 0.22762322425842285, [0.3567166328430176, 0.3255290985107422, 0.32376718521118164, 0.3249783515930176, 0.3168797492980957, 0.3244321346282959, 0.6631853580474854, 0.5642025470733643], [0.04572105407714844, 0.04224562644958496, 0.02456378936767578, 0.02430891990661621, 0.024189233779907227, 0.024555444717407227, 0.024599552154541016, 0.02439260482788086], [0.16750168800354004, 0.16181492805480957, 0.16919803619384766, 0.16074585914611816, 0.1589663028717041, 0.15902304649353027, 0.16194701194763184, 0.16527724266052246], 0.032964229583740234]]], "reduce_iterdata_times": [0.21476149559020996], "reduce_queries_times": [[0.17766880989074707]], "total_querying_times": [10.919589519500732],