{"shuffle_centroids_times": [[]], "map_iterdata_times": [0.27965712547302246], "map_queries_times": [[[6.307562589645386, 0.18767452239990234, [0.2726457118988037, 0.32514190673828125, 0.22542881965637207, 0.24856972694396973, 0.18517041206359863, 0.1978905200958252, 0.27478504180908203, 0.21346449851989746, 0.22711539268493652, 0.19191670417785645, 0.20537471771240234, 0.17924022674560547, 0.18459582328796387, 0.18935489654541016, 0.21670937538146973, 0.3031270503997803], [0.014381885528564453, 0.011801004409790039, 0.007885217666625977, 0.007551908493041992, 0.007920980453491211, 0.007580280303955078, 0.007521390914916992, 0.007544755935668945, 0.00758051872253418, 0.007587909698486328, 0.007399559020996094, 0.007764101028442383, 0.00748443603515625, 0.0075833797454833984, 0.007821083068847656, 0.007489919662475586], [0.14184236526489258, 0.14590120315551758, 0.13960838317871094, 0.12803983688354492, 0.14944195747375488, 0.14638233184814453, 0.14443159103393555, 0.13318753242492676, 0.1426093578338623, 0.14070653915405273, 0.13503026962280273, 0.14246392250061035, 0.1366443634033203, 0.13475465774536133, 0.14516115188598633, 0.1251366138458252], 0.11495089530944824], [6.065646648406982, 0.21834564208984375, [0.22908878326416016, 0.31531238555908203, 0.3985292911529541, 0.1848280429840088, 0.2056264877319336, 0.20632719993591309, 0.2623763084411621, 0.20809698104858398, 0.2061619758605957, 0.22139620780944824, 0.25942111015319824, 0.24556684494018555, 0.2186591625213623, 0.2715129852294922, 0.2594563961029053, 0.18958735466003418], [0.025048494338989258, 0.020311832427978516, 0.013324975967407227, 0.013165950775146484, 0.01308584213256836, 0.013160943984985352, 0.013085603713989258, 0.013140201568603516, 0.013196706771850586, 0.013391256332397461, 0.01316976547241211, 0.013273954391479492, 0.013500690460205078, 0.013357400894165039, 0.013551712036132812, 0.013349294662475586], [0.10142135620117188, 0.09942460060119629, 0.10570979118347168, 0.10128164291381836, 0.10100293159484863, 0.09649062156677246, 0.09893059730529785, 0.0978236198425293, 0.09471631050109863, 0.10653090476989746, 0.09895825386047363, 0.09928727149963379, 0.09878969192504883, 0.10377693176269531, 0.09700536727905273, 0.09926962852478027], 0.1336078643798828], [6.336244821548462, 0.21903443336486816, [0.3162248134613037, 0.3155934810638428, 0.26057863235473633, 0.19703054428100586, 0.19729208946228027, 0.44057250022888184, 0.23402190208435059, 0.275071382522583, 0.2228708267211914, 0.21421337127685547, 0.20951437950134277, 0.28667593002319336, 0.2728698253631592, 0.21071195602416992, 0.2381579875946045, 0.20073771476745605], [0.024790048599243164, 0.020490646362304688, 0.013370037078857422, 0.013350248336791992, 0.013203859329223633, 0.014873504638671875, 0.013570785522460938, 0.013207435607910156, 0.013353586196899414, 0.01329803466796875, 0.013412952423095703, 0.013423442840576172, 0.01323843002319336, 0.013492584228515625, 0.013486146926879883, 0.013257265090942383], [0.10360383987426758, 0.1023404598236084, 0.09959983825683594, 0.10373854637145996, 0.09284114837646484, 0.09738016128540039, 0.10504913330078125, 0.10020685195922852, 0.10767936706542969, 0.1269075870513916, 0.10133242607116699, 0.10438966751098633, 0.10439896583557129, 0.10459733009338379, 0.10000872611999512, 0.10088276863098145], 0.13607501983642578], [6.045341730117798, 0.2636137008666992, [0.21180343627929688, 0.305194616317749, 0.2152996063232422, 0.2391195297241211, 0.18596148490905762, 0.19216084480285645, 0.18153643608093262, 0.1999528408050537, 0.28600287437438965, 0.2245018482208252, 0.28261709213256836, 0.32790684700012207, 0.22504115104675293, 0.28345155715942383, 0.19131088256835938, 0.21410799026489258], [0.047663211822509766, 0.020751953125, 0.012988090515136719, 0.013005256652832031, 0.01302790641784668, 0.013364791870117188, 0.013570308685302734, 0.013043403625488281, 0.013504981994628906, 0.013286828994750977, 0.013296127319335938, 0.013402462005615234, 0.013423442840576172, 0.01302027702331543, 0.013442516326904297, 0.013254165649414062], [0.11988496780395508, 0.10241270065307617, 0.09211134910583496, 0.1002035140991211, 0.09992742538452148, 0.10360455513000488, 0.09734773635864258, 0.09932613372802734, 0.09980249404907227, 0.10279417037963867, 0.09471297264099121, 0.09840941429138184, 0.10595560073852539, 0.10175466537475586, 0.10474801063537598, 0.10506010055541992], 0.13321852684020996], [5.862497329711914, 0.24876618385314941, [0.22620463371276855, 0.2867879867553711, 0.35089564323425293, 0.27979612350463867, 0.20931792259216309, 0.24075913429260254, 0.20226669311523438, 0.19493985176086426, 0.22914600372314453, 0.22794771194458008, 0.2352297306060791, 0.2378859519958496, 0.20000219345092773, 0.2639341354370117, 0.22127389907836914, 0.1860945224761963], [0.042165279388427734, 0.019497156143188477, 0.012585639953613281, 0.012288093566894531, 0.012708187103271484, 0.012512683868408203, 0.012803316116333008, 0.012482166290283203, 0.01257944107055664, 0.012491464614868164, 0.012524604797363281, 0.012484312057495117, 0.012599706649780273, 0.012608528137207031, 0.012665987014770508, 0.012410402297973633], [0.10171031951904297, 0.09261298179626465, 0.09328794479370117, 0.09177112579345703, 0.09744095802307129, 0.09178614616394043, 0.08666658401489258, 0.09144711494445801, 0.08726739883422852, 0.08583903312683105, 0.08974242210388184, 0.09246659278869629, 0.09166860580444336, 0.09216094017028809, 0.0930166244506836, 0.0903923511505127], 0.11417651176452637], [5.231456756591797, 0.23050403594970703, [0.2116076946258545, 0.2370002269744873, 0.22306180000305176, 0.2479414939880371, 0.1600666046142578, 0.16509294509887695, 0.25094151496887207, 0.19562029838562012, 0.24906420707702637, 0.23342180252075195, 0.2377634048461914, 0.15856695175170898, 0.17211532592773438, 0.15644550323486328, 0.19395160675048828, 0.27220678329467773], [0.03188347816467285, 0.014238119125366211, 0.008486270904541016, 0.008759260177612305, 0.008652448654174805, 0.008302927017211914, 0.008040904998779297, 0.008295297622680664, 0.008111715316772461, 0.0084686279296875, 0.008297443389892578, 0.008597850799560547, 0.008518457412719727, 0.008292675018310547, 0.008269309997558594, 0.008987903594970703], [0.0938560962677002, 0.08546090126037598, 0.08089828491210938, 0.08579444885253906, 0.08583545684814453, 0.08765864372253418, 0.0859522819519043, 0.08355402946472168, 0.0808563232421875, 0.09566617012023926, 0.08489775657653809, 0.08644676208496094, 0.0867152214050293, 0.08582448959350586, 0.08244800567626953, 0.08100724220275879], 0.09870481491088867], [5.788620233535767, 0.2168898582458496, [0.2680513858795166, 0.3120541572570801, 0.2045445442199707, 0.22286057472229004, 0.2438192367553711, 0.17952871322631836, 0.2526412010192871, 0.21079277992248535, 0.24870538711547852, 0.22559499740600586, 0.2005624771118164, 0.21395325660705566, 0.19061732292175293, 0.23313069343566895, 0.20827007293701172, 0.2010805606842041], [0.024600505828857422, 0.020227670669555664, 0.013309001922607422, 0.013408899307250977, 0.013417243957519531, 0.013338327407836914, 0.013319730758666992, 0.01347041130065918, 0.013318061828613281, 0.013517141342163086, 0.013309478759765625, 0.013564348220825195, 0.01329803466796875, 0.013489246368408203, 0.013555049896240234, 0.013466596603393555], [0.1037445068359375, 0.09674930572509766, 0.10123562812805176, 0.09824538230895996, 0.10141348838806152, 0.10459160804748535, 0.10091304779052734, 0.10236978530883789, 0.09301424026489258, 0.09934115409851074, 0.0934746265411377, 0.10004639625549316, 0.10069012641906738, 0.09329390525817871, 0.09969115257263184, 0.09687185287475586], 0.13703036308288574], [6.0567615032196045, 0.26517176628112793, [0.23450684547424316, 0.3183465003967285, 0.2317345142364502, 0.23467683792114258, 0.21856975555419922, 0.2854135036468506, 0.2182161808013916, 0.2148902416229248, 0.20034313201904297, 0.2021644115447998, 0.20521926879882812, 0.2108001708984375, 0.28610658645629883, 