{"shuffle_centroids_times": [[]], "map_iterdata_times": [0.2738521099090576], "map_queries_times": [[[5.628432273864746, 0.18904495239257812, [0.19828224182128906, 0.19786477088928223, 0.1763596534729004, 0.18332552909851074, 0.17069196701049805, 0.17595171928405762, 0.16795778274536133, 0.18890047073364258, 0.17970561981201172, 0.18388819694519043, 0.18799781799316406, 0.17195463180541992, 0.15788936614990234, 0.18417882919311523, 0.17782139778137207, 0.1738581657409668], [0.01408243179321289, 0.011379241943359375, 0.007352590560913086, 0.007218360900878906, 0.007347822189331055, 0.007345438003540039, 0.007510662078857422, 0.007493734359741211, 0.007965326309204102, 0.007394075393676758, 0.007602214813232422, 0.007224082946777344, 0.0072803497314453125, 0.007742166519165039, 0.007518291473388672, 0.009032249450683594], [0.13166069984436035, 0.14541840553283691, 0.14174652099609375, 0.13141751289367676, 0.1454906463623047, 0.21736454963684082, 0.1401066780090332, 0.14027690887451172, 0.15053558349609375, 0.14906072616577148, 0.1417834758758545, 0.14661192893981934, 0.13863277435302734, 0.14312481880187988, 0.15300893783569336, 0.13996529579162598], 0.07490015029907227], [5.218637466430664, 0.21997785568237305, [0.1962883472442627, 0.17665696144104004, 0.17612028121948242, 0.17929768562316895, 0.16934418678283691, 0.1739664077758789, 0.26738691329956055, 0.18485212326049805, 0.16991281509399414, 0.17664408683776855, 0.1850297451019287, 0.18001532554626465, 0.16918206214904785, 0.1724834442138672, 0.16858792304992676, 0.31040000915527344], [0.0243072509765625, 0.01990222930908203, 0.012951850891113281, 0.012941837310791016, 0.013139009475708008, 0.013153314590454102, 0.013461828231811523, 0.013150453567504883, 0.013199806213378906, 0.013222217559814453, 0.01331639289855957, 0.013274669647216797, 0.013309955596923828, 0.013329505920410156, 0.013391494750976562, 0.01299428939819336], [0.11087775230407715, 0.10094118118286133, 0.10296487808227539, 0.10069561004638672, 0.1076958179473877, 0.10209536552429199, 0.09710383415222168, 0.10233545303344727, 0.09708809852600098, 0.09977102279663086, 0.10591387748718262, 0.10518884658813477, 0.10522103309631348, 0.1002197265625, 0.10118341445922852, 0.09721684455871582], 0.07673954963684082], [5.2367870807647705, 0.22038650512695312, [0.20832109451293945, 0.18297696113586426, 0.18407487869262695, 0.19686245918273926, 0.1773848533630371, 0.17700886726379395, 0.18152070045471191, 0.1848926544189453, 0.1680285930633545, 0.18291139602661133, 0.16302776336669922, 0.18217849731445312, 0.17690777778625488, 0.17454123497009277, 0.22121024131774902, 0.23133039474487305], [0.02424764633178711, 0.02027297019958496, 0.013228654861450195, 0.01305842399597168, 0.013446331024169922, 0.013297080993652344, 0.013462066650390625, 0.013396263122558594, 0.01312398910522461, 0.013200759887695312, 0.013126134872436523, 0.013182878494262695, 0.013319969177246094, 0.013439178466796875, 0.013280868530273438, 0.013442039489746094], [0.10678386688232422, 0.10012960433959961, 0.1025092601776123, 0.10682368278503418, 0.10879230499267578, 0.191054105758667, 0.09600639343261719, 0.09961462020874023, 0.10102152824401855, 0.09443783760070801, 0.10219788551330566, 0.10442352294921875, 0.10268044471740723, 0.09845232963562012, 0.10451650619506836, 0.09835672378540039], 0.07468605041503906], [5.264409780502319, 0.19504523277282715, [0.16920971870422363, 0.1460247039794922, 0.14741063117980957, 0.14136099815368652, 0.13442516326904297, 0.13339900970458984, 0.1978151798248291, 0.15494346618652344, 0.13706326484680176, 0.13463711738586426, 0.3017005920410156, 0.3969767093658447, 0.2990429401397705, 0.2991158962249756, 0.2999691963195801, 0.38555335998535156], [0.017363786697387695, 0.013920068740844727, 0.008292675018310547, 0.00833272933959961, 0.008219480514526367, 0.008324384689331055, 0.008363485336303711, 0.008369207382202148, 0.008683443069458008, 0.00817561149597168, 0.008275985717773438, 0.008192300796508789, 0.008442878723144531, 0.008463859558105469, 0.008504390716552734, 0.008980751037597656], [0.09742426872253418, 0.07775664329528809, 0.08568906784057617, 0.08617758750915527, 0.08598136901855469, 0.0798499584197998, 0.08187532424926758, 0.08324551582336426, 0.08438372611999512, 0.08447027206420898, 0.08632707595825195, 0.09038543701171875, 0.08725094795227051, 0.08787035942077637, 0.09001898765563965, 0.0954885482788086], 0.05747103691101074], [5.21980619430542, 0.22156047821044922, [0.20423173904418945, 0.17732858657836914, 0.1786339282989502, 0.16993188858032227, 0.16944146156311035, 0.16583800315856934, 0.2615196704864502, 0.17087101936340332, 0.15904903411865234, 0.17140626907348633, 0.17023181915283203, 0.1707897186279297, 0.18211102485656738, 0.172715425491333, 0.22659850120544434, 0.31114983558654785], [0.024236440658569336, 0.020221233367919922, 0.013243436813354492, 0.013155221939086914, 0.013230562210083008, 0.013252019882202148, 0.013511180877685547, 0.013214349746704102, 0.013438701629638672, 0.013407707214355469, 0.013279199600219727, 0.013164758682250977, 0.01314401626586914, 0.01305079460144043, 0.013153791427612305, 0.013388872146606445], [0.11095571517944336, 0.09647274017333984, 0.10462284088134766, 0.1029200553894043, 0.10798311233520508, 0.10437893867492676, 0.09930777549743652, 0.10458016395568848, 0.09536910057067871, 0.09845280647277832, 0.10266518592834473, 0.09924435615539551, 0.10301804542541504, 0.09032988548278809, 0.10530209541320801, 0.10447573661804199], 0.07602834701538086], [5.23589015007019, 0.21068668365478516, [0.19736027717590332, 0.16524147987365723, 0.16250157356262207, 0.1614241600036621, 0.16118478775024414, 0.16131997108459473, 0.2357771396636963, 0.15471434593200684, 0.15517592430114746, 0.16571664810180664, 0.1669778823852539, 0.1625680923461914, 0.22600746154785156, 0.31039977073669434, 0.3063538074493408, 0.306441068649292], [0.022436857223510742, 0.019373655319213867, 0.012983560562133789, 0.012688636779785156, 0.013025045394897461, 0.012915849685668945, 0.013222217559814453, 0.013082504272460938, 0.013287782669067383, 0.012914419174194336, 0.012853860855102539, 0.013038873672485352, 0.01322627067565918, 0.012909650802612305, 0.013059854507446289, 0.012856245040893555], [0.10288381576538086, 0.08890175819396973, 0.09718871116638184, 0.09038376808166504, 0.09735369682312012, 0.09385013580322266, 0.09381103515625, 0.09052300453186035, 0.09742379188537598, 0.09978961944580078, 0.09673476219177246, 0.10119867324829102, 0.09586715698242188, 0.09882760047912598, 0.09979605674743652, 0.08977007865905762], 0.06765007972717285], [5.31212306022644, 0.21966218948364258, [0.21730422973632812, 0.17380261421203613, 0.16756939888000488, 0.1657271385192871, 0.17087697982788086, 0.16203641891479492, 0.16905665397644043, 0.17122507095336914, 0.1697068214416504, 0.17413926124572754, 0.17603278160095215, 0.17437362670898438, 0.17336177825927734, 0.2303295135498047, 0.3144824504852295, 0.31365394592285156], [0.024538755416870117, 0.02006983757019043, 0.013090133666992188, 0.012874126434326172, 0.013040781021118164, 0.01327657699584961, 0.012999773025512695, 0.012994527816772461, 0.012705326080322266, 0.013312101364135742, 0.013001680374145508, 0.013134241104125977, 0.013293981552124023, 0.013396501541137695, 0.01318669319152832, 0.013343572616577148], [0.10341835021972656, 0.09884262084960938, 0.09820938110351562, 0.09532594680786133, 0.10017275810241699, 0.17602300643920898, 0.0955352783203125, 0.09656333923339844, 0.0928802490234375, 0.10379672050476074, 0.09841060638427734, 0.09615278244018555, 0.10320377349853516, 0.10577845573425293, 0.10375761985778809, 0.09737682342529297], 0.07489180564880371], [5.358941555023193, 0.2246713638305664, [0.21412301063537598, 0.18688559532165527, 0.18019771575927734, 0.18791913986206055, 0.18116307258605957, 0.17497920989990234, 0.1855449676513672, 0.18012642860412598, 0.1894841194152832, 0.18532490730285645, 0.1875309944152832, 0.18735671043395996, 0.18504858016967773, 