{"shuffle_centroids_times": [[]], "map_iterdata_times": [0.31748127937316895], "map_queries_times": [[[5.227696418762207, 0.21870660781860352, [0.21314501762390137, 0.2980198860168457, 0.17516803741455078, 0.17098784446716309, 0.16948246955871582, 0.18378043174743652, 0.1692514419555664, 0.1680619716644287, 0.1769089698791504, 0.17844390869140625, 0.16907095909118652, 0.1727743148803711, 0.18450617790222168, 0.1657569408416748, 0.17658662796020508, 0.22614049911499023], [0.024513959884643555, 0.02039170265197754, 0.013368844985961914, 0.013330698013305664, 0.013242959976196289, 0.013567686080932617, 0.013447761535644531, 0.013406038284301758, 0.01334238052368164, 0.013480663299560547, 0.013467073440551758, 0.013813495635986328, 0.013287782669067383, 0.01364755630493164, 0.013384580612182617, 0.013413429260253906], [0.1109614372253418, 0.09914588928222656, 0.10320782661437988, 0.10135245323181152, 0.10939860343933105, 0.10775446891784668, 0.10506963729858398, 0.09962177276611328, 0.10489511489868164, 0.10729718208312988, 0.10141944885253906, 0.10010600090026855, 0.09422516822814941, 0.10099577903747559, 0.09936070442199707, 0.09898495674133301], 0.13380193710327148], [5.307346820831299, 0.1926722526550293, [0.16788220405578613, 0.22135567665100098, 0.14220905303955078, 0.14069867134094238, 0.13866329193115234, 0.13457226753234863, 0.1408522129058838, 0.14014601707458496, 0.14166665077209473, 0.2226569652557373, 0.3032999038696289, 0.3051872253417969, 0.3083786964416504, 0.40299129486083984, 0.30831050872802734, 0.3044106960296631], [0.016820907592773438, 0.013952016830444336, 0.00870513916015625, 0.008476495742797852, 0.00842428207397461, 0.008464574813842773, 0.008442878723144531, 0.008560419082641602, 0.008502721786499023, 0.00856637954711914, 0.008790254592895508, 0.008405685424804688, 0.00841069221496582, 0.008601665496826172, 0.008779764175415039, 0.008561849594116211], [0.08272647857666016, 0.0833892822265625, 0.08581900596618652, 0.0787515640258789, 0.08631753921508789, 0.08141899108886719, 0.0830223560333252, 0.07965660095214844, 0.08528900146484375, 0.09749627113342285, 0.0890645980834961, 0.08230471611022949, 0.07899951934814453, 0.0829925537109375, 0.08260917663574219, 0.08430719375610352], 0.09662103652954102], [5.2738120555877686, 0.2212841510772705, [0.19793295860290527, 0.29065847396850586, 0.17827820777893066, 0.166975736618042, 0.17502307891845703, 0.17702984809875488, 0.17736506462097168, 0.1708996295928955, 0.17282485961914062, 0.17490291595458984, 0.18442702293395996, 0.18855619430541992, 0.18600726127624512, 0.1748487949371338, 0.2330336570739746, 0.24134016036987305], [0.02430415153503418, 0.01994490623474121, 0.013039588928222656, 0.013049840927124023, 0.01298975944519043, 0.013231754302978516, 0.013240337371826172, 0.012952327728271484, 0.012967109680175781, 0.01331949234008789, 0.013262271881103516, 0.013197183609008789, 0.013261556625366211, 0.013215303421020508, 0.013374090194702148, 0.013273000717163086], [0.1109623908996582, 0.09939074516296387, 0.09808945655822754, 0.10065364837646484, 0.09902119636535645, 0.10465526580810547, 0.09727096557617188, 0.10149383544921875, 0.09622979164123535, 0.10164928436279297, 0.10230588912963867, 0.10019111633300781, 0.09803295135498047, 0.09861135482788086, 0.09941697120666504, 0.09772944450378418], 0.12790513038635254], [5.564947605133057, 0.2215430736541748, [0.2207646369934082, 0.32849836349487305, 0.1936171054840088, 0.20572590827941895, 0.1931931972503662, 0.18234038352966309, 0.19191384315490723, 0.18880033493041992, 0.1997997760772705, 0.21277403831481934, 0.19049978256225586, 0.1849825382232666, 0.2020888328552246, 0.1940901279449463, 0.21368789672851562, 0.22194409370422363], [0.024943113327026367, 0.020678281784057617, 0.015681982040405273, 0.01339101791381836, 0.013290166854858398, 0.013644695281982422, 0.013347864151000977, 0.013515472412109375, 0.013825178146362305, 0.013533592224121094, 0.01355123519897461, 0.013596773147583008, 0.013399839401245117, 0.013640165328979492, 0.013569831848144531, 0.013397693634033203], [0.12291336059570312, 0.10818600654602051, 0.10671043395996094, 0.10515403747558594, 0.10137581825256348, 0.09888291358947754, 0.09920644760131836, 0.09938716888427734, 0.09728693962097168, 0.09894299507141113, 0.10042500495910645, 0.10389971733093262, 0.09534287452697754, 0.10182595252990723, 0.0975492000579834, 0.10680437088012695], 0.1375570297241211], [5.541009902954102, 0.18825578689575195, [0.19469833374023438, 0.26178479194641113, 0.1713252067565918, 0.17550158500671387, 0.17227435111999512, 0.16920971870422363, 0.16129827499389648, 0.15575861930847168, 0.16579461097717285, 0.1727921962738037, 0.16820168495178223, 0.16730761528015137, 0.1803123950958252, 0.1589970588684082, 0.1710662841796875, 0.1872546672821045], [0.013896703720092773, 0.011492729187011719, 0.0075299739837646484, 0.007502555847167969, 0.007752895355224609, 0.007756948471069336, 0.007410764694213867, 0.007872581481933594, 0.007434368133544922, 0.007799863815307617, 0.0077097415924072266, 0.00744318962097168, 0.007684946060180664, 0.007363080978393555, 0.007978677749633789, 0.0075380802154541016], [0.15314674377441406, 0.13686823844909668, 0.14489197731018066, 0.14354538917541504, 0.1488969326019287, 0.14386749267578125, 0.13274240493774414, 0.13913249969482422, 0.14389824867248535, 0.15015220642089844, 0.13286924362182617, 0.1246938705444336, 0.14910030364990234, 0.13971495628356934, 0.15057587623596191, 0.13683390617370605], 0.11591553688049316], [5.398849010467529, 0.22223830223083496, [0.2361154556274414, 0.3234272003173828, 0.18916845321655273, 0.18257737159729004, 0.1882307529449463, 0.1935124397277832, 0.18367695808410645, 0.17931389808654785, 0.18743634223937988, 0.1818225383758545, 0.18806171417236328, 0.18586206436157227, 0.18856096267700195, 0.1780529022216797, 0.18593382835388184, 0.19155240058898926], [0.024508237838745117, 0.020778179168701172, 0.013341903686523438, 0.013177633285522461, 0.013323545455932617, 0.01347661018371582, 0.013520240783691406, 0.013606786727905273, 0.013349056243896484, 0.013286828994750977, 0.01720571517944336, 0.013361454010009766, 0.013441085815429688, 0.013369321823120117, 0.01348257064819336, 0.013440608978271484], [0.11118030548095703, 0.1060628890991211, 0.1019904613494873, 0.10500121116638184, 0.10111236572265625, 0.1011970043182373, 0.10198569297790527, 0.09946274757385254, 0.10126638412475586, 0.10621857643127441, 0.09586381912231445, 0.10041975975036621, 0.10324358940124512, 0.10266447067260742, 0.10198545455932617, 0.10057735443115234], 0.1361989974975586], [5.351856231689453, 0.21920180320739746, [0.1938784122467041, 0.29508042335510254, 0.1734025478363037, 0.16246676445007324, 0.16841769218444824, 0.1637117862701416, 0.1775038242340088, 0.1782238483428955, 0.1698307991027832, 0.18357014656066895, 0.18494653701782227, 0.1744074821472168, 0.1765296459197998, 0.16672420501708984, 0.22810053825378418, 0.3228757381439209], [0.024448156356811523, 0.0202486515045166, 0.013311147689819336, 0.013990163803100586, 0.013422250747680664, 0.013385772705078125, 0.013194799423217773, 0.01359105110168457, 0.013547897338867188, 0.013459444046020508, 0.013751506805419922, 0.013592720031738281, 0.013493061065673828, 0.01339864730834961, 0.013606548309326172, 0.013367176055908203], [0.11991071701049805, 0.10260224342346191, 0.0952143669128418, 0.10018181800842285, 0.09594941139221191, 0.10234498977661133, 0.1035773754119873, 0.10465359687805176, 0.0961616039276123, 0.1020667552947998, 0.10424256324768066, 0.10288572311401367, 0.10492992401123047, 0.10343098640441895, 0.10316634178161621, 0.10036253929138184], 0.1372971534729004], [5.2296483516693115, 0.2085435390472412, [0.18688464164733887, 0.2772786617279053, 0.1585850715637207, 0.15924525260925293, 0.16481828689575195, 0.1581592559814453, 0.168684720993042, 0.16325902938842773, 0.16953635215759277, 0.15470099449157715, 0.1671736240386963, 0.1674509048461914, 0.1604909896850586, 0.30975866317749023, 