{"shuffle_centroids_times": [[]], "map_iterdata_times": [0.22479653358459473], "map_queries_times": [[[11.625376462936401, 0.21939659118652344, [0.403184175491333, 0.3340461254119873, 0.31835055351257324, 0.31901979446411133, 0.31086230278015137, 0.30182766914367676, 0.5685694217681885, 0.5695972442626953, 0.6550672054290771, 0.5989413261413574, 0.6892306804656982, 0.5631687641143799, 0.6781783103942871, 0.5917401313781738, 0.5977873802185059, 0.6673858165740967], [0.046849966049194336, 0.04214835166931152, 0.024624347686767578, 0.02482295036315918, 0.024646759033203125, 0.025043725967407227, 0.025846481323242188, 0.024501323699951172, 0.02496933937072754, 0.024869441986083984, 0.0247344970703125, 0.025052785873413086, 0.025006771087646484, 0.024661779403686523, 0.02492976188659668, 0.024642229080200195], [0.29891324043273926, 0.16730070114135742, 0.15357375144958496, 0.15642213821411133, 0.1589641571044922, 0.16469097137451172, 0.16159677505493164, 0.16192173957824707, 0.15414929389953613, 0.1577320098876953, 0.16822099685668945, 0.1577301025390625, 0.17580914497375488, 0.15627002716064453, 0.16977763175964355, 0.1619265079498291], 0.07647299766540527], [11.463460683822632, 0.21764206886291504, [0.49552249908447266, 0.3257884979248047, 0.3071169853210449, 0.30087757110595703, 0.30138254165649414, 0.31381893157958984, 0.5893213748931885, 0.5704498291015625, 0.6621160507202148, 0.5902347564697266, 0.691497802734375, 0.499208927154541, 0.6027262210845947, 0.6785721778869629, 0.6063172817230225, 0.613255500793457], [0.045845985412597656, 0.04127788543701172, 0.024528980255126953, 0.024461984634399414, 0.024285554885864258, 0.024625301361083984, 0.024209022521972656, 0.024590730667114258, 0.024904251098632812, 0.024610519409179688, 0.024816036224365234, 0.02563619613647461, 0.024463415145874023, 0.024651050567626953, 0.024565935134887695, 0.024846315383911133], [0.16690635681152344, 0.15843415260314941, 0.15733957290649414, 0.1643235683441162, 0.15065622329711914, 0.15183138847351074, 0.15201473236083984, 0.15776753425598145, 0.15485572814941406, 0.1574079990386963, 0.2081136703491211, 0.16623497009277344, 0.15625429153442383, 0.1585381031036377, 0.15764331817626953, 0.16863322257995605], 0.07812786102294922], [11.773714780807495, 0.18730401992797852, [0.47905492782592773, 0.3527064323425293, 0.35654711723327637, 0.3651394844055176, 0.3552219867706299, 0.34428954124450684, 0.3282175064086914, 0.332625150680542, 0.37212204933166504, 0.37398648262023926, 0.47104597091674805, 0.4666299819946289, 0.5866608619689941, 0.5684401988983154, 0.46276021003723145, 0.5765390396118164], [0.030082225799560547, 0.024305343627929688, 0.013570785522460938, 0.013360261917114258, 0.013052701950073242, 0.01383066177368164, 0.01388239860534668, 0.013202190399169922, 0.013440847396850586, 0.013940811157226562, 0.014064311981201172, 0.01351475715637207, 0.013393640518188477, 0.013516902923583984, 0.01339268684387207, 0.013738155364990234], [0.27338075637817383, 0.2767059803009033, 0.27370738983154297, 0.2817206382751465, 0.28050661087036133, 0.27968263626098633, 0.2966437339782715, 0.2668876647949219, 0.27919936180114746, 0.2685537338256836, 0.32705092430114746, 0.2673494815826416, 0.27133750915527344, 0.28707146644592285, 0.2763805389404297, 0.2775447368621826], 0.06622767448425293], [11.887035369873047, 0.21964240074157715, [0.5244894027709961, 0.34770989418029785, 0.33013176918029785, 0.34650492668151855, 0.3419458866119385, 0.35469651222229004, 0.4944157600402832, 0.7675111293792725, 0.4536440372467041, 0.6513524055480957, 0.6429653167724609, 0.640286922454834, 0.6354146003723145, 0.618842363357544, 0.6453449726104736, 0.6488540172576904], [0.04670858383178711, 0.042203664779663086, 0.024922609329223633, 0.025505781173706055, 0.02564072608947754, 0.024758100509643555, 0.02540445327758789, 0.02469611167907715, 0.025170564651489258, 0.024644851684570312, 0.025292158126831055, 0.024681568145751953, 0.024792194366455078, 0.025199413299560547, 0.024739503860473633, 0.02582240104675293], [0.1729447841644287, 0.15696358680725098, 0.16671204566955566, 0.17119669914245605, 0.17075252532958984, 0.16202640533447266, 0.16814589500427246, 0.15585660934448242, 0.16075825691223145, 0.1626880168914795, 0.21930241584777832, 0.1663379669189453, 0.1716766357421875, 0.16299033164978027, 0.16629791259765625, 0.16823482513427734], 0.07997775077819824]]], "reduce_iterdata_times": [0.18612217903137207], "reduce_queries_times": [[0.1605973243713379]], "total_querying_times": [18.70456337928772],