{"shuffle_centroids_times": [0.027927875518798828], "map_iterdata_times": [0.1540989875793457], "create_map_data": [0.38100671768188477], "map_queries_times": [[[12.0542631149292, 0.05258965492248535, [0.8830201625823975, 1.123293399810791, 0.9824626445770264, 1.3849148750305176, 1.9703068733215332, 1.3897981643676758, 1.948655366897583, 1.6181964874267578], [0.0931844711303711, 0.056488990783691406, 0.03200554847717285, 0.03776288032531738, 0.05674886703491211, 0.03029155731201172, 0.03907299041748047, 0.03862714767456055], [0.019479036331176758, 0.042430877685546875, 0.02772665023803711, 0.04202580451965332, 0.07256150245666504, 0.009839534759521484, 0.040970802307128906, 0.051958560943603516], 0.009758949279785156], [12.137879848480225, 0.05068635940551758, [0.5376377105712891, 0.504880428314209, 1.1534712314605713, 2.1345536708831787, 1.4185755252838135, 1.6531548500061035, 1.7966346740722656, 2.1727850437164307], [0.06720328330993652, 0.05867958068847656, 0.07042098045349121, 0.09195160865783691, 0.04730653762817383, 0.05733013153076172, 0.06398844718933105, 0.07724642753601074], [0.020822763442993164, 0.02115631103515625, 0.01799917221069336, 0.024758338928222656, 0.021388769149780273, 0.023332834243774414, 0.02056884765625, 0.024565696716308594], 0.006691694259643555], [10.537582397460938, 0.06572151184082031, [0.779836893081665, 0.6299080848693848, 1.3725574016571045, 1.4447557926177979, 1.6685471534729004, 2.2596142292022705, 0.9217574596405029, 0.6618282794952393], [0.10101890563964844, 0.0794985294342041, 0.05363154411315918, 0.07891035079956055, 0.05996870994567871, 0.09190869331359863, 0.03681135177612305, 0.02852463722229004], [0.03162527084350586, 0.01801323890686035, 0.02927565574645996, 0.029923677444458008, 0.019827604293823242, 0.043552398681640625, 0.017534494400024414, 0.005148649215698242], 0.007774829864501953], [10.387018203735352, 0.04625582695007324, [0.743811845779419, 1.1895904541015625, 0.9356658458709717, 1.4001095294952393, 1.1518304347991943, 1.6389124393463135, 1.0511059761047363, 1.6204185485839844], [0.09287571907043457, 0.10342121124267578, 0.039311885833740234, 0.061045169830322266, 0.03832197189331055, 0.055174827575683594, 0.0323185920715332, 0.04812979698181152], [0.014566898345947266, 0.02886962890625, 0.013823986053466797, 0.021276473999023438, 0.01235508918762207, 0.027657508850097656, 0.005804300308227539, 0.008638858795166016], 0.005627632141113281]]], "map_execution": [15.144655466079712], "map_invoke": [[0.5013713836669922, 0.5659689903259277, 0.5712382793426514, 0.5286581516265869]], "create_reduce_data": [0.18775010108947754], "reduce_iterdata_times": [0.1853930950164795], "reduce_queries_times": [[0.11811041831970215]], "reduce_execution_times": [3.2704567909240723], "reduce_invoke": [[0.7281675338745117]], "divide_reduce_times": [4.0531158447265625e-05], "total_querying_times": [18.98391032218933], "recalls": [[100.0, 100.0, 100.0, 100.0, 100.0, 100.0, 100.0, 100.0, 90.0, 90.0, 100.0, 100.0, 100.0, 100.0, 100.0, 100.0, 70.0, 100.0, 100.0, 100.0, 100.0, 100.0, 100.0, 70.0, 90.0, 100.0, 100.0, 80.0, 90.0, 100.0, 90.0, 100.0, 100.0, 100.0, 100.0, 90.0, 100.0, 100.0, 100.0, 100.0, 100.0, 100.0, 100.0, 100.0, 100.0, 90.0, 100.0, 100.0, 100.0, 80.0, 90.0, 100.0, 100.0, 100.0, 90.0, 30.0, 100.0, 70.0, 100.0, 100.0, 100.0, 100.0, 100.0, 100.0, 100.0, 100.0, 100.0, 100.0, 100.0, 90.0, 90.0, 100.0, 100.0, 100.0, 90.0, 100.0, 100.0, 100.0, 100.0, 100.0, 90.0, 100.0, 100.0, 100.0, 90.0, 100.0, 100.0, 100.0, 100.0, 80.0, 100.0, 60.0, 100.0, 80.0, 100.0, 80.0, 100.0, 100.0, 100.0, 100.0, 100.0, 100.0, 100.0, 100.0, 100.0, 70.0, 100.0, 100.0, 50.0, 100.0, 90.0, 90.0, 90.0, 100.0, 100.0, 100.0, 100.0, 100.0, 100.0, 100.0, 100.0, 100.0, 100.0, 100.0, 90.0, 100.0, 90.0, 100.0, 70.0, 100.0, 90.0, 80.0, 100.0, 100.0, 60.0, 90.0, 100.0, 100.0, 100.0, 100.0, 100.0, 70.0, 100.0, 100.0, 100.0, 100.0, 100.0, 100.0, 70.0, 100.0, 100.0, 100.0, 100.0, 90.0, 90.0, 100.0, 100.0, 100.0, 100.0, 100.0, 100.0, 100.0, 100.0, 100.0, 100.0, 100.0, 100.0, 90.0, 90.0, 100.0, 100.0, 100.0, 100.0, 100.0, 100.0, 100.0, 100.0, 100.0, 100.0, 80.0, 100.0, 90.0, 90.0, 100.0, 100.0, 90.0, 100.0, 100.0, 90.0, 100.0, 100.0, 100.0, 100.0, 90.0, 100.0, 90.0, 100.0, 100.0, 100.0, 90.0, 100.0, 80.0, 90.0, 90.0, 100.0, 100.0, 100.0, 100.0, 90.0, 100.0, 100.0, 100.0, 80.0, 100.0, 100.0, 100.0, 100.0, 90.0, 100.0, 100.0, 90.0, 100.0, 100.0, 100.0, 100.0, 100.0, 100.0, 100.0, 100.0, 100.0, 100.0, 100.0, 100.0, 100.0, 100.0, 60.0, 90.0, 100.0, 90.0, 100.0, 100.0, 100.0, 100.0, 100.0, 100.0, 70.0, 100.0, 100.0, 100.0, 60.0, 100.0, 100.0, 90.0, 100.0, 100.0, 100.0, 100.0, 100.0, 100.0, 100.0, 100.0, 100.0, 100.0, 100.0, 100.0, 100.0, 100.0, 100.0, 90.0, 80.0, 100.0, 100.0, 100.0, 100.0, 100.0, 90.0, 100.0, 100.0, 100.0, 100.0, 100.0, 90.0, 90.0, 100.0, 90.0, 100.0, 90.0, 100.0, 100.0, 100.0, 100.0, 70.0, 100.0, 90.0, 100.0, 100.0, 100.0, 100.0, 100.0, 100.0, 100.0, 90.0, 100.0, 100.0, 100.0, 100.0, 100.0, 100.0, 100.0, 100.0, 60.0, 90.0, 100.0, 100.0, 100.0, 90.0, 90.0, 100.0, 100.0, 60.0, 100.0, 90.0, 100.0, 100.0, 100.0, 100.0, 100.0, 90.0, 100.0, 100.0, 100.0, 90.0, 100.0, 90.0, 100.0, 100.0, 90.0, 100.0, 100.0, 100.0, 100.0, 100.0, 100.0, 90.0, 100.0, 100.0, 100.0, 100.0, 90.0, 100.0, 90.0, 100.0, 100.0, 100.0, 100.0, 100.0, 100.0, 90.0, 100.0, 90.0, 100.0, 100.0, 100.0, 100.0, 100.0, 100.0, 100.0, 100.0, 100.0, 100.0, 90.0, 100.0, 100.0, 100.0, 100.0, 100.0, 100.0, 100.0, 100.0, 100.0, 90.0, 100.0, 100.0, 100.0, 100.0, 90.0, 90.0, 90.0, 100.0, 100.0, 100.0, 100.0, 100.0, 100.0, 100.0, 90.0, 100.0, 100.0, 100.0, 100.0, 90.0, 100.0, 100.0, 100.0, 100.0, 100.0, 90.0, 100.0, 100.0, 80.0, 100.0, 100.0, 90.0, 100.0, 100.0, 100.0, 100.0, 100.0, 100.0, 100.0, 100.0, 90.0, 100.0, 100.0, 100.0, 100.0, 90.0, 90.0, 100.0, 100.0, 100.0, 100.0, 90.0, 100.0, 100.0, 100.0, 100.0, 100.0, 80.0, 90.0, 100.0, 100.0, 70.0, 100.0, 100.0, 90.0, 100.0, 100.0, 100.0, 80.0, 100.0, 100.0, 100.0, 100.0, 100.0, 100.0, 100.0, 100.0, 100.0, 100.0, 100.0, 100.0, 100.0, 100.0, 100.0, 100.0, 100.0, 100.0, 100.0, 100.0, 100.0, 100.0, 100.0, 100.0, 100.0, 100.0, 100.0, 100.0, 100.0, 100.0, 100.0, 70.0, 100.0, 90.0, 100.0, 90.0, 100.0, 100.0, 100.0, 100.0, 100.0, 100.0, 100.0, 100.0, 100.0, 90.0, 100.0, 100.0, 100.0, 100.0]], "reduce_queries_times_mean": 0.11811041831970215, "total_querying_times_mean": 18.98391032218933, "recalls_mean": 96.52, "number_queries": 500, "params": {"dataset": "deep", "features": 96, "k_search": 10, "num_index": 32, "replication_threshold": 1.0, "num_centroids_search": 8, "k": 512, "kmeans_version": "unbalanced", "n_probe": 32, "query_batch_size": 8, "implementation": "centroids", "indexing_memory": 10240, "search_map_memory": 8192, "search_reduce_memory": 2048}}