{"shuffle_centroids_times": [0.02567267417907715], "map_iterdata_times": [0.1610574722290039], "create_map_data": [0.3820464611053467], "map_queries_times": [[[12.024904012680054, 0.045915842056274414, [0.7946426868438721, 0.9807662963867188, 1.1443467140197754, 1.3683414459228516, 2.0345048904418945, 1.2662978172302246, 2.0359318256378174, 1.59309983253479], [0.0924837589263916, 0.05577516555786133, 0.03357839584350586, 0.058114051818847656, 0.05707359313964844, 0.02960991859436035, 0.040430307388305664, 0.0379176139831543], [0.029294252395629883, 0.041773080825805664, 0.024138450622558594, 0.04883122444152832, 0.0868539810180664, 0.010731697082519531, 0.041153907775878906, 0.06230497360229492], 0.010899066925048828], [11.938145875930786, 0.04922032356262207, [0.5695741176605225, 0.4493870735168457, 1.1346321105957031, 2.0889172554016113, 1.2771406173706055, 1.6971161365509033, 1.7313957214355469, 2.2046284675598145], [0.07087588310241699, 0.0597078800201416, 0.07117104530334473, 0.09260344505310059, 0.04795527458190918, 0.05900096893310547, 0.06456565856933594, 0.07992839813232422], [0.027097225189208984, 0.020949125289916992, 0.019978046417236328, 0.02544569969177246, 0.023759841918945312, 0.02507472038269043, 0.020023584365844727, 0.021170616149902344], 0.0067288875579833984], [10.762210845947266, 0.052065372467041016, [0.7772808074951172, 0.5802721977233887, 1.5175056457519531, 1.4055213928222656, 1.7671992778778076, 2.35042142868042, 0.9963598251342773, 0.5977473258972168], [0.10168814659118652, 0.07853269577026367, 0.05382394790649414, 0.07830333709716797, 0.06060934066772461, 0.09093213081359863, 0.03647875785827637, 0.027541399002075195], [0.03180289268493652, 0.018323421478271484, 0.029093503952026367, 0.02489304542541504, 0.019314050674438477, 0.036277055740356445, 0.0171051025390625, 0.004717588424682617], 0.008296728134155273], [10.430918216705322, 0.05099916458129883, [0.6681046485900879, 1.2420563697814941, 1.0066778659820557, 1.4165747165679932, 1.1551270484924316, 1.6312203407287598, 1.0401475429534912, 1.6097362041473389], [0.09479761123657227, 0.10439896583557129, 0.03885769844055176, 0.060213565826416016, 0.0380403995513916, 0.05509209632873535, 0.03258490562438965, 0.04704904556274414], [0.01909947395324707, 0.03138899803161621, 0.01683664321899414, 0.017494916915893555, 0.012005090713500977, 0.023590564727783203, 0.006463050842285156, 0.0068242549896240234], 0.005446672439575195]]], "map_execution": [15.144483804702759], "map_invoke": [[0.4979116916656494, 0.5597991943359375, 0.5644581317901611, 0.5107321739196777]], "create_reduce_data": [0.16800332069396973], "reduce_iterdata_times": [0.16563749313354492], "reduce_queries_times": [[0.07352423667907715]], "reduce_execution_times": [3.293314218521118], "reduce_invoke": [[0.7564897537231445]], "divide_reduce_times": [5.817413330078125e-05], "total_querying_times": [18.98790693283081], "recalls": [[100.0, 100.0, 100.0, 100.0, 100.0, 100.0, 100.0, 100.0, 90.0, 90.0, 100.0, 100.0, 100.0, 100.0, 100.0, 100.0, 70.0, 100.0, 100.0, 100.0, 100.0, 100.0, 100.0, 70.0, 90.0, 100.0, 100.0, 80.0, 90.0, 100.0, 90.0, 100.0, 100.0, 100.0, 100.0, 90.0, 100.0, 100.0, 100.0, 100.0, 100.0, 100.0, 100.0, 100.0, 100.0, 90.0, 100.0, 100.0, 100.0, 80.0, 90.0, 100.0, 100.0, 100.0, 90.0, 30.0, 100.0, 70.0, 100.0, 100.0, 100.0, 100.0, 100.0, 100.0, 100.0, 100.0, 100.0, 100.0, 100.0, 90.0, 90.0, 100.0, 100.0, 100.0, 90.0, 100.0, 100.0, 100.0, 100.0, 100.0, 90.0, 100.0, 100.0, 100.0, 90.0, 100.0, 100.0, 100.0, 100.0, 80.0, 100.0, 60.0, 100.0, 80.0, 100.0, 80.0, 100.0, 100.0, 100.0, 100.0, 100.0, 100.0, 100.0, 100.0, 100.0, 70.0, 100.0, 100.0, 50.0, 100.0, 90.0, 90.0, 90.0, 100.0, 100.0, 100.0, 100.0, 100.0, 100.0, 100.0, 100.0, 100.0, 100.0, 100.0, 90.0, 100.0, 90.0, 100.0, 70.0, 100.0, 90.0, 80.0, 100.0, 100.0, 60.0, 90.0, 100.0, 100.0, 100.0, 100.0, 100.0, 70.0, 100.0, 100.0, 100.0, 100.0, 100.0, 100.0, 70.0, 100.0, 100.0, 100.0, 100.0, 90.0, 90.0, 100.0, 100.0, 100.0, 100.0, 100.0, 100.0, 100.0, 100.0, 100.0, 100.0, 100.0, 100.0, 90.0, 90.0, 100.0, 100.0, 100.0, 100.0, 100.0, 100.0, 100.0, 100.0, 100.0, 100.0, 80.0, 100.0, 90.0, 90.0, 100.0, 100.0, 90.0, 100.0, 100.0, 90.0, 100.0, 100.0, 100.0, 100.0, 90.0, 100.0, 90.0, 100.0, 100.0, 100.0, 90.0, 100.0, 80.0, 90.0, 90.0, 100.0, 100.0, 100.0, 100.0, 90.0, 100.0, 100.0, 100.0, 80.0, 100.0, 100.0, 100.0, 100.0, 90.0, 100.0, 100.0, 90.0, 100.0, 100.0, 100.0, 100.0, 100.0, 100.0, 100.0, 100.0, 100.0, 100.0, 100.0, 100.0, 100.0, 100.0, 60.0, 90.0, 100.0, 90.0, 100.0, 100.0, 100.0, 100.0, 100.0, 100.0, 70.0, 100.0, 100.0, 100.0, 60.0, 100.0, 100.0, 90.0, 100.0, 100.0, 100.0, 100.0, 100.0, 100.0, 100.0, 100.0, 100.0, 100.0, 100.0, 100.0, 100.0, 100.0, 100.0, 90.0, 80.0, 100.0, 100.0, 100.0, 100.0, 100.0, 90.0, 100.0, 100.0, 100.0, 100.0, 100.0, 90.0, 90.0, 100.0, 90.0, 100.0, 90.0, 100.0, 100.0, 100.0, 100.0, 70.0, 100.0, 90.0, 100.0, 100.0, 100.0, 100.0, 100.0, 100.0, 100.0, 90.0, 100.0, 100.0, 100.0, 100.0, 100.0, 100.0, 100.0, 100.0, 60.0, 90.0, 100.0, 100.0, 100.0, 90.0, 90.0, 100.0, 100.0, 60.0, 100.0, 90.0, 100.0, 100.0, 100.0, 100.0, 100.0, 90.0, 100.0, 100.0, 100.0, 90.0, 100.0, 90.0, 100.0, 100.0, 90.0, 100.0, 100.0, 100.0, 100.0, 100.0, 100.0, 90.0, 100.0, 100.0, 100.0, 100.0, 90.0, 100.0, 90.0, 100.0, 100.0, 100.0, 100.0, 100.0, 100.0, 90.0, 100.0, 90.0, 100.0, 100.0, 100.0, 100.0, 100.0, 100.0, 100.0, 100.0, 100.0, 100.0, 90.0, 100.0, 100.0, 100.0, 100.0, 100.0, 100.0, 100.0, 100.0, 100.0, 90.0, 100.0, 100.0, 100.0, 100.0, 90.0, 90.0, 90.0, 100.0, 100.0, 100.0, 100.0, 100.0, 100.0, 100.0, 90.0, 100.0, 100.0, 100.0, 100.0, 90.0, 100.0, 100.0, 100.0, 100.0, 100.0, 90.0, 100.0, 100.0, 80.0, 100.0, 100.0, 90.0, 100.0, 100.0, 100.0, 100.0, 100.0, 100.0, 100.0, 100.0, 90.0, 100.0, 100.0, 100.0, 100.0, 90.0, 90.0, 100.0, 100.0, 100.0, 100.0, 90.0, 100.0, 100.0, 100.0, 100.0, 100.0, 80.0, 90.0, 100.0, 100.0, 70.0, 100.0, 100.0, 90.0, 100.0, 100.0, 100.0, 80.0, 100.0, 100.0, 100.0, 100.0, 100.0, 100.0, 100.0, 100.0, 100.0, 100.0, 100.0, 100.0, 100.0, 100.0, 100.0, 100.0, 100.0, 100.0, 100.0, 100.0, 100.0, 100.0, 100.0, 100.0, 100.0, 100.0, 100.0, 100.0, 100.0, 100.0, 100.0, 70.0, 100.0, 90.0, 100.0, 90.0, 100.0, 100.0, 100.0, 100.0, 100.0, 100.0, 100.0, 100.0, 100.0, 90.0, 100.0, 100.0, 100.0, 100.0]], "reduce_queries_times_mean": 0.07352423667907715, "total_querying_times_mean": 18.98790693283081, "recalls_mean": 96.52, "number_queries": 500, "params": {"dataset": "deep", "features": 96, "k_search": 10, "num_index": 32, "replication_threshold": 1.0, "num_centroids_search": 8, "k": 512, "kmeans_version": "unbalanced", "n_probe": 32, "query_batch_size": 8, "implementation": "centroids", "indexing_memory": 10240, "search_map_memory": 8192, "search_reduce_memory": 2048}}