{"shuffle_centroids_times": [0.026302814483642578], "map_iterdata_times": [0.15369319915771484], "create_map_data": [0.3847646713256836], "map_queries_times": [[[12.033220291137695, 0.04642438888549805, [0.8284468650817871, 0.9274892807006836, 1.1751179695129395, 1.3108603954315186, 2.104010820388794, 1.2170720100402832, 2.083948850631714, 1.5424025058746338], [0.11782431602478027, 0.07014775276184082, 0.042099714279174805, 0.050652265548706055, 0.07642388343811035, 0.042215824127197266, 0.0567631721496582, 0.052881479263305664], [0.021257638931274414, 0.03522157669067383, 0.027523279190063477, 0.03597569465637207, 0.06176567077636719, 0.010892629623413086, 0.03604292869567871, 0.050057411193847656], 0.009615659713745117], [12.091209411621094, 0.04876375198364258, [0.47658324241638184, 0.39517688751220703, 1.351531744003296, 2.163607120513916, 1.367401123046875, 1.6913909912109375, 1.8113911151885986, 2.1914331912994385], [0.050942182540893555, 0.04475879669189453, 0.05113959312438965, 0.06580781936645508, 0.033082008361816406, 0.04022216796875, 0.04531407356262207, 0.05451250076293945], [0.03030681610107422, 0.024280548095703125, 0.017856359481811523, 0.03202033042907715, 0.02187180519104004, 0.027187347412109375, 0.01941227912902832, 0.02947235107421875], 0.005655050277709961], [10.877468824386597, 0.06501626968383789, [0.8083384037017822, 0.6224143505096436, 1.530087947845459, 1.4241440296173096, 1.7578909397125244, 2.2669472694396973, 0.9736080169677734, 0.7004494667053223], [0.10102438926696777, 0.07901406288146973, 0.05396556854248047, 0.07823061943054199, 0.060462236404418945, 0.09083795547485352, 0.036717891693115234, 0.028266429901123047], [0.03458714485168457, 0.017673015594482422, 0.0315093994140625, 0.028662919998168945, 0.019192218780517578, 0.0385587215423584, 0.017554283142089844, 0.004846096038818359], 0.007369279861450195], [10.504923582077026, 0.036692142486572266, [0.7428812980651855, 1.2148866653442383, 0.983905553817749, 1.403412103652954, 1.1853008270263672, 1.6371049880981445, 1.0454535484313965, 1.6180932521820068], [0.09921479225158691, 0.10916948318481445, 0.04094243049621582, 0.06281614303588867, 0.03919410705566406, 0.05674242973327637, 0.03309345245361328, 0.048029422760009766], [0.01876521110534668, 0.029396533966064453, 0.01730966567993164, 0.0211334228515625, 0.012216567993164062, 0.02845168113708496, 0.006440401077270508, 0.008279561996459961], 0.0058994293212890625]]], "map_execution": [16.14030694961548], "map_invoke": [[0.5469532012939453, 0.49648237228393555, 0.5960249900817871, 0.5560505390167236]], "create_reduce_data": [0.15726900100708008], "reduce_iterdata_times": [0.15518760681152344], "reduce_queries_times": [[0.05322909355163574]], "reduce_execution_times": [3.335780143737793], "reduce_invoke": [[0.8043575286865234]], "divide_reduce_times": [4.506111145019531e-05], "total_querying_times": [20.018166542053223], "recalls": [[100.0, 100.0, 100.0, 100.0, 100.0, 100.0, 100.0, 100.0, 90.0, 90.0, 100.0, 100.0, 100.0, 100.0, 100.0, 100.0, 70.0, 100.0, 100.0, 100.0, 100.0, 100.0, 100.0, 70.0, 90.0, 100.0, 100.0, 80.0, 90.0, 100.0, 90.0, 100.0, 100.0, 100.0, 100.0, 90.0, 100.0, 100.0, 100.0, 100.0, 100.0, 100.0, 100.0, 100.0, 100.0, 90.0, 100.0, 100.0, 100.0, 80.0, 90.0, 100.0, 100.0, 100.0, 90.0, 30.0, 100.0, 70.0, 100.0, 100.0, 100.0, 100.0, 100.0, 100.0, 100.0, 100.0, 100.0, 100.0, 100.0, 90.0, 90.0, 100.0, 100.0, 100.0, 90.0, 100.0, 100.0, 100.0, 100.0, 100.0, 90.0, 100.0, 100.0, 100.0, 90.0, 100.0, 100.0, 100.0, 100.0, 80.0, 100.0, 60.0, 100.0, 80.0, 100.0, 80.0, 100.0, 100.0, 100.0, 100.0, 100.0, 100.0, 100.0, 100.0, 100.0, 70.0, 100.0, 100.0, 50.0, 100.0, 90.0, 90.0, 90.0, 100.0, 100.0, 100.0, 100.0, 100.0, 100.0, 100.0, 100.0, 100.0, 100.0, 100.0, 90.0, 100.0, 90.0, 100.0, 70.0, 100.0, 90.0, 80.0, 100.0, 100.0, 60.0, 90.0, 100.0, 100.0, 100.0, 100.0, 100.0, 70.0, 100.0, 100.0, 100.0, 100.0, 100.0, 100.0, 70.0, 100.0, 100.0, 100.0, 100.0, 90.0, 90.0, 100.0, 100.0, 100.0, 100.0, 100.0, 100.0, 100.0, 100.0, 100.0, 100.0, 100.0, 100.0, 90.0, 90.0, 100.0, 100.0, 100.0, 100.0, 100.0, 100.0, 100.0, 100.0, 100.0, 100.0, 80.0, 100.0, 90.0, 90.0, 100.0, 100.0, 90.0, 100.0, 100.0, 90.0, 100.0, 100.0, 100.0, 100.0, 90.0, 100.0, 90.0, 100.0, 100.0, 100.0, 90.0, 100.0, 80.0, 90.0, 90.0, 100.0, 100.0, 100.0, 100.0, 90.0, 100.0, 100.0, 100.0, 80.0, 100.0, 100.0, 100.0, 100.0, 90.0, 100.0, 100.0, 90.0, 100.0, 100.0, 100.0, 100.0, 100.0, 100.0, 100.0, 100.0, 100.0, 100.0, 100.0, 100.0, 100.0, 100.0, 60.0, 90.0, 100.0, 90.0, 100.0, 100.0, 100.0, 100.0, 100.0, 100.0, 70.0, 100.0, 100.0, 100.0, 60.0, 100.0, 100.0, 90.0, 100.0, 100.0, 100.0, 100.0, 100.0, 100.0, 100.0, 100.0, 100.0, 100.0, 100.0, 100.0, 100.0, 100.0, 100.0, 90.0, 80.0, 100.0, 100.0, 100.0, 100.0, 100.0, 90.0, 100.0, 100.0, 100.0, 100.0, 100.0, 90.0, 90.0, 100.0, 90.0, 100.0, 90.0, 100.0, 100.0, 100.0, 100.0, 70.0, 100.0, 90.0, 100.0, 100.0, 100.0, 100.0, 100.0, 100.0, 100.0, 90.0, 100.0, 100.0, 100.0, 100.0, 100.0, 100.0, 100.0, 100.0, 60.0, 90.0, 100.0, 100.0, 100.0, 90.0, 90.0, 100.0, 100.0, 60.0, 100.0, 90.0, 100.0, 100.0, 100.0, 100.0, 100.0, 90.0, 100.0, 100.0, 100.0, 90.0, 100.0, 90.0, 100.0, 100.0, 90.0, 100.0, 100.0, 100.0, 100.0, 100.0, 100.0, 90.0, 100.0, 100.0, 100.0, 100.0, 90.0, 100.0, 90.0, 100.0, 100.0, 100.0, 100.0, 100.0, 100.0, 90.0, 100.0, 90.0, 100.0, 100.0, 100.0, 100.0, 100.0, 100.0, 100.0, 100.0, 100.0, 100.0, 90.0, 100.0, 100.0, 100.0, 100.0, 100.0, 100.0, 100.0, 100.0, 100.0, 90.0, 100.0, 100.0, 100.0, 100.0, 90.0, 90.0, 90.0, 100.0, 100.0, 100.0, 100.0, 100.0, 100.0, 100.0, 90.0, 100.0, 100.0, 100.0, 100.0, 90.0, 100.0, 100.0, 100.0, 100.0, 100.0, 90.0, 100.0, 100.0, 80.0, 100.0, 100.0, 90.0, 100.0, 100.0, 100.0, 100.0, 100.0, 100.0, 100.0, 100.0, 90.0, 100.0, 100.0, 100.0, 100.0, 90.0, 90.0, 100.0, 100.0, 100.0, 100.0, 90.0, 100.0, 100.0, 100.0, 100.0, 100.0, 80.0, 90.0, 100.0, 100.0, 70.0, 100.0, 100.0, 90.0, 100.0, 100.0, 100.0, 80.0, 100.0, 100.0, 100.0, 100.0, 100.0, 100.0, 100.0, 100.0, 100.0, 100.0, 100.0, 100.0, 100.0, 100.0, 100.0, 100.0, 100.0, 100.0, 100.0, 100.0, 100.0, 100.0, 100.0, 100.0, 100.0, 100.0, 100.0, 100.0, 100.0, 100.0, 100.0, 70.0, 100.0, 90.0, 100.0, 90.0, 100.0, 100.0, 100.0, 100.0, 100.0, 100.0, 100.0, 100.0, 100.0, 90.0, 100.0, 100.0, 100.0, 100.0]], "reduce_queries_times_mean": 0.05322909355163574, "total_querying_times_mean": 20.018166542053223, "recalls_mean": 96.52, "number_queries": 500, "params": {"dataset": "deep", "features": 96, "k_search": 10, "num_index": 32, "replication_threshold": 1.0, "num_centroids_search": 8, "k": 512, "kmeans_version": "unbalanced", "n_probe": 32, "query_batch_size": 8, "implementation": "centroids", "indexing_memory": 10240, "search_map_memory": 8192, "search_reduce_memory": 2048}}