{"shuffle_centroids_times": [[]], "map_iterdata_times": [[]], "create_map_data": [0.09829354286193848], "map_queries_times": [[[17.280208349227905, 0.0691227912902832, [0.18628835678100586, 0.15401268005371094, 0.15074372291564941, 0.14717650413513184, 0.1545708179473877, 0.14641308784484863, 0.16578292846679688, 0.2932586669921875, 0.3896033763885498, 0.3888852596282959, 0.3904259204864502, 0.4858829975128174, 0.38759326934814453, 0.38678789138793945, 0.39014315605163574, 0.3932762145996094, 0.4364664554595947, 0.3890061378479004, 0.3958461284637451, 0.400007963180542, 0.49042415618896484, 0.385392427444458, 0.38503098487854004, 0.39733076095581055, 0.3957793712615967, 0.39124631881713867, 0.3964407444000244, 0.4870593547821045, 0.3798224925994873, 0.38836240768432617, 0.3935885429382324, 0.3921499252319336], [0.021120309829711914, 0.01254892349243164, 0.012309789657592773, 0.012258529663085938, 0.012257814407348633, 0.01234579086303711, 0.012427091598510742, 0.012577056884765625, 0.012464761734008789, 0.012314081192016602, 0.013274431228637695, 0.01221156120300293, 0.012312650680541992, 0.012418508529663086, 0.012314081192016602, 0.012517452239990234, 0.01251840591430664, 0.012475013732910156, 0.012375593185424805, 0.012374639511108398, 0.012722015380859375, 0.012516498565673828, 0.012361526489257812, 0.01263427734375, 0.012636899948120117, 0.012429237365722656, 0.01416015625, 0.012438774108886719, 0.012336492538452148, 0.012270689010620117, 0.012328386306762695, 0.012373208999633789], [0.10328555107116699, 0.09250783920288086, 0.08523249626159668, 0.0921926498413086, 0.09615302085876465, 0.09101724624633789, 0.09964418411254883, 0.09823226928710938, 0.0882108211517334, 0.08315682411193848, 0.09477591514587402, 0.0877230167388916, 0.09320473670959473, 0.0927736759185791, 0.09812784194946289, 0.09421849250793457, 0.10328459739685059, 0.09280872344970703, 0.0977473258972168, 0.09009027481079102, 0.0989084243774414, 0.1045217514038086, 0.09567737579345703, 0.09613919258117676, 0.10473489761352539, 0.10281038284301758, 0.09859323501586914, 0.09230947494506836, 0.09215688705444336, 0.09273004531860352, 0.08945965766906738, 0.10470032691955566], 0.5579402446746826], [18.843752145767212, 0.06186628341674805, [0.18274712562561035, 0.16569018363952637, 0.1664595603942871, 0.16074609756469727, 0.14948749542236328, 0.14930105209350586, 0.15200233459472656, 0.2259683609008789, 0.43306636810302734, 0.4321422576904297, 0.43571949005126953, 0.42508649826049805, 0.32583165168762207, 0.43114709854125977, 0.42977261543273926, 0.43179917335510254, 0.4284706115722656, 0.4273693561553955, 0.3275911808013916, 0.4243738651275635, 0.43343520164489746, 0.43042588233947754, 0.4450216293334961, 0.33170056343078613, 0.4262664318084717, 0.4367215633392334, 0.42240405082702637, 0.42739057540893555, 0.5708658695220947, 0.22850894927978516, 0.42996907234191895, 0.3383207321166992], [0.013160943984985352, 0.007320880889892578, 0.007448673248291016, 0.0075113773345947266, 0.007461071014404297, 0.00778961181640625, 0.007300376892089844, 0.007238626480102539, 0.007066011428833008, 0.0073015689849853516, 0.007590055465698242, 0.007380485534667969, 0.0072329044342041016, 0.0069446563720703125, 0.007055521011352539, 0.007101297378540039, 0.007198333740234375, 0.007170915603637695, 0.0071468353271484375, 0.007364511489868164, 0.007302284240722656, 0.007238864898681641, 0.007149219512939453, 0.007063627243041992, 0.007224321365356445, 0.007287263870239258, 0.007157087326049805, 0.007029294967651367, 0.007099628448486328, 0.007174253463745117, 0.0069696903228759766, 0.0071582794189453125], [0.15306782722473145, 0.15983986854553223, 0.14470243453979492, 0.1511073112487793, 0.14409184455871582, 0.1653287410736084, 0.14386796951293945, 0.1565859317779541, 0.13352751731872559, 0.15475797653198242, 0.15092086791992188, 0.16304969787597656, 0.1312847137451172, 0.13626861572265625, 0.13161659240722656, 0.1474921703338623, 0.14113235473632812, 0.15013813972473145, 0.14300036430358887, 0.15968012809753418, 0.14194655418395996, 0.14690113067626953, 0.14476847648620605, 0.14095520973205566, 0.16563725471496582, 0.14409947395324707, 0.15878963470458984, 0.13311433792114258, 0.14009499549865723, 0.14300942420959473, 0.13158822059631348, 0.15055441856384277], 0.5510754585266113], [18.1699800491333, 0.05895638465881348, [0.17246222496032715, 0.23196959495544434, 0.13819527626037598, 0.13184571266174316, 0.1466374397277832, 0.15308094024658203, 0.13827800750732422, 0.3029904365539551, 0.3893294334411621, 0.32521700859069824, 0.4956350326538086, 0.3921828269958496, 0.394437313079834, 0.38864660263061523, 0.3866889476776123, 0.39159250259399414, 0.3958547115325928, 0.4211390018463135, 0.40792274475097656, 0.3934347629547119, 0.3965775966644287, 0.39774370193481445, 0.40002989768981934, 0.39583492279052734, 0.3916919231414795, 0.39938807487487793, 0.4013197422027588, 0.48649144172668457, 0.31556153297424316, 0.4900782108306885, 0.5227186679840088, 0.21771812438964844], [0.012739419937133789, 0.0073375701904296875, 0.007205486297607422, 0.007107257843017578, 0.007369279861450195, 0.0075397491455078125, 0.0072612762451171875, 0.007261991500854492, 0.006951332092285156, 0.007048606872558594, 0.007028818130493164, 0.0071032047271728516, 0.0072383880615234375, 0.007081747055053711, 0.007227182388305664, 0.007090568542480469, 0.007084846496582031, 0.007131814956665039, 0.007440090179443359, 0.007378101348876953, 0.007141590118408203, 0.007014036178588867, 0.007325649261474609, 0.007202625274658203, 0.0071370601654052734, 0.007193565368652344, 0.007241964340209961, 0.007006645202636719, 0.0070421695709228516, 0.007215976715087891, 0.007208585739135742, 0.00714421272277832], [0.1610274314880371, 0.1342010498046875, 0.12790942192077637, 0.1406869888305664, 0.1420450210571289, 0.13074231147766113, 0.1496138572692871, 0.1350269317626953, 0.13417458534240723, 0.12212371826171875, 0.13123011589050293, 0.13798928260803223, 0.14134526252746582, 0.13074159622192383, 0.13711071014404297, 0.1287376880645752, 0.12133121490478516, 0.14831972122192383, 0.1290757656097412, 0.13407158851623535, 0.1342461109161377, 0.12347149848937988, 0.13331866264343262, 0.12599635124206543, 0.13384437561035156, 0.13539576530456543, 0.12743282318115234, 0.13607239723205566, 0.1346273422241211, 0.1330716609954834, 0.12503457069396973, 0.13036274909973145], 0.5653536319732666], [17.341835498809814, 0.0588076114654541, [0.1541762351989746, 0.1542363166809082, 0.15133142471313477, 0.15397930145263672, 0.14185214042663574, 0.1455678939819336, 0.1371626853942871, 0.3873758316040039, 0.3864011764526367, 0.4035167694091797, 0.39539456367492676, 0.40546345710754395, 0.405606746673584, 0.490811824798584, 0.38471126556396484, 0.39296913146972656, 0.42501115798950195, 0.3934059143066406, 0.4025003910064697, 0.39655637741088867, 0.40468311309814453, 0.48359131813049316, 0.39049458503723145, 0.3938875198364258, 0.3941020965576172, 0.39659643173217773, 0.48359179496765137, 0.38682007789611816, 0.456787109375, 0.38902974128723145, 0.4000215530395508, 0.3883247375488281], [0.016777992248535156, 0.008914947509765625, 0.009079217910766602, 0.00893402099609375, 0.009281635284423828, 0.008685827255249023, 0.008949995040893555, 0.00855398178100586, 0.008843183517456055, 0.008790016174316406, 0.009000301361083984, 0.008810997009277344, 0.008745431900024414, 0.008596181869506836, 0.008762121200561523, 0.008898258209228516, 0.00909876823425293, 0.00910043716430664, 0.008743524551391602, 0.009149551391601562, 0.008965015411376953, 0.008962154388427734, 0.008692502975463867, 0.008733034133911133, 0.008741378784179688, 0.009083271026611328, 0.008643150329589844, 0.008720874786376953, 0.008821725845336914, 0.008952617645263672, 0.008562088012695312, 0.00866389274597168], [0.10196709632873535, 0.10152077674865723, 0.10047364234924316, 0.10210824012756348, 0.10675978660583496, 0.10852766036987305, 0.10541248321533203, 0.10574483871459961, 0.10410070419311523, 