{"shuffle_centroids_times": [[]], "map_iterdata_times": [[]], "create_map_data": [0.12215876579284668], "map_queries_times": [[[18.51181125640869, 0.06746697425842285, [0.17601847648620605, 0.1436786651611328, 0.15538477897644043, 0.15441679954528809, 0.15394139289855957, 0.14687681198120117, 0.1413877010345459, 0.28981852531433105, 0.39062070846557617, 0.397172212600708, 0.38895297050476074, 0.3966951370239258, 0.3852512836456299, 0.3920466899871826, 0.39481663703918457, 0.3881855010986328, 0.3973579406738281, 0.3929939270019531, 0.4781830310821533, 0.38617753982543945, 0.39096570014953613, 0.3862879276275635, 0.3853006362915039, 0.40550827980041504, 0.38321495056152344, 0.3878970146179199, 0.3838231563568115, 0.3928036689758301, 0.3911764621734619, 0.4756312370300293, 0.3981926441192627, 0.38111305236816406], [0.013094663619995117, 0.00819540023803711, 0.007140159606933594, 0.008261680603027344, 0.007576704025268555, 0.007266044616699219, 0.0072557926177978516, 0.007114887237548828, 0.006927967071533203, 0.007168769836425781, 0.007194995880126953, 0.00713038444519043, 0.00705409049987793, 0.006931304931640625, 0.007090330123901367, 0.007169961929321289, 0.007292747497558594, 0.00698542594909668, 0.006940603256225586, 0.0069310665130615234, 0.0071642398834228516, 0.007277250289916992, 0.010671377182006836, 0.007244586944580078, 0.007070064544677734, 0.007002353668212891, 0.006867170333862305, 0.006970643997192383, 0.0069103240966796875, 0.007104158401489258, 0.007023811340332031, 0.007298707962036133], [0.1530616283416748, 0.14856863021850586, 0.14128398895263672, 0.1338038444519043, 0.15410208702087402, 0.16157793998718262, 0.14705634117126465, 0.13846421241760254, 0.13037323951721191, 0.1336512565612793, 0.1351330280303955, 0.13147258758544922, 0.13531875610351562, 0.1443932056427002, 0.14034104347229004, 0.16050958633422852, 0.14865350723266602, 0.1398773193359375, 0.15223121643066406, 0.13070368766784668, 0.14748120307922363, 0.15273094177246094, 0.16671395301818848, 0.16573810577392578, 0.14514732360839844, 0.14077544212341309, 0.14078283309936523, 0.13936471939086914, 0.14026927947998047, 0.1339106559753418, 0.13678526878356934, 0.1436305046081543], 0.5503103733062744], [17.050576210021973, 0.13735699653625488, [0.1599123477935791, 0.16062617301940918, 0.1460883617401123, 0.14637160301208496, 0.13882040977478027, 0.14535951614379883, 0.14405035972595215, 0.3789238929748535, 0.3959784507751465, 0.3987894058227539, 0.4007885456085205, 0.4773120880126953, 0.3837463855743408, 0.3953397274017334, 0.38961124420166016, 0.47757887840270996, 0.3886754512786865, 0.3855400085449219, 0.3905196189880371, 0.39512109756469727, 0.39465856552124023, 0.4850783348083496, 0.386319637298584, 0.3981966972351074, 0.39243173599243164, 0.39261460304260254, 0.4009544849395752, 0.4841599464416504, 0.38294291496276855, 0.3882923126220703, 0.39212894439697266, 0.38652586936950684], [0.016507863998413086, 0.008428812026977539, 0.008213043212890625, 0.008352279663085938, 0.008412599563598633, 0.008476018905639648, 0.008707046508789062, 0.008594989776611328, 0.008472442626953125, 0.008358478546142578, 0.008550643920898438, 0.008405447006225586, 0.008530139923095703, 0.008403778076171875, 0.00877690315246582, 0.008399248123168945, 0.008806467056274414, 0.008944034576416016, 0.008580446243286133, 0.008354425430297852, 0.008985280990600586, 0.008599519729614258, 0.008596420288085938, 0.008765697479248047, 0.008702754974365234, 0.00862741470336914, 0.008629322052001953, 0.008617639541625977, 0.008860349655151367, 0.008842945098876953, 0.009281396865844727, 0.009134769439697266], [0.09224295616149902, 0.09559297561645508, 0.08908987045288086, 0.09334182739257812, 0.09325885772705078, 0.09268784523010254, 0.09415483474731445, 0.10417604446411133, 0.0899515151977539, 0.09378838539123535, 0.09121012687683105, 0.10076379776000977, 0.09585022926330566, 0.08863377571105957, 0.08832836151123047, 0.09910321235656738, 0.10106968879699707, 0.1044168472290039, 0.10388064384460449, 0.10130143165588379, 0.09153103828430176, 0.09175753593444824, 0.10699725151062012, 0.10196137428283691, 0.09586358070373535, 0.09158444404602051, 0.08963394165039062, 0.10532975196838379, 0.11237525939941406, 0.10145831108093262, 0.09632134437561035, 0.10124754905700684], 0.5204589366912842], [18.27713179588318, 0.06132912635803223, [0.16335129737854004, 0.15704107284545898, 0.15464043617248535, 0.15390348434448242, 0.15560030937194824, 0.16173076629638672, 0.14615511894226074, 0.3123791217803955, 0.4014163017272949, 0.4014101028442383, 0.40874385833740234, 0.40654444694519043, 0.3663620948791504, 0.40761876106262207, 0.40549492835998535, 0.4036219120025635, 0.40759873390197754, 0.40204715728759766, 0.40723323822021484, 0.40705418586730957, 0.41012096405029297, 0.40057802200317383, 0.4070701599121094, 0.4104881286621094, 0.4048020839691162, 0.4119710922241211, 0.4049668312072754, 0.40456700325012207, 0.4099860191345215, 0.41005969047546387, 0.4114716053009033, 0.41200733184814453], [0.01262521743774414, 0.0074269771575927734, 0.007184267044067383, 0.00722956657409668, 0.007065773010253906, 0.007268190383911133, 0.006769895553588867, 0.0069561004638671875, 0.007021903991699219, 0.007122993469238281, 0.007023334503173828, 0.0072171688079833984, 0.006942272186279297, 0.006932497024536133, 0.007028102874755859, 0.006921052932739258, 0.006988048553466797, 0.006975412368774414, 0.007073879241943359, 0.007070064544677734, 0.008619308471679688, 0.006959199905395508, 0.0070264339447021484, 0.007387638092041016, 0.006960630416870117, 0.006917715072631836, 0.006963014602661133, 0.0069789886474609375, 0.007080793380737305, 0.006949186325073242, 0.007007598876953125, 0.006924629211425781], [0.1576547622680664, 0.1362314224243164, 0.1425762176513672, 0.14384198188781738, 0.13130855560302734, 0.12802934646606445, 0.13037109375, 0.12045669555664062, 0.13939523696899414, 0.14413833618164062, 0.14152193069458008, 0.13327240943908691, 0.13355350494384766, 0.12236905097961426, 0.13112974166870117, 0.12528586387634277, 0.12766170501708984, 0.13221263885498047, 0.13469886779785156, 0.14219093322753906, 0.14109253883361816, 0.13726496696472168, 0.12978649139404297, 0.13806676864624023, 0.14225172996520996, 0.1311936378479004, 0.13625073432922363, 0.14246010780334473, 0.14090180397033691, 0.13911128044128418, 0.1323103904724121, 0.12084531784057617], 0.559903621673584], [17.055113792419434, 0.15467357635498047, [0.15724992752075195, 0.14619183540344238, 0.14106130599975586, 0.13838434219360352, 0.14462685585021973, 0.1466829776763916, 0.14452886581420898, 0.2990851402282715, 0.38580775260925293, 0.3834681510925293, 0.38883137702941895, 0.39106106758117676, 0.48296427726745605, 0.39441752433776855, 0.3888535499572754, 0.39304399490356445, 0.3897216320037842, 0.3915059566497803, 0.4850897789001465, 0.38616037368774414, 0.4089934825897217, 0.3860955238342285, 0.39101624488830566, 0.38918423652648926, 0.4055144786834717, 0.4023246765136719, 0.48151278495788574, 0.38381028175354004, 0.3885786533355713, 0.392078161239624, 0.39394617080688477, 0.3954355716705322], [0.02109837532043457, 0.012206315994262695, 0.012431859970092773, 0.012069940567016602, 0.012289285659790039, 0.012302398681640625, 0.012130498886108398, 0.012210845947265625, 0.0121612548828125, 0.012188434600830078, 0.012109041213989258, 0.012215375900268555, 0.012071847915649414, 0.012296676635742188, 0.012080669403076172, 0.012077569961547852, 0.012099027633666992, 0.012165546417236328, 0.012124300003051758, 0.012205123901367188, 0.01216888427734375, 0.01220393180847168, 0.012147188186645508, 0.012169599533081055, 0.012125730514526367, 0.012059450149536133, 0.011918783187866211, 0.01367497444152832, 0.012337923049926758, 0.012200117111206055, 0.012180328369140625, 0.01188969612121582], [0.09050846099853516, 0.09198474884033203, 0.09534955024719238, 0.08798503875732422, 0.09116005897521973, 0.09200215339660645, 0.08915257453918457, 0.09003472328186035, 0.09481310844421387, 