{"shuffle_centroids_times": [0.3579392433166504], "map_iterdata_times": [1.5083866119384766], "create_map_data": [1.9187133312225342], "map_queries_times": [[[20.144017457962036, 1.3438904285430908, [0.22283291816711426, 0.19949030876159668, 0.1740717887878418, 0.15654253959655762, 0.21327519416809082, 0.15443158149719238, 0.1241755485534668, 0.28933119773864746, 0.38849830627441406, 0.2775137424468994, 0.27272963523864746, 0.49120616912841797, 0.4804379940032959, 0.5003445148468018, 0.7186319828033447, 0.28386735916137695, 0.3877418041229248, 0.17630982398986816, 0.3856804370880127, 0.5217127799987793, 0.4014856815338135, 0.505570650100708, 0.2906961441040039, 0.5061626434326172, 0.5143768787384033, 0.39963388442993164, 0.3931000232696533, 0.4316096305847168, 0.38721752166748047, 0.5133178234100342, 0.39713263511657715, 0.38631606101989746], [0.03188776969909668, 0.016944169998168945, 0.014335155487060547, 0.013489007949829102, 0.020504236221313477, 0.01208043098449707, 0.011102914810180664, 0.010939598083496094, 0.012485265731811523, 0.008661746978759766, 0.007537126541137695, 0.015022516250610352, 0.013253927230834961, 0.016182899475097656, 0.021976947784423828, 0.009430408477783203, 0.011733055114746094, 0.005692243576049805, 0.010299444198608398, 0.016757965087890625, 0.010942697525024414, 0.014807701110839844, 0.008455276489257812, 0.016231536865234375, 0.016338109970092773, 0.011908531188964844, 0.011376142501831055, 0.014755010604858398, 0.009630918502807617, 0.016904115676879883, 0.010672330856323242, 0.01063990592956543], [0.032946109771728516, 0.05091071128845215, 0.03090190887451172, 0.08503198623657227, 0.026410579681396484, 0.0403447151184082, 0.07745981216430664, 0.038468122482299805, 0.06554722785949707, 0.07605695724487305, 0.03727865219116211, 0.10036802291870117, 0.06120014190673828, 0.09200024604797363, 0.029858112335205078, 0.06201958656311035, 0.0645294189453125, 0.015950441360473633, 0.08876180648803711, 0.1426849365234375, 0.09351205825805664, 0.1242516040802002, 0.029608488082885742, 0.03796100616455078, 0.06822991371154785, 0.05303597450256348, 0.07029247283935547, 0.11413288116455078, 0.0667426586151123, 0.11391162872314453, 0.08616232872009277, 0.05932927131652832], 0.3970925807952881], [17.155534029006958, 0.8871870040893555, [0.11940646171569824, 0.10326409339904785, 0.1025841236114502, 0.1341547966003418, 0.12008309364318848, 0.1345515251159668, 0.14812397956848145, 0.16176819801330566, 0.1150064468383789, 0.10367083549499512, 0.2985191345214844, 0.7425005435943604, 0.3830292224884033, 0.6127758026123047, 0.3873770236968994, 0.3839108943939209, 0.3843696117401123, 0.488666296005249, 0.2776460647583008, 0.27611351013183594, 0.3787822723388672, 0.3859407901763916, 0.39238667488098145, 0.596541166305542, 0.6001114845275879, 0.4989433288574219, 0.39358067512512207, 0.49537229537963867, 0.6017909049987793, 0.521679162979126, 0.4906949996948242, 0.6044998168945312], [0.01122903823852539, 0.0058858394622802734, 0.0037114620208740234, 0.008135557174682617, 0.009111881256103516, 0.008211851119995117, 0.009855985641479492, 0.00965571403503418, 0.007682323455810547, 0.006869077682495117, 0.009188175201416016, 0.022367477416992188, 0.008362293243408203, 0.017290115356445312, 0.008251190185546875, 0.007472038269042969, 0.008840560913085938, 0.009827852249145508, 0.006601572036743164, 0.005936622619628906, 0.008102655410766602, 0.008569478988647461, 0.008047342300415039, 0.013135910034179688, 0.012198686599731445, 0.010907888412475586, 0.008699893951416016, 0.00981450080871582, 0.011401176452636719, 0.011640310287475586, 0.010252237319946289, 0.012878894805908203], [0.029477596282958984, 0.042749881744384766, 0.006847381591796875, 0.03395223617553711, 0.057157278060913086, 0.02125716209411621, 0.03391265869140625, 0.047952890396118164, 0.025121212005615234, 0.07231569290161133, 0.04678750038146973, 0.0428617000579834, 0.02904343605041504, 0.03539681434631348, 0.025896787643432617, 0.05078244209289551, 0.04161691665649414, 0.04338955879211426, 0.026628494262695312, 0.036245107650756836, 0.09685873985290527, 0.055609703063964844, 0.043209075927734375, 0.03025197982788086, 0.04954242706298828, 0.07649850845336914, 0.03978466987609863, 0.030930519104003906, 0.07475519180297852, 0.09723353385925293, 0.06372380256652832, 0.044686079025268555], 0.24833321571350098], [16.732059001922607, 0.8578603267669678, [0.13286161422729492, 0.1178433895111084, 0.16354942321777344, 0.12935400009155273, 0.1462078094482422, 0.2433161735534668, 0.16179180145263672, 0.1029520034790039, 0.11075949668884277, 0.6444029808044434, 0.35074329376220703, 0.4097464084625244, 0.2215886116027832, 0.4270350933074951, 0.5298140048980713, 0.41837310791015625, 0.2979316711425781, 0.3017432689666748, 0.4171161651611328, 0.40926694869995117, 0.42214441299438477, 0.29981279373168945, 0.4105207920074463, 0.3042635917663574, 0.40887999534606934, 0.2986764907836914, 0.29776501655578613, 0.2977721691131592, 0.51969313621521, 0.29308629035949707, 0.3061997890472412, 0.2920420169830322], [0.00883173942565918, 0.006371736526489258, 0.010058164596557617, 0.006669044494628906, 0.007080078125, 0.01360177993774414, 0.007641792297363281, 0.005269289016723633, 0.005419492721557617, 0.015310049057006836, 0.005492687225341797, 0.008229732513427734, 0.005660533905029297, 0.007523775100708008, 0.007657289505004883, 0.008515596389770508, 0.004528522491455078, 0.0063686370849609375, 0.006734609603881836, 0.007078409194946289, 0.008063316345214844, 0.0045166015625, 0.00696253776550293, 0.006180524826049805, 0.006548166275024414, 0.005155801773071289, 0.0052258968353271484, 0.0060002803802490234, 0.008631229400634766, 0.00531768798828125, 0.00633692741394043, 0.005602836608886719], [0.03251838684082031, 0.03962349891662598, 0.1002357006072998, 0.08598852157592773, 0.06579828262329102, 0.09219741821289062, 0.09694576263427734, 0.02990412712097168, 0.04329943656921387, 0.24025654792785645, 0.04504847526550293, 0.09895896911621094, 0.09089422225952148, 0.09241437911987305, 0.06305456161499023, 0.1330862045288086, 0.053139686584472656, 0.052789926528930664, 0.08735489845275879, 0.035698890686035156, 0.04101133346557617, 0.018134593963623047, 0.015157938003540039, 0.020598411560058594, 0.10439157485961914, 0.06459546089172363, 0.018189668655395508, 0.04689908027648926, 0.04070854187011719, 0.04079556465148926, 0.0730736255645752, 0.03656601905822754], 0.28064823150634766], [15.696223497390747, 0.5046205520629883, [0.19016480445861816, 0.2895946502685547, 0.15030741691589355, 0.09917831420898438, 0.18905305862426758, 0.23913168907165527, 0.12493228912353516, 0.1617569923400879, 0.5603866577148438, 0.4527766704559326, 0.43920278549194336, 0.5443868637084961, 0.651451826095581, 0.1992506980895996, 0.4452836513519287, 0.31493306159973145, 0.4294905662536621, 0.198075532913208, 0.5400564670562744, 0.19024348258972168, 0.3100411891937256, 0.3285527229309082, 0.45747852325439453, 0.4318575859069824, 0.42616891860961914, 0.4350001811981201, 0.3229355812072754, 0.3152005672454834, 0.3071765899658203, 0.2954597473144531, 0.4712367057800293, 0.25960493087768555], [0.008910417556762695, 0.013717889785766602, 0.007519245147705078, 0.004336357116699219, 0.008153915405273438, 0.007668495178222656, 0.005706071853637695, 0.007169485092163086, 0.00961923599243164, 0.008647680282592773, 0.007356405258178711, 0.008071422576904297, 0.010715007781982422, 0.00448918342590332, 0.007792949676513672, 0.00580906867980957, 0.00702357292175293, 0.005205631256103516, 0.0074462890625, 0.004657268524169922, 0.005364418029785156, 0.006500720977783203, 0.007271766662597656, 0.0074999332427978516, 0.007064342498779297, 0.007537126541137695, 0.006499052047729492, 0.0050089359283447266, 0.005391359329223633, 0.005167722702026367, 0.00744938850402832, 0.006216764450073242], [0.07379508018493652, 0.13791966438293457, 0.09840679168701172, 0.022048473358154297, 0.03395962715148926, 0.06586170196533203, 0.008903026580810547, 