{"shuffle_centroids_times": [0.3646421432495117], "map_iterdata_times": [1.5194642543792725], "create_map_data": [1.9369115829467773], "map_queries_times": [[[19.712584257125854, 1.3544182777404785, [0.21998834609985352, 0.20065641403198242, 0.17269301414489746, 0.1591629981994629, 0.24288678169250488, 0.1477830410003662, 0.21053600311279297, 0.3024883270263672, 0.39916300773620605, 0.2927663326263428, 0.28601741790771484, 0.511909008026123, 0.40076231956481934, 0.5990331172943115, 0.6416034698486328, 0.3038756847381592, 0.41089963912963867, 0.18306875228881836, 0.3949930667877197, 0.5296719074249268, 0.40496206283569336, 0.5096821784973145, 0.29273414611816406, 0.5132603645324707, 0.7417278289794922, 0.21030402183532715, 0.3201580047607422, 0.5196342468261719, 0.29841184616088867, 0.6176598072052002, 0.30242156982421875, 0.39426565170288086], [0.027675151824951172, 0.011789083480834961, 0.010160446166992188, 0.009369134902954102, 0.014687299728393555, 0.008267641067504883, 0.007894754409790039, 0.009500265121459961, 0.008887052536010742, 0.0061109066009521484, 0.0057373046875, 0.010503530502319336, 0.009099721908569336, 0.01159977912902832, 0.015638113021850586, 0.006616830825805664, 0.008142948150634766, 0.004414558410644531, 0.007135629653930664, 0.011887073516845703, 0.007494211196899414, 0.010490894317626953, 0.006823062896728516, 0.011413097381591797, 0.011492490768432617, 0.00833582878112793, 0.00819253921508789, 0.009757518768310547, 0.006715297698974609, 0.012474298477172852, 0.008331298828125, 0.007754802703857422], [0.031540632247924805, 0.05033278465270996, 0.029390811920166016, 0.07666897773742676, 0.026284217834472656, 0.03984189033508301, 0.07282233238220215, 0.04617762565612793, 0.06777310371398926, 0.09282350540161133, 0.03979825973510742, 0.09166121482849121, 0.0552210807800293, 0.08797168731689453, 0.03243279457092285, 0.0661611557006836, 0.06665945053100586, 0.016367197036743164, 0.08901071548461914, 0.13204622268676758, 0.10624051094055176, 0.14097881317138672, 0.03391432762145996, 0.029929161071777344, 0.07495665550231934, 0.04794478416442871, 0.08952450752258301, 0.12573957443237305, 0.07304573059082031, 0.12579655647277832, 0.0989537239074707, 0.06488680839538574], 0.37819433212280273], [18.15597891807556, 0.9402837753295898, [0.127424955368042, 0.10635900497436523, 0.1036534309387207, 0.13601422309875488, 0.1512293815612793, 0.13517975807189941, 0.16564369201660156, 0.16223430633544922, 0.1309187412261963, 0.20612883567810059, 0.1479663848876953, 0.7801511287689209, 0.38833165168762207, 0.61578369140625, 0.39554715156555176, 0.3407776355743408, 0.39994359016418457, 0.4993419647216797, 0.2869093418121338, 0.2791891098022461, 0.3907153606414795, 0.4005565643310547, 0.3924977779388428, 0.6013200283050537, 0.5235342979431152, 0.6007094383239746, 0.3952462673187256, 0.5054283142089844, 0.5127465724945068, 0.607980489730835, 0.5009534358978271, 0.6167666912078857], [0.015030860900878906, 0.008537769317626953, 0.005142927169799805, 0.011325836181640625, 0.012606620788574219, 0.0111846923828125, 0.013646602630615234, 0.013249874114990234, 0.010608434677124023, 0.009614706039428711, 0.013187885284423828, 0.030183076858520508, 0.012300252914428711, 0.02323627471923828, 0.012180566787719727, 0.010862588882446289, 0.012659549713134766, 0.014017820358276367, 0.00936269760131836, 0.008409976959228516, 0.011239051818847656, 0.012631893157958984, 0.01143646240234375, 0.019137859344482422, 0.01830768585205078, 0.015942811965942383, 0.012858867645263672, 0.014742612838745117, 0.017146825790405273, 0.01757955551147461, 0.014178752899169922, 0.018241405487060547], [0.03126358985900879, 0.03987288475036621, 0.007927656173706055, 0.032607078552246094, 0.06646203994750977, 0.020643234252929688, 0.04046630859375, 0.04205322265625, 0.031064271926879883, 0.06729459762573242, 0.04393410682678223, 0.03889751434326172, 0.03324556350708008, 0.030361175537109375, 0.032326698303222656, 0.05319523811340332, 0.046742916107177734, 0.0417170524597168, 0.02661871910095215, 0.03372526168823242, 0.08467364311218262, 0.06213879585266113, 0.03429603576660156, 0.04529309272766113, 0.05131983757019043, 0.07995939254760742, 0.041938066482543945, 0.027738094329833984, 0.07657051086425781, 0.0988762378692627, 0.06337857246398926, 0.037513017654418945], 0.26700758934020996], [16.725006341934204, 0.8698740005493164, [0.12238168716430664, 0.11722135543823242, 0.17353582382202148, 0.13991141319274902, 0.17795014381408691, 0.3493518829345703, 0.1674821376800537, 0.1072835922241211, 0.1195838451385498, 0.5735905170440674, 0.2630338668823242, 0.43285036087036133, 0.22287464141845703, 0.525071382522583, 0.42897987365722656, 0.4246072769165039, 0.30179786682128906, 0.3087770938873291, 0.4046475887298584, 0.3986399173736572, 0.41152405738830566, 0.29120755195617676, 0.40532755851745605, 0.30241966247558594, 0.396054744720459, 0.2928154468536377, 0.2909367084503174, 0.29725027084350586, 0.5067033767700195, 0.2778501510620117, 0.39143991470336914, 0.27950191497802734], [0.008576631546020508, 0.006547451019287109, 0.01025700569152832, 0.006878376007080078, 0.0074427127838134766, 0.01376962661743164, 0.007294416427612305, 0.00501704216003418, 0.005544424057006836, 0.011512994766235352, 0.005492687225341797, 0.007245540618896484, 0.005728960037231445, 0.0077974796295166016, 0.007947921752929688, 0.008278608322143555, 0.004590272903442383, 0.006190776824951172, 0.0067751407623291016, 0.0073206424713134766, 0.00815129280090332, 0.004579782485961914, 0.0071582794189453125, 0.006285667419433594, 0.006625652313232422, 0.004999876022338867, 0.005491971969604492, 0.006425380706787109, 0.008599042892456055, 0.005246639251708984, 0.006499290466308594, 0.005531787872314453], [0.039336204528808594, 0.050748348236083984, 0.10509824752807617, 0.09457516670227051, 0.058713674545288086, 0.09384584426879883, 0.08877253532409668, 0.026003599166870117, 0.03687286376953125, 0.22757577896118164, 0.054033756256103516, 0.09328866004943848, 0.08802604675292969, 0.09212684631347656, 0.06256270408630371, 0.13930439949035645, 0.04299163818359375, 0.061852216720581055, 0.08894777297973633, 0.025540590286254883, 0.0425260066986084, 0.0182192325592041, 0.02817535400390625, 0.026623249053955078, 0.08704876899719238, 0.0778346061706543, 0.012151241302490234, 0.03579449653625488, 0.051043033599853516, 0.017822742462158203, 0.06627297401428223, 0.04372453689575195], 0.2784397602081299], [15.026526689529419, 0.5014574527740479, [0.24568867683410645, 0.24149489402770996, 0.17565393447875977, 0.10200929641723633, 0.18756318092346191, 0.17316079139709473, 0.11158370971679688, 0.14882469177246094, 0.5154259204864502, 0.5055301189422607, 0.38950133323669434, 0.533210039138794, 0.6254565715789795, 0.19028019905090332, 0.46548938751220703, 0.29058194160461426, 0.39913034439086914, 0.27798962593078613, 0.4071354866027832, 0.27868056297302246, 0.2807931900024414, 0.29181790351867676, 0.4004342555999756, 0.4052245616912842, 0.39916086196899414, 0.44470667839050293, 0.3370859622955322, 0.2879626750946045, 0.28453516960144043, 0.27739739418029785, 0.4450218677520752, 0.29038357734680176], [0.008671045303344727, 0.012937784194946289, 0.007642269134521484, 0.00439143180847168, 0.008083581924438477, 0.00719904899597168, 0.005658626556396484, 0.0071375370025634766, 0.00926661491394043, 0.00883793830871582, 0.007396221160888672, 0.00800943374633789, 0.01083993911743164, 0.004245758056640625, 0.007640838623046875, 0.005900382995605469, 0.0070230960845947266, 0.005066871643066406, 0.009109973907470703, 0.004853248596191406, 0.005600929260253906, 0.0064144134521484375, 0.007077693939208984, 0.0072858333587646484, 0.0070650577545166016, 0.007351875305175781, 0.006387233734130859, 0.0055887699127197266, 0.005620002746582031, 0.004980564117431641, 0.007478475570678711, 0.0058116912841796875], [0.0713644027709961, 0.13073515892028809, 0.08753132820129395, 0.025142669677734375, 0.032317161560058594, 0.04808831214904785, 0.01063227653503418, 