{"shuffle_centroids_times": [0.35387492179870605], "map_iterdata_times": [1.519317626953125], "create_map_data": [1.925530195236206], "map_queries_times": [[[20.76925802230835, 1.275892734527588, [0.24367523193359375, 0.22170400619506836, 0.17581558227539062, 0.17453336715698242, 0.22387051582336426, 0.14460206031799316, 0.13045358657836914, 0.21022677421569824, 0.3857893943786621, 0.27089905738830566, 0.2736780643463135, 0.49808192253112793, 0.4044363498687744, 0.510169267654419, 0.7636325359344482, 0.29202914237976074, 0.415905237197876, 0.10210919380187988, 0.4042201042175293, 0.5507547855377197, 0.3151562213897705, 0.5352194309234619, 0.30106091499328613, 0.5379290580749512, 0.5429308414459229, 0.4181380271911621, 0.6026370525360107, 0.22014236450195312, 0.290083646774292, 0.5470774173736572, 0.40518665313720703, 0.3256657123565674], [0.06411981582641602, 0.009653091430664062, 0.008140087127685547, 0.007578134536743164, 0.011234521865844727, 0.006873607635498047, 0.006437063217163086, 0.00622868537902832, 0.0073430538177490234, 0.004961252212524414, 0.0048830509185791016, 0.008093118667602539, 0.00751495361328125, 0.010019063949584961, 0.011651277542114258, 0.005613565444946289, 0.006674289703369141, 0.003814697265625, 0.006676197052001953, 0.009389638900756836, 0.006264925003051758, 0.008404970169067383, 0.005434274673461914, 0.009021997451782227, 0.008870124816894531, 0.0064203739166259766, 0.006354570388793945, 0.007769346237182617, 0.005681276321411133, 0.009387969970703125, 0.0064318180084228516, 0.006590604782104492], [0.05745983123779297, 0.06434869766235352, 0.04331064224243164, 0.11248016357421875, 0.04326057434082031, 0.050581932067871094, 0.10683965682983398, 0.0582733154296875, 0.09920954704284668, 0.1121680736541748, 0.0527799129486084, 0.13391685485839844, 0.09525322914123535, 0.13265228271484375, 0.05591750144958496, 0.09263086318969727, 0.08863711357116699, 0.024954795837402344, 0.1340785026550293, 0.22852396965026855, 0.13256406784057617, 0.21555566787719727, 0.052968502044677734, 0.05528521537780762, 0.09264779090881348, 0.06537914276123047, 0.10205578804016113, 0.16303753852844238, 0.11359095573425293, 0.19011425971984863, 0.135756254196167, 0.09090042114257812], 0.3990638256072998], [17.424842596054077, 0.943199872970581, [0.12780475616455078, 0.1043858528137207, 0.10121560096740723, 0.11605644226074219, 0.1312105655670166, 0.127394437789917, 0.1554889678955078, 0.13869953155517578, 0.12250852584838867, 0.13314461708068848, 0.13950395584106445, 0.7313258647918701, 0.38719773292541504, 0.5945320129394531, 0.38611674308776855, 0.3776421546936035, 0.38089823722839355, 0.38801097869873047, 0.369251012802124, 0.18567609786987305, 0.3785872459411621, 0.4770205020904541, 0.2865617275238037, 0.5914039611816406, 0.6122877597808838, 0.4837803840637207, 0.385404109954834, 0.4860560894012451, 0.5010511875152588, 0.5866501331329346, 0.48604536056518555, 0.5882105827331543], [0.014034032821655273, 0.008271217346191406, 0.005080699920654297, 0.011010408401489258, 0.012510061264038086, 0.011309623718261719, 0.013604164123535156, 0.013311147689819336, 0.010507583618164062, 0.009348154067993164, 0.013322591781616211, 0.030232906341552734, 0.011678934097290039, 0.0213320255279541, 0.011981010437011719, 0.010809898376464844, 0.012122869491577148, 0.013314008712768555, 0.009301424026489258, 0.00827646255493164, 0.011272907257080078, 0.01257777214050293, 0.011454343795776367, 0.018652915954589844, 0.01728200912475586, 0.015353202819824219, 0.012395381927490234, 0.014116287231445312, 0.01633143424987793, 0.016534090042114258, 0.014007568359375, 0.0180661678314209], [0.031768083572387695, 0.042467355728149414, 0.00767064094543457, 0.03183150291442871, 0.07567858695983887, 0.0232541561126709, 0.041921377182006836, 0.04319930076599121, 0.0294797420501709, 0.07250261306762695, 0.051363229751586914, 0.0395658016204834, 0.03356027603149414, 0.03703594207763672, 0.03309774398803711, 0.04385638236999512, 0.04405522346496582, 0.05267834663391113, 0.028270721435546875, 0.03209877014160156, 0.0881495475769043, 0.058057308197021484, 0.0388338565826416, 0.04241228103637695, 0.04757499694824219, 0.07874298095703125, 0.040667057037353516, 0.02897787094116211, 0.06433629989624023, 0.09402298927307129, 0.058983802795410156, 0.03423142433166504], 0.26224398612976074], [15.824354648590088, 0.911984920501709, [0.1257016658782959, 0.10991120338439941, 0.160552978515625, 0.13255548477172852, 0.14467811584472656, 0.21095061302185059, 0.15143942832946777, 0.09963798522949219, 0.1979663372039795, 0.7645511627197266, 0.19487690925598145, 0.39260101318359375, 0.29115962982177734, 0.4922749996185303, 0.48830246925354004, 0.4834272861480713, 0.1965351104736328, 0.3859825134277344, 0.3191800117492676, 0.39279675483703613, 0.49121570587158203, 0.27929186820983887, 0.3851792812347412, 0.3893272876739502, 0.3938477039337158, 0.2206428050994873, 0.2820765972137451, 0.38372278213500977, 0.48984694480895996, 0.2788975238800049, 0.38136792182922363, 0.28111886978149414], [0.0105438232421875, 0.007557868957519531, 0.012541055679321289, 0.00813436508178711, 0.008500814437866211, 0.016861677169799805, 0.00870966911315918, 0.006006717681884766, 0.006308078765869141, 0.01937699317932129, 0.0066416263580322266, 0.009987592697143555, 0.0067484378814697266, 0.009459495544433594, 0.010226726531982422, 0.010800600051879883, 0.005209207534790039, 0.007405281066894531, 0.007961511611938477, 0.00844430923461914, 0.010084867477416992, 0.005248069763183594, 0.008898019790649414, 0.00792551040649414, 0.00815439224243164, 0.005747079849243164, 0.006557941436767578, 0.007439613342285156, 0.01058197021484375, 0.0060577392578125, 0.007796287536621094, 0.007044076919555664], [0.022690534591674805, 0.027997970581054688, 0.06982111930847168, 0.06634259223937988, 0.04598355293273926, 0.06414222717285156, 0.05274677276611328, 0.021193981170654297, 0.030581235885620117, 0.13850879669189453, 0.0384218692779541, 0.06600260734558105, 0.06691813468933105, 0.07255244255065918, 0.05208444595336914, 0.08876538276672363, 0.03840494155883789, 0.040456533432006836, 0.0675814151763916, 0.026679039001464844, 0.04014015197753906, 0.015078306198120117, 0.019301414489746094, 0.016422271728515625, 0.06948304176330566, 0.05263805389404297, 0.014720678329467773, 0.025183916091918945, 0.0381319522857666, 0.023677825927734375, 0.04945230484008789, 0.02687978744506836], 0.26536035537719727], [15.712097644805908, 0.5001881122589111, [0.19443368911743164, 0.24992990493774414, 0.17524003982543945, 0.1526937484741211, 0.20516228675842285, 0.17292094230651855, 0.11363887786865234, 0.15188860893249512, 0.5614049434661865, 0.5562446117401123, 0.44330763816833496, 0.4411015510559082, 0.6940195560455322, 0.22055387496948242, 0.446850061416626, 0.31839919090270996, 0.4348018169403076, 0.20858550071716309, 0.44698596000671387, 0.2993967533111572, 0.31212568283081055, 0.3217592239379883, 0.43215370178222656, 0.44180893898010254, 0.4338209629058838, 0.43692803382873535, 0.32859110832214355, 0.31176042556762695, 0.30159544944763184, 0.20486092567443848, 0.5382413864135742, 0.31159067153930664], [0.008971929550170898, 0.012764453887939453, 0.007662057876586914, 0.0046710968017578125, 0.008846044540405273, 0.007813692092895508, 0.0058977603912353516, 0.007281303405761719, 0.009712696075439453, 0.01136636734008789, 0.0073511600494384766, 0.00826883316040039, 0.010294198989868164, 0.004284381866455078, 0.007467031478881836, 0.00564885139465332, 0.0070056915283203125, 0.005097627639770508, 0.007714748382568359, 0.0049724578857421875, 0.00552678108215332, 0.006867408752441406, 0.00727081298828125, 0.007506370544433594, 0.007285118103027344, 0.008116722106933594, 0.00674891471862793, 0.0056345462799072266, 0.0060498714447021484, 0.005019664764404297, 0.008243560791015625, 0.0062482357025146484], [0.07878971099853516, 0.13798809051513672, 0.1029655933380127, 0.01710057258605957, 0.029985666275024414, 0.051474571228027344, 0.008975505828857422, 