{"shuffle_centroids_times": [0.342803955078125], "map_iterdata_times": [1.5066978931427002], "create_map_data": [1.9036831855773926], "map_queries_times": [[[20.21708369255066, 1.195225477218628, [0.6194150447845459, 0.23917508125305176, 0.19561338424682617, 0.5241513252258301, 0.7284164428710938, 0.7286427021026611, 0.9495046138763428, 0.6327300071716309, 0.9591212272644043, 1.3939602375030518, 0.7343947887420654, 1.278186321258545, 0.6524336338043213, 0.9518663883209229, 0.8612709045410156, 0.6266181468963623], [0.10059881210327148, 0.021497726440429688, 0.016484498977661133, 0.017528057098388672, 0.01824641227722168, 0.021791934967041016, 0.029763221740722656, 0.0194094181060791, 0.03188157081604004, 0.048708438873291016, 0.02082371711730957, 0.0490720272064209, 0.01999044418334961, 0.028894901275634766, 0.02545928955078125, 0.017348527908325195], [0.22322797775268555, 0.270205020904541, 0.12869715690612793, 0.11465334892272949, 0.10750412940979004, 0.3146839141845703, 0.42415714263916016, 0.22675681114196777, 0.0712425708770752, 0.6604268550872803, 0.27163267135620117, 0.4415764808654785, 0.12512874603271484, 0.2448873519897461, 0.2748982906341553, 0.1779332160949707], 0.34200024604797363], [18.51131772994995, 1.1287221908569336, [0.2758958339691162, 0.24347829818725586, 0.26584839820861816, 0.28151822090148926, 0.3745262622833252, 1.0876967906951904, 0.5255234241485596, 0.7515547275543213, 0.4140758514404297, 0.874943733215332, 0.8851375579833984, 1.0813169479370117, 0.5443973541259766, 0.9914891719818115, 1.437389850616455, 1.10036301612854], [0.037604331970214844, 0.02146458625793457, 0.021083593368530273, 0.023450613021850586, 0.03162646293640137, 0.03373432159423828, 0.0179440975189209, 0.022875547409057617, 0.013528585433959961, 0.027092456817626953, 0.02627420425415039, 0.03450655937194824, 0.017351627349853516, 0.03003668785095215, 0.04955744743347168, 0.033737897872924805], [0.19281888008117676, 0.31262660026550293, 0.13872790336608887, 0.11730170249938965, 0.23692870140075684, 0.3772859573364258, 0.11890816688537598, 0.16306757926940918, 0.10237312316894531, 0.15190911293029785, 0.18299603462219238, 0.2330000400543213, 0.11864757537841797, 0.3631875514984131, 0.25917911529541016, 0.3091545104980469], 0.3313117027282715], [13.109274864196777, 0.7272977828979492, [0.2541184425354004, 0.1769089698791504, 0.2786216735839844, 0.21379828453063965, 0.3401615619659424, 0.7122507095336914, 0.710493803024292, 1.184497356414795, 0.40209054946899414, 0.5241773128509521, 0.6240043640136719, 0.7093484401702881, 0.2999272346496582, 0.5051736831665039, 0.697451114654541, 0.829251766204834], [0.03143811225891113, 0.010725975036621094, 0.020066499710083008, 0.008647918701171875, 0.014517784118652344, 0.012987613677978516, 0.014600992202758789, 0.03112483024597168, 0.008834362030029297, 0.010808706283569336, 0.013452768325805664, 0.013908147811889648, 0.008115530014038086, 0.010367631912231445, 0.016005992889404297, 0.02027106285095215], [0.11227059364318848, 0.04504275321960449, 0.17583322525024414, 0.14977788925170898, 0.0689394474029541, 0.14121007919311523, 0.12378621101379395, 0.14567232131958008, 0.05996990203857422, 0.12395453453063965, 0.13847708702087402, 0.09372758865356445, 0.055242061614990234, 0.09397292137145996, 0.24990487098693848, 0.2577698230743408], 0.22353029251098633], [15.317117929458618, 0.6871211528778076, [0.2728276252746582, 0.28107762336730957, 0.3601562976837158, 0.4876832962036133, 0.8932137489318848, 0.8206515312194824, 0.4925708770751953, 0.6153862476348877, 0.7107686996459961, 0.9529640674591064, 0.5860607624053955, 0.500617504119873, 0.6081211566925049, 0.8107852935791016, 0.5025804042816162, 1.3455517292022705], [0.0389561653137207, 0.025711536407470703, 0.03852057456970215, 0.05263066291809082, 0.031507015228271484, 0.02634739875793457, 0.0158536434173584, 0.019739866256713867, 0.020855426788330078, 0.035245656967163086, 0.016063451766967773, 0.01696491241455078, 0.01956915855407715, 0.024756431579589844, 0.01665663719177246, 0.05593156814575195], [0.14581775665283203, 0.11363387107849121, 0.16233348846435547, 0.2500588893890381, 0.15454506874084473, 0.2688021659851074, 0.05531191825866699, 0.119781494140625, 0.1308584213256836, 0.141465425491333, 0.1009528636932373, 0.14501953125, 0.11982059478759766, 0.0775601863861084, 0.05516314506530762, 0.06495141983032227], 0.23168444633483887]]], "map_execution": [22.528625965118408], "map_invoke": [[0.5489037036895752, 0.5812852382659912, 0.4940652847290039, 0.5742952823638916]], "create_reduce_data": [0.2657594680786133], "reduce_iterdata_times": [0.2621321678161621], "reduce_queries_times": [[0.37139368057250977]], "reduce_execution_times": [5.319726943969727], "reduce_invoke": [[0.6100509166717529]], "divide_reduce_times": [0.0001952648162841797], "total_querying_times": [30.017991542816162],