{"shuffle_centroids_times": [0.8888437747955322], "map_iterdata_times": [4.13782000541687], "create_map_data": [5.080554723739624], "map_queries_times": [[[27.654234170913696, 3.1762051582336426, [0.23281526565551758, 0.2216184139251709, 0.17967724800109863, 0.17289090156555176, 0.21976327896118164, 0.15639734268188477, 0.2094419002532959, 0.2913637161254883, 0.3913588523864746, 0.20419716835021973, 0.1906118392944336, 0.39655256271362305, 0.3902409076690674, 0.3969900608062744, 0.7236099243164062, 0.2978389263153076, 0.39818334579467773, 0.1863694190979004, 0.28363966941833496, 0.6073436737060547, 0.3868215084075928, 0.5029067993164062, 0.24096226692199707, 0.6075022220611572, 0.5091524124145508, 0.40051698684692383, 0.39341211318969727, 0.49474167823791504, 0.28932881355285645, 0.6050701141357422, 0.290358304977417, 0.3970789909362793], [0.02479267120361328, 0.011791467666625977, 0.010246515274047852, 0.009510040283203125, 0.013937950134277344, 0.008424758911132812, 0.007939815521240234, 0.008262157440185547, 0.008713483810424805, 0.0062656402587890625, 0.0054454803466796875, 0.010159015655517578, 0.009059667587280273, 0.011086225509643555, 0.014584541320800781, 0.006453037261962891, 0.008093833923339844, 0.004319667816162109, 0.007402896881103516, 0.012177228927612305, 0.0078105926513671875, 0.010684490203857422, 0.0058977603912353516, 0.011075258255004883, 0.011053323745727539, 0.007971763610839844, 0.007422924041748047, 0.00945138931274414, 0.006484270095825195, 0.011916875839233398, 0.007420539855957031, 0.007468700408935547], [0.11251974105834961, 0.13619422912597656, 0.1176910400390625, 0.18486952781677246, 0.07259654998779297, 0.12306380271911621, 0.1705317497253418, 0.14061379432678223, 0.1673755645751953, 0.13585162162780762, 0.11376166343688965, 0.21355128288269043, 0.18911290168762207, 0.21846413612365723, 0.10852432250976562, 0.136199951171875, 0.16023898124694824, 0.06355929374694824, 0.15385127067565918, 0.2755458354949951, 0.15205597877502441, 0.23471641540527344, 0.09458589553833008, 0.16796088218688965, 0.2240431308746338, 0.1520094871520996, 0.16993165016174316, 0.21693778038024902, 0.145005464553833, 0.23326754570007324, 0.15956449508666992, 0.14106321334838867], 0.9125590324401855], [28.960182428359985, 3.576256036758423, [0.17139601707458496, 0.24691104888916016, 0.21520423889160156, 0.12455296516418457, 0.13379716873168945, 0.18817710876464844, 0.11301350593566895, 0.20041728019714355, 0.19556856155395508, 0.1083991527557373, 0.13454031944274902, 0.30747199058532715, 0.39960289001464844, 0.4037001132965088, 0.2988393306732178, 0.2831079959869385, 0.512711763381958, 0.4204285144805908, 0.41086888313293457, 0.4105989933013916, 0.609907865524292, 0.19230151176452637, 0.532127857208252, 0.419217586517334, 0.40563082695007324, 0.30353546142578125, 0.414506196975708, 0.19700098037719727, 0.6495850086212158, 0.4397695064544678, 0.5231666564941406, 0.19712376594543457], [0.021081924438476562, 0.029026508331298828, 0.017030715942382812, 0.009168863296508789, 0.008153676986694336, 0.018470287322998047, 0.008586406707763672, 0.01615309715270996, 0.014095067977905273, 0.008285999298095703, 0.01048588752746582, 0.010471582412719727, 0.011865854263305664, 0.012791156768798828, 0.01038670539855957, 0.008348226547241211, 0.015015363693237305, 0.013829946517944336, 0.011627674102783203, 0.01310276985168457, 0.01671600341796875, 0.00851297378540039, 0.020007848739624023, 0.012890100479125977, 0.01034688949584961, 0.00938272476196289, 0.012893915176391602, 0.007267951965332031, 0.021883487701416016, 0.014859914779663086, 0.014726877212524414, 0.0073795318603515625], [0.4004073143005371, 0.24068808555603027, 0.1985177993774414, 0.11997795104980469, 0.09975004196166992, 0.13045477867126465, 0.09035658836364746, 0.1516706943511963, 0.1696326732635498, 0.0794832706451416, 0.09161853790283203, 0.13922715187072754, 0.15830421447753906, 0.17325305938720703, 0.126662015914917, 0.08907508850097656, 0.20862770080566406, 0.1606132984161377, 0.15408539772033691, 0.099456787109375, 0.18206238746643066, 0.11232399940490723, 0.17432665824890137, 0.09784173965454102, 0.09770774841308594, 0.13796043395996094, 0.13310909271240234, 0.0965580940246582, 0.21236157417297363, 0.16483402252197266, 0.16093873977661133, 0.0875709056854248], 1.0833790302276611], [26.0496084690094, 3.1059319972991943, [0.14365649223327637, 0.10691308975219727, 0.13756537437438965, 0.1451563835144043, 0.10590267181396484, 0.16909289360046387, 0.10982012748718262, 0.1174459457397461, 0.3960866928100586, 0.5331954956054688, 0.28461647033691406, 0.28918957710266113, 0.384021520614624, 0.2920501232147217, 0.3947176933288574, 0.4923210144042969, 0.27208614349365234, 0.3907606601715088, 0.3926873207092285, 0.3813149929046631, 0.281095027923584, 0.6149613857269287, 0.49617767333984375, 0.42679882049560547, 0.2825305461883545, 0.38918089866638184, 0.28254008293151855, 0.4020047187805176, 0.394606351852417, 0.40122342109680176, 0.1945655345916748, 0.6117432117462158], [0.0192105770111084, 0.009091854095458984, 0.011388540267944336, 0.013293743133544922, 0.008953571319580078, 0.014580488204956055, 0.010229825973510742, 0.010326862335205078, 0.013081789016723633, 0.01297307014465332, 0.011528730392456055, 0.009103775024414062, 0.011314153671264648, 0.00868988037109375, 0.01300048828125, 0.012949705123901367, 0.008318662643432617, 0.012145042419433594, 0.01204538345336914, 0.0111846923828125, 0.009374380111694336, 0.021149158477783203, 0.014309167861938477, 0.012252092361450195, 0.00852656364440918, 0.01219320297241211, 0.008014440536499023, 0.01199650764465332, 0.011794567108154297, 0.012848138809204102, 0.006914377212524414, 0.01667952537536621], [0.12412095069885254, 0.07630372047424316, 0.14278388023376465, 0.15542840957641602, 0.10560154914855957, 0.11320090293884277, 0.05236959457397461, 0.13239073753356934, 0.11138343811035156, 0.13083505630493164, 0.13424205780029297, 0.10049629211425781, 0.13999700546264648, 0.10625600814819336, 0.1299278736114502, 0.1555483341217041, 0.10112643241882324, 0.16033363342285156, 0.11566448211669922, 0.13847994804382324, 0.05784106254577637, 0.1397993564605713, 0.056252479553222656, 0.08565878868103027, 0.07329344749450684, 0.10680794715881348, 0.05829501152038574, 0.13644027709960938, 0.14264202117919922, 0.14432597160339355, 0.0579376220703125, 0.11690711975097656], 0.8232297897338867], [22.80405855178833, 2.0863142013549805, [0.10749340057373047, 0.15941095352172852, 0.14889788627624512, 0.18802189826965332, 0.17602825164794922, 0.30983734130859375, 0.15552186965942383, 0.23648595809936523, 0.23825812339782715, 0.4202890396118164, 0.20575428009033203, 0.29540228843688965, 0.3315443992614746, 0.586686372756958, 0.4307830333709717, 0.30855822563171387, 0.3082730770111084, 0.41921281814575195, 0.5473287105560303, 0.5270421504974365, 0.6423599720001221, 0.6489992141723633, 0.21274852752685547, 0.47068119049072266, 0.3069570064544678, 0.30269479751586914, 0.4059438705444336, 0.2218780517578125, 0.4047665596008301, 0.4249718189239502, 0.41658639907836914, 0.4171326160430908], [0.009608983993530273, 0.015410184860229492, 0.011945247650146484, 0.014255046844482422, 0.013813257217407227, 0.030237436294555664, 0.012041330337524414, 0.023747920989990234, 0.012784004211425781, 0.01416015625, 0.008007287979125977, 0.007602214813232422, 0.01179647445678711, 0.02049851417541504, 0.013648033142089844, 0.009748220443725586, 0.00980377197265625, 0.015074968338012695, 0.019678592681884766, 0.014809846878051758, 0.018575191497802734, 0.020040273666381836, 0.00920724868774414, 0.014729499816894531, 0.009552240371704102, 0.008105993270874023, 0.012381315231323242, 0.009337425231933594, 0.011269330978393555, 0.01395416259765625, 0.01257014274597168, 0.013483285903930664], [0.02408313751220703, 0.1001129150390625, 0.04929971694946289, 0.08658170700073242, 0.14816975593566895, 0.0868825912475586, 0.09271764755249023, 0.05880546569824219, 0.07651495933532715, 0.14238238334655762, 