{"shuffle_centroids_times": [0.670067548751831], "map_iterdata_times": [2.638035774230957], "create_map_data": [3.3610646724700928], "map_queries_times": [[[23.43431043624878, 1.7872731685638428, [0.5854039192199707, 0.2400362491607666, 0.18438291549682617, 0.4267714023590088, 0.6086912155151367, 0.750086784362793, 0.9569904804229736, 0.7395398616790771, 0.9408853054046631, 1.3822739124298096, 0.7333927154541016, 1.2672948837280273, 0.6315388679504395, 0.9351675510406494, 0.8377718925476074, 0.615135908126831], [0.15819597244262695, 0.014907121658325195, 0.011165380477905273, 0.01170492172241211, 0.01221919059753418, 0.015701770782470703, 0.019094228744506836, 0.013355731964111328, 0.018305063247680664, 0.027556180953979492, 0.01459956169128418, 0.025099754333496094, 0.014383792877197266, 0.017951011657714844, 0.01886892318725586, 0.01204371452331543], [0.912020206451416, 0.3035745620727539, 0.22620701789855957, 0.23313617706298828, 0.24471831321716309, 0.3982686996459961, 0.4952695369720459, 0.27582597732543945, 0.3652071952819824, 0.853654146194458, 0.2902059555053711, 0.7561197280883789, 0.28006458282470703, 0.42383670806884766, 0.4363689422607422, 0.23797941207885742], 0.4736173152923584], [22.639941453933716, 1.8576102256774902, [0.2537391185760498, 0.24955987930297852, 0.2441394329071045, 0.26229000091552734, 0.5808732509613037, 1.055692434310913, 0.5467486381530762, 0.7317719459533691, 0.5014674663543701, 0.8302054405212402, 0.9198627471923828, 1.053100824356079, 0.5105912685394287, 1.0588746070861816, 1.378124475479126, 1.141953468322754], [0.027655601501464844, 0.013959884643554688, 0.014204978942871094, 0.0164029598236084, 0.020026445388793945, 0.021760225296020508, 0.012037038803100586, 0.017371177673339844, 0.009187936782836914, 0.01741337776184082, 0.01742863655090332, 0.02230548858642578, 0.011958599090576172, 0.021027088165283203, 0.05083727836608887, 0.022828340530395508], [0.23406052589416504, 0.34232664108276367, 0.27445220947265625, 0.2957944869995117, 0.4559800624847412, 0.6078412532806396, 0.22728681564331055, 0.307936429977417, 0.14589476585388184, 0.39919400215148926, 0.40837621688842773, 0.5654771327972412, 0.21188116073608398, 0.5518510341644287, 0.6576998233795166, 0.5857908725738525], 0.47832608222961426], [19.23719072341919, 2.049398899078369, [0.2689640522003174, 0.2038254737854004, 0.24843931198120117, 0.1892106533050537, 0.15989136695861816, 0.21746349334716797, 0.6075375080108643, 0.2951626777648926, 0.7137925624847412, 0.8478357791900635, 0.5475172996520996, 0.624748706817627, 0.7391464710235596, 0.7335212230682373, 1.452423095703125, 1.0837807655334473], [0.0376896858215332, 0.016385793685913086, 0.019632577896118164, 0.014826059341430664, 0.012620687484741211, 0.016917943954467773, 0.029046297073364258, 0.011576414108276367, 0.02002263069152832, 0.031728506088256836, 0.015962839126586914, 0.02019500732421875, 0.022956132888793945, 0.021190166473388672, 0.05935168266296387, 0.0325770378112793], [0.23842406272888184, 0.18578767776489258, 0.23418211936950684, 0.18310809135437012, 0.1855912208557129, 0.19917607307434082, 0.32189416885375977, 0.13808178901672363, 0.24159979820251465, 0.4108431339263916, 0.20470809936523438, 0.2877967357635498, 0.2696046829223633, 0.26605868339538574, 0.5703475475311279, 0.4426450729370117], 0.5923421382904053], [20.59050154685974, 2.055591344833374, [0.39371418952941895, 0.2810654640197754, 0.26260852813720703, 0.23922944068908691, 0.19456148147583008, 0.6461174488067627, 1.2989442348480225, 1.0178380012512207, 0.8693768978118896, 0.7702069282531738, 0.4183051586151123, 0.7361702919006348, 0.523918628692627, 0.5288097858428955, 1.3526217937469482, 0.782865047454834], [0.05462217330932617, 0.021733522415161133, 0.01999640464782715, 0.019420623779296875, 0.015942096710205078, 0.023417234420776367, 0.04126095771789551, 0.031206369400024414, 0.026361465454101562, 0.02382183074951172, 0.012550115585327148, 0.021212100982666016, 0.016363859176635742, 0.01656174659729004, 0.050235748291015625, 0.023020267486572266], [0.3573470115661621, 0.26625752449035645, 0.2705087661743164, 0.23729586601257324, 0.15836644172668457, 0.2682645320892334, 0.355898380279541, 0.3900470733642578, 0.32761597633361816, 0.2792198657989502, 0.14031338691711426, 0.2697010040283203, 0.1491403579711914, 0.17983126640319824, 0.38752007484436035, 0.18629097938537598], 0.6044571399688721]]], "map_execution": [26.47678303718567], "map_invoke": [[0.49477124214172363, 0.4284396171569824, 0.5261828899383545, 0.5004777908325195]], "create_reduce_data": [0.23096179962158203], "reduce_iterdata_times": [0.22710323333740234], "reduce_queries_times": [[0.35460925102233887]], "reduce_execution_times": [3.0786495208740234], "reduce_invoke": [[0.5450549125671387]], "divide_reduce_times": [0.0001995563507080078], "total_querying_times": [33.14765954017639],