{"shuffle_centroids_times": [0.920259952545166], "map_iterdata_times": [5.235582113265991], "create_map_data": [6.405613660812378], "map_queries_times": [[[32.958242416381836, 4.113187313079834, [0.2370922565460205, 0.21962261199951172, 0.1810767650604248, 0.21396636962890625, 0.23407912254333496, 0.1558678150177002, 0.14150762557983398, 0.14380788803100586, 0.30353283882141113, 0.2873077392578125, 0.2857167720794678, 0.5055818557739258, 0.43029356002807617, 0.5216772556304932, 0.7320082187652588, 0.3224787712097168, 0.3119771480560303, 0.18778395652770996, 0.4039161205291748, 0.5302059650421143, 0.401123046875, 0.5199601650238037, 0.19803452491760254, 0.6197006702423096, 0.529019832611084, 0.39703917503356934, 0.3930842876434326, 0.4149661064147949, 0.2952854633331299, 0.6247341632843018, 0.3146474361419678, 0.41849756240844727], [0.06421756744384766, 0.01732611656188965, 0.014711380004882812, 0.013785123825073242, 0.020041942596435547, 0.012414216995239258, 0.011617183685302734, 0.011672735214233398, 0.013274908065795898, 0.009031534194946289, 0.008335590362548828, 0.015624523162841797, 0.013498306274414062, 0.016321420669555664, 0.021722793579101562, 0.009612560272216797, 0.011991739273071289, 0.005991935729980469, 0.010459184646606445, 0.017244338989257812, 0.011493682861328125, 0.015802860260009766, 0.009278059005737305, 0.0163877010345459, 0.01660442352294922, 0.011857986450195312, 0.0113372802734375, 0.01436471939086914, 0.009918928146362305, 0.01785898208618164, 0.011103153228759766, 0.011200666427612305], [0.21507620811462402, 0.2038254737854004, 0.15087342262268066, 0.1873939037322998, 0.19401192665100098, 0.15671253204345703, 0.14055085182189941, 0.15152263641357422, 0.17788314819335938, 0.13031601905822754, 0.10646295547485352, 0.21915316581726074, 0.18569469451904297, 0.20882081985473633, 0.2285914421081543, 0.14139604568481445, 0.16543269157409668, 0.0823984146118164, 0.14528846740722656, 0.25835514068603516, 0.1344149112701416, 0.2405385971069336, 0.11526989936828613, 0.1797943115234375, 0.21194243431091309, 0.15217280387878418, 0.14722394943237305, 0.23325347900390625, 0.13018131256103516, 0.25366830825805664, 0.16481852531433105, 0.14922833442687988], 1.2326104640960693], [31.547571420669556, 4.225703954696655, [0.15613603591918945, 0.2500274181365967, 0.23835301399230957, 0.12351632118225098, 0.10832691192626953, 0.19276642799377441, 0.11299395561218262, 0.20154285430908203, 0.17897629737854004, 0.12234950065612793, 0.3483903408050537, 0.3810858726501465, 0.38433361053466797, 0.38905858993530273, 0.28620028495788574, 0.27844882011413574, 0.4949960708618164, 0.3986048698425293, 0.3905632495880127, 0.48203372955322266, 0.5020918846130371, 0.27431416511535645, 0.5112426280975342, 0.3972783088684082, 0.38428378105163574, 0.28368401527404785, 0.39427614212036133, 0.18619394302368164, 0.6285104751586914, 0.4956991672515869, 0.4929625988006592, 0.19146203994750977], [0.021236896514892578, 0.02911210060119629, 0.017009258270263672, 0.009412765502929688, 0.008314847946166992, 0.015349626541137695, 0.009014368057250977, 0.019576549530029297, 0.01432490348815918, 0.00863337516784668, 0.010752201080322266, 0.01085972785949707, 0.011550664901733398, 0.013111591339111328, 0.009813308715820312, 0.008736371994018555, 0.014667510986328125, 0.013574361801147461, 0.011635065078735352, 0.012897968292236328, 0.016689538955688477, 0.00833582878112793, 0.015903949737548828, 0.012555360794067383, 0.010301589965820312, 0.009635448455810547, 0.012603998184204102, 0.007625102996826172, 0.018929004669189453, 0.014409303665161133, 0.014493227005004883, 0.0073740482330322266], [0.16676545143127441, 0.31899356842041016, 0.21124649047851562, 0.1250135898590088, 0.10565805435180664, 0.20344829559326172, 0.12041139602661133, 0.18569302558898926, 0.1667630672454834, 0.10177993774414062, 0.13031768798828125, 0.14228487014770508, 0.16371846199035645, 0.17778325080871582, 0.1182100772857666, 0.09867262840270996, 0.2064533233642578, 0.17218327522277832, 0.1607503890991211, 0.14120912551879883, 0.21731257438659668, 0.10962843894958496, 0.2165541648864746, 0.1488337516784668, 0.13106083869934082, 0.12527227401733398, 0.13463139533996582, 0.10035300254821777, 0.2432098388671875, 0.17828822135925293, 0.1901235580444336, 0.09829974174499512], 1.2732057571411133], [29.469339847564697, 3.9668354988098145, [0.14993858337402344, 0.11453771591186523, 0.13173174858093262, 0.14780068397521973, 0.10575318336486816, 0.1711585521697998, 0.19388294219970703, 0.13446283340454102, 0.1609957218170166, 0.22927260398864746, 0.2983417510986328, 0.2953827381134033, 0.3916432857513428, 0.28533029556274414, 0.40094876289367676, 0.4109385013580322, 0.28537678718566895, 0.4003310203552246, 0.40505051612854004, 0.39287710189819336, 0.2904233932495117, 0.6822841167449951, 0.41502976417541504, 0.4052615165710449, 0.2973911762237549, 0.4937095642089844, 0.1926558017730713, 0.40555858612060547, 0.4021182060241699, 0.503849983215332, 0.19173145294189453, 0.5250365734100342], [0.029231548309326172, 0.008955955505371094, 0.01131749153137207, 0.013044595718383789, 0.009099960327148438, 0.014556646347045898, 0.010228395462036133, 0.010486602783203125, 0.013676643371582031, 0.013016462326049805, 0.011556625366210938, 0.009534835815429688, 0.01134347915649414, 0.009049415588378906, 0.013057231903076172, 0.013127565383911133, 0.008440017700195312, 0.012269258499145508, 0.012239456176757812, 0.010964632034301758, 0.009589195251464844, 0.020618915557861328, 0.014250755310058594, 0.012462377548217773, 0.009145975112915039, 0.01234579086303711, 0.008419513702392578, 0.012192487716674805, 0.012168407440185547, 0.013240337371826172, 0.007263898849487305, 0.01680135726928711], [0.1369493007659912, 0.10647344589233398, 0.15027236938476562, 0.17630934715270996, 0.10802984237670898, 0.14696693420410156, 0.11409997940063477, 0.12748241424560547, 0.1721665859222412, 0.16633939743041992, 0.14075398445129395, 0.1115407943725586, 0.15836358070373535, 0.11612415313720703, 0.16308832168579102, 0.16846799850463867, 0.10207724571228027, 0.176011323928833, 0.15597820281982422, 0.14379286766052246, 0.10601472854614258, 0.24552369117736816, 0.15322303771972656, 0.1619253158569336, 0.10332083702087402, 0.16065192222595215, 0.09028172492980957, 0.14408588409423828, 0.17032217979431152, 0.18788814544677734, 0.08582901954650879, 0.20254850387573242], 1.0865938663482666], [28.508579969406128, 3.726877212524414, [0.17931818962097168, 0.10259008407592773, 0.16503167152404785, 0.13342690467834473, 0.11533641815185547, 0.17489838600158691, 0.14183783531188965, 0.30882716178894043, 0.20731282234191895, 0.3162992000579834, 0.2983088493347168, 0.42957139015197754, 0.5157742500305176, 0.29187512397766113, 0.29703474044799805, 0.7202022075653076, 0.619579553604126, 0.40348052978515625, 0.29380035400390625, 0.3968675136566162, 0.2936255931854248, 0.49039793014526367, 0.6200954914093018, 0.4156358242034912, 0.2960970401763916, 0.3029186725616455, 0.2846348285675049, 0.7648077011108398, 0.1913139820098877, 0.18103957176208496, 0.408353328704834, 0.5024285316467285], [0.020871877670288086, 0.005552530288696289, 0.009284734725952148, 0.00816035270690918, 0.007303953170776367, 0.009853363037109375, 0.008530855178833008, 0.010176420211791992, 0.007474422454833984, 0.008901596069335938, 0.008268594741821289, 0.011725664138793945, 0.011799097061157227, 0.006797075271606445, 0.006180763244628906, 0.017514467239379883, 0.012792825698852539, 0.009523630142211914, 0.0063610076904296875, 0.008155345916748047, 0.006689786911010742, 0.009448766708374023, 0.013364076614379883, 0.008724689483642578, 0.006285905838012695, 0.007829904556274414, 0.005469083786010742, 0.021840810775756836, 0.004876613616943359, 0.003646373748779297, 0.008783102035522461, 0.008974790573120117], [0.19375181198120117, 0.11077737808227539, 0.19182753562927246, 0.13736724853515625, 0.13449335098266602, 0.16720128059387207, 0.15247511863708496, 0.1949634552001953, 0.1293931007385254, 