{"shuffle_centroids_times": [0.2054131031036377], "map_iterdata_times": [0.7677524089813232], "create_map_data": [1.1614272594451904], "map_queries_times": [[[18.01147723197937, 0.7093777656555176, [0.8548033237457275, 0.30506134033203125, 0.21613359451293945, 0.37314939498901367, 0.7113687992095947, 0.7631292343139648, 1.0192391872406006, 0.5641863346099854, 0.9568266868591309, 1.3572039604187012, 0.7760636806488037, 1.424375057220459, 0.5724277496337891, 0.9076247215270996, 0.8984782695770264, 0.6662101745605469], [0.1031956672668457, 0.022553443908691406, 0.017145395278930664, 0.018452167510986328, 0.01932835578918457, 0.023221731185913086, 0.02881646156311035, 0.020537614822387695, 0.02825784683227539, 0.04066300392150879, 0.021509647369384766, 0.0378267765045166, 0.021111726760864258, 0.02670145034790039, 0.026759862899780273, 0.01849675178527832], [0.13654780387878418, 0.15411043167114258, 0.0708162784576416, 0.06170320510864258, 0.06877017021179199, 0.17927122116088867, 0.23866057395935059, 0.12896442413330078, 0.04689931869506836, 0.47318506240844727, 0.22404098510742188, 0.34146809577941895, 0.07641458511352539, 0.17731285095214844, 0.18440675735473633, 0.09603714942932129], 0.22920823097229004], [13.37233304977417, 0.4149043560028076, [0.2697153091430664, 0.18540239334106445, 0.2338266372680664, 0.18674969673156738, 0.6679093837738037, 0.8423094749450684, 0.3965620994567871, 0.721879243850708, 0.6203086376190186, 0.759436845779419, 1.1825411319732666, 0.4155728816986084, 0.5145857334136963, 0.623779296875, 1.0694072246551514, 1.4489941596984863], [0.03331279754638672, 0.015781402587890625, 0.020111083984375, 0.01642775535583496, 0.03345489501953125, 0.02547764778137207, 0.012048482894897461, 0.020835161209106445, 0.01858210563659668, 0.020763397216796875, 0.039716482162475586, 0.012009859085083008, 0.015172004699707031, 0.01916980743408203, 0.03110361099243164, 0.043298959732055664], [0.06519031524658203, 0.026140689849853516, 0.15056610107421875, 0.05793905258178711, 0.12754225730895996, 0.08957552909851074, 0.05608177185058594, 0.03489351272583008, 0.05349254608154297, 0.0795128345489502, 0.0829160213470459, 0.03534412384033203, 0.057871103286743164, 0.060762643814086914, 0.10796880722045898, 0.1417534351348877], 0.1229395866394043], [14.687239646911621, 0.4086892604827881, [0.3326272964477539, 0.44115233421325684, 0.7602431774139404, 0.8282480239868164, 0.5040349960327148, 0.705794095993042, 1.0554444789886475, 1.049020767211914, 0.9495010375976562, 0.7147314548492432, 0.7243218421936035, 0.9226694107055664, 0.6352217197418213, 0.49954771995544434, 0.4340686798095703, 0.3937876224517822], [0.034162044525146484, 0.04062771797180176, 0.022304058074951172, 0.017932653427124023, 0.011096954345703125, 0.013762712478637695, 0.025471210479736328, 0.021145343780517578, 0.01951766014099121, 0.013704776763916016, 0.015988588333129883, 0.01778388023376465, 0.014272212982177734, 0.010372161865234375, 0.009030818939208984, 0.007788658142089844], [0.17310714721679688, 0.17747807502746582, 0.1402881145477295, 0.20307350158691406, 0.024563074111938477, 0.0963587760925293, 0.24666738510131836, 0.20026564598083496, 0.1071925163269043, 0.14077329635620117, 0.08232235908508301, 0.08454275131225586, 0.06351137161254883, 0.03972148895263672, 0.03394150733947754, 0.01959824562072754], 0.1199033260345459], [13.582090139389038, 0.35841870307922363, [0.2308659553527832, 0.253817081451416, 0.2795579433441162, 0.22266483306884766, 0.7993090152740479, 0.75785231590271, 0.8218071460723877, 0.8034870624542236, 0.9412384033203125, 0.676983118057251, 0.550286054611206, 0.7851269245147705, 0.6904342174530029, 0.6632387638092041, 0.5456798076629639, 1.4523663520812988], [0.027078866958618164, 0.02345752716064453, 0.0252685546875, 0.017130136489868164, 0.042130231857299805, 0.02006363868713379, 0.027640342712402344, 0.024151086807250977, 0.026086807250976562, 0.021225690841674805, 0.016390323638916016, 0.024039745330810547, 0.02193737030029297, 0.020006179809570312, 0.017032861709594727, 0.05417943000793457], [0.057151079177856445, 0.07331967353820801, 0.06008434295654297, 0.06684494018554688, 0.16840624809265137, 0.0625758171081543, 0.10998940467834473, 0.044678688049316406, 0.09859657287597656, 0.060064077377319336, 0.04058218002319336, 0.05444455146789551, 0.06696486473083496, 0.06416201591491699, 0.026437044143676758, 0.043297767639160156], 0.11521601676940918]]], "map_execution": [21.534416913986206], "map_invoke": [[0.6021711826324463, 0.5318825244903564, 0.5457797050476074, 0.5738799571990967]], "create_reduce_data": [0.2315201759338379], "reduce_iterdata_times": [0.22771263122558594], "reduce_queries_times": [[0.3519442081451416]], "reduce_execution_times": [3.083864688873291], "reduce_invoke": [[0.571547269821167]], "divide_reduce_times": [0.0001761913299560547], "total_querying_times": [26.011406183242798],