{"shuffle_centroids_times": [0.5076711177825928], "map_iterdata_times": [2.0682389736175537], "create_map_data": [2.629148244857788], "map_queries_times": [[[22.292588710784912, 1.797989845275879, [0.6875350475311279, 0.2615394592285156, 0.20984506607055664, 0.21969985961914062, 0.5071737766265869, 0.8139417171478271, 0.9363610744476318, 0.6200535297393799, 0.9420685768127441, 1.3937065601348877, 0.644982099533081, 1.28826904296875, 0.7686645984649658, 0.7849171161651611, 0.9446985721588135, 0.6171009540557861], [0.10825276374816895, 0.022550582885742188, 0.017162799835205078, 0.01843857765197754, 0.01911616325378418, 0.022597312927246094, 0.030650615692138672, 0.020207643508911133, 0.027827739715576172, 0.04800534248352051, 0.021766185760498047, 0.037152767181396484, 0.02111053466796875, 0.026083946228027344, 0.026467561721801758, 0.01828455924987793], [0.3797602653503418, 0.3178062438964844, 0.1905066967010498, 0.18204832077026367, 0.1746959686279297, 0.3568861484527588, 0.46694207191467285, 0.27274012565612793, 0.10950589179992676, 0.7576823234558105, 0.27591443061828613, 0.5104906558990479, 0.22128868103027344, 0.3706226348876953, 0.39528417587280273, 0.2269134521484375], 0.5287902355194092], [21.608017683029175, 1.7972824573516846, [0.26545166969299316, 0.2594950199127197, 0.2604062557220459, 0.285203218460083, 0.3446359634399414, 0.9873495101928711, 0.6503686904907227, 0.7977168560028076, 0.4392211437225342, 0.8972728252410889, 0.7920675277709961, 1.1047217845916748, 0.545680046081543, 1.0067341327667236, 1.4681365489959717, 1.1139352321624756], [0.037941694259643555, 0.021007061004638672, 0.02095770835876465, 0.023938417434692383, 0.03029155731201172, 0.03300166130065918, 0.017720460891723633, 0.02555704116821289, 0.013607025146484375, 0.026253700256347656, 0.025670766830444336, 0.03423047065734863, 0.017581939697265625, 0.030121564865112305, 0.04882025718688965, 0.033623456954956055], [0.36859846115112305, 0.3035616874694824, 0.232774019241333, 0.25606513023376465, 0.3535735607147217, 0.5054335594177246, 0.18659758567810059, 0.2531161308288574, 0.13964319229125977, 0.23961162567138672, 0.27823400497436523, 0.3335130214691162, 0.16815590858459473, 0.4483175277709961, 0.4250354766845703, 0.44959282875061035], 0.5053646564483643], [17.120187997817993, 1.5972068309783936, [0.24907255172729492, 0.18710613250732422, 0.2219991683959961, 0.18013930320739746, 0.3175234794616699, 0.3318593502044678, 0.6106457710266113, 0.22198820114135742, 0.548865795135498, 0.8760747909545898, 0.5389449596405029, 0.6425390243530273, 0.7562525272369385, 0.7476232051849365, 1.4627811908721924, 1.114356517791748], [0.035063743591308594, 0.0157473087310791, 0.018813610076904297, 0.014319181442260742, 0.012241363525390625, 0.016449928283691406, 0.02848339080810547, 0.011438131332397461, 0.019529342651367188, 0.02859973907470703, 0.015842676162719727, 0.0195465087890625, 0.021846294403076172, 0.019629955291748047, 0.05609607696533203, 0.031044960021972656], [0.19711828231811523, 0.1442854404449463, 0.19564247131347656, 0.16607093811035156, 0.16499567031860352, 0.19417381286621094, 0.32099485397338867, 0.09644055366516113, 0.1315479278564453, 0.3442535400390625, 0.16234779357910156, 0.27820825576782227, 0.16412353515625, 0.2152400016784668, 0.38181614875793457, 0.2255387306213379], 0.41929006576538086], [16.240991592407227, 0.9268887042999268, [0.20077228546142578, 0.2965688705444336, 0.24811005592346191, 0.21997427940368652, 0.4045727252960205, 1.1829960346221924, 0.41113829612731934, 0.8436758518218994, 0.6336400508880615, 0.7321710586547852, 0.521115779876709, 1.0637989044189453, 1.0658907890319824, 0.776252031326294, 0.5324752330780029, 1.4130909442901611], [0.02234959602355957, 0.024378538131713867, 0.014526128768920898, 0.015205621719360352, 0.014484405517578125, 0.03376364707946777, 0.00848245620727539, 0.020900726318359375, 0.013515710830688477, 0.013628005981445312, 0.012433052062988281, 0.023717880249023438, 0.01943206787109375, 0.01640033721923828, 0.011033773422241211, 0.0403141975402832], [0.06374454498291016, 0.2648482322692871, 0.07774233818054199, 0.2059645652770996, 0.17312860488891602, 0.18881988525390625, 0.10752177238464355, 0.2313978672027588, 0.17512202262878418, 0.22197389602661133, 0.14621829986572266, 0.2197120189666748, 0.24156737327575684, 0.11676979064941406, 0.11240267753601074, 0.10578322410583496], 0.27129459381103516]]], "map_execution": [24.593953132629395], "map_invoke": [[0.5597035884857178, 0.4714982509613037, 0.45424675941467285, 0.5078208446502686]], "create_reduce_data": [0.19059991836547852], "reduce_iterdata_times": [0.18662786483764648], "reduce_queries_times": [[0.37894701957702637]], "reduce_execution_times": [3.080512285232544], "reduce_invoke": [[0.6017618179321289]], "divide_reduce_times": [0.0001919269561767578], "total_querying_times": [30.4944064617157],