{"shuffle_centroids_times": [0.7149686813354492], "map_iterdata_times": [7.818018436431885], "create_map_data": [8.587424993515015], "map_queries_times": [[[27.118630170822144, 2.7919838428497314, [0.2583773136138916, 0.24303078651428223, 0.20446300506591797, 0.1778421401977539, 0.24401140213012695, 0.17800307273864746, 0.19138669967651367, 0.43621063232421875, 0.23841595649719238, 0.28447628021240234, 0.19343972206115723, 0.46920061111450195, 0.5345048904418945, 0.4527404308319092, 0.7664773464202881, 0.3262977600097656, 0.34426355361938477, 0.21286296844482422, 0.3517484664916992, 0.5555732250213623, 0.3546781539916992, 0.48169779777526855, 0.2598989009857178, 0.5620005130767822, 0.5579895973205566, 0.4308762550354004, 0.3406693935394287, 0.5349676609039307, 0.23207473754882812, 0.6575536727905273, 0.3103349208831787, 0.3121621608734131], [0.033987998962402344, 0.01802515983581543, 0.014866352081298828, 0.014052867889404297, 0.02115345001220703, 0.012248992919921875, 0.011466503143310547, 0.011609077453613281, 0.013164758682250977, 0.009112119674682617, 0.007905721664428711, 0.01559138298034668, 0.013572216033935547, 0.016527175903320312, 0.022356748580932617, 0.009795904159545898, 0.011795282363891602, 0.0063381195068359375, 0.010040998458862305, 0.01730513572692871, 0.011170387268066406, 0.015585899353027344, 0.009067058563232422, 0.018378257751464844, 0.016996383666992188, 0.012140989303588867, 0.01151585578918457, 0.014274358749389648, 0.010030031204223633, 0.017956256866455078, 0.01141357421875, 0.011457443237304688], [0.0728921890258789, 0.08819746971130371, 0.06734919548034668, 0.14928221702575684, 0.05367016792297363, 0.07101035118103027, 0.14451026916503906, 0.08533215522766113, 0.12097930908203125, 0.12402915954589844, 0.09128308296203613, 0.19911718368530273, 0.14104986190795898, 0.15880894660949707, 0.05685925483703613, 0.10555434226989746, 0.11315560340881348, 0.03834033012390137, 0.14569425582885742, 0.21564435958862305, 0.12493681907653809, 0.20769882202148438, 0.07059431076049805, 0.09561014175415039, 0.13863515853881836, 0.09588479995727539, 0.13753318786621094, 0.19167733192443848, 0.1337282657623291, 0.1940016746520996, 0.14862799644470215, 0.12046074867248535], 0.8344559669494629], [24.142465353012085, 2.3850150108337402, [0.21989059448242188, 0.2748539447784424, 0.42510199546813965, 0.14459657669067383, 0.12080216407775879, 0.19582772254943848, 0.1331160068511963, 0.21451210975646973, 0.19419384002685547, 0.21811461448669434, 0.3320200443267822, 0.3365302085876465, 0.3937950134277344, 0.43630075454711914, 0.32057905197143555, 0.3219923973083496, 0.489793062210083, 0.4622664451599121, 0.35458970069885254, 0.4589109420776367, 0.5047361850738525, 0.3508026599884033, 0.45634031295776367, 0.5071263313293457, 0.3435056209564209, 0.25258898735046387, 0.44422078132629395, 0.2272186279296875, 0.6636881828308105, 0.4483499526977539, 0.4469432830810547, 0.32010459899902344], [0.021440744400024414, 0.02956414222717285, 0.016644001007080078, 0.009244680404663086, 0.007950782775878906, 0.015097379684448242, 0.008951187133789062, 0.015177249908447266, 0.013620853424072266, 0.007776498794555664, 0.010097265243530273, 0.010321855545043945, 0.010967731475830078, 0.01218557357788086, 0.009682178497314453, 0.00804591178894043, 0.014697790145874023, 0.013723134994506836, 0.012092828750610352, 0.013025283813476562, 0.0170137882232666, 0.00839686393737793, 0.01595592498779297, 0.01268148422241211, 0.010564088821411133, 0.009163379669189453, 0.01273345947265625, 0.007085323333740234, 0.0193178653717041, 0.014359712600708008, 0.014241933822631836, 0.007051706314086914], [0.12250161170959473, 0.1786351203918457, 0.1395256519317627, 0.11750006675720215, 0.06467723846435547, 0.08257150650024414, 0.0592195987701416, 0.07057547569274902, 0.11553263664245605, 0.043630123138427734, 0.04597210884094238, 0.10920381546020508, 0.14138317108154297, 0.12456989288330078, 0.0831899642944336, 0.06538891792297363, 0.1540212631225586, 0.10461878776550293, 0.1479477882385254, 0.053758859634399414, 0.12497615814208984, 0.10146069526672363, 0.11842727661132812, 0.06990551948547363, 0.06004452705383301, 0.13205790519714355, 0.07376480102539062, 0.0642549991607666, 0.12948250770568848, 0.1043703556060791, 0.08724117279052734, 0.07012391090393066], 0.7337408065795898], [18.722412586212158, 1.559497594833374, [0.14045286178588867, 0.10027456283569336, 0.1312236785888672, 0.17907476425170898, 0.14476943016052246, 0.17252278327941895, 0.12405109405517578, 0.1809697151184082, 0.2528722286224365, 0.23464035987854004, 0.577284574508667, 0.414919376373291, 0.31199097633361816, 0.4271070957183838, 0.3041355609893799, 0.4005868434906006, 0.3149068355560303, 0.42551636695861816, 0.4177744388580322, 0.3095686435699463, 0.10190367698669434, 0.3065526485443115, 0.41839146614074707, 0.41520214080810547, 0.41636085510253906, 0.41065144538879395, 0.2127068042755127, 0.5231509208679199, 0.3123903274536133, 0.6208109855651855, 0.3508908748626709, 0.6370956897735596], [0.011499643325805664, 0.003805398941040039, 0.008393526077270508, 0.007605075836181641, 0.009901046752929688, 0.008941173553466797, 0.007268190383911133, 0.008907318115234375, 0.020776033401489258, 0.0077207088470458984, 0.016808032989501953, 0.008259057998657227, 0.007191896438598633, 0.009076356887817383, 0.0062046051025390625, 0.00784754753112793, 0.006525993347167969, 0.009140491485595703, 0.008641481399536133, 0.005341053009033203, 0.004896640777587891, 0.00702977180480957, 0.008220195770263672, 0.009571075439453125, 0.009397506713867188, 0.008884906768798828, 0.005982875823974609, 0.012642860412597656, 0.007607936859130859, 0.012835025787353516, 0.008497476577758789, 0.011443614959716797], [0.08447790145874023, 0.011162519454956055, 0.06224226951599121, 0.026388883590698242, 0.06061959266662598, 0.11293721199035645, 0.0406644344329834, 0.09201884269714355, 0.06479525566101074, 0.05278944969177246, 0.03705430030822754, 0.05003786087036133, 0.10785341262817383, 0.09184861183166504, 0.042716264724731445, 0.08708477020263672, 0.07850337028503418, 0.08106517791748047, 0.12140107154846191, 0.07342386245727539, 0.022159814834594727, 0.04812002182006836, 0.08556842803955078, 0.12026596069335938, 0.0933387279510498, 0.06041669845581055, 0.055090904235839844, 0.0865182876586914, 0.043842315673828125, 0.05903983116149902, 0.07867646217346191, 0.06806349754333496], 0.42609262466430664], [18.43599820137024, 1.4173698425292969, [0.22929620742797852, 0.17208409309387207, 0.21733522415161133, 0.14886808395385742, 0.16065144538879395, 0.15855717658996582, 0.2297835350036621, 0.13680434226989746, 0.2523078918457031, 0.40640950202941895, 0.41867804527282715, 0.33354711532592773, 0.42800045013427734, 0.24823403358459473, 0.6386017799377441, 0.23249006271362305, 0.4106714725494385, 0.20418334007263184, 0.5195963382720947, 0.3349001407623291, 0.30170655250549316, 0.3023848533630371, 0.41556835174560547, 0.20517373085021973, 0.5325093269348145, 0.32515835762023926, 0.41166043281555176, 0.42540979385375977, 0.47277379035949707, 0.2167508602142334, 0.4166138172149658, 0.43691492080688477], [0.030577421188354492, 0.01401066780090332, 0.017940282821655273, 0.009283065795898438, 0.011023521423339844, 0.012237548828125, 0.019484996795654297, 0.00854802131652832, 0.01349186897277832, 0.012692451477050781, 0.012763023376464844, 0.009283304214477539, 0.012890338897705078, 0.00934600830078125, 0.018584489822387695, 0.007817268371582031, 0.010763883590698242, 0.007025003433227539, 0.014077901840209961, 0.010615110397338867, 0.008559226989746094, 0.008678197860717773, 0.011790752410888672, 0.006968975067138672, 0.013831615447998047, 0.011807441711425781, 0.010384559631347656, 0.012881278991699219, 0.012902498245239258, 0.008653879165649414, 0.011788368225097656, 0.012780189514160156], [0.07187366485595703, 0.05149435997009277, 0.055995941162109375, 0.07382702827453613, 0.1061549186706543, 0.05580639839172363, 0.07610940933227539, 0.041853904724121094, 