{"shuffle_centroids_times": [0.8852369785308838], "map_iterdata_times": [4.145231246948242], "create_map_data": [5.084434986114502], "map_queries_times": [[[30.18525743484497, 3.619828939437866, [0.23891067504882812, 0.20606517791748047, 0.1865372657775879, 0.18874835968017578, 0.2564704418182373, 0.16810131072998047, 0.22719287872314453, 0.15339207649230957, 0.17192578315734863, 0.11811470985412598, 0.19138002395629883, 0.513477087020874, 0.4046051502227783, 0.554633378982544, 0.7827444076538086, 0.23517417907714844, 0.39657044410705566, 0.18219804763793945, 0.29678845405578613, 0.6256120204925537, 0.3083658218383789, 0.5426697731018066, 0.2896854877471924, 0.5180857181549072, 0.528369665145874, 0.4025764465332031, 0.3997468948364258, 0.4111361503601074, 0.2992985248565674, 0.6305205821990967, 0.3083622455596924, 0.3950612545013428], [0.06328916549682617, 0.017850875854492188, 0.015062808990478516, 0.014156103134155273, 0.02056884765625, 0.012464046478271484, 0.011708498001098633, 0.011501789093017578, 0.012861013412475586, 0.008854150772094727, 0.00784921646118164, 0.015484809875488281, 0.013984203338623047, 0.017153501510620117, 0.02218770980834961, 0.009965896606445312, 0.012201309204101562, 0.006287097930908203, 0.010843515396118164, 0.01732921600341797, 0.011333942413330078, 0.015616178512573242, 0.009122133255004883, 0.01670670509338379, 0.01724410057067871, 0.012133359909057617, 0.011287212371826172, 0.01449441909790039, 0.00991511344909668, 0.017916440963745117, 0.011299610137939453, 0.01118922233581543], [0.11966300010681152, 0.12169146537780762, 0.11249303817749023, 0.17290830612182617, 0.07623791694641113, 0.10681486129760742, 0.1530897617340088, 0.12638616561889648, 0.16761302947998047, 0.1198885440826416, 0.106170654296875, 0.19612526893615723, 0.19312787055969238, 0.2172529697418213, 0.10506868362426758, 0.14652538299560547, 0.15611624717712402, 0.07169318199157715, 0.13961195945739746, 0.2509191036224365, 0.14442062377929688, 0.2404186725616455, 0.09627342224121094, 0.174027681350708, 0.2058117389678955, 0.13850069046020508, 0.14908742904663086, 0.2066195011138916, 0.14276576042175293, 0.19870734214782715, 0.1584937572479248, 0.14114594459533691], 1.0875251293182373], [28.42465043067932, 3.57918119430542, [0.15637874603271484, 0.25968503952026367, 0.20255541801452637, 0.12059807777404785, 0.10363101959228516, 0.1816112995147705, 0.11835861206054688, 0.18095111846923828, 0.16762065887451172, 0.3320295810699463, 0.1334071159362793, 0.21909618377685547, 0.399885892868042, 0.40973901748657227, 0.2964179515838623, 0.2926170825958252, 0.507981538772583, 0.40706753730773926, 0.396883487701416, 0.4044184684753418, 0.5201687812805176, 0.2822608947753906, 0.5365841388702393, 0.4136779308319092, 0.30326318740844727, 0.2941780090332031, 0.4154517650604248, 0.27932000160217285, 0.6250400543212891, 0.4251387119293213, 0.5162129402160645, 0.19689130783081055], [0.040523529052734375, 0.03011798858642578, 0.017423629760742188, 0.009581804275512695, 0.008136749267578125, 0.018202781677246094, 0.008705854415893555, 0.01543736457824707, 0.014121294021606445, 0.00827646255493164, 0.010354280471801758, 0.010337352752685547, 0.011498689651489258, 0.012813329696655273, 0.009640216827392578, 0.008363008499145508, 0.014636516571044922, 0.013781070709228516, 0.012045621871948242, 0.012984037399291992, 0.016911745071411133, 0.008274555206298828, 0.016001224517822266, 0.012674570083618164, 0.010356664657592773, 0.009289741516113281, 0.012763738632202148, 0.00714874267578125, 0.021570920944213867, 0.014822721481323242, 0.014738082885742188, 0.007688283920288086], [0.1634540557861328, 0.2462763786315918, 0.1993885040283203, 0.13447785377502441, 0.09185457229614258, 0.1217958927154541, 0.0963587760925293, 0.14847397804260254, 0.16201400756835938, 0.08665633201599121, 0.09505629539489746, 0.13399362564086914, 0.15077757835388184, 0.17493033409118652, 0.11830615997314453, 0.08675503730773926, 0.19667601585388184, 0.14641284942626953, 0.15268158912658691, 0.0966639518737793, 0.18418002128601074, 0.12056422233581543, 0.1638472080230713, 0.10606074333190918, 0.09584331512451172, 0.12444615364074707, 0.12907719612121582, 0.09396982192993164, 0.21565842628479004, 0.1673598289489746, 0.16407322883605957, 0.10156869888305664], 1.0704073905944824], [26.18267059326172, 3.1107943058013916, [0.14240384101867676, 0.10525226593017578, 0.1424572467803955, 0.15056896209716797, 0.11794209480285645, 0.17157387733459473, 0.13669300079345703, 0.20652985572814941, 0.4007542133331299, 0.42508864402770996, 0.3915865421295166, 0.2872631549835205, 0.3922154903411865, 0.27863121032714844, 0.497772216796875, 0.4027276039123535, 0.27462291717529297, 0.3954174518585205, 0.3930544853210449, 0.39424681663513184, 0.29630470275878906, 0.6643023490905762, 0.43044042587280273, 0.43330883979797363, 0.3137819766998291, 0.41126251220703125, 0.2901792526245117, 0.406602144241333, 0.41673922538757324, 0.4207162857055664, 0.19629955291748047, 0.6229982376098633], [0.019227266311645508, 0.008838176727294922, 0.01141357421875, 0.013152599334716797, 0.009048700332641602, 0.014249324798583984, 0.010164260864257812, 0.010525703430175781, 0.013008832931518555, 0.01286458969116211, 0.01139521598815918, 0.009336709976196289, 0.011354446411132812, 0.008857250213623047, 0.013022661209106445, 0.013118505477905273, 0.008224010467529297, 0.012292861938476562, 0.012181997299194336, 0.011164665222167969, 0.009742498397827148, 0.021105289459228516, 0.01423192024230957, 0.012227535247802734, 0.008900880813598633, 0.012396812438964844, 0.008420467376708984, 0.011955738067626953, 0.011678934097290039, 0.01275014877319336, 0.006785392761230469, 0.016980409622192383], [0.1265730857849121, 0.07120680809020996, 0.1442101001739502, 0.14904046058654785, 0.1029057502746582, 0.11676383018493652, 0.06078195571899414, 0.1225595474243164, 0.1222372055053711, 0.13174033164978027, 0.1446688175201416, 0.1095278263092041, 0.13816475868225098, 0.09491777420043945, 0.12286925315856934, 0.16177725791931152, 0.1067044734954834, 0.14867305755615234, 0.1182241439819336, 0.1432785987854004, 0.061833858489990234, 0.1412191390991211, 0.06239891052246094, 0.08760404586791992, 0.07974481582641602, 0.10648322105407715, 0.05872488021850586, 0.13182568550109863, 0.14209318161010742, 0.15002202987670898, 0.06011056900024414, 0.10715246200561523], 0.8306872844696045], [20.546279191970825, 1.8108479976654053, [0.10389304161071777, 0.1200716495513916, 0.13371992111206055, 0.16239190101623535, 0.13793516159057617, 0.25162196159362793, 0.1351919174194336, 0.19813299179077148, 0.3722875118255615, 0.3870120048522949, 0.27006077766418457, 0.1898210048675537, 0.37514352798461914, 0.5497109889984131, 0.3949735164642334, 0.28484225273132324, 0.29270195960998535, 0.4872169494628906, 0.5923967361450195, 0.4820830821990967, 0.5974750518798828, 0.609724760055542, 0.27654314041137695, 0.49081897735595703, 0.2876412868499756, 0.3383796215057373, 0.29169797897338867, 0.2833430767059326, 0.381793737411499, 0.3976783752441406, 0.4762113094329834, 0.3952178955078125], [0.007331371307373047, 0.01065516471862793, 0.008502483367919922, 0.010390758514404297, 0.009607076644897461, 0.0211489200592041, 0.00850987434387207, 0.017298221588134766, 0.008190155029296875, 0.009137630462646484, 0.0051310062408447266, 0.0047130584716796875, 0.007632255554199219, 0.014159679412841797, 0.00886988639831543, 0.006552696228027344, 0.006325244903564453, 0.010308980941772461, 0.013379812240600586, 0.009978294372558594, 0.012368440628051758, 0.013799428939819336, 0.005856513977050781, 0.012059450149536133, 0.006395578384399414, 0.005449056625366211, 0.008351564407348633, 0.0063076019287109375, 0.0077474117279052734, 0.009383916854858398, 0.007959604263305664, 0.009119033813476562], [0.01683354377746582, 0.09740781784057617, 0.05219268798828125, 0.09017634391784668, 0.151869535446167, 0.09223556518554688, 0.08552050590515137, 0.05994296073913574, 0.07464432716369629, 0.1309363842010498, 