{"generate_index_blocks": [68.2113766670227, 67.44622373580933, 68.07154631614685, 69.23045563697815, 67.91980504989624, 66.9369125366211, 66.7750597000122, 80.12592029571533, 69.17164754867554, 68.00886559486389, 67.40050220489502, 68.22479009628296, 67.14973425865173, 67.23942399024963, 67.49023342132568, 67.8972818851471], "total_indexing_blocks": 84.24416947364807, "shuffle_centroids_times": [], "map_iterdata_times": [], "map_queries_times": [], "reduce_iterdata_times": [], "reduce_queries_times": [], "total_querying_times": [], "recalls": [], "generate_index_blocks_mean": 68.58123618364334, "params": {"dataset": "gist", "features": 960, "k_search": 10, "num_index": 128, "num_centroids_search": 4, "k": 512, "n_probe": 32, "query_batch_size": 4, "indexing_memory": 10240, "search_map_memory": 9216, "search_reduce_memory": 2048}}