{"generate_index_blocks": [63.615211486816406, 63.498411655426025, 74.60109233856201, 62.379173278808594, 63.26472282409668, 63.43246912956238, 63.10828399658203, 64.50260066986084, 63.21616244316101, 62.76841902732849, 63.138229846954346, 63.82826590538025, 63.435072898864746, 63.38883590698242, 63.30677628517151, 62.27341628074646], "total_indexing_blocks": 77.25044798851013, "shuffle_centroids_times": [], "map_iterdata_times": [], "map_queries_times": [], "reduce_iterdata_times": [], "reduce_queries_times": [], "total_querying_times": [], "recalls": [], "generate_index_blocks_mean": 63.98482149839401, "params": {"dataset": "gist", "features": 960, "k_search": 10, "num_index": 32, "num_centroids_search": 4, "k": 512, "n_probe": 32, "query_batch_size": 4, "indexing_memory": 10240, "search_map_memory": 9216, "search_reduce_memory": 2048}}