{"generate_index_blocks": [63.70401072502136, 76.67733693122864, 63.87181854248047, 63.77909779548645, 63.60271668434143, 64.19536828994751, 64.77395105361938, 75.21985626220703, 63.943061113357544, 63.631534814834595, 64.20611476898193, 63.23020601272583, 63.39215040206909, 64.5449001789093, 63.69806098937988, 64.39929246902466], "total_indexing_blocks": 80.23562049865723, "shuffle_centroids_times": [], "map_iterdata_times": [], "map_queries_times": [], "reduce_iterdata_times": [], "reduce_queries_times": [], "total_querying_times": [], "recalls": [], "generate_index_blocks_mean": 65.42934231460094, "params": {"dataset": "gist", "features": 960, "k_search": 10, "num_index": 128, "num_centroids_search": 4, "k": 512, "n_probe": 32, "query_batch_size": 4, "indexing_memory": 10240, "search_map_memory": 9216, "search_reduce_memory": 2048}}