{"generate_index_blocks": [67.15599155426025, 63.2141854763031, 63.10413122177124, 74.98930263519287, 63.507678747177124, 63.035836935043335, 63.43444228172302, 62.96140456199646, 62.60798954963684, 63.113208293914795, 62.865790367126465, 63.03228759765625, 62.82329750061035, 62.33848190307617, 63.192179918289185, 62.556737422943115], "total_indexing_blocks": 78.259516954422, "shuffle_centroids_times": [], "map_iterdata_times": [], "map_queries_times": [], "reduce_iterdata_times": [], "reduce_queries_times": [], "total_querying_times": [], "recalls": [], "generate_index_blocks_mean": 63.995809122920036, "params": {"dataset": "gist", "features": 960, "k_search": 10, "num_index": 32, "num_centroids_search": 4, "k": 512, "n_probe": 32, "query_batch_size": 4, "indexing_memory": 10240, "search_map_memory": 9216, "search_reduce_memory": 2048}}