{"generate_index_blocks": [63.66011619567871, 62.41762065887451, 75.18688082695007, 63.07047486305237, 63.46255016326904, 63.14147973060608, 64.32453560829163, 62.95456504821777, 63.44549536705017, 62.03240513801575, 62.26068425178528, 63.1890869140625, 63.9464373588562, 63.035125732421875, 62.61907720565796, 62.266401290893555], "total_indexing_blocks": 77.27754759788513, "shuffle_centroids_times": [], "map_iterdata_times": [], "map_queries_times": [], "reduce_iterdata_times": [], "reduce_queries_times": [], "total_querying_times": [], "recalls": [], "generate_index_blocks_mean": 63.81330852210522, "params": {"dataset": "gist", "features": 960, "k_search": 10, "num_index": 32, "num_centroids_search": 4, "k": 512, "n_probe": 32, "query_batch_size": 4, "indexing_memory": 10240, "search_map_memory": 9216, "search_reduce_memory": 2048}}