{"shuffle_centroids_times": [[]], "map_iterdata_times": [[]], "create_map_data": [0.07582616806030273], "map_queries_times": [[[13.923303842544556, 0.04433560371398926, [0.2755427360534668, 0.2563962936401367, 0.25782155990600586, 0.628654956817627, 0.7372329235076904, 0.8393981456756592, 0.8672776222229004, 0.7422029972076416, 0.8361046314239502, 0.832392692565918, 0.7417051792144775, 0.8403210639953613, 0.8359761238098145, 0.8351788520812988, 0.7465682029724121, 0.8637480735778809], [0.033452749252319336, 0.01752185821533203, 0.016791343688964844, 0.016634225845336914, 0.017070293426513672, 0.016764163970947266, 0.016770601272583008, 0.017107725143432617, 0.01694774627685547, 0.01694655418395996, 0.016274452209472656, 0.01722550392150879, 0.016546010971069336, 0.016688823699951172, 0.01647162437438965, 0.016597270965576172], [0.10992574691772461, 0.10518956184387207, 0.09975743293762207, 0.11083269119262695, 0.10289478302001953, 0.09926152229309082, 0.10519981384277344, 0.11179828643798828, 0.10522937774658203, 0.1037282943725586, 0.10055971145629883, 0.1020355224609375, 0.10161709785461426, 0.10956525802612305, 0.09621095657348633, 0.10545063018798828], 0.09884762763977051], [13.869487762451172, 0.05511784553527832, [0.28542137145996094, 0.26964855194091797, 0.2568035125732422, 0.5535216331481934, 0.8425838947296143, 0.8332209587097168, 0.8340024948120117, 0.8311066627502441, 0.7631306648254395, 0.8430495262145996, 0.7512497901916504, 0.846254825592041, 0.8284194469451904, 0.8268008232116699, 0.8333578109741211, 0.7486066818237305], [0.03266406059265137, 0.016355276107788086, 0.01722097396850586, 0.017009735107421875, 0.020499467849731445, 0.01652383804321289, 0.0162661075592041, 0.016799211502075195, 0.01666736602783203, 0.01671624183654785, 0.016613483428955078, 0.01605963706970215, 0.016628026962280273, 0.016744613647460938, 0.018587350845336914, 0.016413211822509766], [0.10111618041992188, 0.09560656547546387, 0.10622596740722656, 0.11699819564819336, 0.10664606094360352, 0.10060286521911621, 0.09953451156616211, 0.10980510711669922, 0.09973931312561035, 0.1008613109588623, 0.09289240837097168, 0.09566688537597656, 0.09938216209411621, 0.09836530685424805, 0.09661602973937988, 0.09679293632507324], 0.09902453422546387], [14.978710889816284, 0.04251432418823242, [0.38754773139953613, 0.3258669376373291, 0.33646106719970703, 0.40570068359375, 0.8058037757873535, 0.8169312477111816, 0.8043348789215088, 0.8222179412841797, 0.8100111484527588, 0.8208150863647461, 0.8037481307983398, 0.8109307289123535, 0.8092842102050781, 0.8902308940887451, 0.8017735481262207, 0.8474256992340088], [0.02570176124572754, 0.012814521789550781, 0.012680292129516602, 0.013342618942260742, 0.013157129287719727, 0.013082265853881836, 0.012504100799560547, 0.014798879623413086, 0.012929677963256836, 0.013719797134399414, 0.012790441513061523, 0.013369321823120117, 0.013211965560913086, 0.013620853424072266, 0.013167381286621094, 0.01412343978881836], [0.16920018196105957, 0.17740631103515625, 0.1661691665649414, 0.16239690780639648, 0.15358328819274902, 0.1581103801727295, 0.16097640991210938, 0.15712881088256836, 0.16933035850524902, 0.15422415733337402, 0.15870428085327148, 0.180894136428833, 0.16525673866271973, 0.16463208198547363, 0.16680288314819336, 0.17719626426696777], 0.10790538787841797], [14.899744510650635, 0.04940533638000488, [0.355180025100708, 0.30587339401245117, 0.31481409072875977, 0.41733551025390625, 0.7768034934997559, 0.7876760959625244, 0.8891415596008301, 0.7852716445922852, 0.7905631065368652, 0.7808558940887451, 0.8868408203125, 0.7136707305908203, 0.8845548629760742, 0.7865040302276611, 0.7816123962402344, 0.857302188873291], [0.025599002838134766, 0.012973785400390625, 0.01362156867980957, 0.013190031051635742, 0.013373613357543945, 0.013300657272338867, 0.013188362121582031, 0.013066530227661133, 0.013383150100708008, 0.012920618057250977, 0.012968778610229492, 0.013249397277832031, 0.012993812561035156, 0.014420270919799805, 0.013057708740234375, 0.013042926788330078], [0.16188287734985352, 0.1724247932434082, 0.1692802906036377, 0.15896129608154297, 0.16499972343444824, 0.16744780540466309, 0.17723679542541504, 0.16344976425170898, 0.1684403419494629, 0.16585445404052734, 0.18030047416687012, 0.17345690727233887, 0.16274452209472656, 0.17031478881835938, 0.17690300941467285, 0.16725945472717285], 0.10808253288269043]]], "map_execution": [17.250089645385742], "map_invoke": [[0.5295681953430176, 0.4903585910797119, 0.5202515125274658, 0.5347979068756104]], "create_reduce_data": [0.161881685256958], "reduce_iterdata_times": [0.15995407104492188], "reduce_queries_times": [[0.0846409797668457]], "reduce_execution_times": [3.096388578414917], "reduce_invoke": [[0.6007964611053467]], "divide_reduce_times": [3.62396240234375e-05], "total_querying_times": [20.58422303199768],