{"shuffle_centroids_times": [0.16797995567321777], "map_iterdata_times": [0.9984371662139893], "create_map_data": [1.1743721961975098], "map_queries_times": [[[2.2918355464935303, 0.5082604885101318, [0.08529067039489746, 0.07037353515625, 0.0736382007598877, 0.07060766220092773, 0.08376169204711914, 0.07226037979125977, 0.06747269630432129, 0.06902050971984863, 0.07208395004272461, 0.08824419975280762, 0.06844735145568848, 0.08071160316467285, 0.07517886161804199, 0.06611132621765137, 0.07407808303833008, 0.08650660514831543], [0.0031464099884033203, 0.003168344497680664, 0.0024499893188476562, 0.0027663707733154297, 0.003034353256225586, 0.004969596862792969, 0.00258636474609375, 0.0030355453491210938, 0.0032067298889160156, 0.0036585330963134766, 0.012565135955810547, 0.0035512447357177734, 0.0032842159271240234, 0.002509593963623047, 0.0028684139251708984, 0.004850864410400391], [0.02477288246154785, 0.02053046226501465, 0.023686647415161133, 0.02166152000427246, 0.022879838943481445, 0.023300886154174805, 0.019457340240478516, 0.022036314010620117, 0.021987438201904297, 0.02423405647277832, 0.023908615112304688, 0.021079301834106445, 0.021307706832885742, 0.021216630935668945, 0.022965192794799805, 0.02594757080078125], 0.15696215629577637], [2.1643991470336914, 0.48810315132141113, [0.06995344161987305, 0.0691523551940918, 0.04862689971923828, 0.0863654613494873, 0.062450408935546875, 0.06461095809936523, 0.07796525955200195, 0.08097028732299805, 0.07166481018066406, 0.062050580978393555, 0.06997132301330566, 0.07475519180297852, 0.05789685249328613, 0.07759881019592285, 0.07213640213012695, 0.06744742393493652], [0.002521038055419922, 0.0041332244873046875, 0.0015041828155517578, 0.004888772964477539, 0.006567239761352539, 0.0029535293579101562, 0.0022847652435302734, 0.008135795593261719, 0.002829313278198242, 0.00274658203125, 0.003126382827758789, 0.0031020641326904297, 0.0019845962524414062, 0.0023956298828125, 0.002374410629272461, 0.004335641860961914], [0.02386331558227539, 0.02151346206665039, 0.02057337760925293, 0.02689528465270996, 0.020416736602783203, 0.01979804039001465, 0.019817113876342773, 0.023247241973876953, 0.01990485191345215, 0.021761178970336914, 0.022794246673583984, 0.020444869995117188, 0.022172212600708008, 0.020561933517456055, 0.020673513412475586, 0.021360158920288086], 0.16081762313842773], [2.168675661087036, 0.44712400436401367, [0.07715797424316406, 0.06900882720947266, 0.05738353729248047, 0.0611875057220459, 0.087432861328125, 0.06860542297363281, 0.07576322555541992, 0.0861048698425293, 0.056145668029785156, 0.06426548957824707, 0.07274508476257324, 0.07985377311706543, 0.07121562957763672, 0.07037615776062012, 0.09628105163574219, 0.06225323677062988], [0.0037429332733154297, 0.0023267269134521484, 0.0016901493072509766, 0.009968280792236328, 0.004027605056762695, 0.005074977874755859, 0.003264188766479492, 0.0045299530029296875, 0.002232789993286133, 0.0031969547271728516, 0.0037288665771484375, 0.0039670467376708984, 0.0028748512268066406, 0.003416776657104492, 0.003852367401123047, 0.0033054351806640625], [0.027398109436035156, 0.02071213722229004, 0.01993560791015625, 0.021489858627319336, 0.02342844009399414, 0.023396015167236328, 0.020487308502197266, 0.024306535720825195, 0.020247459411621094, 0.02240300178527832, 0.021767616271972656, 0.021583080291748047, 0.022841215133666992, 0.021286725997924805, 0.02185654640197754, 0.020748615264892578], 0.15052485466003418], [2.3546042442321777, 0.5131537914276123, [0.06813406944274902, 0.06902575492858887, 0.07598733901977539, 0.07629585266113281, 0.07812857627868652, 0.08527803421020508, 0.07225918769836426, 0.09007143974304199, 0.0834808349609375, 0.09022927284240723, 0.08228373527526855, 0.08463191986083984, 0.08249068260192871, 0.05791473388671875, 0.07403063774108887, 0.08377599716186523], [0.002977132797241211, 0.0021140575408935547, 0.0034682750701904297, 0.013186931610107422, 0.003576040267944336, 0.004333019256591797, 0.003493070602416992, 0.00440216064453125, 0.0036995410919189453, 0.003560781478881836, 0.0034050941467285156, 0.003846883773803711, 0.003973245620727539, 0.0017025470733642578, 0.004850625991821289, 0.014573335647583008], [0.020038843154907227, 0.019701480865478516, 0.02359151840209961, 0.02117776870727539, 0.02153635025024414, 0.02063727378845215, 0.023261547088623047, 0.02064204216003418, 0.02140641212463379, 0.023154020309448242, 0.020784616470336914, 0.021383285522460938, 0.025032520294189453, 0.019121170043945312, 0.021220922470092773, 0.02172994613647461], 0.16565561294555664]]], "map_execution": [7.231547117233276], "map_invoke": [[2.8195714950561523, 3.0371007919311523, 3.037785530090332, 3.0504870414733887]], "create_reduce_data": [0.07827544212341309], "reduce_iterdata_times": [0.07715487480163574], "reduce_queries_times": [[0.18449807167053223]], "reduce_execution_times": [4.155839443206787], "reduce_invoke": [[3.333516836166382]], "divide_reduce_times": [0.00025010108947753906], "total_querying_times": [12.640284299850464],