{"shuffle_centroids_times": [0.032132625579833984], "map_iterdata_times": [0.19343066215515137], "create_map_data": [0.4210171699523926], "map_queries_times": [[[12.711636066436768, 0.07464957237243652, [0.693739652633667, 0.2930762767791748, 0.3753218650817871, 0.5384469032287598, 0.6376750469207764, 0.7688260078430176, 0.8918704986572266, 0.6692533493041992, 0.8742599487304688, 1.433448076248169, 0.5725603103637695, 1.3073837757110596, 0.6560530662536621, 0.8573546409606934, 0.8607633113861084, 0.5355291366577148], [0.08016562461853027, 0.03141665458679199, 0.012333869934082031, 0.013231277465820312, 0.013945579528808594, 0.01583099365234375, 0.01996302604675293, 0.014531135559082031, 0.020682096481323242, 0.027506113052368164, 0.01531529426574707, 0.026851415634155273, 0.015221595764160156, 0.01872873306274414, 0.01831650733947754, 0.01321721076965332], [0.017926692962646484, 0.017667293548583984, 0.00900411605834961, 0.00688624382019043, 0.0074291229248046875, 0.018362760543823242, 0.031189680099487305, 0.013489961624145508, 0.005723476409912109, 0.0541839599609375, 0.020812511444091797, 0.03935885429382324, 0.007578611373901367, 0.017273902893066406, 0.01860642433166504, 0.008618831634521484], 0.019896745681762695], [10.63880729675293, 0.07231998443603516, [0.35480713844299316, 0.24496817588806152, 0.2793130874633789, 0.23436832427978516, 0.4936685562133789, 0.801842451095581, 0.3553938865661621, 0.6872479915618896, 0.667208194732666, 0.6825752258300781, 1.2366127967834473, 0.35210466384887695, 0.461759090423584, 0.6713423728942871, 1.1246309280395508, 1.2804484367370605], [0.0417783260345459, 0.030291318893432617, 0.02160787582397461, 0.017789602279663086, 0.03660082817077637, 0.035367727279663086, 0.01271820068359375, 0.024147987365722656, 0.02014017105102539, 0.022149085998535156, 0.04959869384765625, 0.014738082885742188, 0.016219139099121094, 0.01999807357788086, 0.041100502014160156, 0.06073594093322754], [0.009205341339111328, 0.0034046173095703125, 0.018233537673950195, 0.00836491584777832, 0.01576709747314453, 0.010990619659423828, 0.006912708282470703, 0.0059163570404052734, 0.006131172180175781, 0.009527444839477539, 0.01273488998413086, 0.0055468082427978516, 0.007814645767211914, 0.008181095123291016, 0.013471364974975586, 0.017576932907104492], 0.013280868530273438], [11.258963346481323, 0.06531596183776855, [0.38779520988464355, 0.5098612308502197, 0.6577529907226562, 0.8067991733551025, 0.44739413261413574, 0.6618750095367432, 1.106473684310913, 0.9211390018463135, 1.0122597217559814, 0.5683178901672363, 0.771939754486084, 0.7953758239746094, 0.6548597812652588, 0.4442424774169922, 0.43518829345703125, 0.31993603706359863], [0.04982399940490723, 0.07597732543945312, 0.03285694122314453, 0.028214454650878906, 0.01926708221435547, 0.025452852249145508, 0.04465460777282715, 0.03980541229248047, 0.03065204620361328, 0.022264719009399414, 0.028652667999267578, 0.03122711181640625, 0.020166635513305664, 0.01691913604736328, 0.013867616653442383, 0.01197195053100586], [0.020188570022583008, 0.015043497085571289, 0.014141321182250977, 0.02160024642944336, 0.0032308101654052734, 0.010185718536376953, 0.019937992095947266, 0.020026683807373047, 0.011668205261230469, 0.013967275619506836, 0.009621858596801758, 0.01013040542602539, 0.006364583969116211, 0.005633831024169922, 0.0036971569061279297, 0.0027196407318115234], 0.012332439422607422], [10.72467041015625, 0.05921196937561035, [0.28624534606933594, 0.32140040397644043, 0.34285950660705566, 0.2594449520111084, 0.5957174301147461, 0.662726879119873, 0.8066091537475586, 0.7955689430236816, 0.8150351047515869, 0.6824755668640137, 0.4744269847869873, 0.795015811920166, 0.6857190132141113, 0.6648199558258057, 0.46872568130493164, 1.3976385593414307], [0.032224178314208984, 0.04012155532836914, 0.02981400489807129, 0.01833057403564453, 0.04573655128479004, 0.023700237274169922, 0.026563167572021484, 0.024774789810180664, 0.026739120483398438, 0.021985769271850586, 0.018718719482421875, 0.025233030319213867, 0.02673506736755371, 0.020412206649780273, 0.01722431182861328, 0.053900718688964844], [0.00765228271484375, 0.010275125503540039, 0.007933616638183594, 0.009201765060424805, 0.020318984985351562, 0.009145975112915039, 0.014714956283569336, 0.006682157516479492, 0.013560056686401367, 0.008376121520996094, 0.0068204402923583984, 0.0073397159576416016, 0.0072252750396728516, 0.008178234100341797, 0.0033707618713378906, 0.006482124328613281], 0.01137232780456543]]], "map_execution": [15.155331373214722], "map_invoke": [[0.49571967124938965, 0.5794627666473389, 0.5285589694976807, 0.5963232517242432]], "create_reduce_data": [0.19866013526916504], "reduce_iterdata_times": [0.19733715057373047], "reduce_queries_times": [[0.06212806701660156]], "reduce_execution_times": [3.2728817462921143], "reduce_invoke": [[0.7300550937652588]], "divide_reduce_times": [4.57763671875e-05], "total_querying_times": [19.04793667793274],