{"load_dataset_centroids": 0, "global_index_centroids": 0, "distribute_vectors_centroids": [144.73986911773682, 142.37701869010925, 142.7340497970581, 144.1125557422638, 145.2944507598877, 151.48283171653748, 143.41268491744995, 142.80626440048218, 144.56159901618958, 138.87293529510498, 101.89495158195496, 98.96752119064331, 141.33063411712646, 98.84059596061707, 100.80743622779846, 142.22815775871277], "distribute_vectors_invocation_centroids": [1.1985735893249512, 1.1922779083251953, 1.1519334316253662, 1.220564842224121, 1.1558315753936768, 1.20674467086792, 1.1538317203521729, 1.200876235961914, 1.1355793476104736, 1.122941017150879, 1.083472728729248, 1.0546751022338867, 1.1338393688201904, 0.9974386692047119, 1.0208003520965576, 1.227869987487793], "total_generated_vectors": 10989949, "generated_vectors": [387599, 431931, 429402, 297423, 382513, 316110, 369753, 234803, 364360, 512242, 400117, 269695, 449642, 226777, 305569, 374299, 256118, 459100, 323669, 438490, 244187, 380319, 294184, 244159, 321868, 318049, 462350, 321075, 358347, 288664, 378366, 148769], "avg_generated_vectors": 343435.90625, "std_dev_generated_vectors": 82486.4842658439, "generate_index_centroids": [60.04790806770325, 55.46843147277832, 48.01713562011719, 47.408708333969116, 62.12771964073181, 77.85046219825745, 56.459391832351685, 52.85199308395386, 68.24573874473572, 73.005859375, 47.594764709472656, 49.912827014923096, 72.7793984413147, 54.840174436569214, 68.10104084014893, 56.39181923866272], "generate_index_invocation_centroids": [1.0463049411773682, 1.0685040950775146, 1.060572862625122, 0.9430766105651855, 1.0982916355133057, 1.0074925422668457, 1.0630059242248535, 0.9360156059265137, 1.0742318630218506, 1.0354700088500977, 1.0438144207000732, 0.9074268341064453, 1.0672359466552734, 0.9340479373931885, 1.073066234588623, 1.013404130935669], "total_indexing_centroids": 236.4788990020752, "shuffle_centroids_times": [], "map_iterdata_times": [], "create_map_data": [], "map_queries_times": [], "map_execution": [], "map_invoke": [], "create_reduce_data": [], "reduce_iterdata_times": [], "reduce_queries_times": [], "reduce_execution_times": [], "reduce_invoke": [], "divide_reduce_times": [], "total_querying_times": [], "recalls": [], "distribute_vectors_centroids_mean": 132.77897226810455, "generate_index_centroids_mean": 59.443960815668106, "params": {"dataset": "deep", "features": 96, "k_search": 10, "num_index": 32, "replication_threshold": 1.01, "num_centroids_search": 1, "k": 512, "kmeans_version": "unbalanced", "n_probe": 32, "query_batch_size": 8, "implementation": "centroids", "indexing_memory": 10240, "search_map_memory": 8192, "search_reduce_memory": 2048}}