{"load_dataset_centroids": 0, "global_index_centroids": 0, "distribute_vectors_centroids": [98.33611941337585, 137.35071277618408, 140.80218768119812, 136.41685461997986, 97.76398706436157, 139.04845786094666, 98.28438568115234, 142.25639128684998, 139.41332602500916, 98.45062470436096, 99.73038458824158, 99.42227864265442, 137.06397557258606, 119.89917516708374, 142.21295070648193, 141.8784101009369], "distribute_vectors_invocation_centroids": [1.1004302501678467, 1.1456408500671387, 1.2025823593139648, 1.2684755325317383, 1.0585057735443115, 1.1680963039398193, 1.0604796409606934, 1.1984755992889404, 1.1709775924682617, 1.078662633895874, 1.09800124168396, 1.0782175064086914, 1.184938669204712, 1.077779769897461, 1.196946382522583, 1.1692721843719482], "total_generated_vectors": 10938351, "generated_vectors": [742300, 893686, 629551, 603319, 748582, 496739, 593111, 635047, 762640, 818149, 603668, 253399, 720239, 682152, 828807, 926962], "avg_generated_vectors": 683646.9375, "std_dev_generated_vectors": 164134.27247773646, "generate_index_centroids": [52.40938401222229, 60.33626103401184, 81.23968601226807, 51.655890464782715, 73.35346555709839, 71.20355010032654, 51.9967303276062, 52.03817558288574, 38.985907554626465, 54.94730520248413, 42.036818981170654, 45.06056594848633, 62.99502968788147, 66.3863570690155, 19.60226082801819, 63.67662596702576], "generate_index_invocation_centroids": [0.9917328357696533, 1.0877878665924072, 1.048433542251587, 1.0287411212921143, 1.0488874912261963, 0.974876880645752, 0.911064863204956, 0.9293098449707031, 0.9281148910522461, 1.0199010372161865, 0.938560962677002, 0.9041798114776611, 0.8995325565338135, 1.0365662574768066, 0.9390676021575928, 1.0235376358032227], "total_indexing_centroids": 230.48618817329407, "shuffle_centroids_times": [], "map_iterdata_times": [], "create_map_data": [], "map_queries_times": [], "map_execution": [], "map_invoke": [], "create_reduce_data": [], "reduce_iterdata_times": [], "reduce_queries_times": [], "reduce_execution_times": [], "reduce_invoke": [], "divide_reduce_times": [], "total_querying_times": [], "recalls": [], "distribute_vectors_centroids_mean": 123.0206388682127, "generate_index_centroids_mean": 55.49525089561939, "params": {"dataset": "deep", "features": 96, "k_search": 10, "num_index": 16, "replication_threshold": 1.01, "num_centroids_search": 1, "k": 512, "kmeans_version": "unbalanced", "n_probe": 32, "query_batch_size": 4, "implementation": "centroids", "indexing_memory": 10240, "search_map_memory": 8192, "search_reduce_memory": 2048}}