{"load_dataset_centroids": 0, "global_index_centroids": 0, "distribute_vectors_centroids": [111.04125618934631, 148.27207899093628, 149.41990327835083, 154.1805191040039, 151.2119607925415, 148.4797830581665, 152.3581726551056, 150.0241961479187, 104.0898163318634, 146.2516794204712, 107.72700095176697, 153.56030416488647, 107.11497354507446, 155.89499354362488, 147.2359926700592, 154.4638011455536], "distribute_vectors_invocation_centroids": [2.1201229095458984, 1.1534903049468994, 2.43229079246521, 2.5526914596557617, 2.3838183879852295, 1.1504957675933838, 2.3817152976989746, 1.13173508644104, 1.0809998512268066, 1.1366324424743652, 2.1954753398895264, 2.412888765335083, 2.1956543922424316, 2.342792272567749, 1.131176471710205, 2.40687894821167], "total_generated_vectors": 10989949, "generated_vectors": [387599, 431931, 429402, 297423, 382513, 316110, 369753, 234803, 364360, 512242, 400117, 269695, 449642, 226777, 305569, 374299, 256118, 459100, 323669, 438490, 244187, 380319, 294184, 244159, 321868, 318049, 462350, 321075, 358347, 288664, 378366, 148769], "avg_generated_vectors": 343435.90625, "std_dev_generated_vectors": 82486.4842658439, "generate_index_centroids": [64.52197813987732, 56.18835425376892, 48.061294078826904, 57.462228775024414, 62.008880853652954, 73.29669547080994, 47.86502170562744, 63.65469765663147, 67.10710859298706, 72.84114241600037, 41.704169034957886, 49.82974672317505, 70.90101027488708, 54.79116106033325, 66.98665738105774, 55.40826869010925], "generate_index_invocation_centroids": [1.1494319438934326, 1.031160831451416, 1.1299338340759277, 0.9664943218231201, 1.1201961040496826, 1.0163512229919434, 0.9723052978515625, 1.0052096843719482, 0.9755837917327881, 1.0212652683258057, 0.9062051773071289, 0.8992230892181396, 1.1200506687164307, 0.8887350559234619, 0.9949846267700195, 1.1403326988220215], "total_indexing_centroids": 238.49376559257507, "shuffle_centroids_times": [], "map_iterdata_times": [], "create_map_data": [], "map_queries_times": [], "map_execution": [], "map_invoke": [], "create_reduce_data": [], "reduce_iterdata_times": [], "reduce_queries_times": [], "reduce_execution_times": [], "reduce_invoke": [], "divide_reduce_times": [], "total_querying_times": [], "recalls": [], "distribute_vectors_centroids_mean": 140.08290199935436, "generate_index_centroids_mean": 59.53927594423294, "params": {"dataset": "deep", "features": 96, "k_search": 10, "num_index": 32, "replication_threshold": 1.01, "num_centroids_search": 1, "k": 512, "kmeans_version": "unbalanced", "n_probe": 32, "query_batch_size": 8, "implementation": "centroids", "indexing_memory": 10240, "search_map_memory": 8192, "search_reduce_memory": 2048}}