{"load_dataset_centroids": 0, "global_index_centroids": 0, "distribute_vectors_centroids": [144.5083646774292, 144.17936539649963, 101.10809206962585, 104.46955966949463, 141.453430891037, 124.6194224357605, 101.43888902664185, 142.1659553050995, 102.49749183654785, 139.7790002822876, 143.64072632789612, 103.09813284873962, 144.16550970077515, 143.54901337623596, 147.3042814731598, 102.09175300598145], "distribute_vectors_invocation_centroids": [1.1963918209075928, 1.141148328781128, 1.084019422531128, 1.0443463325500488, 1.179248571395874, 1.0050067901611328, 1.0578739643096924, 1.1772935390472412, 1.04571533203125, 1.1390025615692139, 1.1804254055023193, 1.0358550548553467, 1.188654899597168, 1.158038854598999, 1.1899423599243164, 1.0919651985168457], "total_generated_vectors": 10938351, "generated_vectors": [742300, 893686, 629551, 603319, 748582, 496739, 593111, 635047, 762640, 818149, 603668, 253399, 720239, 682152, 828807, 926962], "avg_generated_vectors": 683646.9375, "std_dev_generated_vectors": 164134.27247773646, "generate_index_centroids": [52.810202836990356, 60.01136827468872, 82.0389404296875, 42.032799243927, 72.73572897911072, 58.50503206253052, 65.94374632835388, 62.73863744735718, 43.08814191818237, 44.7518835067749, 52.88628268241882, 47.47908902168274, 62.77318716049194, 68.15833401679993, 18.942572116851807, 57.15961027145386], "generate_index_invocation_centroids": [0.9792249202728271, 0.9531323909759521, 0.9279301166534424, 0.8001477718353271, 0.9569451808929443, 0.8171861171722412, 0.932239294052124, 0.9186530113220215, 0.9231688976287842, 0.8232152462005615, 0.9276635646820068, 0.8410916328430176, 0.8444864749908447, 0.9447801113128662, 0.8635604381561279, 0.8223936557769775], "total_indexing_centroids": 236.45061564445496, "shuffle_centroids_times": [], "map_iterdata_times": [], "create_map_data": [], "map_queries_times": [], "map_execution": [], "map_invoke": [], "create_reduce_data": [], "reduce_iterdata_times": [], "reduce_queries_times": [], "reduce_execution_times": [], "reduce_invoke": [], "divide_reduce_times": [], "total_querying_times": [], "recalls": [], "distribute_vectors_centroids_mean": 126.87931177020073, "generate_index_centroids_mean": 55.75347226858139, "params": {"dataset": "deep", "features": 96, "k_search": 10, "num_index": 16, "replication_threshold": 1.01, "num_centroids_search": 1, "k": 512, "kmeans_version": "unbalanced", "n_probe": 32, "query_batch_size": 4, "implementation": "centroids", "indexing_memory": 10240, "search_map_memory": 8192, "search_reduce_memory": 2048}}