{"load_dataset_centroids": 0, "global_index_centroids": 0, "distribute_vectors_centroids": [117.72152066230774, 132.45883059501648, 95.67432403564453, 138.78326082229614, 96.46555948257446, 138.06749725341797, 96.06267786026001, 94.36898756027222, 138.24424076080322, 141.69574856758118, 140.2365803718567, 136.89111828804016, 104.08193397521973, 136.40928530693054, 133.26646423339844, 102.35374212265015], "distribute_vectors_invocation_centroids": [1.0272438526153564, 1.182927131652832, 1.0398597717285156, 1.1712291240692139, 1.0261011123657227, 1.1839923858642578, 1.006751537322998, 1.0240836143493652, 1.186309576034546, 1.1325011253356934, 1.223830223083496, 1.2471649646759033, 1.0206022262573242, 1.1680688858032227, 1.1279377937316895, 1.0438954830169678], "total_generated_vectors": 10938351, "generated_vectors": [742300, 893686, 629551, 603319, 748582, 496739, 593111, 635047, 762640, 818149, 603668, 253399, 720239, 682152, 828807, 926962], "avg_generated_vectors": 683646.9375, "std_dev_generated_vectors": 164134.27247773646, "generate_index_centroids": [42.20012545585632, 48.13437628746033, 82.00169634819031, 51.70192766189575, 71.6243405342102, 71.28250169754028, 69.97558259963989, 62.895142555236816, 35.48618984222412, 55.28428053855896, 42.10632371902466, 54.202879190444946, 63.57537126541138, 67.70591402053833, 20.45267128944397, 51.881187200546265], "generate_index_invocation_centroids": [0.9804258346557617, 1.0104072093963623, 1.093961238861084, 1.055018663406372, 1.0968480110168457, 1.0261449813842773, 1.0956456661224365, 1.1148107051849365, 0.9566309452056885, 1.1008710861206055, 1.0241405963897705, 1.085888385772705, 1.0308527946472168, 1.1118123531341553, 0.987069845199585, 0.9761531352996826], "total_indexing_centroids": 232.48968267440796, "shuffle_centroids_times": [], "map_iterdata_times": [], "create_map_data": [], "map_queries_times": [], "map_execution": [], "map_invoke": [], "create_reduce_data": [], "reduce_iterdata_times": [], "reduce_queries_times": [], "reduce_execution_times": [], "reduce_invoke": [], "divide_reduce_times": [], "total_querying_times": [], "recalls": [], "distribute_vectors_centroids_mean": 121.42386074364185, "generate_index_centroids_mean": 55.65690688788891, "params": {"dataset": "deep", "features": 96, "k_search": 10, "num_index": 16, "replication_threshold": 1.01, "num_centroids_search": 1, "k": 512, "kmeans_version": "unbalanced", "n_probe": 32, "query_batch_size": 4, "implementation": "centroids", "indexing_memory": 10240, "search_map_memory": 8192, "search_reduce_memory": 2048}}