{"load_dataset_centroids": 0, "global_index_centroids": 0, "distribute_vectors_centroids": [154.6372468471527, 155.25225043296814, 141.0289216041565, 120.9561414718628, 160.20577144622803, 164.13351726531982, 162.7641077041626, 122.90892052650452, 160.8353409767151, 156.3756968975067, 162.7426438331604, 161.2148313522339, 157.2198076248169, 156.2160255908966, 118.95683455467224, 154.51464700698853], "distribute_vectors_invocation_centroids": [1.2471144199371338, 1.2338731288909912, 2.2509524822235107, 2.3289408683776855, 2.341956377029419, 2.4741034507751465, 2.500389337539673, 2.5702641010284424, 2.5768210887908936, 1.1538879871368408, 2.630232572555542, 1.21523118019104, 1.2648522853851318, 1.2391207218170166, 2.0797548294067383, 1.1620922088623047], "total_generated_vectors": 11075808, "generated_vectors": [168714, 136854, 132148, 106605, 221182, 221192, 143568, 125234, 216099, 143315, 154079, 227564, 230736, 149844, 89937, 187725, 300625, 143943, 184040, 163627, 393648, 109850, 159079, 287688, 188923, 110705, 195827, 272661, 185735, 169912, 162140, 239941, 248961, 137699, 287321, 197456, 145094, 87710, 247689, 164981, 149233, 208156, 123137, 136571, 115989, 96709, 120394, 163020, 105128, 312976, 151938, 137522, 156516, 182421, 187470, 153445, 148303, 80576, 202505, 170947, 122156, 112152, 137286, 161207], "avg_generated_vectors": 173059.5, "std_dev_generated_vectors": 60617.12373605123, "generate_index_centroids": [53.358134269714355, 66.24065232276917, 80.39429378509521, 88.65409755706787, 82.45465326309204, 59.514724016189575, 97.29950404167175, 61.734781980514526, 68.24304509162903, 47.30119490623474, 55.35783886909485, 64.3674852848053, 48.18262052536011, 55.25998401641846, 62.696555852890015, 83.49500036239624], "generate_index_invocation_centroids": [1.0339546203613281, 1.0122652053833008, 1.0067510604858398, 1.192098617553711, 0.979945182800293, 1.0320897102355957, 1.097395658493042, 1.1571927070617676, 1.1592209339141846, 0.9188940525054932, 0.9417169094085693, 1.0149967670440674, 0.8903615474700928, 1.172333002090454, 1.1269311904907227, 1.1535882949829102], "total_indexing_centroids": 269.55714654922485, "shuffle_centroids_times": [], "map_iterdata_times": [], "create_map_data": [], "map_queries_times": [], "map_execution": [], "map_invoke": [], "create_reduce_data": [], "reduce_iterdata_times": [], "reduce_queries_times": [], "reduce_execution_times": [], "reduce_invoke": [], "divide_reduce_times": [], "total_querying_times": [], "recalls": [], "distribute_vectors_centroids_mean": 150.6226690709591, "generate_index_centroids_mean": 67.15966038405895, "params": {"dataset": "deep", "features": 96, "k_search": 10, "num_index": 64, "replication_threshold": 1.01, "num_centroids_search": 1, "k": 512, "kmeans_version": "unbalanced", "n_probe": 32, "query_batch_size": 16, "implementation": "centroids", "indexing_memory": 10240, "search_map_memory": 8192, "search_reduce_memory": 2048}}