{"load_dataset_centroids": 1.929903268814087, "global_index_centroids": 0.1428358554840088, "distribute_vectors_centroids": [21.645538568496704], "generate_index_centroids": [18.34375762939453, 14.507890939712524, 14.405625820159912, 18.045040369033813, 13.673283576965332, 15.319579601287842, 21.99006676673889, 16.792160272598267, 16.918878316879272, 11.32502818107605, 13.113856315612793, 10.15948748588562, 13.871007204055786, 10.132007122039795, 13.434104204177856, 13.725842952728271], "total_indexing_centroids": 53.55348491668701, "shuffle_centroids_times": [], "map_iterdata_times": [], "map_queries_times": [], "reduce_iterdata_times": [], "reduce_queries_times": [], "total_querying_times": [], "recalls": [], "distribute_vectors_centroids_mean": 21.645538568496704, "generate_index_centroids_mean": 14.73485104739666, "params": {"dataset": "deep_100k", "features": 96, "k_search": 10, "num_index": 32, "num_centroids_search": 4, "k": 512, "n_probe": 32, "query_batch_size": 4, "indexing_memory": 10240, "search_map_memory": 9216, "search_reduce_memory": 2048}}